-- AUTO-GENERATED SEED FOR vehicle_* TABLES

begin;

insert into public.vehicle_makes (id, slug, name_en, country, segment_class, is_active, category_path)
values (
  '7a6ce6c8-456e-e5c7-d770-84174939ca14',
  'ac-cars',
  'AC Cars',
  'UK',
  'S',
  true,
  'Sportscars / Classic'
)

insert into public.vehicle_models (
  id,
  make_id,
  slug,
  name_en,
  first_model_year,
  last_model_year,
  years_available,
  body_types_available,
  fuel_types_available,
  transmission_available,
  reliability_score,
  popularity_score
)
values (
  'd5623743-b84b-68c1-ad22-81ce143cb080',
  '7a6ce6c8-456e-e5c7-d770-84174939ca14',
  'cobra',
  'Cobra',
  1962,
  2024,
  '{"1962","1963","1964","1965","1966","1967","1982","1990","2000","2010","2020","2024"}'::int[],
  '["Roadster","Coupe"]'::jsonb,
  '["Gasoline"]'::jsonb,
  '["Manual"]'::jsonb,
  4,
  9.5
)

insert into public.vehicle_generations (
  id,
  model_id,
  code,
  start_year,
  end_year,
  facelift,
  production_countries,
  body_types,
  fuel_types,
  transmission_types,
  summary
)
values (
  'f615eed4-ca52-7eb9-519e-7d59ed0f646b',
  'd5623743-b84b-68c1-ad22-81ce143cb080',
  'Cobra Mk I/II/III',
  1962,
  1967,
  false,
  '{"UK","USA"}'::text[],
  null,
  null,
  null,
  'The original Anglo-American collaboration featuring Ford V8 engines.'
)

insert into public.vehicle_generations (
  id,
  model_id,
  code,
  start_year,
  end_year,
  facelift,
  production_countries,
  body_types,
  fuel_types,
  transmission_types,
  summary
)
values (
  '7e88a778-3a8e-7dcf-4090-14ba7d76d3a2',
  'd5623743-b84b-68c1-ad22-81ce143cb080',
  'Cobra Mk IV/V (Continuation/Replica)',
  1982,
  2024,
  true,
  '{"UK"}'::text[],
  null,
  null,
  null,
  'Modern continuation and specialized versions.'
)

insert into public.vehicle_insights (
  model_id,
  pros,
  cons,
  inspection_tips,
  notable_features,
  engine_examples,
  common_issues_by_engine,
  reliability_score,
  popularity_score
)
values (
  'd5623743-b84b-68c1-ad22-81ce143cb080',
  '["Выдающаяся динамика и звук V8","Стабильный рост коллекционной стоимости","Простота конструкции (доступность ремонта)"]'::jsonb,
  '["Крайне высокая стоимость приобретения и обслуживания (для оригиналов)","Практически полное отсутствие систем безопасности и комфорта","Очень требовательна к качеству топлива и масла","Сложности с регистрацией в некоторых странах ЕС/СНГ"]'::jsonb,
  '["Подтверждение подлинности шасси (важно для Mk I-III)","Оценка качества сборки и сварки рамы (особенно у реплик/продолжений)","Проверка состояния дифференциала и трансмиссии на предмет износа от высокой мощности","Проверка работы тормозной системы, которая часто модернизируется"]'::jsonb,
  '["Легендарный дизайн Кэрролла Шелби","Чрезвычайно высокое соотношение мощности к весу","Коллекционная ценность"]'::jsonb,
  '["Ford 289 V8","Ford 427 V8","Roush/Modern 5.0 V8"]'::jsonb,
  '[{"engine_code":"Ford 427 FE V8","common_issues_ru":["Сложности с поддержанием температурного режима (перегрев)","Износ поршневых групп при агрессивной эксплуатации","Утечки масла через прокладки","Необходимость точной настройки карбюратора"]},{"engine_code":"Ford 289 V8","common_issues_ru":["Проблемы с системой зажигания","Слабость оригинальных систем охлаждения"]}]'::jsonb,
  null,
  null
)

insert into public.vehicle_models (
  id,
  make_id,
  slug,
  name_en,
  first_model_year,
  last_model_year,
  years_available,
  body_types_available,
  fuel_types_available,
  transmission_available,
  reliability_score,
  popularity_score
)
values (
  'cfde8083-0b2a-d1b7-088e-549ec1205ae3',
  '7a6ce6c8-456e-e5c7-d770-84174939ca14',
  'ace',
  'Ace',
  1953,
  1963,
  '{"1953","1955","1958","1963"}'::int[],
  '["Roadster"]'::jsonb,
  '["Gasoline"]'::jsonb,
  '["Manual"]'::jsonb,
  5.5,
  7
)

insert into public.vehicle_generations (
  id,
  model_id,
  code,
  start_year,
  end_year,
  facelift,
  production_countries,
  body_types,
  fuel_types,
  transmission_types,
  summary
)
values (
  '1db14732-2956-c96c-ab41-7399f0c0c33b',
  'cfde8083-0b2a-d1b7-088e-549ec1205ae3',
  'Original Ace',
  1953,
  1963,
  false,
  '{"UK"}'::text[],
  null,
  null,
  null,
  'Lightweight British sports car, the predecessor to the Cobra.'
)

insert into public.vehicle_insights (
  model_id,
  pros,
  cons,
  inspection_tips,
  notable_features,
  engine_examples,
  common_issues_by_engine,
  reliability_score,
  popularity_score
)
values (
  'cfde8083-0b2a-d1b7-088e-549ec1205ae3',
  '["Элегантный классический дизайн","Высокая коллекционная ценность","Приятная управляемость"]'::jsonb,
  '["Чрезвычайно высокая цена (как классика)","Слабые оригинальные тормоза","Низкий уровень безопасности","Трудности в эксплуатации"]'::jsonb,
  '["Проверка алюминиевого кузова на коррозию (контакт с рамой)","Оценка состояния независимой подвески","Проверка оригинального двигателя Bristol или AC"]'::jsonb,
  '["Независимая подвеска на поперечных рессорах","Легкий алюминиевый кузов"]'::jsonb,
  '["AC 2.0L I6","Bristol 2.0L I6"]'::jsonb,
  '[{"engine_code":"Bristol 2.0L I6","common_issues_ru":["Износ поршневых колец","Проблемы с ГБЦ из-за старости","Сложность поиска оригинальных запчастей"]}]'::jsonb,
  null,
  null
)

insert into public.vehicle_models (
  id,
  make_id,
  slug,
  name_en,
  first_model_year,
  last_model_year,
  years_available,
  body_types_available,
  fuel_types_available,
  transmission_available,
  reliability_score,
  popularity_score
)
values (
  'c0b049ae-6829-46d2-7dd6-112f0234c6ce',
  '7a6ce6c8-456e-e5c7-d770-84174939ca14',
  'aceca',
  'Aceca',
  1954,
  1962,
  '{"1954","1957","1960","1962"}'::int[],
  '["Coupe"]'::jsonb,
  '["Gasoline"]'::jsonb,
  '["Manual"]'::jsonb,
  5,
  4.5
)

insert into public.vehicle_generations (
  id,
  model_id,
  code,
  start_year,
  end_year,
  facelift,
  production_countries,
  body_types,
  fuel_types,
  transmission_types,
  summary
)
values (
  'e214c319-18c6-2c15-b826-4e1e2b5f8217',
  'c0b049ae-6829-46d2-7dd6-112f0234c6ce',
  'Original Aceca',
  1954,
  1962,
  false,
  '{"UK"}'::text[],
  null,
  null,
  null,
  'The fixed-head coupe version of the Ace, offering slightly more practicality.'
)

insert into public.vehicle_insights (
  model_id,
  pros,
  cons,
  inspection_tips,
  notable_features,
  engine_examples,
  common_issues_by_engine,
  reliability_score,
  popularity_score
)
values (
  'c0b049ae-6829-46d2-7dd6-112f0234c6ce',
  '["Редкий классический Гран Туризмо","Удобство в сравнении с родстером Ace"]'::jsonb,
  '["Очень низкая ликвидность на рынках СНГ","Сложность поиска кузовных элементов","Высокая стоимость реставрации"]'::jsonb,
  '["Оценка состояния деревянных элементов кузова (если применимо)","Проверка на наличие утечек в трансмиссии","Осмотр крыши на предмет деформаций"]'::jsonb,
  '["Купе с задней дверью (лифтбэк)","Независимая подвеска"]'::jsonb,
  '["AC 2.0L I6","Bristol 2.0L I6"]'::jsonb,
  '[{"engine_code":"Bristol 2.0L I6","common_issues_ru":["Проблемы с герметичностью кузова","Износ синхронизаторов МКПП","Требовательность к регулярному обслуживанию"]}]'::jsonb,
  null,
  null
)

insert into public.vehicle_makes (id, slug, name_en, country, segment_class, is_active, category_path)
values (
  '5d686573-d76c-dc75-e31c-38ae0e227573',
  'amc',
  'AMC',
  'USA',
  'S',
  false,
  'Passenger Cars'
)

insert into public.vehicle_models (
  id,
  make_id,
  slug,
  name_en,
  first_model_year,
  last_model_year,
  years_available,
  body_types_available,
  fuel_types_available,
  transmission_available,
  reliability_score,
  popularity_score
)
values (
  '54e825db-8a7e-e9c7-7ad2-821c9f7b6dd2',
  '5d686573-d76c-dc75-e31c-38ae0e227573',
  'eagle',
  'Eagle',
  1980,
  1988,
  '{"1980","1981","1982","1983","1984","1985","1986","1987","1988"}'::int[],
  '["Wagon","Sedan","Coupe"]'::jsonb,
  '["Gasoline"]'::jsonb,
  '["Automatic","Manual"]'::jsonb,
  8,
  7.5
)

insert into public.vehicle_generations (
  id,
  model_id,
  code,
  start_year,
  end_year,
  facelift,
  production_countries,
  body_types,
  fuel_types,
  transmission_types,
  summary
)
values (
  '1f211420-8da7-e0e6-cf5d-1386ff841c35',
  '54e825db-8a7e-e9c7-7ad2-821c9f7b6dd2',
  '1st Gen',
  1980,
  1988,
  false,
  '{"USA"}'::text[],
  null,
  null,
  null,
  'The AMC Eagle was the first mass-produced American four-wheel-drive passenger car, blending sedan comfort with rugged 4x4 capability, preceding the SUV boom.'
)

insert into public.vehicle_insights (
  model_id,
  pros,
  cons,
  inspection_tips,
  notable_features,
  engine_examples,
  common_issues_by_engine,
  reliability_score,
  popularity_score
)
values (
  '54e825db-8a7e-e9c7-7ad2-821c9f7b6dd2',
  '["Высокая проходимость для легкового автомобиля","Надежный 4.2L двигатель (рядная шестерка)","Уникальный дизайн"]'::jsonb,
  '["Коррозия кузова","Сложности с поиском запчастей","Высокий расход топлива"]'::jsonb,
  '["Проверить состояние трансмиссии и раздаточной коробки","Осмотреть лонжероны на предмет ржавчины","Проверить работу 4WD"]'::jsonb,
  '["Standard All-Wheel Drive (AWD)","Unibody construction","High ground clearance"]'::jsonb,
  '["4.2L I6","2.5L I4"]'::jsonb,
  '[{"engine_code":"4.2L I6 (258)","common_issues_ru":["Проблемы с карбюратором","Износ сальников коленвала","Утечки масла"]}]'::jsonb,
  null,
  null
)

insert into public.vehicle_models (
  id,
  make_id,
  slug,
  name_en,
  first_model_year,
  last_model_year,
  years_available,
  body_types_available,
  fuel_types_available,
  transmission_available,
  reliability_score,
  popularity_score
)
values (
  '9f462973-57a9-3c11-7185-3ec48952dc50',
  '5d686573-d76c-dc75-e31c-38ae0e227573',
  'pacer',
  'Pacer',
  1975,
  1980,
  '{"1975","1976","1977","1978","1979","1980"}'::int[],
  '["Hatchback","Wagon"]'::jsonb,
  '["Gasoline"]'::jsonb,
  '["Automatic","Manual"]'::jsonb,
  6.5,
  6
)

insert into public.vehicle_generations (
  id,
  model_id,
  code,
  start_year,
  end_year,
  facelift,
  production_countries,
  body_types,
  fuel_types,
  transmission_types,
  summary
)
values (
  '043bb067-f6ad-4d5d-7751-924e8d323b85',
  '9f462973-57a9-3c11-7185-3ec48952dc50',
  '1st Gen',
  1975,
  1980,
  false,
  '{"USA","Canada"}'::text[],
  null,
  null,
  null,
  'Known as the ''flying fishbowl'' due to its large glass area, the Pacer was a wide, futuristic-looking compact car designed to maximize interior space.'
)

insert into public.vehicle_insights (
  model_id,
  pros,
  cons,
  inspection_tips,
  notable_features,
  engine_examples,
  common_issues_by_engine,
  reliability_score,
  popularity_score
)
values (
  '9f462973-57a9-3c11-7185-3ec48952dc50',
  '["Отличная обзорность","Просторный салон для своего класса","Культовый статус"]'::jsonb,
  '["Слабые двигатели","Большой вес","Перегрев в летнее время (из-за площади остекления)"]'::jsonb,
  '["Проверить состояние резиновых уплотнителей (часто протекают)","Оценить работу кондиционера","Внимательно осмотреть крепления передней подвески"]'::jsonb,
  '["Asymmetrical doors","Massive glass area","Wide body design"]'::jsonb,
  '["3.8L I6","4.2L I6","5.0L V8"]'::jsonb,
  '[{"engine_code":"3.8L I6","common_issues_ru":["Низкая мощность","Проблемы с системой охлаждения"]}]'::jsonb,
  null,
  null
)

insert into public.vehicle_models (
  id,
  make_id,
  slug,
  name_en,
  first_model_year,
  last_model_year,
  years_available,
  body_types_available,
  fuel_types_available,
  transmission_available,
  reliability_score,
  popularity_score
)
values (
  '213caabe-5db9-c49e-4f53-8e9e25eb7d65',
  '5d686573-d76c-dc75-e31c-38ae0e227573',
  'gremlin',
  'Gremlin',
  1970,
  1978,
  '{"1970","1971","1972","1973","1974","1975","1976","1977","1978"}'::int[],
  '["Hatchback"]'::jsonb,
  '["Gasoline"]'::jsonb,
  '["Automatic","Manual"]'::jsonb,
  7.2,
  6.8
)

insert into public.vehicle_generations (
  id,
  model_id,
  code,
  start_year,
  end_year,
  facelift,
  production_countries,
  body_types,
  fuel_types,
  transmission_types,
  summary
)
values (
  'eaef4098-5429-b221-88a0-05fbcc4eeec0',
  '213caabe-5db9-c49e-4f53-8e9e25eb7d65',
  '1st Gen',
  1970,
  1978,
  false,
  '{"USA","Mexico"}'::text[],
  null,
  null,
  null,
  'One of the earliest American subcompacts, the Gremlin was notorious for its unconventional, abbreviated Kammback design, based on the AMC Hornet platform.'
)

insert into public.vehicle_insights (
  model_id,
  pros,
  cons,
  inspection_tips,
  notable_features,
  engine_examples,
  common_issues_by_engine,
  reliability_score,
  popularity_score
)
values (
  '213caabe-5db9-c49e-4f53-8e9e25eb7d65',
  '["Дешевизна обслуживания (базовые модели)","Компактность","Надежные рядные шестерки AMC"]'::jsonb,
  '["Маленький багажник","Неустойчивость на высоких скоростях","Устаревшие технологии"]'::jsonb,
  '["Проверить заднюю часть кузова на предмет обширной коррозии","Оценить состояние салона (пластик недолговечен)","Проверить состояние рессор и амортизаторов"]'::jsonb,
  '["Kammback design","Shortened Hornet platform","Available with V8 engine"]'::jsonb,
  '["3.3L I6","4.2L I6","5.0L V8"]'::jsonb,
  '[{"engine_code":"5.0L V8","common_issues_ru":["Проблемы с подачей топлива (карбюратор)","Ржавчина задней части кузова","Проблемы с электрикой"]}]'::jsonb,
  null,
  null
)

insert into public.vehicle_makes (id, slug, name_en, country, segment_class, is_active, category_path)
values (
  '16347f7a-2201-4cac-2b2e-de804069d895',
  'aro',
  'ARO',
  'Romania',
  'Off-road/SUV',
  false,
  'Off-road vehicles'
)

insert into public.vehicle_models (
  id,
  make_id,
  slug,
  name_en,
  first_model_year,
  last_model_year,
  years_available,
  body_types_available,
  fuel_types_available,
  transmission_available,
  reliability_score,
  popularity_score
)
values (
  '7a4c5987-2d7b-cacd-d013-a7430b9f1094',
  '16347f7a-2201-4cac-2b2e-de804069d895',
  'aro-24-series',
  'ARO 24 Series',
  1972,
  2006,
  '{"1972","1973","1974","1975","1976","1977","1978","1979","1980","1981","1982","1983","1984","1985","1986","1987","1988","1989","1990","1991","1992","1993","1994","1995","1996","1997","1998","1999","2000","2001","2002","2003","2004","2005","2006"}'::int[],
  '["SUV","Pickup Truck","Convertible"]'::jsonb,
  '["Gasoline","Diesel"]'::jsonb,
  '["Manual"]'::jsonb,
  4,
  6.5
)

insert into public.vehicle_generations (
  id,
  model_id,
  code,
  start_year,
  end_year,
  facelift,
  production_countries,
  body_types,
  fuel_types,
  transmission_types,
  summary
)
values (
  '047e38ac-e6e7-57ce-a153-069ffef0f0e1',
  '7a4c5987-2d7b-cacd-d013-a7430b9f1094',
  '240-244',
  1972,
  2006,
  false,
  '{"Romania","Portugal"}'::text[],
  null,
  null,
  null,
  'The main series of ARO, widely used for military and civilian purposes, known for its ruggedness and versatility.'
)

insert into public.vehicle_insights (
  model_id,
  pros,
  cons,
  inspection_tips,
  notable_features,
  engine_examples,
  common_issues_by_engine,
  reliability_score,
  popularity_score
)
values (
  '7a4c5987-2d7b-cacd-d013-a7430b9f1094',
  '["Extremely robust chassis and suspension","High off-road capability","Simple and repairable design"]'::jsonb,
  '["Poor corrosion resistance","Low comfort levels","Outdated engines and high fuel consumption"]'::jsonb,
  '["Inspect frame rails for severe rust","Check all drivetrain components for excessive play","Verify condition of original electrical wiring"]'::jsonb,
  '["Rugged ladder chassis","Switchable 4x4 system","High ground clearance"]'::jsonb,
  '["ARO L25 (2.5L Gas)","Andoria 4C90 (2.4L Diesel)"]'::jsonb,
  '[{"engine_code":"L25","common_issues_ru":["Проблемы с карбюратором и зажиганием","Перегрев при длительной нагрузке"]},{"engine_code":"4C90","common_issues_ru":["Утечки масла","Чувствительность к качеству топлива","Проблемы с ГБЦ"]}]'::jsonb,
  null,
  null
)

insert into public.vehicle_models (
  id,
  make_id,
  slug,
  name_en,
  first_model_year,
  last_model_year,
  years_available,
  body_types_available,
  fuel_types_available,
  transmission_available,
  reliability_score,
  popularity_score
)
values (
  '5c09e24d-ebf6-e4bd-6219-8b79acfd79a5',
  '16347f7a-2201-4cac-2b2e-de804069d895',
  'aro-10',
  'ARO 10',
  1980,
  2006,
  '{"1980","1981","1982","1983","1984","1985","1986","1987","1988","1989","1990","1991","1992","1993","1994","1995","1996","1997","1998","1999","2000","2001","2002","2003","2004","2005","2006"}'::int[],
  '["SUV","Convertible"]'::jsonb,
  '["Gasoline","Diesel"]'::jsonb,
  '["Manual"]'::jsonb,
  5,
  5.5
)

insert into public.vehicle_generations (
  id,
  model_id,
  code,
  start_year,
  end_year,
  facelift,
  production_countries,
  body_types,
  fuel_types,
  transmission_types,
  summary
)
values (
  '22c764f3-1ca5-3743-fdee-7e6386366804',
  '5c09e24d-ebf6-e4bd-6219-8b79acfd79a5',
  '10.0-10.9',
  1980,
  2006,
  false,
  '{"Romania"}'::text[],
  null,
  null,
  null,
  'A smaller, lightweight off-road vehicle often sharing mechanics with Dacia or Renault models.'
)

insert into public.vehicle_insights (
  model_id,
  pros,
  cons,
  inspection_tips,
  notable_features,
  engine_examples,
  common_issues_by_engine,
  reliability_score,
  popularity_score
)
values (
  '5c09e24d-ebf6-e4bd-6219-8b79acfd79a5',
  '["Compact size for off-roading","Reliable Renault engines (later versions)","Affordable spare parts"]'::jsonb,
  '["Limited interior space","Weak body structure compared to ARO 24","Often poor build quality"]'::jsonb,
  '["Check gearbox linkage for stiffness","Verify condition of the transfer case mounts","Rust inspection, especially around wheel arches and doors"]'::jsonb,
  '["Compact dimensions","Available in two-door configurations"]'::jsonb,
  '["Renault C-series 1.4L","Dacia 1.3L"]'::jsonb,
  '[{"engine_code":"C3J","common_issues_ru":["Проблемы с системой охлаждения","Износ сальников клапанов","Сбои в работе электронного впрыска (на поздних моделях)"]}]'::jsonb,
  null,
  null
)

insert into public.vehicle_models (
  id,
  make_id,
  slug,
  name_en,
  first_model_year,
  last_model_year,
  years_available,
  body_types_available,
  fuel_types_available,
  transmission_available,
  reliability_score,
  popularity_score
)
values (
  'c8e4217a-2412-c30c-c213-f1817dc341ad',
  '16347f7a-2201-4cac-2b2e-de804069d895',
  'aro-m461',
  'ARO M461',
  1964,
  1975,
  '{"1964","1965","1966","1967","1968","1969","1970","1971","1972","1973","1974","1975"}'::int[],
  '["SUV","Convertible"]'::jsonb,
  '["Gasoline"]'::jsonb,
  '["Manual"]'::jsonb,
  4.5,
  4
)

insert into public.vehicle_generations (
  id,
  model_id,
  code,
  start_year,
  end_year,
  facelift,
  production_countries,
  body_types,
  fuel_types,
  transmission_types,
  summary
)
values (
  '73c1ef86-3e5c-dd24-570e-57834f00e931',
  'c8e4217a-2412-c30c-c213-f1817dc341ad',
  'M461',
  1964,
  1975,
  false,
  '{"Romania"}'::text[],
  null,
  null,
  null,
  'A military and export success, based on the earlier IMS models, featuring simple, powerful mechanics for the era.'
)

insert into public.vehicle_insights (
  model_id,
  pros,
  cons,
  inspection_tips,
  notable_features,
  engine_examples,
  common_issues_by_engine,
  reliability_score,
  popularity_score
)
values (
  'c8e4217a-2412-c30c-c213-f1817dc341ad',
  '["Historic value and collector interest","Very high ground clearance","Simple mechanics"]'::jsonb,
  '["Extremely sparse interior","Very high fuel consumption","Difficult to find original spare parts"]'::jsonb,
  '["Evaluate historical authenticity for collector models","Check condition of leaf springs and shackles","Inspect brake system (often non-assisted)"]'::jsonb,
  '["Classic 4x4 design","Highly reliable in difficult climates"]'::jsonb,
  '["ARO M207 (2.5L Gas)"]'::jsonb,
  '[{"engine_code":"M207","common_issues_ru":["Проблемы с водяным насосом","Слабая герметичность двигателя","Требует частой регулировки зажигания"]}]'::jsonb,
  null,
  null
)

insert into public.vehicle_makes (id, slug, name_en, country, segment_class, is_active, category_path)
values (
  'd86e1e87-46b9-118c-ba54-8a3b147075bf',
  'abarth',
  'Abarth',
  'Italy',
  'Sport Hatch / Roadster',
  true,
  'Sportscars'
)

insert into public.vehicle_models (
  id,
  make_id,
  slug,
  name_en,
  first_model_year,
  last_model_year,
  years_available,
  body_types_available,
  fuel_types_available,
  transmission_available,
  reliability_score,
  popularity_score
)
values (
  '863c44b3-968c-ecc9-f3c6-5e1556965aa4',
  'd86e1e87-46b9-118c-ba54-8a3b147075bf',
  'abarth-595',
  '595 / 695',
  2016,
  2024,
  '{"2016","2017","2018","2019","2020","2021","2022","2023","2024"}'::int[],
  '["Hatchback","Convertible"]'::jsonb,
  '["Gasoline"]'::jsonb,
  '["Manual","Automatic (Robotized)"]'::jsonb,
  7.5,
  8.5
)

insert into public.vehicle_generations (
  id,
  model_id,
  code,
  start_year,
  end_year,
  facelift,
  production_countries,
  body_types,
  fuel_types,
  transmission_types,
  summary
)
values (
  '987df6cf-bd93-eab4-a8ec-447a6f5be639',
  '863c44b3-968c-ecc9-f3c6-5e1556965aa4',
  'Type 312',
  2008,
  2024,
  true,
  '{"Poland","Mexico"}'::text[],
  null,
  null,
  null,
  'High-performance variant of the Fiat 500, continuously updated, known for its small size, agile handling, and aggressive exhaust note.'
)

insert into public.vehicle_insights (
  model_id,
  pros,
  cons,
  inspection_tips,
  notable_features,
  engine_examples,
  common_issues_by_engine,
  reliability_score,
  popularity_score
)
values (
  '863c44b3-968c-ecc9-f3c6-5e1556965aa4',
  '["Excellent handling and agility","Unique and attractive styling","Exciting driving experience","Loud, characterful exhaust note"]'::jsonb,
  '["Stiff ride quality","Limited interior space","Dated interior ergonomics on older models","High fuel consumption when driven hard"]'::jsonb,
  '["Check for excessive wear on front brakes and tires due to aggressive driving.","Listen for unusual noises from the robotized transmission (MTA).","Inspect suspension components for signs of leakage or damage due to hard use."]'::jsonb,
  '["Garrett Turbocharger","Koni FSD dampers","Record Monza exhaust system"]'::jsonb,
  '["1.4 T-Jet (145 hp - 180 hp)"]'::jsonb,
  '[{"engine_code":"312 A3.000 (1.4 T-Jet)","common_issues_ru":["Проблемы с датчиком давления наддува","Утечки масла из турбокомпрессора","Износ актуатора роботизированной КПП (MTA)"]}]'::jsonb,
  null,
  null
)

insert into public.vehicle_models (
  id,
  make_id,
  slug,
  name_en,
  first_model_year,
  last_model_year,
  years_available,
  body_types_available,
  fuel_types_available,
  transmission_available,
  reliability_score,
  popularity_score
)
values (
  'e990c7f5-bbb0-e67a-9b47-79df8cc0dcbc',
  'd86e1e87-46b9-118c-ba54-8a3b147075bf',
  'abarth-124-spider',
  '124 Spider',
  2016,
  2020,
  '{"2016","2017","2018","2019","2020"}'::int[],
  '["Roadster"]'::jsonb,
  '["Gasoline"]'::jsonb,
  '["Manual","Automatic"]'::jsonb,
  8,
  7
)

insert into public.vehicle_generations (
  id,
  model_id,
  code,
  start_year,
  end_year,
  facelift,
  production_countries,
  body_types,
  fuel_types,
  transmission_types,
  summary
)
values (
  'a65dae43-ce98-7e9d-dc15-32dbabacab04',
  'e990c7f5-bbb0-e67a-9b47-79df8cc0dcbc',
  'ND',
  2016,
  2020,
  false,
  '{"Japan"}'::text[],
  null,
  null,
  null,
  'A turbocharged, performance-oriented version of the Fiat 124 Spider, sharing its platform and basic structure with the Mazda MX-5.'
)

insert into public.vehicle_insights (
  model_id,
  pros,
  cons,
  inspection_tips,
  notable_features,
  engine_examples,
  common_issues_by_engine,
  reliability_score,
  popularity_score
)
values (
  'e990c7f5-bbb0-e67a-9b47-79df8cc0dcbc',
  '["Excellent balance and handling","Lightweight design","Responsive turbocharged engine","Fun open-top driving"]'::jsonb,
  '["Limited boot space","Higher price compared to its Mazda counterpart","Interior plastics feel cheap in some areas"]'::jsonb,
  '["Check the soft top mechanism for smooth operation and leaks.","Examine the paint quality (known Fiat/Abarth variability).","Ensure the service history reflects regular oil changes for the turbo engine."]'::jsonb,
  '["Mechanical Limited Slip Differential","Brembo braking system","Bilateral dual exhaust"]'::jsonb,
  '["1.4 MultiAir Turbo (170 hp)"]'::jsonb,
  '[{"engine_code":"343B1.000 (1.4 MultiAir Turbo)","common_issues_ru":["Выход из строя модуля MultiAir","Повышенный расход масла","Проблемы с системой охлаждения турбины"]}]'::jsonb,
  null,
  null
)

insert into public.vehicle_models (
  id,
  make_id,
  slug,
  name_en,
  first_model_year,
  last_model_year,
  years_available,
  body_types_available,
  fuel_types_available,
  transmission_available,
  reliability_score,
  popularity_score
)
values (
  'a05f9c06-faba-2650-17ad-c31afd6e04b1',
  'd86e1e87-46b9-118c-ba54-8a3b147075bf',
  'abarth-grande-punto',
  'Grande Punto / Punto Evo',
  2007,
  2014,
  '{"2007","2008","2009","2010","2011","2012","2013","2014"}'::int[],
  '["Hatchback"]'::jsonb,
  '["Gasoline"]'::jsonb,
  '["Manual"]'::jsonb,
  7,
  6.5
)

insert into public.vehicle_generations (
  id,
  model_id,
  code,
  start_year,
  end_year,
  facelift,
  production_countries,
  body_types,
  fuel_types,
  transmission_types,
  summary
)
values (
  '5b0e009b-c9b4-bb1e-6f09-cc191bcfef57',
  'a05f9c06-faba-2650-17ad-c31afd6e04b1',
  '199',
  2007,
  2010,
  false,
  '{"Italy"}'::text[],
  null,
  null,
  null,
  'The first modern Abarth model, a performance version of the Fiat Grande Punto.'
)

insert into public.vehicle_generations (
  id,
  model_id,
  code,
  start_year,
  end_year,
  facelift,
  production_countries,
  body_types,
  fuel_types,
  transmission_types,
  summary
)
values (
  'c1723004-3908-ff21-6d8a-b11565c3434c',
  'a05f9c06-faba-2650-17ad-c31afd6e04b1',
  '199 (Facelift)',
  2010,
  2014,
  true,
  '{"Italy"}'::text[],
  null,
  null,
  null,
  'Updated version (Punto Evo Abarth) featuring MultiAir engine technology.'
)

insert into public.vehicle_insights (
  model_id,
  pros,
  cons,
  inspection_tips,
  notable_features,
  engine_examples,
  common_issues_by_engine,
  reliability_score,
  popularity_score
)
values (
  'a05f9c06-faba-2650-17ad-c31afd6e04b1',
  '["Good handling for a FWD hot hatch","Powerful engine options","Affordable entry into Abarth ownership"]'::jsonb,
  '["Poor interior quality and finish","Turbo lag on early models","Clutch wear issues on tuned cars"]'::jsonb,
  '["Check steering rack for play or noise (common Fiat issue).","Verify proper functioning of the MultiAir unit (if applicable).","Look for rust, especially around the wheel arches and sills."]'::jsonb,
  '["IHI/Garrett Turbochargers","Torque Transfer Control (TTC)"]'::jsonb,
  '["1.4 T-Jet (155 hp)","1.4 MultiAir (165 hp)"]'::jsonb,
  '[{"engine_code":"199 A8.000 (1.4 T-Jet)","common_issues_ru":["Выход из строя термостата","Проблемы с маховиком на механике","Отказы датчика положения дроссельной заслонки"]}]'::jsonb,
  null,
  null
)

insert into public.vehicle_makes (id, slug, name_en, country, segment_class, is_active, category_path)
values (
  '6e681b80-4a1b-a386-d9be-abbad0b25196',
  'acura',
  'Acura',
  'Japan',
  'Luxury',
  true,
  'Luxury Car/SUV'
)

insert into public.vehicle_models (
  id,
  make_id,
  slug,
  name_en,
  first_model_year,
  last_model_year,
  years_available,
  body_types_available,
  fuel_types_available,
  transmission_available,
  reliability_score,
  popularity_score
)
values (
  'c3c5c024-0f34-c11b-7b85-0aabadcd0bad',
  '6e681b80-4a1b-a386-d9be-abbad0b25196',
  'mdx',
  'MDX',
  2000,
  2024,
  '{"2000","2005","2010","2015","2020","2024"}'::int[],
  '["SUV"]'::jsonb,
  '["Gasoline"]'::jsonb,
  '["Automatic"]'::jsonb,
  8.8,
  8.5
)

insert into public.vehicle_generations (
  id,
  model_id,
  code,
  start_year,
  end_year,
  facelift,
  production_countries,
  body_types,
  fuel_types,
  transmission_types,
  summary
)
values (
  'e9ecc85f-623d-0ccd-5897-dd03a48e70f8',
  'c3c5c024-0f34-c11b-7b85-0aabadcd0bad',
  'YD1',
  2000,
  2006,
  false,
  '{"Canada"}'::text[],
  null,
  null,
  null,
  'First generation MDX based on the Honda Global Mid-Size Platform.'
)

insert into public.vehicle_generations (
  id,
  model_id,
  code,
  start_year,
  end_year,
  facelift,
  production_countries,
  body_types,
  fuel_types,
  transmission_types,
  summary
)
values (
  'db3436b5-bcb3-f5a4-9876-931e980d22f8',
  'c3c5c024-0f34-c11b-7b85-0aabadcd0bad',
  'YD3',
  2013,
  2020,
  true,
  '{"USA"}'::text[],
  null,
  null,
  null,
  'Third generation, focusing on lighter weight and improved fuel economy.'
)

insert into public.vehicle_insights (
  model_id,
  pros,
  cons,
  inspection_tips,
  notable_features,
  engine_examples,
  common_issues_by_engine,
  reliability_score,
  popularity_score
)
values (
  'c3c5c024-0f34-c11b-7b85-0aabadcd0bad',
  '["Высокая надежность двигателя J-серии","Комфортная и энергоемкая подвеска","Просторный и качественно собранный салон"]'::jsonb,
  '["Высокий налог на объемные двигатели","Слабое лакокрасочное покрытие","Дороговизна оригинальных запчастей"]'::jsonb,
  '["Проверить состояние автоматической коробки передач, особенно на моделях до 2007 года.","Прослушать двигатель на наличие посторонних шумов, связанных с VTEC.","Осмотреть состояние карданного вала и заднего редуктора (SH-AWD)."]'::jsonb,
  '["SH-AWD (Super Handling All-Wheel Drive)","Третий ряд сидений","Надежные атмосферные V6 двигатели"]'::jsonb,
  '["J35A3","J35Y5"]'::jsonb,
  '[{"engine_code":"J35A9","common_issues_ru":["Проблемы с автоматической трансмиссией (особенно 5-ступенчатой)","Износ муфты VTEC","Выход из строя катушек зажигания"]},{"engine_code":"J35Y5","common_issues_ru":["Вибрации из-за системы деактивации цилиндров VCM (на ранних моделях)","Течь насоса ГУР"]}]'::jsonb,
  null,
  null
)

insert into public.vehicle_models (
  id,
  make_id,
  slug,
  name_en,
  first_model_year,
  last_model_year,
  years_available,
  body_types_available,
  fuel_types_available,
  transmission_available,
  reliability_score,
  popularity_score
)
values (
  '72155604-5ba0-032e-43bd-67bb30e846a4',
  '6e681b80-4a1b-a386-d9be-abbad0b25196',
  'rdx',
  'RDX',
  2006,
  2024,
  '{"2006","2010","2015","2020","2024"}'::int[],
  '["SUV"]'::jsonb,
  '["Gasoline"]'::jsonb,
  '["Automatic"]'::jsonb,
  9,
  8.2
)

insert into public.vehicle_generations (
  id,
  model_id,
  code,
  start_year,
  end_year,
  facelift,
  production_countries,
  body_types,
  fuel_types,
  transmission_types,
  summary
)
values (
  '401b1b01-4f0e-b49e-74e4-9a5b5baa64a2',
  '72155604-5ba0-032e-43bd-67bb30e846a4',
  'TB1/2',
  2006,
  2012,
  false,
  '{"USA"}'::text[],
  null,
  null,
  null,
  'First generation RDX, featuring a turbocharged K23A1 engine and SH-AWD.'
)

insert into public.vehicle_generations (
  id,
  model_id,
  code,
  start_year,
  end_year,
  facelift,
  production_countries,
  body_types,
  fuel_types,
  transmission_types,
  summary
)
values (
  '622dcbd4-f3b1-04c3-3e6d-c08e03ba6f17',
  '72155604-5ba0-032e-43bd-67bb30e846a4',
  'TB3/4',
  2012,
  2018,
  true,
  '{"USA"}'::text[],
  null,
  null,
  null,
  'Second generation RDX, transitioning to a naturally aspirated V6 engine (J35Z2).'
)

insert into public.vehicle_insights (
  model_id,
  pros,
  cons,
  inspection_tips,
  notable_features,
  engine_examples,
  common_issues_by_engine,
  reliability_score,
  popularity_score
)
values (
  '72155604-5ba0-032e-43bd-67bb30e846a4',
  '["Отличная динамика (особенно турбо-версия)","Высокое качество сборки салона","Общая надежность механизмов"]'::jsonb,
  '["Жестковатая подвеска (1-е поколение)","Не самый большой багажник","Устаревший дизайн интерьера (до 3-го поколения)"]'::jsonb,
  '["На 1-м поколении проверить турбину на свист и наличие масла.","Проверить работу электроники и датчиков системы SH-AWD.","Оценить состояние рулевой рейки (может требовать ремонта)."]'::jsonb,
  '["Компактный и маневренный","Высокая безопасность","Надежный V6 (во 2-м поколении)"]'::jsonb,
  '["K23A1","J35Z2"]'::jsonb,
  '[{"engine_code":"K23A1","common_issues_ru":["Высокий расход масла (из-за турбины)","Сбои в работе топливного насоса","Требовательность к качеству топлива и масла"]},{"engine_code":"J35Z2","common_issues_ru":["Склонность к перегреву (при недостаточном обслуживании)","Повышенный износ тормозных дисков"]}]'::jsonb,
  null,
  null
)

insert into public.vehicle_models (
  id,
  make_id,
  slug,
  name_en,
  first_model_year,
  last_model_year,
  years_available,
  body_types_available,
  fuel_types_available,
  transmission_available,
  reliability_score,
  popularity_score
)
values (
  '69df56c4-b687-8b7f-ffcd-8ab1ee31d2dc',
  '6e681b80-4a1b-a386-d9be-abbad0b25196',
  'tlx',
  'TLX',
  2014,
  2024,
  '{"2014","2016","2018","2020","2024"}'::int[],
  '["Sedan"]'::jsonb,
  '["Gasoline"]'::jsonb,
  '["Automatic","DCT"]'::jsonb,
  8.5,
  7.5
)

insert into public.vehicle_generations (
  id,
  model_id,
  code,
  start_year,
  end_year,
  facelift,
  production_countries,
  body_types,
  fuel_types,
  transmission_types,
  summary
)
values (
  '12f34aef-0fe0-7176-d452-dda0ec4f56f2',
  '69df56c4-b687-8b7f-ffcd-8ab1ee31d2dc',
  'UB1/2',
  2014,
  2020,
  true,
  '{"USA"}'::text[],
  null,
  null,
  null,
  'First generation sedan replacing both the TL and TSX, featuring 8-speed DCT and 9-speed ZF automatic options.'
)

insert into public.vehicle_generations (
  id,
  model_id,
  code,
  start_year,
  end_year,
  facelift,
  production_countries,
  body_types,
  fuel_types,
  transmission_types,
  summary
)
values (
  '2e10b94e-0f97-0fff-32ee-898ca39d5313',
  '69df56c4-b687-8b7f-ffcd-8ab1ee31d2dc',
  'UB5/6',
  2020,
  2024,
  false,
  '{"USA"}'::text[],
  null,
  null,
  null,
  'Second generation, adopting a distinctive design language and standard 10-speed automatic transmission.'
)

insert into public.vehicle_insights (
  model_id,
  pros,
  cons,
  inspection_tips,
  notable_features,
  engine_examples,
  common_issues_by_engine,
  reliability_score,
  popularity_score
)
values (
  '69df56c4-b687-8b7f-ffcd-8ab1ee31d2dc',
  '["Высокая надежность и ресурс атмосферных двигателей","Отличная управляемость и устойчивость на дороге","Богатая электронная начинка и комплектации"]'::jsonb,
  '["Спорная работа 9-ступенчатой коробки ZF","Быстрая потеря стоимости на вторичном рынке СНГ","Не самая лучшая шумоизоляция"]'::jsonb,
  '["Обязательно проверить плавность переключения передач 9-ступенчатой АКПП.","Проверить состояние тормозной системы, склонной к быстрому износу.","Тестировать систему P-AWS (задний рулевой механизм) на люфты."]'::jsonb,
  '["P-AWS (Precision All-Wheel Steer)","Опциональный SH-AWD","Экономичный 4-цилиндровый двигатель с DCT"]'::jsonb,
  '["K24W7","J35Y6"]'::jsonb,
  '[{"engine_code":"J35Y6","common_issues_ru":["Рывки и сбои в работе 9-ступенчатой АКПП ZF (особенно до 2018 года)","Проблемы с клапаном EGR и системой VCM","Выход из строя актуаторов дверных замков"]},{"engine_code":"K24W7","common_issues_ru":["Необходимость регулировки клапанов","Сбои в работе 8-ступенчатой коробки DCT (редко)"]}]'::jsonb,
  null,
  null
)

insert into public.vehicle_makes (id, slug, name_en, country, segment_class, is_active, category_path)
values (
  'aa64b47c-daa3-9b9f-272c-897f1df88db4',
  'aiways',
  'Aiways',
  'China',
  'C-SUV',
  true,
  'Passenger Vehicles / EV Brands'
)

insert into public.vehicle_models (
  id,
  make_id,
  slug,
  name_en,
  first_model_year,
  last_model_year,
  years_available,
  body_types_available,
  fuel_types_available,
  transmission_available,
  reliability_score,
  popularity_score
)
values (
  'df8710db-bd09-250d-8a17-b8cbe983969a',
  'aa64b47c-daa3-9b9f-272c-897f1df88db4',
  'u5',
  'U5',
  2019,
  2024,
  '{"2019","2020","2021","2022","2023","2024"}'::int[],
  '["SUV"]'::jsonb,
  '["Electric"]'::jsonb,
  '["Automatic (Single Speed)"]'::jsonb,
  7.5,
  8.5
)

insert into public.vehicle_generations (
  id,
  model_id,
  code,
  start_year,
  end_year,
  facelift,
  production_countries,
  body_types,
  fuel_types,
  transmission_types,
  summary
)
values (
  'fef400a4-9cfb-d81b-45fc-4390dd8b9aa2',
  'df8710db-bd09-250d-8a17-b8cbe983969a',
  'Gen1',
  2019,
  2024,
  false,
  '{"China"}'::text[],
  null,
  null,
  null,
  'First generation of Aiways'' flagship electric SUV, known for its decent range and spacious interior.'
)

insert into public.vehicle_insights (
  model_id,
  pros,
  cons,
  inspection_tips,
  notable_features,
  engine_examples,
  common_issues_by_engine,
  reliability_score,
  popularity_score
)
values (
  'df8710db-bd09-250d-8a17-b8cbe983969a',
  '["Хороший запас хода (для своего класса)","Просторный салон и большой багажник","Современные технологии и минималистичный дизайн"]'::jsonb,
  '["Ограниченная дилерская и сервисная сеть","Чувствительность к морозам (батарея)"]'::jsonb,
  '["Проверить состояние высоковольтной батареи (SOH)","Осмотреть кузов на предмет ржавчины в скрытых полостях","Проверить корректность работы адаптивного круиз-контроля"]'::jsonb,
  '["Advanced structural safety design","Mobile power station function"]'::jsonb,
  '["63 kWh battery pack"]'::jsonb,
  '[{"engine_code":"A63","common_issues_ru":["Сбои программного обеспечения мультимедийной системы","Быстрый разряд при низких температурах (аккумулятор)","Проблемы с датчиками давления в шинах"]}]'::jsonb,
  null,
  null
)

insert into public.vehicle_models (
  id,
  make_id,
  slug,
  name_en,
  first_model_year,
  last_model_year,
  years_available,
  body_types_available,
  fuel_types_available,
  transmission_available,
  reliability_score,
  popularity_score
)
values (
  '2eb6d753-3a84-4269-8495-1d353c3d07b1',
  'aa64b47c-daa3-9b9f-272c-897f1df88db4',
  'u6',
  'U6',
  2022,
  2024,
  '{"2022","2023","2024"}'::int[],
  '["Coupe SUV"]'::jsonb,
  '["Electric"]'::jsonb,
  '["Automatic (Single Speed)"]'::jsonb,
  7.7,
  7.8
)

insert into public.vehicle_generations (
  id,
  model_id,
  code,
  start_year,
  end_year,
  facelift,
  production_countries,
  body_types,
  fuel_types,
  transmission_types,
  summary
)
values (
  'a7b16f06-530c-2259-832c-294e0e8dbd25',
  '2eb6d753-3a84-4269-8495-1d353c3d07b1',
  'Gen1',
  2022,
  2024,
  false,
  '{"China"}'::text[],
  null,
  null,
  null,
  'A sporty coupe version of the U5, offering improved aerodynamics and distinctive styling.'
)

insert into public.vehicle_insights (
  model_id,
  pros,
  cons,
  inspection_tips,
  notable_features,
  engine_examples,
  common_issues_by_engine,
  reliability_score,
  popularity_score
)
values (
  '2eb6d753-3a84-4269-8495-1d353c3d07b1',
  '["Спортивный и привлекательный дизайн","Улучшенная управляемость и динамика","Интерьер с элементами, ориентированными на водителя"]'::jsonb,
  '["Менее практичный, чем U5 (из-за скошенной крыши)","Более высокая начальная цена"]'::jsonb,
  '["Проверить панорамную крышу на предмет дефектов или протечек","Оценить работу активного спойлера (если установлен)"]'::jsonb,
  '["Coupe styling","Low drag coefficient"]'::jsonb,
  '["63 kWh battery pack (Performance)"]'::jsonb,
  '[{"engine_code":"A63P","common_issues_ru":["Неполадки в работе сенсорных элементов управления","Посторонние шумы в подвеске при проезде неровностей"]}]'::jsonb,
  null,
  null
)

insert into public.vehicle_models (
  id,
  make_id,
  slug,
  name_en,
  first_model_year,
  last_model_year,
  years_available,
  body_types_available,
  fuel_types_available,
  transmission_available,
  reliability_score,
  popularity_score
)
values (
  '1705d2a4-79b0-7c66-5d52-13ba01463b8d',
  'aa64b47c-daa3-9b9f-272c-897f1df88db4',
  'u7',
  'U7',
  2024,
  2024,
  '{"2024"}'::int[],
  '["Large SUV"]'::jsonb,
  '["Electric"]'::jsonb,
  '["Automatic (Single Speed)"]'::jsonb,
  7.5,
  7
)

insert into public.vehicle_generations (
  id,
  model_id,
  code,
  start_year,
  end_year,
  facelift,
  production_countries,
  body_types,
  fuel_types,
  transmission_types,
  summary
)
values (
  '529eae19-bc42-5cca-bccb-5a974cde64b7',
  '1705d2a4-79b0-7c66-5d52-13ba01463b8d',
  'Gen1',
  2024,
  2024,
  false,
  '{"China"}'::text[],
  null,
  null,
  null,
  'A planned large family SUV/MPV crossover featuring three rows of seating and premium technology.'
)

insert into public.vehicle_insights (
  model_id,
  pros,
  cons,
  inspection_tips,
  notable_features,
  engine_examples,
  common_issues_by_engine,
  reliability_score,
  popularity_score
)
values (
  '1705d2a4-79b0-7c66-5d52-13ba01463b8d',
  '["Вместительный салон, идеально подходит для больших семей","Продвинутые системы помощи водителю (ADAS)","Премиальные материалы отделки"]'::jsonb,
  '["Крупные габариты, усложняющие парковку в городе","Неизвестная надежность в первые годы выпуска"]'::jsonb,
  '["Оценить работу электрических сдвижных дверей (если применимо)","Проверить состояние салона третьего ряда"]'::jsonb,
  '["Three-row seating layout","Smart cockpit features"]'::jsonb,
  '["80 kWh battery pack"]'::jsonb,
  '[{"engine_code":"A80","common_issues_ru":["Длительное время ожидания запчастей","Потенциальные ''детские болезни'' новой модели"]}]'::jsonb,
  null,
  null
)

insert into public.vehicle_makes (id, slug, name_en, country, segment_class, is_active, category_path)
values (
  'bd29e402-b98c-e579-5c6e-af58f2972064',
  'aixam',
  'Aixam',
  'France',
  'Microcar',
  true,
  'Passenger Car'
)

insert into public.vehicle_models (
  id,
  make_id,
  slug,
  name_en,
  first_model_year,
  last_model_year,
  years_available,
  body_types_available,
  fuel_types_available,
  transmission_available,
  reliability_score,
  popularity_score
)
values (
  '9016363a-6d44-f53d-d9aa-609662a90f4c',
  'bd29e402-b98c-e579-5c6e-af58f2972064',
  'city-minauto',
  'City / Minauto',
  2008,
  2024,
  '{"2008","2009","2010","2011","2012","2013","2014","2015","2016","2017","2018","2019","2020","2021","2022","2023","2024"}'::int[],
  '["Hatchback","Microcar"]'::jsonb,
  '["Diesel","Electric"]'::jsonb,
  '["Automatic (CVT)"]'::jsonb,
  7,
  8
)

insert into public.vehicle_generations (
  id,
  model_id,
  code,
  start_year,
  end_year,
  facelift,
  production_countries,
  body_types,
  fuel_types,
  transmission_types,
  summary
)
values (
  '8654acdf-b4d8-d1be-f635-18ee0d9b0336',
  '9016363a-6d44-f53d-d9aa-609662a90f4c',
  'E6',
  2010,
  2020,
  false,
  '{"France"}'::text[],
  null,
  null,
  null,
  'Modern design evolution focusing on improved comfort and equipment options.'
)

insert into public.vehicle_insights (
  model_id,
  pros,
  cons,
  inspection_tips,
  notable_features,
  engine_examples,
  common_issues_by_engine,
  reliability_score,
  popularity_score
)
values (
  '9016363a-6d44-f53d-d9aa-609662a90f4c',
  '["Extremely low fuel consumption","Can be driven without a standard license (in many EU countries)","Easy parking in urban areas"]'::jsonb,
  '["Low safety rating (compared to full-sized cars)","Very limited power and speed","High price relative to size"]'::jsonb,
  '["Часто проверяйте состояние ремня вариатора","Осмотрите пластиковые кузовные панели на наличие трещин","Проверьте опоры двигателя на предмет чрезмерной вибрации"]'::jsonb,
  '["Light quadricycle class","CVT transmission"]'::jsonb,
  '["Kubota Z482 (Diesel)","Lombardini HDi (Diesel)"]'::jsonb,
  '[{"engine_code":"Z482","common_issues_ru":["Проблемы с ТНВД (топливным насосом высокого давления)","Перегрев при длительной нагрузке","Быстрый износ ремня ГРМ"]}]'::jsonb,
  null,
  null
)

insert into public.vehicle_models (
  id,
  make_id,
  slug,
  name_en,
  first_model_year,
  last_model_year,
  years_available,
  body_types_available,
  fuel_types_available,
  transmission_available,
  reliability_score,
  popularity_score
)
values (
  '93cd823c-efcc-701b-6d25-bdd16ed8cb9d',
  'bd29e402-b98c-e579-5c6e-af58f2972064',
  'coupe-crossover',
  'Coupe / Crossover',
  2010,
  2024,
  '{"2010","2011","2012","2013","2014","2015","2016","2017","2018","2019","2020","2021","2022","2023","2024"}'::int[],
  '["Coupe","Wagon (Crossover)"]'::jsonb,
  '["Diesel","Electric"]'::jsonb,
  '["Automatic (CVT)"]'::jsonb,
  7,
  7
)

insert into public.vehicle_insights (
  model_id,
  pros,
  cons,
  inspection_tips,
  notable_features,
  engine_examples,
  common_issues_by_engine,
  reliability_score,
  popularity_score
)
values (
  '93cd823c-efcc-701b-6d25-bdd16ed8cb9d',
  '["More spacious than City model","Sportier look (Coupe)","Good maneuverability"]'::jsonb,
  '["Limited trunk space for Crossover version","Cabin noise is high at top speed"]'::jsonb,
  '["Проверьте рулевое управление на люфт, что часто встречается из-за легкой конструкции","Проверьте состояние аккумулятора на электрических версиях"]'::jsonb,
  '["Larger wheels and ground clearance (Crossover)","Available ABS option"]'::jsonb,
  '["Kubota Z482","Lombardini KDI"]'::jsonb,
  '[{"engine_code":"KDI","common_issues_ru":["Вибрации при холодном пуске","Утечки масла из поддона","Сложности с поиском оригинальных запчастей в СНГ"]}]'::jsonb,
  null,
  null
)

insert into public.vehicle_models (
  id,
  make_id,
  slug,
  name_en,
  first_model_year,
  last_model_year,
  years_available,
  body_types_available,
  fuel_types_available,
  transmission_available,
  reliability_score,
  popularity_score
)
values (
  '875954cd-4976-69ad-7695-377f10d8c4e7',
  'bd29e402-b98c-e579-5c6e-af58f2972064',
  'a7xx-series',
  'A.7XX Series (e.g., A.741, A.751)',
  2002,
  2008,
  '{"2002","2003","2004","2005","2006","2007","2008"}'::int[],
  '["Hatchback"]'::jsonb,
  '["Diesel"]'::jsonb,
  '["Automatic (CVT)"]'::jsonb,
  6,
  6
)

insert into public.vehicle_insights (
  model_id,
  pros,
  cons,
  inspection_tips,
  notable_features,
  engine_examples,
  common_issues_by_engine,
  reliability_score,
  popularity_score
)
values (
  '875954cd-4976-69ad-7695-377f10d8c4e7',
  '["Very cheap to insure","Simple, repairable mechanics","Classic microcar design"]'::jsonb,
  '["Very basic interior features","Rust potential in older chassis elements (where applicable)","Loud engine noise"]'::jsonb,
  '["Осмотрите шасси на предмет коррозии","Проверьте состояние втулок задней подвески","Убедитесь, что система охлаждения работает правильно (частая проблема перегрева)"]'::jsonb,
  '["Pioneering model for modern Aixam design"]'::jsonb,
  '["Kubota Z402","Lombardini FOCS"]'::jsonb,
  '[{"engine_code":"Z402","common_issues_ru":["Проблемы с реле стартера","Слабая головка блока цилиндров (ГБЦ)","Быстрый износ вариатора при агрессивной езде"]}]'::jsonb,
  null,
  null
)

insert into public.vehicle_makes (id, slug, name_en, country, segment_class, is_active, category_path)
values (
  'ba7f78e5-4434-8fee-d85f-6e233c6b16fd',
  'alfa-romeo',
  'Alfa Romeo',
  'Italy',
  'Premium',
  true,
  'Premium Passenger Vehicles'
)

insert into public.vehicle_models (
  id,
  make_id,
  slug,
  name_en,
  first_model_year,
  last_model_year,
  years_available,
  body_types_available,
  fuel_types_available,
  transmission_available,
  reliability_score,
  popularity_score
)
values (
  '1d45a607-645b-5640-3aa4-343ad4c4e134',
  'ba7f78e5-4434-8fee-d85f-6e233c6b16fd',
  'giulia',
  'Giulia',
  2016,
  2024,
  '{"2016","2017","2018","2019","2020","2021","2022","2023","2024"}'::int[],
  '["Sedan"]'::jsonb,
  '["Gasoline","Diesel"]'::jsonb,
  '["Automatic","Manual"]'::jsonb,
  7.5,
  8.5
)

insert into public.vehicle_generations (
  id,
  model_id,
  code,
  start_year,
  end_year,
  facelift,
  production_countries,
  body_types,
  fuel_types,
  transmission_types,
  summary
)
values (
  'ef1c675d-ec16-abab-f737-543165d609aa',
  '1d45a607-645b-5640-3aa4-343ad4c4e134',
  '952',
  2016,
  2024,
  false,
  '{"Italy"}'::text[],
  null,
  null,
  null,
  'Modern rear-wheel-drive sports sedan marking Alfa Romeo''s return to competitive premium segments, known for its dynamic handling.'
)

insert into public.vehicle_insights (
  model_id,
  pros,
  cons,
  inspection_tips,
  notable_features,
  engine_examples,
  common_issues_by_engine,
  reliability_score,
  popularity_score
)
values (
  '1d45a607-645b-5640-3aa4-343ad4c4e134',
  '["Отличная управляемость","Мощные двигатели (особенно Quadrifoglio)","Стильный дизайн"]'::jsonb,
  '["Проблемы с электроникой на ранних моделях","Высокая стоимость обслуживания","Недостаточно места сзади"]'::jsonb,
  '["Проверить работу информационно-развлекательной системы и датчиков.","Обратить внимание на люфт карданного вала на полноприводных версиях.","Оценить состояние тормозной системы (особенно Quadrifoglio)."]'::jsonb,
  '["Carbon fiber drive shaft","Integrated Brake System (IBS)","DNA drive mode selector"]'::jsonb,
  '["2.0 GME T4 (Gasoline)","2.2 JTDm (Diesel)","2.9 V6 Bi-Turbo (Quadrifoglio)"]'::jsonb,
  '[{"engine_code":"2.0 GME T4","common_issues_ru":["Проблемы с цепью ГРМ (на ранних версиях)","Выход из строя термостата","Сбои в работе системы старт-стоп"]},{"engine_code":"2.2 JTDm","common_issues_ru":["Отказы клапана EGR","Проблемы с сажевым фильтром (при городской эксплуатации)"]}]'::jsonb,
  null,
  null
)

insert into public.vehicle_models (
  id,
  make_id,
  slug,
  name_en,
  first_model_year,
  last_model_year,
  years_available,
  body_types_available,
  fuel_types_available,
  transmission_available,
  reliability_score,
  popularity_score
)
values (
  '94935eec-93ca-2905-ddc2-eee531a8d075',
  'ba7f78e5-4434-8fee-d85f-6e233c6b16fd',
  'stelvio',
  'Stelvio',
  2017,
  2024,
  '{"2017","2018","2019","2020","2021","2022","2023","2024"}'::int[],
  '["SUV"]'::jsonb,
  '["Gasoline","Diesel"]'::jsonb,
  '["Automatic"]'::jsonb,
  7,
  8
)

insert into public.vehicle_generations (
  id,
  model_id,
  code,
  start_year,
  end_year,
  facelift,
  production_countries,
  body_types,
  fuel_types,
  transmission_types,
  summary
)
values (
  '377716c7-5d73-7738-231e-f7cbd80f3959',
  '94935eec-93ca-2905-ddc2-eee531a8d075',
  '949',
  2017,
  2024,
  false,
  '{"Italy"}'::text[],
  null,
  null,
  null,
  'Alfa Romeo''s first production SUV, built on the Giorgio platform, offering sports car-like handling characteristics.'
)

insert into public.vehicle_insights (
  model_id,
  pros,
  cons,
  inspection_tips,
  notable_features,
  engine_examples,
  common_issues_by_engine,
  reliability_score,
  popularity_score
)
values (
  '94935eec-93ca-2905-ddc2-eee531a8d075',
  '["Лучшая управляемость среди премиальных кроссоверов","Привлекательный внешний вид","Хорошая динамика"]'::jsonb,
  '["Простой интерьер (по сравнению с немецкими конкурентами)","Чувствительность к качеству топлива","Жесткая подвеска на спортивных версиях"]'::jsonb,
  '["Проверить работу полного привода Q4.","Осмотреть кузов на предмет повреждений из-за низкого дорожного просвета (на версиях без адаптивной подвески)."]'::jsonb,
  '["Q4 All-Wheel Drive system","Lightweight construction materials"]'::jsonb,
  '["2.0 GME T4 (Gasoline)","2.2 JTDm (Diesel)"]'::jsonb,
  '[{"engine_code":"2.0 GME T4","common_issues_ru":["Течь масла из-под клапанной крышки","Потенциальные проблемы с турбокомпрессором на больших пробегах"]},{"engine_code":"2.9 V6 Bi-Turbo","common_issues_ru":["Высокая требовательность к качеству топлива и охлаждению","Дорогостоящее обслуживание и замена расходников"]}]'::jsonb,
  null,
  null
)

insert into public.vehicle_models (
  id,
  make_id,
  slug,
  name_en,
  first_model_year,
  last_model_year,
  years_available,
  body_types_available,
  fuel_types_available,
  transmission_available,
  reliability_score,
  popularity_score
)
values (
  'c120243e-567a-3d5b-683b-ccbdc4204bda',
  'ba7f78e5-4434-8fee-d85f-6e233c6b16fd',
  'giulietta',
  'Giulietta',
  2010,
  2020,
  '{"2010","2011","2012","2013","2014","2015","2016","2017","2018","2019","2020"}'::int[],
  '["Hatchback"]'::jsonb,
  '["Gasoline","Diesel"]'::jsonb,
  '["Manual","Automatic"]'::jsonb,
  6.5,
  7
)

insert into public.vehicle_generations (
  id,
  model_id,
  code,
  start_year,
  end_year,
  facelift,
  production_countries,
  body_types,
  fuel_types,
  transmission_types,
  summary
)
values (
  '37d2a76a-c464-6676-e9dc-f47ec07a4a13',
  'c120243e-567a-3d5b-683b-ccbdc4204bda',
  '940',
  2010,
  2020,
  false,
  '{"Italy"}'::text[],
  null,
  null,
  null,
  'Compact executive hatchback known for its distinctive styling and use of the MultiAir and TCT gearbox technologies.'
)

insert into public.vehicle_insights (
  model_id,
  pros,
  cons,
  inspection_tips,
  notable_features,
  engine_examples,
  common_issues_by_engine,
  reliability_score,
  popularity_score
)
values (
  'c120243e-567a-3d5b-683b-ccbdc4204bda',
  '["Яркий и харизматичный дизайн","Отзывчивые турбированные двигатели","Хорошие тормоза и управляемость"]'::jsonb,
  '["Ненадежность роботизированной коробки TCT (на ранних моделях)","Проблемы с качеством отделки салона (скрипы)","Быстрая коррозия элементов подвески и подрамника"]'::jsonb,
  '["Тщательно проверять работу робота TCT на наличие рывков и посторонних шумов.","Осмотреть кузов на предмет коррозии задних арок и порогов.","Проверить модуль MultiAir на шум при запуске (характерный стук)."]'::jsonb,
  '["Alfa TCT twin dry clutch gearbox","DNA drive selector standard across range"]'::jsonb,
  '["1.4 TB MultiAir","2.0 JTDm","1.75 TBi"]'::jsonb,
  '[{"engine_code":"1.4 TB MultiAir","common_issues_ru":["Выход из строя модуля MultiAir (требует дорогостоящей замены)","Повышенный расход масла"]},{"engine_code":"2.0 JTDm","common_issues_ru":["Проблемы с двухмассовым маховиком и сцеплением","Отказы клапана EGR"]}]'::jsonb,
  null,
  null
)

insert into public.vehicle_makes (id, slug, name_en, country, segment_class, is_active, category_path)
values (
  'd953d91c-311d-a781-2d7b-2c5913d147ae',
  'alpina',
  'Alpina',
  'Germany',
  'Performance/Luxury',
  true,
  'Luxury Cars/Performance Division'
)

insert into public.vehicle_models (
  id,
  make_id,
  slug,
  name_en,
  first_model_year,
  last_model_year,
  years_available,
  body_types_available,
  fuel_types_available,
  transmission_available,
  reliability_score,
  popularity_score
)
values (
  '412cdb97-8a55-4dc7-0f84-039611300def',
  'd953d91c-311d-a781-2d7b-2c5913d147ae',
  'b3',
  'B3',
  2013,
  2024,
  '{"2013","2015","2017","2019","2021","2024"}'::int[],
  '["Sedan","Touring"]'::jsonb,
  '["Gasoline"]'::jsonb,
  '["Automatic"]'::jsonb,
  8,
  8.5
)

insert into public.vehicle_generations (
  id,
  model_id,
  code,
  start_year,
  end_year,
  facelift,
  production_countries,
  body_types,
  fuel_types,
  transmission_types,
  summary
)
values (
  'b5fe1a8f-c1b3-b91b-e491-2d8d1d9b9065',
  '412cdb97-8a55-4dc7-0f84-039611300def',
  'F30/F31',
  2013,
  2019,
  false,
  '{"Germany"}'::text[],
  null,
  null,
  null,
  'High-performance version of the BMW 3-series (F30 generation), known for combining robust power and luxurious long-distance comfort.'
)

insert into public.vehicle_generations (
  id,
  model_id,
  code,
  start_year,
  end_year,
  facelift,
  production_countries,
  body_types,
  fuel_types,
  transmission_types,
  summary
)
values (
  'd1bfa254-89ba-092b-867a-a1a39d8b3520',
  '412cdb97-8a55-4dc7-0f84-039611300def',
  'G20/G21',
  2019,
  2024,
  true,
  '{"Germany"}'::text[],
  null,
  null,
  null,
  'Current generation based on the BMW G20 series, featuring improved dynamics and mild-hybrid technology in later years.'
)

insert into public.vehicle_insights (
  model_id,
  pros,
  cons,
  inspection_tips,
  notable_features,
  engine_examples,
  common_issues_by_engine,
  reliability_score,
  popularity_score
)
values (
  '412cdb97-8a55-4dc7-0f84-039611300def',
  '["Мощный, но эластичный двигатель","Идеальный баланс между спортом и комфортом подвески","Эксклюзивность и высокая ликвидность"]'::jsonb,
  '["Высокая стоимость обслуживания","Ограниченное количество официальных сервисных центров","Высокий налог на роскошь"]'::jsonb,
  '["Проверить состояние турбокомпрессоров и интеркулера","Оценить износ тормозной системы (часто усиленной)","Диагностика АКПП (ZF 8HP) на предмет рывков"]'::jsonb,
  '["Alpina Switch-Tronic transmission","Signature 20-spoke forged wheels","Custom luxury interior trim"]'::jsonb,
  '["3.0L Inline-six Bi-Turbo (N55 derived)","3.0L Inline-six Bi-Turbo (S58 derived)"]'::jsonb,
  '[{"engine_code":"N55","common_issues_ru":["Проблемы с ТНВД (топливный насос высокого давления)","Течи масла из-под клапанной крышки и поддона"]},{"engine_code":"S58 (B3 2019+)","common_issues_ru":["Высокая чувствительность к качеству топлива","Сложности с обслуживанием системы охлаждения"]}]'::jsonb,
  null,
  null
)

insert into public.vehicle_models (
  id,
  make_id,
  slug,
  name_en,
  first_model_year,
  last_model_year,
  years_available,
  body_types_available,
  fuel_types_available,
  transmission_available,
  reliability_score,
  popularity_score
)
values (
  '42dab4a2-b74a-beaf-c3c3-aa117e0be4ee',
  'd953d91c-311d-a781-2d7b-2c5913d147ae',
  'b5',
  'B5',
  2017,
  2023,
  '{"2017","2019","2021","2023"}'::int[],
  '["Sedan","Touring"]'::jsonb,
  '["Gasoline"]'::jsonb,
  '["Automatic"]'::jsonb,
  8.2,
  9
)

insert into public.vehicle_generations (
  id,
  model_id,
  code,
  start_year,
  end_year,
  facelift,
  production_countries,
  body_types,
  fuel_types,
  transmission_types,
  summary
)
values (
  '2e0474b7-c810-e86a-e5ab-44bc0bb53dc9',
  '42dab4a2-b74a-beaf-c3c3-aa117e0be4ee',
  'G30/G31',
  2017,
  2023,
  false,
  '{"Germany"}'::text[],
  null,
  null,
  null,
  'Flagship luxury high-performance model based on the BMW 5 Series (G30 generation), offering supercar levels of power with ultimate comfort.'
)

insert into public.vehicle_insights (
  model_id,
  pros,
  cons,
  inspection_tips,
  notable_features,
  engine_examples,
  common_issues_by_engine,
  reliability_score,
  popularity_score
)
values (
  '42dab4a2-b74a-beaf-c3c3-aa117e0be4ee',
  '["Исключительная динамика и ускорение","Роскошный и тихий интерьер","Универсальность и комфорт для дальних поездок"]'::jsonb,
  '["Очень высокие эксплуатационные расходы V8","Сложная диагностика и ремонт электронных систем","Большие габариты для городских условий"]'::jsonb,
  '["Тщательный осмотр пневмоподвески и адаптивных стабилизаторов","Проверка состояния системы охлаждения, особенно в блоке цилиндров","Диагностика работоспособности всех вспомогательных систем (активный круиз, подруливание)"]'::jsonb,
  '["Integral Active Steering (RWD and AWD models)","Enhanced ZF 8HP gearbox for extreme torque","Hand-stitched leather interiors"]'::jsonb,
  '["4.4L V8 Bi-Turbo (N63 derived)"]'::jsonb,
  '[{"engine_code":"N63TU3","common_issues_ru":["Повышенный расход масла (характерно для V8 Bi-Turbo)","Риск перегрева и выход из строя катушек/свечей зажигания","Проблемы с системой вентиляции картерных газов"]}]'::jsonb,
  null,
  null
)

insert into public.vehicle_models (
  id,
  make_id,
  slug,
  name_en,
  first_model_year,
  last_model_year,
  years_available,
  body_types_available,
  fuel_types_available,
  transmission_available,
  reliability_score,
  popularity_score
)
values (
  'cd270587-e9a5-df5b-7f79-c0c3a27d5c35',
  'd953d91c-311d-a781-2d7b-2c5913d147ae',
  'd3',
  'D3',
  2014,
  2020,
  '{"2014","2016","2018","2020"}'::int[],
  '["Sedan","Touring"]'::jsonb,
  '["Diesel"]'::jsonb,
  '["Automatic"]'::jsonb,
  8.5,
  7.8
)

insert into public.vehicle_generations (
  id,
  model_id,
  code,
  start_year,
  end_year,
  facelift,
  production_countries,
  body_types,
  fuel_types,
  transmission_types,
  summary
)
values (
  '76acd30c-eee2-4b3f-5b62-ac47e6bec526',
  'cd270587-e9a5-df5b-7f79-c0c3a27d5c35',
  'F30/F31 Diesel',
  2014,
  2020,
  false,
  '{"Germany"}'::text[],
  null,
  null,
  null,
  'Performance diesel variant based on the BMW 3 Series, highly valued in Europe for its incredible torque, power, and low fuel consumption.'
)

insert into public.vehicle_insights (
  model_id,
  pros,
  cons,
  inspection_tips,
  notable_features,
  engine_examples,
  common_issues_by_engine,
  reliability_score,
  popularity_score
)
values (
  'cd270587-e9a5-df5b-7f79-c0c3a27d5c35',
  '["Фантастический крутящий момент","Невероятно низкий расход топлива для такой мощности","Высокая надежность самого блока цилиндров"]'::jsonb,
  '["Дорогостоящий ремонт дизельной аппаратуры (форсунки, ТНВД)","Требователен к качеству топлива и масла","Более высокая вибрация по сравнению с бензиновым B3"]'::jsonb,
  '["Проверка состояния DPF и катализаторов","Контроль турбокомпрессоров (до 4 штук в поздних версиях)","Диагностика трансмиссии при высоком крутящем моменте"]'::jsonb,
  '["Exceptional torque delivery","Outstanding long-distance fuel efficiency","High cruising speeds capability"]'::jsonb,
  '["3.0L Inline-six Bi-Turbo Diesel (N57 derived)","3.0L Inline-six Quad-Turbo Diesel (B57 derived)"]'::jsonb,
  '[{"engine_code":"N57D30","common_issues_ru":["Износ цепи ГРМ (на ранних версиях N57)","Проблемы с вихревыми заслонками впускного коллектора (до их удаления)","Загрязнение и выход из строя сажевого фильтра (DPF)"]},{"engine_code":"B57","common_issues_ru":["Сложности с обслуживанием многоступенчатого наддува","Чувствительность топливной системы к качеству дизельного топлива"]}]'::jsonb,
  null,
  null
)

insert into public.vehicle_makes (id, slug, name_en, country, segment_class, is_active, category_path)
values (
  '025116be-7b04-0880-0f2c-528b618f1c84',
  'alpine',
  'Alpine',
  'France',
  'S - Sports Car',
  true,
  'Sportscars/Luxury'
)

insert into public.vehicle_models (
  id,
  make_id,
  slug,
  name_en,
  first_model_year,
  last_model_year,
  years_available,
  body_types_available,
  fuel_types_available,
  transmission_available,
  reliability_score,
  popularity_score
)
values (
  '1435da4b-d133-43fe-9e03-c18178bda98e',
  '025116be-7b04-0880-0f2c-528b618f1c84',
  'a110',
  'A110',
  2017,
  2024,
  '{"2017","2018","2019","2020","2021","2022","2023","2024"}'::int[],
  '["Coupe"]'::jsonb,
  '["Gasoline"]'::jsonb,
  '["Automatic (DCT)"]'::jsonb,
  7.5,
  8.5
)

insert into public.vehicle_generations (
  id,
  model_id,
  code,
  start_year,
  end_year,
  facelift,
  production_countries,
  body_types,
  fuel_types,
  transmission_types,
  summary
)
values (
  'b2cafb1b-4010-930f-261e-370152b8cf6e',
  '1435da4b-d133-43fe-9e03-c18178bda98e',
  'II',
  2017,
  2024,
  false,
  '{"France"}'::text[],
  null,
  null,
  null,
  'Modern lightweight sports coupe reviving the iconic nameplate.'
)

insert into public.vehicle_insights (
  model_id,
  pros,
  cons,
  inspection_tips,
  notable_features,
  engine_examples,
  common_issues_by_engine,
  reliability_score,
  popularity_score
)
values (
  '1435da4b-d133-43fe-9e03-c18178bda98e',
  '["Outstanding handling and agility","Lightweight design","Distinctive styling","High performance"]'::jsonb,
  '["High cost of ownership","Limited practicality (two-seater, small storage)","Interior quality sometimes questioned","Limited distribution network"]'::jsonb,
  '["Check aluminum body panels for impact damage","Inspect DCT gearbox for smooth operation, especially under load","Ensure regular maintenance records are present, particularly regarding engine oil changes."]'::jsonb,
  '["Aluminum chassis","Mid-engine layout","Getrag 7-speed DCT gearbox"]'::jsonb,
  '["1.8 TCe (M5P)"]'::jsonb,
  '[{"engine_code":"M5P 1.8L Turbo","common_issues_ru":["Перегрев масла в DCT при агрессивной езде","Незначительные проблемы с электрикой/датчиками","Потенциальный износ тормозных дисков при трековой эксплуатации"]}]'::jsonb,
  null,
  null
)

insert into public.vehicle_models (
  id,
  make_id,
  slug,
  name_en,
  first_model_year,
  last_model_year,
  years_available,
  body_types_available,
  fuel_types_available,
  transmission_available,
  reliability_score,
  popularity_score
)
values (
  '5b87fad5-745b-b714-63b9-745e9a582b87',
  '025116be-7b04-0880-0f2c-528b618f1c84',
  'a310',
  'A310',
  1971,
  1984,
  '{"1971","1972","1973","1974","1975","1976","1977","1978","1979","1980","1981","1982","1983","1984"}'::int[],
  '["Coupe"]'::jsonb,
  '["Gasoline"]'::jsonb,
  '["Manual"]'::jsonb,
  5.5,
  6
)

insert into public.vehicle_generations (
  id,
  model_id,
  code,
  start_year,
  end_year,
  facelift,
  production_countries,
  body_types,
  fuel_types,
  transmission_types,
  summary
)
values (
  '20e4157f-60da-be42-daa3-0613bf07368f',
  '5b87fad5-745b-b714-63b9-745e9a582b87',
  '1600/1600 VE/VF',
  1971,
  1976,
  false,
  '{"France"}'::text[],
  null,
  null,
  null,
  'Initial 4-cylinder version, fiberglass body.'
)

insert into public.vehicle_generations (
  id,
  model_id,
  code,
  start_year,
  end_year,
  facelift,
  production_countries,
  body_types,
  fuel_types,
  transmission_types,
  summary
)
values (
  '09cb1310-7deb-af34-4c96-caf8996618cb',
  '5b87fad5-745b-b714-63b9-745e9a582b87',
  'V6',
  1976,
  1984,
  false,
  '{"France"}'::text[],
  null,
  null,
  null,
  'Upgraded version featuring the PRV V6 engine.'
)

insert into public.vehicle_insights (
  model_id,
  pros,
  cons,
  inspection_tips,
  notable_features,
  engine_examples,
  common_issues_by_engine,
  reliability_score,
  popularity_score
)
values (
  '5b87fad5-745b-b714-63b9-745e9a582b87',
  '["Unique wedge shape styling","Strong rally heritage (V6 turbo versions)","Relatively easy maintenance for classic car standards"]'::jsonb,
  '["Prone to rust on steel frame (despite fiberglass body)","Complex electrics","PRV V6 cooling issues"]'::jsonb,
  '["Thoroughly inspect the steel chassis backbone for corrosion, especially near suspension mounts.","Check condition of rubber seals and electrical harnesses due to age.","Verify cooling system integrity on V6 models."]'::jsonb,
  '["Fiberglass bodywork","Rear-engine layout (or rear mid-engine)","PRV V6 engine sharing components with Peugeot/Renault/Volvo"]'::jsonb,
  '["1.6L I4","2.7L V6 (PRV)"]'::jsonb,
  '[{"engine_code":"PRV V6","common_issues_ru":["Проблемы с перегревом из-за неудачной конструкции системы охлаждения","Износ распредвалов (особенно на ранних версиях)","Утечки масла"]}]'::jsonb,
  null,
  null
)

insert into public.vehicle_models (
  id,
  make_id,
  slug,
  name_en,
  first_model_year,
  last_model_year,
  years_available,
  body_types_available,
  fuel_types_available,
  transmission_available,
  reliability_score,
  popularity_score
)
values (
  '0f41259c-0ec2-a4bf-32e6-d81bf7efbe2e',
  '025116be-7b04-0880-0f2c-528b618f1c84',
  'a610',
  'A610',
  1991,
  1995,
  '{"1991","1992","1993","1994","1995"}'::int[],
  '["Coupe"]'::jsonb,
  '["Gasoline"]'::jsonb,
  '["Manual"]'::jsonb,
  6,
  5
)

insert into public.vehicle_generations (
  id,
  model_id,
  code,
  start_year,
  end_year,
  facelift,
  production_countries,
  body_types,
  fuel_types,
  transmission_types,
  summary
)
values (
  'f21eeda1-9a5c-d0d4-7e34-aada51b12514',
  '0f41259c-0ec2-a4bf-32e6-d81bf7efbe2e',
  'D503',
  1991,
  1995,
  false,
  '{"France"}'::text[],
  null,
  null,
  null,
  'A heavily revised version of the GTA, serving as Alpine''s last model before the brand hiatus.'
)

insert into public.vehicle_insights (
  model_id,
  pros,
  cons,
  inspection_tips,
  notable_features,
  engine_examples,
  common_issues_by_engine,
  reliability_score,
  popularity_score
)
values (
  '0f41259c-0ec2-a4bf-32e6-d81bf7efbe2e',
  '["Powerful Turbo V6 performance","Good handling for a Grand Tourer","Rarity and exclusivity"]'::jsonb,
  '["Very complex maintenance","Difficult to find specialized parts","Pop-up headlight motor failure"]'::jsonb,
  '["Check turbocharger condition and boost pressures.","Inspect for electrical gremlins typical of 90s Renault derivatives.","Ensure proper functioning of all unique electronic components."]'::jsonb,
  '["Rear-engine layout","Fiberglass composite body over a steel chassis","Improved aerodynamics over previous models"]'::jsonb,
  '["3.0L V6 Turbo (PRV derivative)"]'::jsonb,
  '[{"engine_code":"3.0L V6 Turbo","common_issues_ru":["Проблемы с надежностью турбины при высоких пробегах","Проблемы с системой впрыска топлива (сложно настроить)","Сложность поиска прокладок и уплотнителей"]}]'::jsonb,
  null,
  null
)

insert into public.vehicle_makes (id, slug, name_en, country, segment_class, is_active, category_path)
values (
  '80eb6a30-bf92-bf92-cd5c-eafbac729922',
  'apal',
  'Apal',
  'Belgium',
  'Niche/Kit Car',
  false,
  'kit_cars/historical'
)

insert into public.vehicle_models (
  id,
  make_id,
  slug,
  name_en,
  first_model_year,
  last_model_year,
  years_available,
  body_types_available,
  fuel_types_available,
  transmission_available,
  reliability_score,
  popularity_score
)
values (
  'a0b0c903-4800-956d-ced6-48f77b917ed7',
  '80eb6a30-bf92-bf92-cd5c-eafbac729922',
  'speedster',
  'Speedster',
  1961,
  1973,
  '{"1961","1962","1963","1964","1965","1966","1967","1968","1969","1970","1971","1972","1973"}'::int[],
  '["Roadster","Cabriolet"]'::jsonb,
  '["Gasoline"]'::jsonb,
  '["Manual"]'::jsonb,
  6.5,
  5
)

insert into public.vehicle_generations (
  id,
  model_id,
  code,
  start_year,
  end_year,
  facelift,
  production_countries,
  body_types,
  fuel_types,
  transmission_types,
  summary
)
values (
  '8e190eb1-c121-c955-e67e-ecd11f72ed93',
  'a0b0c903-4800-956d-ced6-48f77b917ed7',
  'Type 1',
  1961,
  1973,
  false,
  '{"Belgium"}'::text[],
  null,
  null,
  null,
  'Fiberglas body on Volkswagen Beetle chassis, mimicking the Porsche 356 Speedster.'
)

insert into public.vehicle_insights (
  model_id,
  pros,
  cons,
  inspection_tips,
  notable_features,
  engine_examples,
  common_issues_by_engine,
  reliability_score,
  popularity_score
)
values (
  'a0b0c903-4800-956d-ced6-48f77b917ed7',
  '["Classic looks","Simple mechanics (VW)","High customizability"]'::jsonb,
  '["Poor insulation","Low crash safety","Finding original parts is difficult"]'::jsonb,
  '["Check the fiberglass body condition thoroughly for cracks or repairs.","Verify chassis integrity and donor vehicle documentation.","Inspect electrical system often prone to wear."]'::jsonb,
  '[]'::jsonb,
  '["VW 1.2L H4","VW 1.6L H4"]'::jsonb,
  '[{"engine_code":"H4 AC","common_issues_ru":["Перегрев при длительных нагрузках","Течи масла из-под штанг толкателей","Износ карбюратора"]}]'::jsonb,
  null,
  null
)

insert into public.vehicle_models (
  id,
  make_id,
  slug,
  name_en,
  first_model_year,
  last_model_year,
  years_available,
  body_types_available,
  fuel_types_available,
  transmission_available,
  reliability_score,
  popularity_score
)
values (
  '723417e1-a2fd-f475-2aac-e4c84feffa07',
  '80eb6a30-bf92-bf92-cd5c-eafbac729922',
  'apal-c',
  'Apal C',
  1968,
  1973,
  '{"1968","1969","1970","1971","1972","1973"}'::int[],
  '["Dune Buggy"]'::jsonb,
  '["Gasoline"]'::jsonb,
  '["Manual"]'::jsonb,
  7,
  4
)

insert into public.vehicle_generations (
  id,
  model_id,
  code,
  start_year,
  end_year,
  facelift,
  production_countries,
  body_types,
  fuel_types,
  transmission_types,
  summary
)
values (
  '2ea1bdc2-9824-4cf7-a33a-d33197c56059',
  '723417e1-a2fd-f475-2aac-e4c84feffa07',
  'Buggy 1',
  1968,
  1973,
  false,
  '{"Belgium"}'::text[],
  null,
  null,
  null,
  'Classic fiberglass dune buggy body kit installed on a shortened VW Beetle platform.'
)

insert into public.vehicle_insights (
  model_id,
  pros,
  cons,
  inspection_tips,
  notable_features,
  engine_examples,
  common_issues_by_engine,
  reliability_score,
  popularity_score
)
values (
  '723417e1-a2fd-f475-2aac-e4c84feffa07',
  '["Excellent off-road capability (for 2WD)","Simple maintenance","Fun and distinctive design"]'::jsonb,
  '["No doors/roof (limited weather protection)","Very noisy","Difficult to register in some modern jurisdictions"]'::jsonb,
  '["Check the frame rails for rust, especially near the suspension mounting points.","Examine the condition of the exposed drivetrain components.","Ensure the brake system is operational, often neglected on these vehicles."]'::jsonb,
  '[]'::jsonb,
  '["VW 1.3L H4","VW 1.5L H4"]'::jsonb,
  '[{"engine_code":"VW 1.5 AC","common_issues_ru":["Проблемы с запуском в холодное время","Износ сальников, вызывающий утечки масла","Нестабильная работа системы зажигания"]}]'::jsonb,
  null,
  null
)

insert into public.vehicle_models (
  id,
  make_id,
  slug,
  name_en,
  first_model_year,
  last_model_year,
  years_available,
  body_types_available,
  fuel_types_available,
  transmission_available,
  reliability_score,
  popularity_score
)
values (
  'f92458f1-4f90-e549-644f-9412e3e52e22',
  '80eb6a30-bf92-bf92-cd5c-eafbac729922',
  'apal-l',
  'Apal L',
  1962,
  1965,
  '{"1962","1963","1964","1965"}'::int[],
  '["Coupe"]'::jsonb,
  '["Gasoline"]'::jsonb,
  '["Manual"]'::jsonb,
  6,
  3
)

insert into public.vehicle_generations (
  id,
  model_id,
  code,
  start_year,
  end_year,
  facelift,
  production_countries,
  body_types,
  fuel_types,
  transmission_types,
  summary
)
values (
  'd69b61c0-23c9-cbb4-e6a3-ce3d43d3b7b0',
  'f92458f1-4f90-e549-644f-9412e3e52e22',
  'GT',
  1962,
  1965,
  false,
  '{"Belgium"}'::text[],
  null,
  null,
  null,
  'A small, closed two-seater GT coupe featuring a fiberglass body, often utilizing mechanical components from Renault or VW.'
)

insert into public.vehicle_insights (
  model_id,
  pros,
  cons,
  inspection_tips,
  notable_features,
  engine_examples,
  common_issues_by_engine,
  reliability_score,
  popularity_score
)
values (
  'f92458f1-4f90-e549-644f-9412e3e52e22',
  '["Extremely rare collector''s item","Light weight","Good handling for its era"]'::jsonb,
  '["Very low power output","Parts sourcing is nearly impossible","Unknown mechanical condition unless fully restored"]'::jsonb,
  '["Confirm the originality of the unique fiberglass body components.","Detailed inspection of the donor vehicle''s mechanicals (Renault/VW).","Check window mechanisms and seals, which degrade quickly."]'::jsonb,
  '[]'::jsonb,
  '["Renault 850cc I4","VW 1.2L H4"]'::jsonb,
  '[{"engine_code":"Renault 850","common_issues_ru":["Износ водяного насоса","Проблемы с синхронизаторами старой КПП","Коррозия топливного бака"]}]'::jsonb,
  null,
  null
)

insert into public.vehicle_makes (id, slug, name_en, country, segment_class, is_active, category_path)
values (
  'fe0418b6-c803-b9e5-aaf0-42cc443ef3b2',
  'ariel',
  'Ariel',
  'UK',
  'Niche/Track Car',
  true,
  '/sports-cars'
)

insert into public.vehicle_models (
  id,
  make_id,
  slug,
  name_en,
  first_model_year,
  last_model_year,
  years_available,
  body_types_available,
  fuel_types_available,
  transmission_available,
  reliability_score,
  popularity_score
)
values (
  'e7aa9b4d-4d0f-5f46-b575-12fce494674c',
  'fe0418b6-c803-b9e5-aaf0-42cc443ef3b2',
  'atom',
  'Atom',
  2000,
  2024,
  '{"2000","2001","2002","2003","2004","2005","2006","2007","2008","2009","2010","2011","2012","2013","2014","2015","2016","2017","2018","2019","2020","2021","2022","2023","2024"}'::int[],
  '["Roadster"]'::jsonb,
  '["Gasoline"]'::jsonb,
  '["Manual"]'::jsonb,
  8,
  9
)

insert into public.vehicle_generations (
  id,
  model_id,
  code,
  start_year,
  end_year,
  facelift,
  production_countries,
  body_types,
  fuel_types,
  transmission_types,
  summary
)
values (
  '36feac61-2b3c-0578-865f-d3f4ea425a47',
  'e7aa9b4d-4d0f-5f46-b575-12fce494674c',
  'Atom 1',
  2000,
  2003,
  false,
  '{"UK"}'::text[],
  null,
  null,
  null,
  'Original generation featuring Rover K-Series engine.'
)

insert into public.vehicle_generations (
  id,
  model_id,
  code,
  start_year,
  end_year,
  facelift,
  production_countries,
  body_types,
  fuel_types,
  transmission_types,
  summary
)
values (
  'a48ce152-4c4e-af1c-564e-d99aba65de31',
  'e7aa9b4d-4d0f-5f46-b575-12fce494674c',
  'Atom 3',
  2007,
  2017,
  true,
  '{"UK"}'::text[],
  null,
  null,
  null,
  'Major revision utilizing Honda K20Z engines.'
)

insert into public.vehicle_generations (
  id,
  model_id,
  code,
  start_year,
  end_year,
  facelift,
  production_countries,
  body_types,
  fuel_types,
  transmission_types,
  summary
)
values (
  '87b21a0d-9186-1e87-4afe-81c491503d01',
  'e7aa9b4d-4d0f-5f46-b575-12fce494674c',
  'Atom 4',
  2018,
  2024,
  false,
  '{"UK"}'::text[],
  null,
  null,
  null,
  'Latest generation with significant chassis and handling improvements, using Honda Civic Type R (K20C) engine.'
)

insert into public.vehicle_insights (
  model_id,
  pros,
  cons,
  inspection_tips,
  notable_features,
  engine_examples,
  common_issues_by_engine,
  reliability_score,
  popularity_score
)
values (
  'e7aa9b4d-4d0f-5f46-b575-12fce494674c',
  '["Невероятная динамика и управляемость","Ощущение гоночного автомобиля на дороге","Легкость обслуживания двигателя"]'::jsonb,
  '["Отсутствие комфорта и защиты от непогоды","Высокий дорожный налог и страховка","Очень непрактичен для ежедневного использования"]'::jsonb,
  '["Проверить шасси на следы повреждений или ремонта после аварий/трек-дней","Осмотреть открытые элементы подвески на предмет износа и ржавчины","Проверить историю обслуживания двигателя Honda"]'::jsonb,
  '["Exoskeletal chassis design","Exceptional power-to-weight ratio","Honda reliability paired with extreme performance"]'::jsonb,
  '["Honda K20Z4 (Supercharged)","Honda K20C (Turbo)"]'::jsonb,
  '[{"engine_code":"K20Z4 (Supercharged)","common_issues_ru":["Проблемы с датчиком VTEC","Повышенный износ трансмиссии из-за высоких нагрузок","Склонность к перегреву при длительной трековой эксплуатации"]},{"engine_code":"K20C (Turbo)","common_issues_ru":["Требовательность к качеству масла","Проблемы с электроникой двигателя","Возможное образование трещин в коллекторе"]}]'::jsonb,
  null,
  null
)

insert into public.vehicle_models (
  id,
  make_id,
  slug,
  name_en,
  first_model_year,
  last_model_year,
  years_available,
  body_types_available,
  fuel_types_available,
  transmission_available,
  reliability_score,
  popularity_score
)
values (
  '924e9375-6984-7648-5023-ca4628bf82bc',
  'fe0418b6-c803-b9e5-aaf0-42cc443ef3b2',
  'nomad',
  'Nomad',
  2015,
  2024,
  '{"2015","2016","2017","2018","2019","2020","2021","2022","2023","2024"}'::int[],
  '["Buggy"]'::jsonb,
  '["Gasoline"]'::jsonb,
  '["Manual"]'::jsonb,
  8.5,
  7.5
)

insert into public.vehicle_generations (
  id,
  model_id,
  code,
  start_year,
  end_year,
  facelift,
  production_countries,
  body_types,
  fuel_types,
  transmission_types,
  summary
)
values (
  '4c11fb69-8dab-b362-d98f-d851750c5d68',
  '924e9375-6984-7648-5023-ca4628bf82bc',
  'Mk1',
  2015,
  2024,
  false,
  '{"UK"}'::text[],
  null,
  null,
  null,
  'First generation focusing on off-road capability, based on the Atom design philosophy.'
)

insert into public.vehicle_insights (
  model_id,
  pros,
  cons,
  inspection_tips,
  notable_features,
  engine_examples,
  common_issues_by_engine,
  reliability_score,
  popularity_score
)
values (
  '924e9375-6984-7648-5023-ca4628bf82bc',
  '["Фантастическая проходимость по бездорожью","Высокая прочность и надежность конструкции","Уникальный опыт вождения"]'::jsonb,
  '["Очень высокая стоимость","Не предназначен для дальних поездок","Сложности с регистрацией в некоторых странах ЕС/СНГ"]'::jsonb,
  '["Оценить состояние подвески и амортизаторов после внедорожной эксплуатации","Проверить целостность защитных пластин и каркаса безопасности","Осмотреть карданные валы и приводы"]'::jsonb,
  '["Long-travel suspension","All-terrain tires","Off-road focused exoskeletal frame"]'::jsonb,
  '["Honda K24 (NA)","Honda K24 (Supercharged)"]'::jsonb,
  '[{"engine_code":"K24 (Naturally Aspirated/Supercharged)","common_issues_ru":["Быстрый износ фильтров из-за пыли и грязи","Сложности с обслуживанием в полевых условиях","Повышенный расход масла при экстремальных углах наклона"]}]'::jsonb,
  null,
  null
)

insert into public.vehicle_models (
  id,
  make_id,
  slug,
  name_en,
  first_model_year,
  last_model_year,
  years_available,
  body_types_available,
  fuel_types_available,
  transmission_available,
  reliability_score,
  popularity_score
)
values (
  '08e1c013-eb00-9a43-6d29-169d72d42628',
  'fe0418b6-c803-b9e5-aaf0-42cc443ef3b2',
  'atom-v8',
  'Atom V8',
  2011,
  2014,
  '{"2011","2012","2013","2014"}'::int[],
  '["Roadster"]'::jsonb,
  '["Gasoline"]'::jsonb,
  '["Sequential Manual"]'::jsonb,
  6.5,
  7
)

insert into public.vehicle_generations (
  id,
  model_id,
  code,
  start_year,
  end_year,
  facelift,
  production_countries,
  body_types,
  fuel_types,
  transmission_types,
  summary
)
values (
  '96f5d01c-6368-a5cc-24c4-1e1e423c591d',
  '08e1c013-eb00-9a43-6d29-169d72d42628',
  'V8',
  2011,
  2014,
  false,
  '{"UK"}'::text[],
  null,
  null,
  null,
  'Limited edition variant featuring a custom 3.0L V8 engine built from two modified Suzuki Hayabusa engines, offering extreme performance.'
)

insert into public.vehicle_insights (
  model_id,
  pros,
  cons,
  inspection_tips,
  notable_features,
  engine_examples,
  common_issues_by_engine,
  reliability_score,
  popularity_score
)
values (
  '08e1c013-eb00-9a43-6d29-169d72d42628',
  '["Уникальная эксклюзивность (тираж 25 шт.)","Невероятное соотношение мощности к весу","Звук, сравнимый с болидами F1"]'::jsonb,
  '["Сверхвысокая стоимость и редкость","Обслуживание только у узкоспециализированных дилеров","Низкая практичность даже по стандартам Atom"]'::jsonb,
  '["Проверка оригинальности и состояния двигателя V8 (самый критичный узел)","Оценка пробега на треке и общего состояния шасси","Проверка работоспособности сложной электроники"]'::jsonb,
  '["Purpose-built V8 engine","Sequential gearbox","Carbon fiber components"]'::jsonb,
  '["Ariel/RS Developments V8 3.0L"]'::jsonb,
  '[{"engine_code":"Ariel V8 3.0L","common_issues_ru":["Крайняя требовательность к обслуживанию двигателя","Проблемы с системой смазки при высоких оборотах","Высокий износ сцепления и тормозов","Сложность поиска оригинальных запчастей"]}]'::jsonb,
  null,
  null
)

insert into public.vehicle_makes (id, slug, name_en, country, segment_class, is_active, category_path)
values (
  '5b494f07-e14a-bb29-4571-26b8389bf97f',
  'aston-martin',
  'Aston Martin',
  'United Kingdom',
  'Luxury Sports Car/GT',
  true,
  '/sports-cars/luxury-gt'
)

insert into public.vehicle_models (
  id,
  make_id,
  slug,
  name_en,
  first_model_year,
  last_model_year,
  years_available,
  body_types_available,
  fuel_types_available,
  transmission_available,
  reliability_score,
  popularity_score
)
values (
  'aad69794-a0bd-9316-85c9-136fbd3f28f3',
  '5b494f07-e14a-bb29-4571-26b8389bf97f',
  'db9',
  'DB9',
  2004,
  2016,
  '{"2004","2005","2006","2007","2008","2009","2010","2011","2012","2013","2014","2015","2016"}'::int[],
  '["Coupe","Volante (Convertible)"]'::jsonb,
  '["Gasoline"]'::jsonb,
  '["Automatic","Manual"]'::jsonb,
  6.5,
  7.5
)

insert into public.vehicle_generations (
  id,
  model_id,
  code,
  start_year,
  end_year,
  facelift,
  production_countries,
  body_types,
  fuel_types,
  transmission_types,
  summary
)
values (
  'b0167131-0c0d-02bf-35b1-ce7701452261',
  'aad69794-a0bd-9316-85c9-136fbd3f28f3',
  'AM1',
  2004,
  2012,
  false,
  '{"United Kingdom"}'::text[],
  null,
  null,
  null,
  'Original release using the VH platform, featuring the potent 5.9L V12 engine.'
)

insert into public.vehicle_generations (
  id,
  model_id,
  code,
  start_year,
  end_year,
  facelift,
  production_countries,
  body_types,
  fuel_types,
  transmission_types,
  summary
)
values (
  '96d1d1b2-47be-4511-48ad-b3f222c659da',
  'aad69794-a0bd-9316-85c9-136fbd3f28f3',
  'AM1_FL',
  2013,
  2016,
  true,
  '{"United Kingdom"}'::text[],
  null,
  null,
  null,
  'Significant styling and structural revisions, including the updated 510 hp engine (DB9 GT).'
)

insert into public.vehicle_insights (
  model_id,
  pros,
  cons,
  inspection_tips,
  notable_features,
  engine_examples,
  common_issues_by_engine,
  reliability_score,
  popularity_score
)
values (
  'aad69794-a0bd-9316-85c9-136fbd3f28f3',
  '["Потрясающий вневременной дизайн","Мощный звук двигателя V12","Высококачественный кожаный салон","Отличный комфорт для GT"]'::jsonb,
  '["Очень высокие эксплуатационные расходы","Устаревшая информационно-развлекательная система (до рестайлинга)","Известные проблемы с электрическими компонентами","Относительно медленная автоматизированная механическая трансмиссия (Sportshift)"]'::jsonb,
  '["Проверить на наличие ржавчины на порогах и внутренних колесных арках.","Осмотреть систему охлаждения на предмет утечек (водяной насос/шланги).","Убедиться в надлежащем функционировании всех электрических компонентов и приборов.","Проверить состояние втулок передней подвески."]'::jsonb,
  '["VH Architecture","Brembo Brakes","V12 Engine"]'::jsonb,
  '["5.9L V12 (450 hp - 510 hp)"]'::jsonb,
  '[{"engine_code":"AM11 (V12 5.9L)","common_issues_ru":["Проблемы с датчиками положения дроссельной заслонки","Сбои в работе системы охлаждения (утечки)","Износ катушек зажигания и свечей","Дорогостоящее обслуживание сцепления (на механике)"]}]'::jsonb,
  null,
  null
)

insert into public.vehicle_models (
  id,
  make_id,
  slug,
  name_en,
  first_model_year,
  last_model_year,
  years_available,
  body_types_available,
  fuel_types_available,
  transmission_available,
  reliability_score,
  popularity_score
)
values (
  'e6087a4c-b55f-f662-265a-3516eaefad30',
  '5b494f07-e14a-bb29-4571-26b8389bf97f',
  'v8-vantage',
  'V8 Vantage',
  2005,
  2018,
  '{"2005","2006","2007","2008","2009","2010","2011","2012","2013","2014","2015","2016","2017","2018"}'::int[],
  '["Coupe","Roadster"]'::jsonb,
  '["Gasoline"]'::jsonb,
  '["Manual","Sportshift (Automated Manual)"]'::jsonb,
  7,
  8.5
)

insert into public.vehicle_generations (
  id,
  model_id,
  code,
  start_year,
  end_year,
  facelift,
  production_countries,
  body_types,
  fuel_types,
  transmission_types,
  summary
)
values (
  'ce5eb17a-e05b-047b-5d22-3f7968413b5c',
  'e6087a4c-b55f-f662-265a-3516eaefad30',
  'AMV8',
  2005,
  2008,
  false,
  '{"United Kingdom"}'::text[],
  null,
  null,
  null,
  'Launch model with the 4.3L V8 engine (380 hp).'
)

insert into public.vehicle_generations (
  id,
  model_id,
  code,
  start_year,
  end_year,
  facelift,
  production_countries,
  body_types,
  fuel_types,
  transmission_types,
  summary
)
values (
  'ec0109b5-66aa-bdac-82f1-fd0b71b81c28',
  'e6087a4c-b55f-f662-265a-3516eaefad30',
  'AMV8_4.7',
  2009,
  2018,
  true,
  '{"United Kingdom"}'::text[],
  null,
  null,
  null,
  'Engine displacement increased to 4.7L (420 hp+), improving performance significantly. Sportshift II introduced later.'
)

insert into public.vehicle_insights (
  model_id,
  pros,
  cons,
  inspection_tips,
  notable_features,
  engine_examples,
  common_issues_by_engine,
  reliability_score,
  popularity_score
)
values (
  'e6087a4c-b55f-f662-265a-3516eaefad30',
  '["Фантастическая управляемость и маневренность","Доступный вариант механической коробки передач","Надежный двигатель V8 по стандартам спорткаров","Более доступная точка входа в бренд"]'::jsonb,
  '["Трансмиссия Sportshift дергается на низких скоростях","Маленькое багажное отделение","Высокая стоимость запчастей, хотя и меньше, чем у моделей V12"]'::jsonb,
  '["Проверить износ сцепления, особенно на моделях Sportshift.","Прислушаться к необычным шумам от передней крышки цепи ГРМ (потенциальные проблемы на ранних 4.3L).","Осмотреть качество лакокрасочного покрытия (известны небольшие несоответствия зазоров между панелями)."]'::jsonb,
  '["Lightweight structure","Near-perfect 50/50 weight distribution"]'::jsonb,
  '["4.3L V8","4.7L V8"]'::jsonb,
  '[{"engine_code":"AJ37 (V8 4.3L/4.7L)","common_issues_ru":["Повышенный износ сцепления (на Sportshift)","Необходимость замены свечей зажигания каждые 50 тыс. км","Проблемы с датчиками давления в шинах","Возможные утечки масла из-под клапанных крышек"]}]'::jsonb,
  null,
  null
)

insert into public.vehicle_models (
  id,
  make_id,
  slug,
  name_en,
  first_model_year,
  last_model_year,
  years_available,
  body_types_available,
  fuel_types_available,
  transmission_available,
  reliability_score,
  popularity_score
)
values (
  'cefeb8b3-64a0-514a-7a47-c3e155c6fff8',
  '5b494f07-e14a-bb29-4571-26b8389bf97f',
  'db11',
  'DB11',
  2016,
  2023,
  '{"2016","2017","2018","2019","2020","2021","2022","2023"}'::int[],
  '["Coupe","Volante (Convertible)"]'::jsonb,
  '["Gasoline"]'::jsonb,
  '["Automatic"]'::jsonb,
  7.5,
  8
)

insert into public.vehicle_generations (
  id,
  model_id,
  code,
  start_year,
  end_year,
  facelift,
  production_countries,
  body_types,
  fuel_types,
  transmission_types,
  summary
)
values (
  'e420c8d6-14c7-9783-460d-bdcee6c037f8',
  'cefeb8b3-64a0-514a-7a47-c3e155c6fff8',
  'AM6',
  2016,
  2023,
  false,
  '{"United Kingdom"}'::text[],
  null,
  null,
  null,
  'First model launched under Aston Martin''s ''Second Century'' plan, introducing the new bonded aluminum platform and twin-turbo V12 engine.'
)

insert into public.vehicle_insights (
  model_id,
  pros,
  cons,
  inspection_tips,
  notable_features,
  engine_examples,
  common_issues_by_engine,
  reliability_score,
  popularity_score
)
values (
  'cefeb8b3-64a0-514a-7a47-c3e155c6fff8',
  '["Исключительная мощность (опции V12 и V8)","Современная информационно-развлекательная система на базе Mercedes-Benz","Превосходная способность к дальним круизам","Усовершенствованные аэродинамические особенности (AeroBlade)"]'::jsonb,
  '["Высокая амортизация на ранних этапах","Тесное пространство для задних пассажиров","Сложная электроника требует обслуживания у дилера"]'::jsonb,
  '["Проверить работу всех активных аэродинамических систем (спойлер/вентиляционные отверстия AeroBlade).","Убедиться в плавном переключении 8-ступенчатой трансмиссии ZF.","Проверить, соответствует ли история обслуживания графикам дилера Aston Martin."]'::jsonb,
  '["New Bonded Aluminum Platform","ZF 8-speed Automatic Transmission","Mercedes-Benz sourced MBUX components"]'::jsonb,
  '["5.2L Twin-Turbo V12","4.0L Twin-Turbo V8 (Mercedes-AMG source)"]'::jsonb,
  '[{"engine_code":"AE31 (V12 5.2T)","common_issues_ru":["Проблемы с программным обеспечением турбонаддува (ранние версии)","Сложности с обслуживанием системы прямого впрыска","Возможные неисправности электронных блоков управления"]},{"engine_code":"M177 (V8 4.0T)","common_issues_ru":["Редкие, но возможные проблемы с утечкой масла в турбинах (общая проблема AMG)","Чувствительность к качеству топлива"]}]'::jsonb,
  null,
  null
)

insert into public.vehicle_makes (id, slug, name_en, country, segment_class, is_active, category_path)
values (
  'b5a343da-2fc6-32f4-7f83-63bac8bebd76',
  'audi',
  'Audi',
  'Germany',
  'Premium',
  true,
  'Premium/Luxury Cars'
)

insert into public.vehicle_models (
  id,
  make_id,
  slug,
  name_en,
  first_model_year,
  last_model_year,
  years_available,
  body_types_available,
  fuel_types_available,
  transmission_available,
  reliability_score,
  popularity_score
)
values (
  'bcc1c9e9-6bdc-a6f0-809a-08ecb5aac77e',
  'b5a343da-2fc6-32f4-7f83-63bac8bebd76',
  'a4-b9',
  'A4',
  2015,
  2024,
  '{"2015","2016","2017","2018","2019","2020","2021","2022","2023","2024"}'::int[],
  '["Sedan","Avant (Wagon)","Allroad"]'::jsonb,
  '["Gasoline","Diesel","Hybrid"]'::jsonb,
  '["Manual","Automatic (S tronic)","Automatic (Tiptronic)"]'::jsonb,
  8,
  9
)

insert into public.vehicle_generations (
  id,
  model_id,
  code,
  start_year,
  end_year,
  facelift,
  production_countries,
  body_types,
  fuel_types,
  transmission_types,
  summary
)
values (
  '29eeaa46-263d-95dd-f06a-7fbeac1ca66f',
  'bcc1c9e9-6bdc-a6f0-809a-08ecb5aac77e',
  'B9 (Typ 8W)',
  2015,
  2023,
  false,
  '{"Germany","China"}'::text[],
  null,
  null,
  null,
  'Fifth generation of the A4, based on the MLB Evo platform, known for its extensive technology and improved efficiency.'
)

insert into public.vehicle_insights (
  model_id,
  pros,
  cons,
  inspection_tips,
  notable_features,
  engine_examples,
  common_issues_by_engine,
  reliability_score,
  popularity_score
)
values (
  'bcc1c9e9-6bdc-a6f0-809a-08ecb5aac77e',
  '["Высокое качество отделки салона","Отличная шумоизоляция","Экономичность дизельных и бензиновых моторов"]'::jsonb,
  '["Дорогое обслуживание у официального дилера","Склонность к отказам электроники (MMI)","Проблемы с мехатроником S Tronic на ранних моделях"]'::jsonb,
  '["Проверить состояние DSG (S Tronic) при переключении передач","Оценить работу всех электронных систем (MMI, Virtual Cockpit)","Проверить подвеску на предмет износа сайлентблоков"]'::jsonb,
  '["Virtual Cockpit","Matrix LED headlights","Quattro Ultra AWD system"]'::jsonb,
  '["2.0 TFSI","3.0 TDI"]'::jsonb,
  '[{"engine_code":"EA888 Gen 3 (2.0 TFSI)","common_issues_ru":["Проблемы с помпой охлаждения","Накопление нагара на впускных клапанах","Сбои в работе термостата"]}]'::jsonb,
  null,
  null
)

insert into public.vehicle_models (
  id,
  make_id,
  slug,
  name_en,
  first_model_year,
  last_model_year,
  years_available,
  body_types_available,
  fuel_types_available,
  transmission_available,
  reliability_score,
  popularity_score
)
values (
  'e47e51e7-0a80-71a3-69f9-b0c1724d7c17',
  'b5a343da-2fc6-32f4-7f83-63bac8bebd76',
  'a6-c7',
  'A6',
  2011,
  2018,
  '{"2011","2012","2013","2014","2015","2016","2017","2018"}'::int[],
  '["Sedan","Avant (Wagon)"]'::jsonb,
  '["Gasoline","Diesel"]'::jsonb,
  '["Automatic (S tronic)","Automatic (Tiptronic)","Multitronic (CVT)"]'::jsonb,
  7.5,
  8.5
)

insert into public.vehicle_generations (
  id,
  model_id,
  code,
  start_year,
  end_year,
  facelift,
  production_countries,
  body_types,
  fuel_types,
  transmission_types,
  summary
)
values (
  '1217fed4-3b8e-935b-5000-07a49574536a',
  'e47e51e7-0a80-71a3-69f9-b0c1724d7c17',
  'C7 (Typ 4G)',
  2011,
  2018,
  true,
  '{"Germany"}'::text[],
  null,
  null,
  null,
  'The fourth modern generation A6, featuring extensive use of aluminum and MMI Touch interface.'
)

insert into public.vehicle_insights (
  model_id,
  pros,
  cons,
  inspection_tips,
  notable_features,
  engine_examples,
  common_issues_by_engine,
  reliability_score,
  popularity_score
)
values (
  'e47e51e7-0a80-71a3-69f9-b0c1724d7c17',
  '["Отличная динамика с 3.0-литровыми моторами","Превосходный уровень комфорта и тишины","Качественный и долговечный салон"]'::jsonb,
  '["Проблемы с вариатором Multitronic (до 2015 г.)","Дорогая пневмоподвеска (на версиях с ней)","Высокая стоимость ремонта топливной системы дизелей"]'::jsonb,
  '["Проверить состояние Multitronic на предмет рывков и пробуксовок","Осмотреть пневмоподвеску на утечки (если установлена)","Диагностировать работу двигателя 3.0 TDI на предмет шумов цепей ГРМ"]'::jsonb,
  '["Optional air suspension","Head-Up Display","High-end Bang & Olufsen sound system"]'::jsonb,
  '["3.0 TFSI V6","3.0 TDI V6"]'::jsonb,
  '[{"engine_code":"3.0 TDI (CGQB)","common_issues_ru":["Износ и растяжение цепей ГРМ (дорогостоящий ремонт)","Проблемы с вихревыми заслонками во впускном коллекторе","Неисправности системы EGR"]},{"engine_code":"3.0 TFSI (CGW)","common_issues_ru":["Течь помпы охлаждения","Выход из строя компрессора наддува (редко)"]}]'::jsonb,
  null,
  null
)

insert into public.vehicle_models (
  id,
  make_id,
  slug,
  name_en,
  first_model_year,
  last_model_year,
  years_available,
  body_types_available,
  fuel_types_available,
  transmission_available,
  reliability_score,
  popularity_score
)
values (
  '14a1c4ad-05a1-9a0d-5177-ef9f852b91b8',
  'b5a343da-2fc6-32f4-7f83-63bac8bebd76',
  'q5-gen1',
  'Q5',
  2008,
  2017,
  '{"2008","2009","2010","2011","2012","2013","2014","2015","2016","2017"}'::int[],
  '["SUV"]'::jsonb,
  '["Gasoline","Diesel"]'::jsonb,
  '["Automatic (S tronic)","Automatic (Tiptronic)"]'::jsonb,
  7.8,
  9.2
)

insert into public.vehicle_generations (
  id,
  model_id,
  code,
  start_year,
  end_year,
  facelift,
  production_countries,
  body_types,
  fuel_types,
  transmission_types,
  summary
)
values (
  '4c12546a-657c-371f-7b6b-67fd84f61e58',
  '14a1c4ad-05a1-9a0d-5177-ef9f852b91b8',
  'Typ 8R',
  2008,
  2017,
  true,
  '{"Germany","China"}'::text[],
  null,
  null,
  null,
  'First generation compact luxury crossover SUV, sharing the MLB platform with the A4.'
)

insert into public.vehicle_insights (
  model_id,
  pros,
  cons,
  inspection_tips,
  notable_features,
  engine_examples,
  common_issues_by_engine,
  reliability_score,
  popularity_score
)
values (
  '14a1c4ad-05a1-9a0d-5177-ef9f852b91b8',
  '["Надежный полный привод Quattro","Качественный салон и материалы отделки","Хорошая управляемость для SUV"]'::jsonb,
  '["Проблемы с мехатроником S Tronic (до 2012 г.)","Высокая стоимость ремонта двигателя 2.0 TFSI из-за масложора","Жесткая подвеска с большими дисками"]'::jsonb,
  '["Обязательно проверить расход масла на 2.0 TFSI","Осмотреть состояние коробки S Tronic на предмет рывков","Проверить люфт в рулевом управлении"]'::jsonb,
  '["Standard Quattro AWD","Panoramic sunroof option","Good blend of luxury and utility"]'::jsonb,
  '["2.0 TFSI","3.0 TDI"]'::jsonb,
  '[{"engine_code":"EA888 Gen 2 (2.0 TFSI)","common_issues_ru":["Чрезмерный расход масла из-за дефектных поршневых колец (до 2013 г.)","Проблемы с растяжением цепи ГРМ","Отказы клапана регулировки давления масла"]}]'::jsonb,
  null,
  null
)

insert into public.vehicle_makes (id, slug, name_en, country, segment_class, is_active, category_path)
values (
  '6f506470-59ce-f71c-e255-718ea7455e82',
  'austin',
  'Austin',
  'UK',
  'B/C',
  false,
  'Historic/CompactCars/UK'
)

insert into public.vehicle_models (
  id,
  make_id,
  slug,
  name_en,
  first_model_year,
  last_model_year,
  years_available,
  body_types_available,
  fuel_types_available,
  transmission_available,
  reliability_score,
  popularity_score
)
values (
  'e922f8e1-6084-719d-ea7d-9875ac596ed7',
  '6f506470-59ce-f71c-e255-718ea7455e82',
  'mini',
  'Mini',
  1959,
  1981,
  '{"1959","1965","1970","1975","1981"}'::int[],
  '["Hatchback","Estate","Van"]'::jsonb,
  '["Gasoline"]'::jsonb,
  '["Manual","Automatic"]'::jsonb,
  6.5,
  9
)

insert into public.vehicle_generations (
  id,
  model_id,
  code,
  start_year,
  end_year,
  facelift,
  production_countries,
  body_types,
  fuel_types,
  transmission_types,
  summary
)
values (
  '30bc299d-972f-06b6-6e2c-121fd86767f7',
  'e922f8e1-6084-719d-ea7d-9875ac596ed7',
  'Mk I',
  1959,
  1967,
  false,
  '{"UK"}'::text[],
  null,
  null,
  null,
  'Original Mini design, known for external door hinges and smaller rear window.'
)

insert into public.vehicle_generations (
  id,
  model_id,
  code,
  start_year,
  end_year,
  facelift,
  production_countries,
  body_types,
  fuel_types,
  transmission_types,
  summary
)
values (
  'a538d255-36fa-f8ea-e6f0-5d4f0318e322',
  'e922f8e1-6084-719d-ea7d-9875ac596ed7',
  'Mk II',
  1967,
  1969,
  true,
  '{"UK"}'::text[],
  null,
  null,
  null,
  'Updated grille and larger rear window, but still retained Austin badging during the late 60s era.'
)

insert into public.vehicle_insights (
  model_id,
  pros,
  cons,
  inspection_tips,
  notable_features,
  engine_examples,
  common_issues_by_engine,
  reliability_score,
  popularity_score
)
values (
  'e922f8e1-6084-719d-ea7d-9875ac596ed7',
  '["Iconic design","Exceptional handling characteristics","Simple mechanics"]'::jsonb,
  '["Severe rust issues","Cramped interior","Basic safety features","Noisy ride"]'::jsonb,
  '["Check sills, floor pans, and A-panels for structural rust","Inspect rubber suspension cones for wear","Check gearbox for synchro wear (especially 2nd gear)"]'::jsonb,
  '["Transverse engine layout","Front-wheel drive","Hydrolastic suspension (early models)"]'::jsonb,
  '["A-series 850cc","A-series 1000cc","A-series 1275cc Cooper S"]'::jsonb,
  '[{"engine_code":"998 A-Series","common_issues_ru":["Проблемы с ГРМ (цепь)","Утечки масла через прокладки","Перегрев в тяжелых условиях"]}]'::jsonb,
  null,
  null
)

insert into public.vehicle_models (
  id,
  make_id,
  slug,
  name_en,
  first_model_year,
  last_model_year,
  years_available,
  body_types_available,
  fuel_types_available,
  transmission_available,
  reliability_score,
  popularity_score
)
values (
  '59d1b74d-b6cc-3087-3ca8-bb4056b63d5a',
  '6f506470-59ce-f71c-e255-718ea7455e82',
  'metro',
  'Metro',
  1980,
  1990,
  '{"1980","1984","1987","1990"}'::int[],
  '["Hatchback"]'::jsonb,
  '["Gasoline"]'::jsonb,
  '["Manual","Automatic"]'::jsonb,
  6,
  7
)

insert into public.vehicle_generations (
  id,
  model_id,
  code,
  start_year,
  end_year,
  facelift,
  production_countries,
  body_types,
  fuel_types,
  transmission_types,
  summary
)
values (
  'ec8565f2-34a6-5bdf-9067-9f5a1029f458',
  '59d1b74d-b6cc-3087-3ca8-bb4056b63d5a',
  'Mk 1',
  1980,
  1984,
  false,
  '{"UK"}'::text[],
  null,
  null,
  null,
  'Launched as Austin Mini Metro, intended to replace the Mini, featuring A-Plus engines.'
)

insert into public.vehicle_generations (
  id,
  model_id,
  code,
  start_year,
  end_year,
  facelift,
  production_countries,
  body_types,
  fuel_types,
  transmission_types,
  summary
)
values (
  'dc4c7c4a-e191-c2f3-16f2-6f2a9c033d74',
  '59d1b74d-b6cc-3087-3ca8-bb4056b63d5a',
  'Mk 2',
  1984,
  1990,
  true,
  '{"UK"}'::text[],
  null,
  null,
  null,
  'Renamed Austin Metro, minor restyling and improvements to trim and details.'
)

insert into public.vehicle_insights (
  model_id,
  pros,
  cons,
  inspection_tips,
  notable_features,
  engine_examples,
  common_issues_by_engine,
  reliability_score,
  popularity_score
)
values (
  '59d1b74d-b6cc-3087-3ca8-bb4056b63d5a',
  '["Good fuel efficiency","Cheap parts and maintenance","Spacious for a supermini"]'::jsonb,
  '["Prone to rust (especially rear arches)","Poor build quality and cheap plastics","Troublesome Hydrogas suspension maintenance"]'::jsonb,
  '["Check rear arches and tailgate for severe corrosion","Inspect the complex Hydrogas suspension system for leaks and level","Listen for engine timing chain noise"]'::jsonb,
  '["Hydrogas suspension system","Fold-down rear seat (early for its class)","Economical A-Plus engines"]'::jsonb,
  '["1.0L A-series","1.3L A-series"]'::jsonb,
  '[{"engine_code":"1275 A+","common_issues_ru":["Износ распредвала","Проблемы с водяным насосом","Быстрый износ сцепления"]}]'::jsonb,
  null,
  null
)

insert into public.vehicle_models (
  id,
  make_id,
  slug,
  name_en,
  first_model_year,
  last_model_year,
  years_available,
  body_types_available,
  fuel_types_available,
  transmission_available,
  reliability_score,
  popularity_score
)
values (
  'e2804263-33ae-ae30-62d6-5d2dca61cf87',
  '6f506470-59ce-f71c-e255-718ea7455e82',
  'allegro',
  'Allegro',
  1973,
  1982,
  '{"1973","1976","1979","1982"}'::int[],
  '["Sedan","Wagon"]'::jsonb,
  '["Gasoline"]'::jsonb,
  '["Manual","Automatic"]'::jsonb,
  5,
  4
)

insert into public.vehicle_generations (
  id,
  model_id,
  code,
  start_year,
  end_year,
  facelift,
  production_countries,
  body_types,
  fuel_types,
  transmission_types,
  summary
)
values (
  '8cbc7906-2b97-6121-4def-6ff06aabfc53',
  'e2804263-33ae-ae30-62d6-5d2dca61cf87',
  'Series 1',
  1973,
  1975,
  false,
  '{"UK"}'::text[],
  null,
  null,
  null,
  'Initial release, known for controversial styling and square steering wheel.'
)

insert into public.vehicle_generations (
  id,
  model_id,
  code,
  start_year,
  end_year,
  facelift,
  production_countries,
  body_types,
  fuel_types,
  transmission_types,
  summary
)
values (
  'e17d9aef-d7e4-0bff-3cea-1bfd8a7e46a5',
  'e2804263-33ae-ae30-62d6-5d2dca61cf87',
  'Series 3',
  1979,
  1982,
  true,
  '{"UK"}'::text[],
  null,
  null,
  null,
  'Final version with revised interior, conventional steering wheel, and improved features.'
)

insert into public.vehicle_insights (
  model_id,
  pros,
  cons,
  inspection_tips,
  notable_features,
  engine_examples,
  common_issues_by_engine,
  reliability_score,
  popularity_score
)
values (
  'e2804263-33ae-ae30-62d6-5d2dca61cf87',
  '["Comfortable ride quality (when suspension is functional)","Spacious cabin for the era"]'::jsonb,
  '["Very poor reliability record","Severe rust problems","Complicated and leaky Hydragas suspension","Low resale value (historically)"]'::jsonb,
  '["Thoroughly inspect all structural areas for corrosion","Check the Hydragas system for correct pressure and leaks","Verify electrical functionality, especially gauges and lighting"]'::jsonb,
  '["Hydrogas interconnected suspension","Available as a hatchback variant (Series 3)"]'::jsonb,
  '["A-series 1.3L","E-series 1.5L","E-series 1.7L"]'::jsonb,
  '[{"engine_code":"E-Series 1750","common_issues_ru":["Проблемы с прокладкой головки блока цилиндров","Выход из строя масляного насоса","Шумность работы двигателя"]}]'::jsonb,
  null,
  null
)

insert into public.vehicle_makes (id, slug, name_en, country, segment_class, is_active, category_path)
values (
  '281dd4ff-3f8e-a3d0-f254-d6d75840aba1',
  'auto-union',
  'Auto Union',
  'Germany',
  'A (Historic Compact)',
  false,
  'Historic Vehicles/European'
)

insert into public.vehicle_models (
  id,
  make_id,
  slug,
  name_en,
  first_model_year,
  last_model_year,
  years_available,
  body_types_available,
  fuel_types_available,
  transmission_available,
  reliability_score,
  popularity_score
)
values (
  '0cced48d-b9e3-5a64-620f-c88d21bc6f6f',
  '281dd4ff-3f8e-a3d0-f254-d6d75840aba1',
  '1000',
  'Auto Union 1000',
  1958,
  1963,
  '{"1958","1959","1960","1961","1962","1963"}'::int[],
  '["Sedan","Wagon","Coupe"]'::jsonb,
  '["Petrol"]'::jsonb,
  '["Manual"]'::jsonb,
  6,
  7
)

insert into public.vehicle_generations (
  id,
  model_id,
  code,
  start_year,
  end_year,
  facelift,
  production_countries,
  body_types,
  fuel_types,
  transmission_types,
  summary
)
values (
  'dc43a478-ddf8-f735-971e-8ae17898aeaf',
  '0cced48d-b9e3-5a64-620f-c88d21bc6f6f',
  'F1000',
  1958,
  1963,
  false,
  '{"West Germany"}'::text[],
  null,
  null,
  null,
  'The Auto Union 1000 was a continuation and development of the DKW three-cylinder line, marking the use of the Auto Union badge prominently.'
)

insert into public.vehicle_insights (
  model_id,
  pros,
  cons,
  inspection_tips,
  notable_features,
  engine_examples,
  common_issues_by_engine,
  reliability_score,
  popularity_score
)
values (
  '0cced48d-b9e3-5a64-620f-c88d21bc6f6f',
  '["Unique two-stroke engine sound","Front-wheel drive (advanced for its time)","Simple, robust construction"]'::jsonb,
  '["High oil consumption due to two-stroke design","Foul smelling exhaust","Low power output"]'::jsonb,
  '["Check for rust in the frame and body seams","Verify proper operation of the free wheel mechanism","Inspect two-stroke oil mixing system"]'::jsonb,
  '["Standard front-wheel drive","Three-cylinder two-stroke engine","Optional Saxomat automatic clutch"]'::jsonb,
  '["981cc two-stroke I3"]'::jsonb,
  '[{"engine_code":"981cc two-stroke I3","common_issues_ru":["Частое загрязнение свечей зажигания","Износ коренных подшипников коленчатого вала","Проблемы с настройкой карбюратора"]}]'::jsonb,
  null,
  null
)

insert into public.vehicle_models (
  id,
  make_id,
  slug,
  name_en,
  first_model_year,
  last_model_year,
  years_available,
  body_types_available,
  fuel_types_available,
  transmission_available,
  reliability_score,
  popularity_score
)
values (
  '0829a6c5-7db1-600b-c039-2583d10a810e',
  '281dd4ff-3f8e-a3d0-f254-d6d75840aba1',
  '1000-sp',
  'Auto Union 1000 SP',
  1958,
  1965,
  '{"1958","1959","1960","1961","1962","1963","1964","1965"}'::int[],
  '["Coupe","Roadster"]'::jsonb,
  '["Petrol"]'::jsonb,
  '["Manual"]'::jsonb,
  6,
  7.5
)

insert into public.vehicle_generations (
  id,
  model_id,
  code,
  start_year,
  end_year,
  facelift,
  production_countries,
  body_types,
  fuel_types,
  transmission_types,
  summary
)
values (
  'a1519b0e-bb78-bae5-99e1-c728757a4152',
  '0829a6c5-7db1-600b-c039-2583d10a810e',
  'F1000 SP',
  1958,
  1965,
  false,
  '{"West Germany"}'::text[],
  null,
  null,
  null,
  'The 1000 SP (Spezial) was a sporty, low volume version featuring unique styling inspired by American Thunderbird models.'
)

insert into public.vehicle_insights (
  model_id,
  pros,
  cons,
  inspection_tips,
  notable_features,
  engine_examples,
  common_issues_by_engine,
  reliability_score,
  popularity_score
)
values (
  '0829a6c5-7db1-600b-c039-2583d10a810e',
  '["Distinctive ''Baby Thunderbird'' styling","Rarity and collector value","Enjoyable classic driving experience"]'::jsonb,
  '["Parts sourcing difficult","Performance remains limited by the two-stroke engine","Rust prone body panels"]'::jsonb,
  '["Examine chrome quality and body alignment (expensive repairs)","Check operation of convertible top mechanism (if Roadster)","Ensure correct oil mixture ratios were maintained"]'::jsonb,
  '["Fiberglass body panels (in some areas)","Distinctive ''Baby Thunderbird'' styling","High compression engine tune"]'::jsonb,
  '["981cc two-stroke I3 (Higher tuned)"]'::jsonb,
  '[{"engine_code":"981cc two-stroke I3 (tuned)","common_issues_ru":["Выход из строя уплотнений, приводящий к дисбалансу смеси","Коррозия выхлопной системы","Нестабильность момента зажигания"]}]'::jsonb,
  null,
  null
)

insert into public.vehicle_models (
  id,
  make_id,
  slug,
  name_en,
  first_model_year,
  last_model_year,
  years_available,
  body_types_available,
  fuel_types_available,
  transmission_available,
  reliability_score,
  popularity_score
)
values (
  'd3e566aa-f61f-e5ea-f438-aff800bf15af',
  '281dd4ff-3f8e-a3d0-f254-d6d75840aba1',
  'f91-sonderklasse',
  'DKW F91 Sonderklasse',
  1953,
  1955,
  '{"1953","1954","1955"}'::int[],
  '["Sedan","Wagon","Convertible"]'::jsonb,
  '["Petrol"]'::jsonb,
  '["Manual"]'::jsonb,
  6.5,
  6.5
)

insert into public.vehicle_generations (
  id,
  model_id,
  code,
  start_year,
  end_year,
  facelift,
  production_countries,
  body_types,
  fuel_types,
  transmission_types,
  summary
)
values (
  'bdba3943-41c8-a6f7-48be-54715c88b169',
  'd3e566aa-f61f-e5ea-f438-aff800bf15af',
  'F91',
  1953,
  1955,
  false,
  '{"West Germany"}'::text[],
  null,
  null,
  null,
  'One of the first post-war DKW cars produced by Auto Union GmbH, utilizing a modernized body and the standard three-cylinder two-stroke engine.'
)

insert into public.vehicle_insights (
  model_id,
  pros,
  cons,
  inspection_tips,
  notable_features,
  engine_examples,
  common_issues_by_engine,
  reliability_score,
  popularity_score
)
values (
  'd3e566aa-f61f-e5ea-f438-aff800bf15af',
  '["Resilient suspension","Iconic design foundational to post-war German recovery cars","Easy access to mechanical components"]'::jsonb,
  '["Weak braking performance","Low top speed","Requires special two-stroke attention"]'::jsonb,
  '["Inspect rubber suspension components for cracking","Check condition of the column shifter linkage","Listen for excessive noise from the starter and flywheel"]'::jsonb,
  '["Pioneering three-cylinder layout","Standard 12V electrical system (early post-war)","Interior space optimized for its size"]'::jsonb,
  '["896cc two-stroke I3"]'::jsonb,
  '[{"engine_code":"896cc two-stroke I3","common_issues_ru":["Проблемы с перегревом при летней эксплуатации","Преждевременный износ поршневых колец","Выход из строя диафрагмы топливного насоса"]}]'::jsonb,
  null,
  null
)

insert into public.vehicle_makes (id, slug, name_en, country, segment_class, is_active, category_path)
values (
  'b7211f29-aa38-c185-84ab-14892c286738',
  'autobianchi',
  'Autobianchi',
  'Italy',
  'A',
  false,
  'Passenger Cars/City Cars'
)

insert into public.vehicle_models (
  id,
  make_id,
  slug,
  name_en,
  first_model_year,
  last_model_year,
  years_available,
  body_types_available,
  fuel_types_available,
  transmission_available,
  reliability_score,
  popularity_score
)
values (
  'daa6b30c-3983-01ba-ffbd-5257dc30ce2a',
  'b7211f29-aa38-c185-84ab-14892c286738',
  'a112',
  'A112',
  1969,
  1986,
  '{"1969","1971","1973","1975","1977","1979","1981","1983","1985","1986"}'::int[],
  '["Hatchback"]'::jsonb,
  '["Gasoline"]'::jsonb,
  '["Manual"]'::jsonb,
  6.5,
  7
)

insert into public.vehicle_generations (
  id,
  model_id,
  code,
  start_year,
  end_year,
  facelift,
  production_countries,
  body_types,
  fuel_types,
  transmission_types,
  summary
)
values (
  'd1e11610-3a1e-8e39-87ba-935d0c6218dd',
  'daa6b30c-3983-01ba-ffbd-5257dc30ce2a',
  'Series I-III',
  1969,
  1975,
  false,
  '{"Italy"}'::text[],
  null,
  null,
  null,
  'Original shape, smaller engines (up to 903 cc).'
)

insert into public.vehicle_generations (
  id,
  model_id,
  code,
  start_year,
  end_year,
  facelift,
  production_countries,
  body_types,
  fuel_types,
  transmission_types,
  summary
)
values (
  '05105161-8c4c-1605-e29b-0eaaf9bf78bb',
  'daa6b30c-3983-01ba-ffbd-5257dc30ce2a',
  'Series IV-VIII',
  1975,
  1986,
  true,
  '{"Italy"}'::text[],
  null,
  null,
  null,
  'Introduction of larger engines (including 1050 cc Abarth) and significant cosmetic changes.'
)

insert into public.vehicle_insights (
  model_id,
  pros,
  cons,
  inspection_tips,
  notable_features,
  engine_examples,
  common_issues_by_engine,
  reliability_score,
  popularity_score
)
values (
  'daa6b30c-3983-01ba-ffbd-5257dc30ce2a',
  '["Stylish retro design","Fun and responsive handling","High availability of specialist parts (in Europe)"]'::jsonb,
  '["High rust potential","Primitive safety features","Poor noise isolation"]'::jsonb,
  '["Check sills and wheel arches for severe rust","Inspect gearbox synchronization (especially third gear)","Ensure oil pressure is stable on idle"]'::jsonb,
  '["Front-wheel drive","One of the earliest successful superminis"]'::jsonb,
  '["0.9L I4","1.05L I4 Abarth"]'::jsonb,
  '[{"engine_code":"903cc 100GL","common_issues_ru":["Проблемы с системой зажигания и стартером","Износ цепи ГРМ","Нестабильная работа карбюратора"]},{"engine_code":"1050cc Abarth","common_issues_ru":["Высокий расход масла при агрессивной езде","Проблемы с охлаждением в жаркую погоду"]}]'::jsonb,
  null,
  null
)

insert into public.vehicle_models (
  id,
  make_id,
  slug,
  name_en,
  first_model_year,
  last_model_year,
  years_available,
  body_types_available,
  fuel_types_available,
  transmission_available,
  reliability_score,
  popularity_score
)
values (
  '4c1d7d6a-189f-60e8-da0e-45580ffd5cb5',
  'b7211f29-aa38-c185-84ab-14892c286738',
  'bianchina',
  'Bianchina',
  1957,
  1970,
  '{"1957","1960","1963","1966","1970"}'::int[],
  '["Sedan","Wagon","Convertible","Van"]'::jsonb,
  '["Gasoline"]'::jsonb,
  '["Manual"]'::jsonb,
  7.5,
  6
)

insert into public.vehicle_generations (
  id,
  model_id,
  code,
  start_year,
  end_year,
  facelift,
  production_countries,
  body_types,
  fuel_types,
  transmission_types,
  summary
)
values (
  '74ed56b3-73f1-22a8-ed66-6bdd0d1fd36b',
  '4c1d7d6a-189f-60e8-da0e-45580ffd5cb5',
  'Main Production',
  1957,
  1970,
  false,
  '{"Italy"}'::text[],
  null,
  null,
  null,
  'Microcar based on Fiat 500 mechanicals, known for its various, often luxurious, body styles.'
)

insert into public.vehicle_insights (
  model_id,
  pros,
  cons,
  inspection_tips,
  notable_features,
  engine_examples,
  common_issues_by_engine,
  reliability_score,
  popularity_score
)
values (
  '4c1d7d6a-189f-60e8-da0e-45580ffd5cb5',
  '["Iconic classic look","Extremely fuel efficient","Easy to park"]'::jsonb,
  '["Very low power output","Requires specialized mechanics","Extremely prone to corrosion"]'::jsonb,
  '["Verify structural integrity of the roof and floor pans","Check for oil leaks around the engine fan shroud","Inspect the condition of the canvas roof (if convertible)"]'::jsonb,
  '["Air-cooled engine","Suicide doors (early models)"]'::jsonb,
  '["0.5L I2"]'::jsonb,
  '[{"engine_code":"110.000 (479cc/499cc)","common_issues_ru":["Сильная вибрация двухцилиндрового двигателя","Сложность в поиске оригинальных кузовных элементов","Ненадежная 6-вольтовая электрика в ранних версиях"]}]'::jsonb,
  null,
  null
)

insert into public.vehicle_models (
  id,
  make_id,
  slug,
  name_en,
  first_model_year,
  last_model_year,
  years_available,
  body_types_available,
  fuel_types_available,
  transmission_available,
  reliability_score,
  popularity_score
)
values (
  'eb1bfb2c-e5aa-daaf-4158-ca1cc888ad0d',
  'b7211f29-aa38-c185-84ab-14892c286738',
  'primula',
  'Primula',
  1964,
  1970,
  '{"1964","1966","1968","1970"}'::int[],
  '["Coupe","Sedan","Hatchback"]'::jsonb,
  '["Gasoline"]'::jsonb,
  '["Manual"]'::jsonb,
  6,
  5.5
)

insert into public.vehicle_generations (
  id,
  model_id,
  code,
  start_year,
  end_year,
  facelift,
  production_countries,
  body_types,
  fuel_types,
  transmission_types,
  summary
)
values (
  'd05dbfd3-88b1-aeab-ae2a-c86beb51c4e8',
  'eb1bfb2c-e5aa-daaf-4158-ca1cc888ad0d',
  'Type 103/105',
  1964,
  1970,
  false,
  '{"Italy"}'::text[],
  null,
  null,
  null,
  'A revolutionary model for the Fiat Group, introducing the front-wheel drive and transverse engine configuration.'
)

insert into public.vehicle_insights (
  model_id,
  pros,
  cons,
  inspection_tips,
  notable_features,
  engine_examples,
  common_issues_by_engine,
  reliability_score,
  popularity_score
)
values (
  'eb1bfb2c-e5aa-daaf-4158-ca1cc888ad0d',
  '["Spacious interior relative to size","Historical significance","Good visibility"]'::jsonb,
  '["Gearbox weakness","Age-related brake failure risks","Difficult to find specialized parts outside Italy"]'::jsonb,
  '["Examine front axle boots carefully for cracks","Check steering components for play due to early FWD technology","Look for rust in the trunk floor and rocker panels"]'::jsonb,
  '["First FWD car by the Fiat group (preceding the Fiat 128)"]'::jsonb,
  '["1.2L I4","1.4L I4"]'::jsonb,
  '[{"engine_code":"1.2L I4 (124 series)","common_issues_ru":["Проблемы с синхронизаторами коробки передач","Быстрый износ шарниров равных угловых скоростей (ШРУС)","Перегрев при долгих подъемах из-за особенностей системы охлаждения"]}]'::jsonb,
  null,
  null
)

insert into public.vehicle_makes (id, slug, name_en, country, segment_class, is_active, category_path)
values (
  '3530b355-36ca-065e-407e-6ab94356a96f',
  'bac',
  'BAC',
  'UK',
  'S',
  true,
  '/sports/exotic'
)

insert into public.vehicle_models (
  id,
  make_id,
  slug,
  name_en,
  first_model_year,
  last_model_year,
  years_available,
  body_types_available,
  fuel_types_available,
  transmission_available,
  reliability_score,
  popularity_score
)
values (
  '8c1a684a-bdbe-d498-7606-9b0265781f96',
  '3530b355-36ca-065e-407e-6ab94356a96f',
  'mono-gen1',
  'Mono (Mk1/Mk1 Updated)',
  2011,
  2020,
  '{"2011","2012","2013","2014","2015","2016","2017","2018","2019","2020"}'::int[],
  '["Roadster"]'::jsonb,
  '["Gasoline"]'::jsonb,
  '["Manual","Semi-automatic"]'::jsonb,
  7,
  5
)

insert into public.vehicle_generations (
  id,
  model_id,
  code,
  start_year,
  end_year,
  facelift,
  production_countries,
  body_types,
  fuel_types,
  transmission_types,
  summary
)
values (
  '72e574b6-b851-4589-1872-b27a6005aabf',
  '8c1a684a-bdbe-d498-7606-9b0265781f96',
  'Mono Mk1 (NA)',
  2011,
  2015,
  false,
  '{"UK"}'::text[],
  null,
  null,
  null,
  'The original lightweight, high-performance single-seater track car designed for road use, featuring a Cosworth 2.3L engine.'
)

insert into public.vehicle_generations (
  id,
  model_id,
  code,
  start_year,
  end_year,
  facelift,
  production_countries,
  body_types,
  fuel_types,
  transmission_types,
  summary
)
values (
  'a9ab9069-3aff-fb71-7f74-d32a0a22d1ae',
  '8c1a684a-bdbe-d498-7606-9b0265781f96',
  'Mono Update (NA)',
  2016,
  2020,
  true,
  '{"UK"}'::text[],
  null,
  null,
  null,
  'Updated version featuring a lighter chassis and a naturally aspirated 2.5 L Mountune engine, enhancing performance and handling.'
)

insert into public.vehicle_insights (
  model_id,
  pros,
  cons,
  inspection_tips,
  notable_features,
  engine_examples,
  common_issues_by_engine,
  reliability_score,
  popularity_score
)
values (
  '8c1a684a-bdbe-d498-7606-9b0265781f96',
  '["Extreme handling and precision","Incredibly lightweight structure","Raw, unfiltered driving experience","Exclusivity and craftsmanship"]'::jsonb,
  '["Single-seater configuration","Impractical for daily use or adverse weather","Extremely high ownership cost"]'::jsonb,
  '["Check carbon fiber body panels for stress cracks, especially near mounting points.","Inspect suspension components and rose joints closely for track usage wear.","Verify service history meticulously, ensuring specialist maintenance."]'::jsonb,
  '["Full carbon fiber chassis","F-3 specification safety structure","Sequential paddle-shift gearbox"]'::jsonb,
  '["2.3L I4 Cosworth (Mk1)","2.5L I4 Mountune (Update)"]'::jsonb,
  '[{"engine_code":"2.3L Cosworth","common_issues_ru":["Высокая тепловая нагрузка на двигатель при трековом использовании","Проблемы с датчиками давления масла","Быстрый износ сцепления"]},{"engine_code":"2.5L Mountune NA","common_issues_ru":["Дороговизна обслуживания и ремонта двигателя","Чувствительность к качеству топлива и масла"]}]'::jsonb,
  null,
  null
)

insert into public.vehicle_models (
  id,
  make_id,
  slug,
  name_en,
  first_model_year,
  last_model_year,
  years_available,
  body_types_available,
  fuel_types_available,
  transmission_available,
  reliability_score,
  popularity_score
)
values (
  '173068dd-7f9b-be55-8607-371f27320f57',
  '3530b355-36ca-065e-407e-6ab94356a96f',
  'mono-r',
  'Mono R',
  2019,
  9999,
  '{"2019","2020","2021","2022","2023","2024"}'::int[],
  '["Roadster"]'::jsonb,
  '["Gasoline"]'::jsonb,
  '["Semi-automatic"]'::jsonb,
  8,
  4
)

insert into public.vehicle_generations (
  id,
  model_id,
  code,
  start_year,
  end_year,
  facelift,
  production_countries,
  body_types,
  fuel_types,
  transmission_types,
  summary
)
values (
  'ed0361eb-173d-0953-9898-99b901a88e7b',
  '173068dd-7f9b-be55-8607-371f27320f57',
  'Mono R',
  2019,
  9999,
  false,
  '{"UK"}'::text[],
  null,
  null,
  null,
  'The highest performance iteration, featuring increased power, reduced weight, and advanced materials like graphene-enhanced carbon fibre in a limited production run.'
)

insert into public.vehicle_insights (
  model_id,
  pros,
  cons,
  inspection_tips,
  notable_features,
  engine_examples,
  common_issues_by_engine,
  reliability_score,
  popularity_score
)
values (
  '173068dd-7f9b-be55-8607-371f27320f57',
  '["Highest power-to-weight ratio in the class","Advanced aerodynamic package","Ultimate track weapon"]'::jsonb,
  '["Extremely limited production and availability","Requires highly specialized maintenance","Not designed for road comfort"]'::jsonb,
  '["Ensure all limited-edition components are present and undamaged.","Check carbon-ceramic brakes (if equipped) for excessive wear.","Verify software updates for engine management system."]'::jsonb,
  '["Graphene-enhanced composite panels","Ram-air intake system","Adjustable race suspension"]'::jsonb,
  '["2.5L I4 Mountune High Output"]'::jsonb,
  '[{"engine_code":"2.5L High Output NA","common_issues_ru":["Перегрев трансмиссии при интенсивной эксплуатации в трековых условиях","Сложности с поиском специализированных запчастей из-за ограниченности серии","Высокая стоимость замены экзотических материалов (например, графен)"]}]'::jsonb,
  null,
  null
)

insert into public.vehicle_models (
  id,
  make_id,
  slug,
  name_en,
  first_model_year,
  last_model_year,
  years_available,
  body_types_available,
  fuel_types_available,
  transmission_available,
  reliability_score,
  popularity_score
)
values (
  '0de69b92-3d0b-0b9b-8eca-e62e9a2de0b6',
  '3530b355-36ca-065e-407e-6ab94356a96f',
  'mono-gen2',
  'Mono (2021+ Turbo)',
  2021,
  9999,
  '{"2021","2022","2023","2024"}'::int[],
  '["Roadster"]'::jsonb,
  '["Gasoline"]'::jsonb,
  '["Semi-automatic"]'::jsonb,
  8,
  6
)

insert into public.vehicle_generations (
  id,
  model_id,
  code,
  start_year,
  end_year,
  facelift,
  production_countries,
  body_types,
  fuel_types,
  transmission_types,
  summary
)
values (
  'b77a49bc-77ae-bd67-f105-200fc8c26cc6',
  '0de69b92-3d0b-0b9b-8eca-e62e9a2de0b6',
  'Mono Mk2 (Turbo)',
  2021,
  9999,
  false,
  '{"UK"}'::text[],
  null,
  null,
  null,
  'The second major generation of the standard Mono, featuring a shift to a turbocharged 2.3L engine developed by Mountune for increased torque and performance.'
)

insert into public.vehicle_insights (
  model_id,
  pros,
  cons,
  inspection_tips,
  notable_features,
  engine_examples,
  common_issues_by_engine,
  reliability_score,
  popularity_score
)
values (
  '0de69b92-3d0b-0b9b-8eca-e62e9a2de0b6',
  '["Increased usability compared to the R model","Massive torque figures thanks to turbocharging","Refined engineering and build quality"]'::jsonb,
  '["High fuel consumption under heavy driving","No driver aids (ABS, TCS are optional/minimal)","Loud road noise"]'::jsonb,
  '["Check for evidence of sustained high boost pressure operation.","Verify turbocharger health and look for shaft play.","Examine the bespoke wiring harness for wear and abrasion."]'::jsonb,
  '["Introduction of a turbocharged engine","Improved weight distribution","Modernized digital cockpit"]'::jsonb,
  '["2.3L I4 Turbo Mountune"]'::jsonb,
  '[{"engine_code":"2.3L Turbo Mountune","common_issues_ru":["Требовательность к качеству моторного масла из-за турбонаддува","Возможные утечки масла из-под прокладок турбины","Сложности с обслуживанием системы охлаждения при высоких нагрузках"]}]'::jsonb,
  null,
  null
)

insert into public.vehicle_makes (id, slug, name_en, country, segment_class, is_active, category_path)
values (
  'dbf71abd-38bf-264c-01d8-8b17f0fc404f',
  'bmw',
  'BMW',
  'Germany',
  'Premium/Luxury',
  true,
  'Passenger Cars'
)

insert into public.vehicle_models (
  id,
  make_id,
  slug,
  name_en,
  first_model_year,
  last_model_year,
  years_available,
  body_types_available,
  fuel_types_available,
  transmission_available,
  reliability_score,
  popularity_score
)
values (
  '12d87f92-e47d-bc74-75ba-1082cbe5a456',
  'dbf71abd-38bf-264c-01d8-8b17f0fc404f',
  '3-series',
  '3 Series',
  1975,
  2024,
  '{"1975","1982","1990","1998","2005","2011","2018","2024"}'::int[],
  '["Sedan","Wagon","Coupe","Convertible"]'::jsonb,
  '["Gasoline","Diesel","Hybrid"]'::jsonb,
  '["Automatic","Manual"]'::jsonb,
  8,
  9.5
)

insert into public.vehicle_generations (
  id,
  model_id,
  code,
  start_year,
  end_year,
  facelift,
  production_countries,
  body_types,
  fuel_types,
  transmission_types,
  summary
)
values (
  'c536037e-17e4-48cf-8c86-8f8becc1dcae',
  '12d87f92-e47d-bc74-75ba-1082cbe5a456',
  'E90',
  2005,
  2011,
  false,
  '{"Germany","Mexico","South Africa"}'::text[],
  null,
  null,
  null,
  'Fifth generation 3 Series, known for improved handling and introduction of turbocharged engines (N54/N55).'
)

insert into public.vehicle_generations (
  id,
  model_id,
  code,
  start_year,
  end_year,
  facelift,
  production_countries,
  body_types,
  fuel_types,
  transmission_types,
  summary
)
values (
  '3ba03597-bbe6-9c6b-b171-43b729e1001f',
  '12d87f92-e47d-bc74-75ba-1082cbe5a456',
  'F30',
  2011,
  2019,
  false,
  '{"Germany","China","Mexico"}'::text[],
  null,
  null,
  null,
  'Sixth generation 3 Series, featuring the efficient N20 four-cylinder turbo engine and refined design.'
)

insert into public.vehicle_insights (
  model_id,
  pros,
  cons,
  inspection_tips,
  notable_features,
  engine_examples,
  common_issues_by_engine,
  reliability_score,
  popularity_score
)
values (
  '12d87f92-e47d-bc74-75ba-1082cbe5a456',
  '["Отличная управляемость","Экономичность (дизель/4-цил бензин)","Качественный интерьер"]'::jsonb,
  '["Высокие затраты на обслуживание","Потенциальные проблемы с цепью ГРМ (N20)","Жесткая езда на подвеске M Sport"]'::jsonb,
  '["Проверить наличие утечек охлаждающей жидкости (корпус термостата)","Осмотреть натяжитель цепи ГРМ (N20/N47)","Проверить наличие утечек масла вокруг прокладки клапанной крышки."]'::jsonb,
  '["iDrive system","Modern BMW design language","Efficient Dynamics technology"]'::jsonb,
  '["N20B20","N47D20","B48B20"]'::jsonb,
  '[{"engine_code":"N20B20","common_issues_ru":["Проблемы с цепью ГРМ и ее натяжителем","Выход из строя масляного насоса","Повышенный расход масла"]},{"engine_code":"N47D20","common_issues_ru":["Износ цепи ГРМ (расположена сзади)","Проблемы с вихревыми заслонками впускного коллектора","Выход из строя демпфера коленвала"]}]'::jsonb,
  null,
  null
)

insert into public.vehicle_models (
  id,
  make_id,
  slug,
  name_en,
  first_model_year,
  last_model_year,
  years_available,
  body_types_available,
  fuel_types_available,
  transmission_available,
  reliability_score,
  popularity_score
)
values (
  '5e83cdc8-c3b3-e7cb-a2f7-154c84aa015d',
  'dbf71abd-38bf-264c-01d8-8b17f0fc404f',
  '5-series',
  '5 Series',
  1972,
  2024,
  '{"2010","2011","2012","2013","2014","2015","2016","2017"}'::int[],
  '["Sedan","Wagon"]'::jsonb,
  '["Gasoline","Diesel","Hybrid"]'::jsonb,
  '["Automatic","Manual"]'::jsonb,
  8.5,
  9
)

insert into public.vehicle_generations (
  id,
  model_id,
  code,
  start_year,
  end_year,
  facelift,
  production_countries,
  body_types,
  fuel_types,
  transmission_types,
  summary
)
values (
  '0a8bbd97-0ab9-5cbe-6ef6-21a1f9a10ad8',
  '5e83cdc8-c3b3-e7cb-a2f7-154c84aa015d',
  'F10',
  2010,
  2017,
  false,
  '{"Germany","Mexico","Egypt"}'::text[],
  null,
  null,
  null,
  'Sixth generation 5 Series, known for its comfortable ride, high technology level, and widespread use of turbocharged inline sixes (N55).'
)

insert into public.vehicle_insights (
  model_id,
  pros,
  cons,
  inspection_tips,
  notable_features,
  engine_examples,
  common_issues_by_engine,
  reliability_score,
  popularity_score
)
values (
  '5e83cdc8-c3b3-e7cb-a2f7-154c84aa015d',
  '["Исключительный комфорт и утонченность","Мощные и плавные двигатели (особенно 6-цилиндровые)","Высокое качество сборки"]'::jsonb,
  '["Сложная электроника, дорогостоящая в ремонте","Высокая потеря стоимости (ранние модели)","Проблемы с надежностью двигателя V8 N63"]'::jsonb,
  '["Проверить историю обслуживания на предмет замены масла в КПП (ZF)","Осмотреть компоненты подвески на предмет износа (адаптивная подвеска)","Искать утечки масла, особенно вокруг турбин (N63/N55)."]'::jsonb,
  '["Advanced driver assistance systems","Luxury cabin materials","ZF 8-speed automatic transmission"]'::jsonb,
  '["N55B30","N47D20","N63B44"]'::jsonb,
  '[{"engine_code":"N55B30","common_issues_ru":["Проблемы с ТНВД (топливный насос высокого давления)","Течи масла из-под прокладки клапанной крышки и поддона","Выход из строя помпы"]},{"engine_code":"N63B44","common_issues_ru":["Крайне высокий расход масла","Перегрев и выход из строя форсунок/турбин","Проблемы с цепью ГРМ (ранние версии)"]}]'::jsonb,
  null,
  null
)

insert into public.vehicle_models (
  id,
  make_id,
  slug,
  name_en,
  first_model_year,
  last_model_year,
  years_available,
  body_types_available,
  fuel_types_available,
  transmission_available,
  reliability_score,
  popularity_score
)
values (
  '9afc5fbf-461a-c178-faae-697a239647df',
  'dbf71abd-38bf-264c-01d8-8b17f0fc404f',
  'x5',
  'X5',
  1999,
  2024,
  '{"2007","2008","2009","2010","2011","2012","2013"}'::int[],
  '["SUV"]'::jsonb,
  '["Gasoline","Diesel","Hybrid"]'::jsonb,
  '["Automatic"]'::jsonb,
  7.8,
  8.8
)

insert into public.vehicle_generations (
  id,
  model_id,
  code,
  start_year,
  end_year,
  facelift,
  production_countries,
  body_types,
  fuel_types,
  transmission_types,
  summary
)
values (
  '3115c781-b0b6-6fcf-226f-3b5bd8d4144f',
  '9afc5fbf-461a-c178-faae-697a239647df',
  'E70',
  2006,
  2013,
  false,
  '{"USA"}'::text[],
  null,
  null,
  null,
  'Second generation X5, featuring optional third-row seating, improved driving dynamics, and the introduction of iDrive second generation.'
)

insert into public.vehicle_insights (
  model_id,
  pros,
  cons,
  inspection_tips,
  notable_features,
  engine_examples,
  common_issues_by_engine,
  reliability_score,
  popularity_score
)
values (
  '9afc5fbf-461a-c178-faae-697a239647df',
  '["Спортивная управляемость для внедорожника","Мощные дизельные двигатели","Высокие рейтинги безопасности"]'::jsonb,
  '["Возможны отказы пневмоподвески","Дорогостоящий ремонт электроники (система xDrive)","Высокий расход топлива (двигатели V8)"]'::jsonb,
  '["Проверить работу раздаточной коробки (щелчки/рывки)","Осмотреть состояние дренажных каналов панорамной крыши","Проверить работоспособность пневмоподвески, если она установлена."]'::jsonb,
  '["xDrive all-wheel drive","Optional 7 seats","Adaptive Drive suspension"]'::jsonb,
  '["N52B30","M57TU2D30","N63B44"]'::jsonb,
  '[{"engine_code":"M57TU2D30","common_issues_ru":["Проблемы с сажевым фильтром (DPF)","Выход из строя термостата EGR","Течи масла из прокладок теплообменника"]},{"engine_code":"N52B30","common_issues_ru":["Выход из строя системы Valvetronic","Проблемы с электрической помпой","Повышенный расход масла (маслосъемные колпачки)"]}]'::jsonb,
  null,
  null
)

insert into public.vehicle_makes (id, slug, name_en, country, segment_class, is_active, category_path)
values (
  '70cae819-6454-b8bd-8167-7ab46c587795',
  'byd',
  'BYD',
  'China',
  'D',
  true,
  '/passenger_cars/electric/'
)

insert into public.vehicle_models (
  id,
  make_id,
  slug,
  name_en,
  first_model_year,
  last_model_year,
  years_available,
  body_types_available,
  fuel_types_available,
  transmission_available,
  reliability_score,
  popularity_score
)
values (
  '7db75e36-a919-dffc-040d-1045d34d651d',
  '70cae819-6454-b8bd-8167-7ab46c587795',
  'atto-3',
  'Atto 3',
  2021,
  2024,
  '{"2021","2022","2023","2024"}'::int[],
  '["SUV"]'::jsonb,
  '["Electric"]'::jsonb,
  '["Automatic"]'::jsonb,
  8,
  8.5
)

insert into public.vehicle_generations (
  id,
  model_id,
  code,
  start_year,
  end_year,
  facelift,
  production_countries,
  body_types,
  fuel_types,
  transmission_types,
  summary
)
values (
  '80a05c2a-10a4-8038-7f3e-d3db0f660a2b',
  '7db75e36-a919-dffc-040d-1045d34d651d',
  'DM1',
  2021,
  2024,
  false,
  '{"China","Thailand"}'::text[],
  null,
  null,
  null,
  'Compact electric SUV based on the BYD e-Platform 3.0, known for its blade battery technology and modern interior.'
)

insert into public.vehicle_insights (
  model_id,
  pros,
  cons,
  inspection_tips,
  notable_features,
  engine_examples,
  common_issues_by_engine,
  reliability_score,
  popularity_score
)
values (
  '7db75e36-a919-dffc-040d-1045d34d651d',
  '["Высокая энергоэффективность","Отличная комплектация за свою цену","Инновационная батарея Blade","Просторный салон"]'::jsonb,
  '["Медленная скорость зарядки DC","Спорное оформление интерьера","Сложности с официальным обслуживанием в некоторых регионах СНГ"]'::jsonb,
  '["Проверить состояние электроники и мультимедийной системы (известны глюки)","Осмотреть подвеску, чувствительна к плохим дорогам","Убедиться в целостности Blade Battery"]'::jsonb,
  '["Blade Battery","Rotating infotainment screen","e-Platform 3.0"]'::jsonb,
  '["BYD TZ200XYL (150 kW)"]'::jsonb,
  '[{"engine_code":"TZ200XYL","common_issues_ru":["Проблемы с датчиками давления в шинах","Случайные отключения бортового компьютера","Шумы в тормозной системе (ранние партии)"]}]'::jsonb,
  null,
  null
)

insert into public.vehicle_models (
  id,
  make_id,
  slug,
  name_en,
  first_model_year,
  last_model_year,
  years_available,
  body_types_available,
  fuel_types_available,
  transmission_available,
  reliability_score,
  popularity_score
)
values (
  '300776e2-b91c-5ae6-747d-5413597fd627',
  '70cae819-6454-b8bd-8167-7ab46c587795',
  'seal',
  'Seal',
  2022,
  2024,
  '{"2022","2023","2024"}'::int[],
  '["Sedan"]'::jsonb,
  '["Electric"]'::jsonb,
  '["Automatic"]'::jsonb,
  8.5,
  7.5
)

insert into public.vehicle_generations (
  id,
  model_id,
  code,
  start_year,
  end_year,
  facelift,
  production_countries,
  body_types,
  fuel_types,
  transmission_types,
  summary
)
values (
  '3ffbde08-24b7-e374-daab-10c6b5a8a7e9',
  '300776e2-b91c-5ae6-747d-5413597fd627',
  'DM2',
  2022,
  2024,
  false,
  '{"China"}'::text[],
  null,
  null,
  null,
  'High-performance electric sedan, often compared to the Tesla Model 3, featuring advanced CTB (Cell-to-Body) technology.'
)

insert into public.vehicle_insights (
  model_id,
  pros,
  cons,
  inspection_tips,
  notable_features,
  engine_examples,
  common_issues_by_engine,
  reliability_score,
  popularity_score
)
values (
  '300776e2-b91c-5ae6-747d-5413597fd627',
  '["Отличная динамика и управляемость","Премиальное качество материалов","Большой запас хода","Современный дизайн"]'::jsonb,
  '["Высокая цена","Ограниченное пространство над головой для высоких пассажиров сзади","Чувствительность к качеству дорожного покрытия"]'::jsonb,
  '["Проверить люфт рулевого управления (отмечался на некоторых моделях)","Оценить работу систем помощи водителю (ADAS)","Проверить равномерность зазоров кузовных панелей"]'::jsonb,
  '["Cell-to-Body (CTB) structure","iTAC intelligent torque adaptation control system"]'::jsonb,
  '["Single Motor RWD (230 kW)","Dual Motor AWD (390 kW)"]'::jsonb,
  '[{"engine_code":"RWD 230kW","common_issues_ru":["Скрип в подвеске при низких температурах","Медленное обновление программного обеспечения"]},{"engine_code":"AWD 390kW","common_issues_ru":["Повышенный износ задних шин из-за мощности"]}]'::jsonb,
  null,
  null
)

insert into public.vehicle_models (
  id,
  make_id,
  slug,
  name_en,
  first_model_year,
  last_model_year,
  years_available,
  body_types_available,
  fuel_types_available,
  transmission_available,
  reliability_score,
  popularity_score
)
values (
  '03490d65-eab1-a30f-5c8c-53aaf6a12179',
  '70cae819-6454-b8bd-8167-7ab46c587795',
  'dolphin',
  'Dolphin',
  2021,
  2024,
  '{"2021","2022","2023","2024"}'::int[],
  '["Hatchback"]'::jsonb,
  '["Electric"]'::jsonb,
  '["Automatic"]'::jsonb,
  7.8,
  7
)

insert into public.vehicle_generations (
  id,
  model_id,
  code,
  start_year,
  end_year,
  facelift,
  production_countries,
  body_types,
  fuel_types,
  transmission_types,
  summary
)
values (
  'fa2a12ba-be12-752b-e552-a43d659440aa',
  '03490d65-eab1-a30f-5c8c-53aaf6a12179',
  'DM3',
  2021,
  2024,
  false,
  '{"China"}'::text[],
  null,
  null,
  null,
  'A compact, urban electric hatchback known for its affordability and practical interior design.'
)

insert into public.vehicle_insights (
  model_id,
  pros,
  cons,
  inspection_tips,
  notable_features,
  engine_examples,
  common_issues_by_engine,
  reliability_score,
  popularity_score
)
values (
  '03490d65-eab1-a30f-5c8c-53aaf6a12179',
  '["Низкая стоимость владения","Отличная маневренность для города","Просторнее, чем кажется снаружи","Быстрая зарядка AC"]'::jsonb,
  '["Слабая шумоизоляция на высоких скоростях","Ограниченный запас хода в базовых версиях","Дешевые материалы отделки в некоторых местах"]'::jsonb,
  '["Осмотреть дверные уплотнители (может проникать вода)","Проверить работу обогрева сидений и руля","Убедиться, что батарея держит заявленную емкость (особенно импорт из Китая)"]'::jsonb,
  '["Ocean Aesthetic design language","Integrated heat pump"]'::jsonb,
  '["BYD TZ180XSY (70 kW)","BYD TZ200SYA (150 kW)"]'::jsonb,
  '[{"engine_code":"TZ180XSY","common_issues_ru":["Медленный разгон при полной загрузке","Некорректная работа датчика уровня заряда"]}]'::jsonb,
  null,
  null
)

insert into public.vehicle_makes (id, slug, name_en, country, segment_class, is_active, category_path)
values (
  '3fb95c6b-731a-978f-cf27-52e84e333943',
  'bentley',
  'Bentley',
  'UK',
  'Luxury/Performance',
  true,
  '/luxury-cars/performance/'
)

insert into public.vehicle_models (
  id,
  make_id,
  slug,
  name_en,
  first_model_year,
  last_model_year,
  years_available,
  body_types_available,
  fuel_types_available,
  transmission_available,
  reliability_score,
  popularity_score
)
values (
  'bfe7bd96-4b64-6dd9-1725-78549cc04f07',
  '3fb95c6b-731a-978f-cf27-52e84e333943',
  'continental-gt',
  'Continental GT',
  2003,
  2024,
  '{"2010","2015","2020","2024"}'::int[],
  '["Coupe","Convertible"]'::jsonb,
  '["Gasoline"]'::jsonb,
  '["Automatic"]'::jsonb,
  7,
  8.5
)

insert into public.vehicle_generations (
  id,
  model_id,
  code,
  start_year,
  end_year,
  facelift,
  production_countries,
  body_types,
  fuel_types,
  transmission_types,
  summary
)
values (
  '5b79107f-81b7-876c-3365-1941b7e7ad63',
  'bfe7bd96-4b64-6dd9-1725-78549cc04f07',
  '3W',
  2003,
  2011,
  false,
  '{"UK"}'::text[],
  null,
  null,
  null,
  'First generation Continental GT, defined Bentley''s modern era.'
)

insert into public.vehicle_generations (
  id,
  model_id,
  code,
  start_year,
  end_year,
  facelift,
  production_countries,
  body_types,
  fuel_types,
  transmission_types,
  summary
)
values (
  '5b79107f-81b7-876c-3365-1941b7e7ad63',
  'bfe7bd96-4b64-6dd9-1725-78549cc04f07',
  '3W',
  2011,
  2018,
  true,
  '{"UK"}'::text[],
  null,
  null,
  null,
  'Second generation, introducing the V8 engine option.'
)

insert into public.vehicle_generations (
  id,
  model_id,
  code,
  start_year,
  end_year,
  facelift,
  production_countries,
  body_types,
  fuel_types,
  transmission_types,
  summary
)
values (
  '5b79107f-81b7-876c-3365-1941b7e7ad63',
  'bfe7bd96-4b64-6dd9-1725-78549cc04f07',
  '3W',
  2018,
  2024,
  false,
  '{"UK"}'::text[],
  null,
  null,
  null,
  'Current generation, based on Porsche MSB platform.'
)

insert into public.vehicle_insights (
  model_id,
  pros,
  cons,
  inspection_tips,
  notable_features,
  engine_examples,
  common_issues_by_engine,
  reliability_score,
  popularity_score
)
values (
  'bfe7bd96-4b64-6dd9-1725-78549cc04f07',
  '["Исключительная производительность","Роскошный интерьер","Уникальный дизайн"]'::jsonb,
  '["Очень высокие эксплуатационные расходы","Сложная электроника","Большой расход топлива"]'::jsonb,
  '["Проверить состояние пневмоподвески","Диагностика W12 на предмет утечек масла","Оценка работы АКПП ZF"]'::jsonb,
  '["W12 Engine option","All-Wheel Drive system","Rotating Display (Gen 3)"]'::jsonb,
  '["6.0L W12 Twin Turbo","4.0L V8 Twin Turbo"]'::jsonb,
  '[{"engine_code":"BFM/CTF","common_issues_ru":["Проблемы с турбонагнетателями (утечки)","Отказы катушек зажигания","Сложности с заменой цепей ГРМ"]}]'::jsonb,
  null,
  null
)

insert into public.vehicle_models (
  id,
  make_id,
  slug,
  name_en,
  first_model_year,
  last_model_year,
  years_available,
  body_types_available,
  fuel_types_available,
  transmission_available,
  reliability_score,
  popularity_score
)
values (
  'd03f69d3-c02c-9b5f-36a7-b5d6acafd919',
  '3fb95c6b-731a-978f-cf27-52e84e333943',
  'flying-spur',
  'Flying Spur',
  2005,
  2024,
  '{"2005","2015","2022"}'::int[],
  '["Sedan"]'::jsonb,
  '["Gasoline","Hybrid"]'::jsonb,
  '["Automatic"]'::jsonb,
  7.5,
  7.8
)

insert into public.vehicle_generations (
  id,
  model_id,
  code,
  start_year,
  end_year,
  facelift,
  production_countries,
  body_types,
  fuel_types,
  transmission_types,
  summary
)
values (
  'e3434783-9ac2-db70-3182-dd22b05a0745',
  'd03f69d3-c02c-9b5f-36a7-b5d6acafd919',
  '3W',
  2005,
  2013,
  false,
  '{"UK"}'::text[],
  null,
  null,
  null,
  'Derived from the Continental GT coupe.'
)

insert into public.vehicle_generations (
  id,
  model_id,
  code,
  start_year,
  end_year,
  facelift,
  production_countries,
  body_types,
  fuel_types,
  transmission_types,
  summary
)
values (
  '6cda8532-5ed6-0b04-0602-9134f8c809bc',
  'd03f69d3-c02c-9b5f-36a7-b5d6acafd919',
  '2W',
  2013,
  2019,
  false,
  '{"UK"}'::text[],
  null,
  null,
  null,
  'Second generation, officially named Flying Spur.'
)

insert into public.vehicle_generations (
  id,
  model_id,
  code,
  start_year,
  end_year,
  facelift,
  production_countries,
  body_types,
  fuel_types,
  transmission_types,
  summary
)
values (
  'e80c8362-bb85-ab14-ae71-829526152809',
  'd03f69d3-c02c-9b5f-36a7-b5d6acafd919',
  '4W',
  2019,
  2024,
  false,
  '{"UK"}'::text[],
  null,
  null,
  null,
  'Current generation, platform based on Continental GT and Porsche Panamera.'
)

insert into public.vehicle_insights (
  model_id,
  pros,
  cons,
  inspection_tips,
  notable_features,
  engine_examples,
  common_issues_by_engine,
  reliability_score,
  popularity_score
)
values (
  'd03f69d3-c02c-9b5f-36a7-b5d6acafd919',
  '["Комфорт на уровне лимузина","Мощные двигатели","Престиж и статус"]'::jsonb,
  '["Высокая цена обслуживания","Чувствительность к качеству топлива"]'::jsonb,
  '["Проверить работу всех электрических доводчиков","Оценить состояние кожи и отделки в салоне"]'::jsonb,
  '["Executive Sedan luxury","Optional four-seat configuration","Active All-Wheel Steering (Gen 3)"]'::jsonb,
  '["6.0L W12","4.0L V8","2.9L V6 Hybrid"]'::jsonb,
  '[{"engine_code":"CWG","common_issues_ru":["Потенциальные проблемы с системой охлаждения","Износ креплений турбин"]}]'::jsonb,
  null,
  null
)

insert into public.vehicle_models (
  id,
  make_id,
  slug,
  name_en,
  first_model_year,
  last_model_year,
  years_available,
  body_types_available,
  fuel_types_available,
  transmission_available,
  reliability_score,
  popularity_score
)
values (
  'ed74dc37-17f9-9d01-b117-ad2165a4862a',
  '3fb95c6b-731a-978f-cf27-52e84e333943',
  'bentayga',
  'Bentayga',
  2016,
  2024,
  '{"2016","2019","2023"}'::int[],
  '["SUV"]'::jsonb,
  '["Gasoline","Diesel","Hybrid"]'::jsonb,
  '["Automatic"]'::jsonb,
  8,
  9
)

insert into public.vehicle_generations (
  id,
  model_id,
  code,
  start_year,
  end_year,
  facelift,
  production_countries,
  body_types,
  fuel_types,
  transmission_types,
  summary
)
values (
  'cdcffa16-8d5d-b0fd-6e58-33d747c9f709',
  'ed74dc37-17f9-9d01-b117-ad2165a4862a',
  '4V',
  2016,
  2024,
  true,
  '{"UK","Slovakia"}'::text[],
  null,
  null,
  null,
  'First SUV model from Bentley, based on the MLB Evo platform.'
)

insert into public.vehicle_insights (
  model_id,
  pros,
  cons,
  inspection_tips,
  notable_features,
  engine_examples,
  common_issues_by_engine,
  reliability_score,
  popularity_score
)
values (
  'ed74dc37-17f9-9d01-b117-ad2165a4862a',
  '["Превосходные внедорожные возможности (для класса)","Ультра-роскошный интерьер","Мощный V12 (до 2020)"]'::jsonb,
  '["Огромный вес","Очень дорогая замена тормозов"]'::jsonb,
  '["Проверка пневмоподвески и активных стабилизаторов","Осмотр электронных систем помощи водителю"]'::jsonb,
  '["First Bentley SUV","Dynamic Ride active anti-roll system","Extensive customization options"]'::jsonb,
  '["6.0L W12 Twin Turbo","4.0L V8 Twin Turbo","3.0L V6 Hybrid"]'::jsonb,
  '[{"engine_code":"EA839/DHU","common_issues_ru":["Требовательность к обслуживанию топливной системы","Сбои в работе сложной электроники, особенно после мойки"]}]'::jsonb,
  null,
  null
)

insert into public.vehicle_makes (id, slug, name_en, country, segment_class, is_active, category_path)
values (
  'ca90bd81-d4e0-5a4d-1141-7a256378bcc2',
  'bizzarrini',
  'Bizzarrini',
  'Italy',
  'S',
  true,
  'Sports Cars / Collector Vehicles'
)

insert into public.vehicle_models (
  id,
  make_id,
  slug,
  name_en,
  first_model_year,
  last_model_year,
  years_available,
  body_types_available,
  fuel_types_available,
  transmission_available,
  reliability_score,
  popularity_score
)
values (
  'b0c2c17e-4fd5-9022-1f4b-679c61c1e82f',
  'ca90bd81-d4e0-5a4d-1141-7a256378bcc2',
  '5300-gt-strada',
  '5300 GT Strada',
  1965,
  1968,
  '{"1965","1966","1967","1968"}'::int[],
  '["Coupe"]'::jsonb,
  '["Gasoline"]'::jsonb,
  '["Manual"]'::jsonb,
  3,
  10
)

insert into public.vehicle_generations (
  id,
  model_id,
  code,
  start_year,
  end_year,
  facelift,
  production_countries,
  body_types,
  fuel_types,
  transmission_types,
  summary
)
values (
  'e6df4518-8da4-d46e-40c2-9a272b9d8fc3',
  'b0c2c17e-4fd5-9022-1f4b-679c61c1e82f',
  'Strada 5300',
  1965,
  1968,
  false,
  '{"Italy"}'::text[],
  null,
  null,
  null,
  'Original production run of the iconic race car derived GT, renowned for its low, sleek profile and use of American V8 power.'
)

insert into public.vehicle_insights (
  model_id,
  pros,
  cons,
  inspection_tips,
  notable_features,
  engine_examples,
  common_issues_by_engine,
  reliability_score,
  popularity_score
)
values (
  'b0c2c17e-4fd5-9022-1f4b-679c61c1e82f',
  '["Феноменальная управляемость для своего времени","Историческая ценность и коллекционная редкость","Надежный и мощный американский двигатель V8"]'::jsonb,
  '["Крайне высокая стоимость обслуживания и запчастей","Очень сложный поиск квалифицированных механиков","Жаркий салон и отсутствие комфорта"]'::jsonb,
  '["Проверить подлинность шасси и кузова (существует множество реплик)","Оценить состояние оригинальных магниевых колес Campagnolo","Тщательная проверка рамы на предмет усталостных трещин, особенно после гоночного использования"]'::jsonb,
  '["Giugiaro design influence","Front-mid engine layout for optimal balance","Four-wheel independent suspension"]'::jsonb,
  '["Chevrolet 327 V8 (5.4L)"]'::jsonb,
  '[{"engine_code":"Chevrolet 327 (5.4L)","common_issues_ru":["Проблемы с перегревом в городском цикле из-за плотной компоновки","Износ карбюраторов Weber, требующий частой и тонкой настройки","Вибрации трансмиссии из-за гоночного происхождения"]}]'::jsonb,
  null,
  null
)

insert into public.vehicle_models (
  id,
  make_id,
  slug,
  name_en,
  first_model_year,
  last_model_year,
  years_available,
  body_types_available,
  fuel_types_available,
  transmission_available,
  reliability_score,
  popularity_score
)
values (
  '3f3a9589-0237-4248-96e1-d4ab1f892f83',
  'ca90bd81-d4e0-5a4d-1141-7a256378bcc2',
  'p538',
  'P538',
  1966,
  1967,
  '{"1966","1967"}'::int[],
  '["Roadster"]'::jsonb,
  '["Gasoline"]'::jsonb,
  '["Manual"]'::jsonb,
  10,
  5
)

insert into public.vehicle_generations (
  id,
  model_id,
  code,
  start_year,
  end_year,
  facelift,
  production_countries,
  body_types,
  fuel_types,
  transmission_types,
  summary
)
values (
  '2c9c3a75-cc33-bbf2-549a-ad3708de6fc6',
  '3f3a9589-0237-4248-96e1-d4ab1f892f83',
  'P538',
  1966,
  1967,
  false,
  '{"Italy"}'::text[],
  null,
  null,
  null,
  'Mid-engined racing prototype intended for Le Mans, utilizing both Chevrolet and Lamborghini engines in its short history.'
)

insert into public.vehicle_insights (
  model_id,
  pros,
  cons,
  inspection_tips,
  notable_features,
  engine_examples,
  common_issues_by_engine,
  reliability_score,
  popularity_score
)
values (
  '3f3a9589-0237-4248-96e1-d4ab1f892f83',
  '["Икона гоночной истории 60-х годов","Абсолютная коллекционная редкость"]'::jsonb,
  '["Не предназначен для дорог общего пользования","Требует обслуживания гоночной командой","Практически невозможно найти оригинальные запчасти"]'::jsonb,
  '["Проверка целостности оригинального стеклопластикового кузова","Оценка соответствия двигателя историческим спецификациям (многие экземпляры переоборудованы)"]'::jsonb,
  '["Mid-engine, low-slung chassis","Intended for endurance racing"]'::jsonb,
  '["Chevrolet V8 (5.3L)","Lamborghini V12 (4.0L)"]'::jsonb,
  '[{"engine_code":"Chevrolet V8 (Race Spec)","common_issues_ru":["Чрезвычайно быстрый износ гоночных компонентов","Проблемы с охлаждением на низких скоростях или в статике"]}]'::jsonb,
  null,
  null
)

insert into public.vehicle_models (
  id,
  make_id,
  slug,
  name_en,
  first_model_year,
  last_model_year,
  years_available,
  body_types_available,
  fuel_types_available,
  transmission_available,
  reliability_score,
  popularity_score
)
values (
  '7f951f58-4d26-9883-305d-21a8cd2e82f9',
  'ca90bd81-d4e0-5a4d-1141-7a256378bcc2',
  'giotto',
  'Giotto',
  2024,
  null,
  '{"2024","2025"}'::int[],
  '["Coupe"]'::jsonb,
  '["Gasoline"]'::jsonb,
  '["Automatic (DCT)"]'::jsonb,
  8,
  5
)

insert into public.vehicle_generations (
  id,
  model_id,
  code,
  start_year,
  end_year,
  facelift,
  production_countries,
  body_types,
  fuel_types,
  transmission_types,
  summary
)
values (
  '6dfdab70-c219-2394-973b-cd7cf77bbf91',
  '7f951f58-4d26-9883-305d-21a8cd2e82f9',
  'G1',
  2024,
  null,
  false,
  '{"Italy"}'::text[],
  null,
  null,
  null,
  'The modern flagship hypercar designed by Giorgetto Giugiaro, marking the rebirth of the Bizzarrini brand with a focus on modern performance and exclusive design.'
)

insert into public.vehicle_insights (
  model_id,
  pros,
  cons,
  inspection_tips,
  notable_features,
  engine_examples,
  common_issues_by_engine,
  reliability_score,
  popularity_score
)
values (
  '7f951f58-4d26-9883-305d-21a8cd2e82f9',
  '["Выдающиеся динамические характеристики","Эксклюзивность и современный дизайн","Использование передовых технологий и материалов"]'::jsonb,
  '["Крайне ограниченная дилерская и сервисная сеть","Неизвестная долгосрочная надежность новых агрегатов"]'::jsonb,
  '["Проверка программного обеспечения и настроек электронных систем помощи водителю","Тщательный осмотр карбонового монокока на предмет микроповреждений"]'::jsonb,
  '["Monocoque carbon fiber chassis","Naturally aspirated V12 engine","Limited production run"]'::jsonb,
  '["V12 Naturally Aspirated (6.6L)"]'::jsonb,
  '[{"engine_code":"V12 NA","common_issues_ru":["Сложности с обслуживанием высокофорсированных V12","Потенциальные ''детские болезни'' электронных систем, присущие новым гиперкарам"]}]'::jsonb,
  null,
  null
)

insert into public.vehicle_makes (id, slug, name_en, country, segment_class, is_active, category_path)
values (
  'f4a13000-a026-f2dc-f019-a6d2c3cee303',
  'bogdan',
  'Bogdan',
  'Ukraine',
  'C',
  false,
  'Passenger Cars'
)

insert into public.vehicle_models (
  id,
  make_id,
  slug,
  name_en,
  first_model_year,
  last_model_year,
  years_available,
  body_types_available,
  fuel_types_available,
  transmission_available,
  reliability_score,
  popularity_score
)
values (
  '87be33e5-af90-d401-638d-78b5a2c502a7',
  'f4a13000-a026-f2dc-f019-a6d2c3cee303',
  '2110',
  '2110',
  2009,
  2014,
  '{"2009","2010","2011","2012","2013","2014"}'::int[],
  '["Sedan"]'::jsonb,
  '["Gasoline"]'::jsonb,
  '["Manual"]'::jsonb,
  4,
  5.5
)

insert into public.vehicle_generations (
  id,
  model_id,
  code,
  start_year,
  end_year,
  facelift,
  production_countries,
  body_types,
  fuel_types,
  transmission_types,
  summary
)
values (
  'b03cd794-45c2-ed8f-2215-0915fc1e395b',
  '87be33e5-af90-d401-638d-78b5a2c502a7',
  'A1',
  2009,
  2014,
  false,
  '{"Ukraine"}'::text[],
  null,
  null,
  null,
  'Rebadged and slightly modernized version of the Lada 2110, produced by Bogdan in Ukraine.'
)

insert into public.vehicle_insights (
  model_id,
  pros,
  cons,
  inspection_tips,
  notable_features,
  engine_examples,
  common_issues_by_engine,
  reliability_score,
  popularity_score
)
values (
  '87be33e5-af90-d401-638d-78b5a2c502a7',
  '["Low maintenance cost","Simple design","Easy to repair"]'::jsonb,
  '["Poor build quality","Weak corrosion resistance","Outdated safety features"]'::jsonb,
  '["Check rust spots on sills and wheel arches","Inspect the engine cooling system for leaks"]'::jsonb,
  '["Extremely low cost of ownership"]'::jsonb,
  '["1.6L 8V (VAZ-21114)"]'::jsonb,
  '[{"engine_code":"VAZ-21114 (1.6L 8V)","common_issues_ru":["Проблемы с датчиком холостого хода","Выход из строя модуля зажигания","Коррозия топливных и тормозных магистралей"]}]'::jsonb,
  null,
  null
)

insert into public.vehicle_models (
  id,
  make_id,
  slug,
  name_en,
  first_model_year,
  last_model_year,
  years_available,
  body_types_available,
  fuel_types_available,
  transmission_available,
  reliability_score,
  popularity_score
)
values (
  'd1162993-1043-7288-cca2-92f1c162b61b',
  'f4a13000-a026-f2dc-f019-a6d2c3cee303',
  '2111',
  '2111',
  2009,
  2014,
  '{"2009","2010","2011","2012","2013","2014"}'::int[],
  '["Wagon"]'::jsonb,
  '["Gasoline"]'::jsonb,
  '["Manual"]'::jsonb,
  4,
  5
)

insert into public.vehicle_generations (
  id,
  model_id,
  code,
  start_year,
  end_year,
  facelift,
  production_countries,
  body_types,
  fuel_types,
  transmission_types,
  summary
)
values (
  'f216e81c-ef20-9686-322d-6dedfbf28fff',
  'd1162993-1043-7288-cca2-92f1c162b61b',
  'A1',
  2009,
  2014,
  false,
  '{"Ukraine"}'::text[],
  null,
  null,
  null,
  'Wagon version based on Lada 2111, offering increased practicality compared to the sedan.'
)

insert into public.vehicle_insights (
  model_id,
  pros,
  cons,
  inspection_tips,
  notable_features,
  engine_examples,
  common_issues_by_engine,
  reliability_score,
  popularity_score
)
values (
  'd1162993-1043-7288-cca2-92f1c162b61b',
  '["Large trunk capacity","Cheap spare parts","Relatively capable suspension for rough roads"]'::jsonb,
  '["Loud cabin noise","Unreliable electrical system","Interior plastics are prone to rattling"]'::jsonb,
  '["Check the tailgate hinges for wear","Inspect the wiring harness, especially near doors"]'::jsonb,
  '["Spacious cargo area"]'::jsonb,
  '["1.6L 16V (VAZ-21124)"]'::jsonb,
  '[{"engine_code":"VAZ-21124 (1.6L 16V)","common_issues_ru":["Гнет клапана при обрыве ремня ГРМ","Нестабильный холостой ход","Течи масла из-под прокладок"]}]'::jsonb,
  null,
  null
)

insert into public.vehicle_models (
  id,
  make_id,
  slug,
  name_en,
  first_model_year,
  last_model_year,
  years_available,
  body_types_available,
  fuel_types_available,
  transmission_available,
  reliability_score,
  popularity_score
)
values (
  'f1aa3c88-992b-01e0-08da-bdc8b5e2a609',
  'f4a13000-a026-f2dc-f019-a6d2c3cee303',
  '2310',
  '2310',
  2010,
  2014,
  '{"2010","2011","2012","2013","2014"}'::int[],
  '["Pickup"]'::jsonb,
  '["Gasoline"]'::jsonb,
  '["Manual"]'::jsonb,
  4.5,
  4.5
)

insert into public.vehicle_generations (
  id,
  model_id,
  code,
  start_year,
  end_year,
  facelift,
  production_countries,
  body_types,
  fuel_types,
  transmission_types,
  summary
)
values (
  '6c8376b5-9aff-8607-ba99-fabb2a3964b2',
  'f1aa3c88-992b-01e0-08da-bdc8b5e2a609',
  'P1',
  2010,
  2014,
  false,
  '{"Ukraine"}'::text[],
  null,
  null,
  null,
  'A light pickup variant based on the 2110/2111 platform, designed for small commercial loads.'
)

insert into public.vehicle_insights (
  model_id,
  pros,
  cons,
  inspection_tips,
  notable_features,
  engine_examples,
  common_issues_by_engine,
  reliability_score,
  popularity_score
)
values (
  'f1aa3c88-992b-01e0-08da-bdc8b5e2a609',
  '["High payload capacity for a light pickup","Simplicity of construction","Ease of maintenance"]'::jsonb,
  '["Limited comfort","Weak braking system","High vibration at motorway speeds"]'::jsonb,
  '["Examine the rear suspension for wear from overloading","Check the cargo area floor for cracks or rust"]'::jsonb,
  '["Utility vehicle status"]'::jsonb,
  '["1.6L 8V (VAZ-21114)"]'::jsonb,
  '[{"engine_code":"VAZ-21114 (1.6L 8V)","common_issues_ru":["Быстрый износ сцепления под нагрузкой","Проблемы с системой питания (инжектором)","Перегрев при длительной работе"]}]'::jsonb,
  null,
  null
)

insert into public.vehicle_makes (id, slug, name_en, country, segment_class, is_active, category_path)
values (
  'f6111b86-2a1a-5416-9c24-a4d33b6a4397',
  'borgward',
  'Borgward',
  'Germany',
  'Premium SUV',
  true,
  'Passenger Cars/SUV'
)

insert into public.vehicle_models (
  id,
  make_id,
  slug,
  name_en,
  first_model_year,
  last_model_year,
  years_available,
  body_types_available,
  fuel_types_available,
  transmission_available,
  reliability_score,
  popularity_score
)
values (
  'a00a8e94-9287-3bf5-7bf2-2f76356f6376',
  'f6111b86-2a1a-5416-9c24-a4d33b6a4397',
  'bx7',
  'BX7',
  2016,
  2020,
  '{"2016","2017","2018","2019","2020"}'::int[],
  '["SUV"]'::jsonb,
  '["Gasoline"]'::jsonb,
  '["Automatic"]'::jsonb,
  6.5,
  4
)

insert into public.vehicle_generations (
  id,
  model_id,
  code,
  start_year,
  end_year,
  facelift,
  production_countries,
  body_types,
  fuel_types,
  transmission_types,
  summary
)
values (
  '51aaf2ef-2945-1f8d-8592-4d7ed23b75a5',
  'a00a8e94-9287-3bf5-7bf2-2f76356f6376',
  'G1',
  2016,
  2020,
  false,
  '{"China"}'::text[],
  null,
  null,
  null,
  'The BX7 was the first model launched by the revived Borgward brand, positioned as a mid-size premium SUV.'
)

insert into public.vehicle_insights (
  model_id,
  pros,
  cons,
  inspection_tips,
  notable_features,
  engine_examples,
  common_issues_by_engine,
  reliability_score,
  popularity_score
)
values (
  'a00a8e94-9287-3bf5-7bf2-2f76356f6376',
  '["High perceived quality for the price","Spacious interior","Rich standard features list"]'::jsonb,
  '["Unknown long-term reliability","Weak resale value","Limited dealer and service network"]'::jsonb,
  '["Check for rust on the undercarriage (common in early imported batches)","Ensure proper operation of the electronic parking brake system"]'::jsonb,
  '["Borgward 4WD system","Large central touchscreen"]'::jsonb,
  '["2.0T (BWA 420 Turbo)"]'::jsonb,
  '[{"engine_code":"BWA 420 Turbo","common_issues_ru":["Проблемы с датчиками давления наддува","Возможный повышенный расход масла","Сбои в работе АКПП при резких нагрузках"]}]'::jsonb,
  null,
  null
)

insert into public.vehicle_models (
  id,
  make_id,
  slug,
  name_en,
  first_model_year,
  last_model_year,
  years_available,
  body_types_available,
  fuel_types_available,
  transmission_available,
  reliability_score,
  popularity_score
)
values (
  'cc0c4aa3-1830-1ca3-b84c-425c460afab5',
  'f6111b86-2a1a-5416-9c24-a4d33b6a4397',
  'bx5',
  'BX5',
  2017,
  2021,
  '{"2017","2018","2019","2020","2021"}'::int[],
  '["Crossover"]'::jsonb,
  '["Gasoline"]'::jsonb,
  '["Automatic"]'::jsonb,
  7,
  5.5
)

insert into public.vehicle_generations (
  id,
  model_id,
  code,
  start_year,
  end_year,
  facelift,
  production_countries,
  body_types,
  fuel_types,
  transmission_types,
  summary
)
values (
  '899d0395-2953-eda4-b8b7-a056d521a104',
  'cc0c4aa3-1830-1ca3-b84c-425c460afab5',
  'G1',
  2017,
  2021,
  false,
  '{"China"}'::text[],
  null,
  null,
  null,
  'The BX5 is a compact SUV, aimed at younger buyers, offering a stylish design and competitive price point.'
)

insert into public.vehicle_insights (
  model_id,
  pros,
  cons,
  inspection_tips,
  notable_features,
  engine_examples,
  common_issues_by_engine,
  reliability_score,
  popularity_score
)
values (
  'cc0c4aa3-1830-1ca3-b84c-425c460afab5',
  '["Modern exterior design","Adequate power from 1.8T engine","Good value proposition"]'::jsonb,
  '["No manual transmission option","Interior materials quality inconsistent","High fuel consumption in city driving for 1.8T"]'::jsonb,
  '["Check the health of the dual-clutch transmission (if applicable)","Inspect interior electronics for bugs or freezing"]'::jsonb,
  '["LED lighting","Panoramic sunroof available"]'::jsonb,
  '["1.4T","1.8T"]'::jsonb,
  '[{"engine_code":"1.8T","common_issues_ru":["Перегрев двигателя в условиях пробок","Повышенный шум от цепи ГРМ","Неисправности термостата"]}]'::jsonb,
  null,
  null
)

insert into public.vehicle_models (
  id,
  make_id,
  slug,
  name_en,
  first_model_year,
  last_model_year,
  years_available,
  body_types_available,
  fuel_types_available,
  transmission_available,
  reliability_score,
  popularity_score
)
values (
  '53494130-5853-a8bc-4fee-c5a0c1b690f0',
  'f6111b86-2a1a-5416-9c24-a4d33b6a4397',
  'bx6',
  'BX6',
  2018,
  2020,
  '{"2018","2019","2020"}'::int[],
  '["Coupe SUV"]'::jsonb,
  '["Gasoline"]'::jsonb,
  '["Automatic"]'::jsonb,
  6,
  3
)

insert into public.vehicle_generations (
  id,
  model_id,
  code,
  start_year,
  end_year,
  facelift,
  production_countries,
  body_types,
  fuel_types,
  transmission_types,
  summary
)
values (
  '8ee94169-e99b-4afb-7e3a-16921b3b99c3',
  '53494130-5853-a8bc-4fee-c5a0c1b690f0',
  'G1',
  2018,
  2020,
  false,
  '{"China"}'::text[],
  null,
  null,
  null,
  'The BX6 is a crossover coupe variant based on the BX5 platform, featuring a sportier roofline and more aggressive styling.'
)

insert into public.vehicle_insights (
  model_id,
  pros,
  cons,
  inspection_tips,
  notable_features,
  engine_examples,
  common_issues_by_engine,
  reliability_score,
  popularity_score
)
values (
  '53494130-5853-a8bc-4fee-c5a0c1b690f0',
  '["Unique coupe styling","Standard AWD","Strong acceleration"]'::jsonb,
  '["Limited rear visibility due to sloping roof","Poor rear head space","Very low market presence"]'::jsonb,
  '["Check for leaks around the frameless doors (if equipped)","Verify the condition of the rear shocks due to sport setup"]'::jsonb,
  '["Sport suspension setup","Aggressive front fascia"]'::jsonb,
  '["2.0T"]'::jsonb,
  '[{"engine_code":"2.0T","common_issues_ru":["Быстрый износ тормозных колодок","Сбои мультимедийной системы","Проблемы с электрикой фар"]}]'::jsonb,
  null,
  null
)

insert into public.vehicle_makes (id, slug, name_en, country, segment_class, is_active, category_path)
values (
  '3ee23fcc-475b-fc81-52c0-3144d05f3616',
  'bristol',
  'Bristol',
  'UK',
  'Luxury/Specialty',
  false,
  '/luxury/specialty'
)

insert into public.vehicle_models (
  id,
  make_id,
  slug,
  name_en,
  first_model_year,
  last_model_year,
  years_available,
  body_types_available,
  fuel_types_available,
  transmission_available,
  reliability_score,
  popularity_score
)
values (
  '9ef2e489-4849-bdc7-ef11-025102817919',
  '3ee23fcc-475b-fc81-52c0-3144d05f3616',
  'blenheim',
  'Blenheim',
  1993,
  2011,
  '{"1993","1994","1995","1996","1997","1998","1999","2000","2001","2002","2003","2004","2005","2006","2007","2008","2009","2010","2011"}'::int[],
  '["Coupe"]'::jsonb,
  '["Gasoline"]'::jsonb,
  '["Automatic"]'::jsonb,
  7,
  5
)

insert into public.vehicle_generations (
  id,
  model_id,
  code,
  start_year,
  end_year,
  facelift,
  production_countries,
  body_types,
  fuel_types,
  transmission_types,
  summary
)
values (
  'cc45a735-452b-947b-d15b-4f7df70b220d',
  '9ef2e489-4849-bdc7-ef11-025102817919',
  'Series 3',
  1998,
  2011,
  false,
  '{"UK"}'::text[],
  null,
  null,
  null,
  'Third major iteration of the Blenheim, featuring minor styling changes and performance improvements while retaining the classic British luxury coupe format.'
)

insert into public.vehicle_insights (
  model_id,
  pros,
  cons,
  inspection_tips,
  notable_features,
  engine_examples,
  common_issues_by_engine,
  reliability_score,
  popularity_score
)
values (
  '9ef2e489-4849-bdc7-ef11-025102817919',
  '["Исключительная ручная сборка","Мощный V8 двигатель","Уникальность и эксклюзивность"]'::jsonb,
  '["Очень высокая стоимость обслуживания","Устаревший дизайн интерьера","Сложности с поиском запчастей"]'::jsonb,
  '["Проверить состояние кузова на предмет коррозии (ручная сборка)","Внимательно осмотреть трансмиссию Chrysler TorqueFlite","Оценить работу электрики (может быть капризной)"]'::jsonb,
  '[]'::jsonb,
  '["Chrysler 5.9L V8"]'::jsonb,
  '[{"engine_code":"5.9 V8 (Mopar)","common_issues_ru":["Проблемы с датчиками холостого хода","Утечки масла из-под клапанных крышек"]}]'::jsonb,
  null,
  null
)

insert into public.vehicle_models (
  id,
  make_id,
  slug,
  name_en,
  first_model_year,
  last_model_year,
  years_available,
  body_types_available,
  fuel_types_available,
  transmission_available,
  reliability_score,
  popularity_score
)
values (
  '53e7c2d1-b211-cd24-79dc-31e8516bd9ba',
  '3ee23fcc-475b-fc81-52c0-3144d05f3616',
  'fighter',
  'Fighter',
  2004,
  2011,
  '{"2004","2005","2006","2007","2008","2009","2010","2011"}'::int[],
  '["Coupe"]'::jsonb,
  '["Gasoline"]'::jsonb,
  '["Manual","Automatic"]'::jsonb,
  6.5,
  3
)

insert into public.vehicle_generations (
  id,
  model_id,
  code,
  start_year,
  end_year,
  facelift,
  production_countries,
  body_types,
  fuel_types,
  transmission_types,
  summary
)
values (
  'df085e31-d3a8-efea-85e4-75dd5dc40bdd',
  '53e7c2d1-b211-cd24-79dc-31e8516bd9ba',
  'Mk1',
  2004,
  2011,
  false,
  '{"UK"}'::text[],
  null,
  null,
  null,
  'High-performance sports car featuring gullwing doors and a massive V10 engine sourced from the Dodge Viper.'
)

insert into public.vehicle_insights (
  model_id,
  pros,
  cons,
  inspection_tips,
  notable_features,
  engine_examples,
  common_issues_by_engine,
  reliability_score,
  popularity_score
)
values (
  '53e7c2d1-b211-cd24-79dc-31e8516bd9ba',
  '["Феноменальная мощность и динамика","Коллекционная ценность","Исключительная редкость"]'::jsonb,
  '["Чрезвычайно дорогое обслуживание","Жесткая подвеска","Неудобство в ежедневном использовании"]'::jsonb,
  '[]'::jsonb,
  '["Gullwing doors","Dodge Viper V10 engine","Aerodynamic efficiency"]'::jsonb,
  '["Dodge Viper V10 8.0L"]'::jsonb,
  '[{"engine_code":"8.0 V10 (Viper)","common_issues_ru":["Повышенный расход масла при агрессивной езде","Вибрации на холостом ходу (характерно для V10)","Износ сцепления (на МКПП)"]}]'::jsonb,
  null,
  null
)

insert into public.vehicle_models (
  id,
  make_id,
  slug,
  name_en,
  first_model_year,
  last_model_year,
  years_available,
  body_types_available,
  fuel_types_available,
  transmission_available,
  reliability_score,
  popularity_score
)
values (
  '15149feb-8925-f9b3-fe40-8671950d2ca0',
  '3ee23fcc-475b-fc81-52c0-3144d05f3616',
  '411',
  '411',
  1969,
  1976,
  '{"1969","1970","1971","1972","1973","1974","1975","1976"}'::int[],
  '["Coupe"]'::jsonb,
  '["Gasoline"]'::jsonb,
  '["Automatic"]'::jsonb,
  8,
  10
)

insert into public.vehicle_generations (
  id,
  model_id,
  code,
  start_year,
  end_year,
  facelift,
  production_countries,
  body_types,
  fuel_types,
  transmission_types,
  summary
)
values (
  'ed5d72c8-3ce9-3d40-e487-f77e1d591405',
  '15149feb-8925-f9b3-fe40-8671950d2ca0',
  'Series 5',
  1975,
  1976,
  false,
  '{"UK"}'::text[],
  null,
  null,
  null,
  'The final and rarest series of the 411, featuring the reduced capacity 5.9L engine and minor cosmetic refinement.'
)

insert into public.vehicle_insights (
  model_id,
  pros,
  cons,
  inspection_tips,
  notable_features,
  engine_examples,
  common_issues_by_engine,
  reliability_score,
  popularity_score
)
values (
  '15149feb-8925-f9b3-fe40-8671950d2ca0',
  '["Классический британский GT","Надежный двигатель Chrysler V8","Высокий комфорт для дальних поездок"]'::jsonb,
  '["Сильная склонность к коррозии (возраст)","Дорогие реставрационные работы","Низкая топливная экономичность"]'::jsonb,
  '["Тщательно проверить раму и шасси на ржавчину","Проверить состояние тормозной системы (часто требует капитального ремонта)","Убедиться в подлинности VIN и номеров двигателя"]'::jsonb,
  '[]'::jsonb,
  '["Chrysler 6.3L V8","Chrysler 5.9L V8"]'::jsonb,
  '[{"engine_code":"6.3 V8 (B-series)","common_issues_ru":["Проблемы с карбюратором (требует настройки)","Перегрев в летнее время (если не обновлена система охлаждения)","Износ уплотнителей и прокладок из-за возраста"]}]'::jsonb,
  null,
  null
)

insert into public.vehicle_makes (id, slug, name_en, country, segment_class, is_active, category_path)
values (
  'ba9e61a9-5966-ea83-9e69-168bdcf4f71c',
  'buddy',
  'Buddy',
  'China',
  'Electric/Compact',
  true,
  'Passenger Cars/Electric Vehicles'
)

insert into public.vehicle_models (
  id,
  make_id,
  slug,
  name_en,
  first_model_year,
  last_model_year,
  years_available,
  body_types_available,
  fuel_types_available,
  transmission_available,
  reliability_score,
  popularity_score
)
values (
  '8264cdae-afe7-9873-ae61-6a9bb5178dd2',
  'ba9e61a9-5966-ea83-9e69-168bdcf4f71c',
  'e1',
  'E1',
  2020,
  2024,
  '{"2020","2021","2022","2023","2024"}'::int[],
  '["Hatchback","Microcar"]'::jsonb,
  '["Electric"]'::jsonb,
  '["Automatic (EV single speed)"]'::jsonb,
  7.5,
  8
)

insert into public.vehicle_generations (
  id,
  model_id,
  code,
  start_year,
  end_year,
  facelift,
  production_countries,
  body_types,
  fuel_types,
  transmission_types,
  summary
)
values (
  '4231f1bd-cf00-9134-d9ef-e4735dbf9b41',
  '8264cdae-afe7-9873-ae61-6a9bb5178dd2',
  'BE1',
  2020,
  2024,
  false,
  '{"China","Hungary"}'::text[],
  null,
  null,
  null,
  'The first iteration of Buddy''s city car, focused on affordability and urban maneuverability.'
)

insert into public.vehicle_insights (
  model_id,
  pros,
  cons,
  inspection_tips,
  notable_features,
  engine_examples,
  common_issues_by_engine,
  reliability_score,
  popularity_score
)
values (
  '8264cdae-afe7-9873-ae61-6a9bb5178dd2',
  '["Affordable price","Extremely compact size","Low running costs"]'::jsonb,
  '["Short range on highway","Slow charging speed","Basic interior quality"]'::jsonb,
  '["Check battery health degradation carefully.","Inspect suspension components for rust due to urban use.","Verify functioning of the internal heating element."]'::jsonb,
  '["Compact footprint","Standard regenerative braking"]'::jsonb,
  '["45 kW Electric Motor (30 kWh battery)","60 kW Electric Motor (40 kWh battery)"]'::jsonb,
  '[{"engine_code":"EM45","common_issues_ru":["Проблемы с датчиками давления в шинах (TPMS)","Сбои мультимедийной системы","Быстрый износ тормозных колодок из-за рекуперации"]}]'::jsonb,
  null,
  null
)

insert into public.vehicle_models (
  id,
  make_id,
  slug,
  name_en,
  first_model_year,
  last_model_year,
  years_available,
  body_types_available,
  fuel_types_available,
  transmission_available,
  reliability_score,
  popularity_score
)
values (
  '439b7f05-6298-2005-75aa-c7d8c9c418e4',
  'ba9e61a9-5966-ea83-9e69-168bdcf4f71c',
  'c3',
  'C3',
  2018,
  2023,
  '{"2018","2019","2020","2021","2022","2023"}'::int[],
  '["Hatchback"]'::jsonb,
  '["Electric"]'::jsonb,
  '["Automatic (EV single speed)"]'::jsonb,
  8,
  8.5
)

insert into public.vehicle_generations (
  id,
  model_id,
  code,
  start_year,
  end_year,
  facelift,
  production_countries,
  body_types,
  fuel_types,
  transmission_types,
  summary
)
values (
  '10f0deb9-3ed1-c0a4-bb1b-3d44c72c57ad',
  '439b7f05-6298-2005-75aa-c7d8c9c418e4',
  'BC3',
  2018,
  2021,
  false,
  '{"China"}'::text[],
  null,
  null,
  null,
  'A popular compact electric hatchback, establishing Buddy in the mass market.'
)

insert into public.vehicle_generations (
  id,
  model_id,
  code,
  start_year,
  end_year,
  facelift,
  production_countries,
  body_types,
  fuel_types,
  transmission_types,
  summary
)
values (
  'f57631c9-92d9-5517-62cf-4f35c7fa1c62',
  '439b7f05-6298-2005-75aa-c7d8c9c418e4',
  'BC3 FL',
  2022,
  2023,
  true,
  '{"China"}'::text[],
  null,
  null,
  null,
  'Mid-cycle refresh introducing minor battery improvements and updated infotainment.'
)

insert into public.vehicle_insights (
  model_id,
  pros,
  cons,
  inspection_tips,
  notable_features,
  engine_examples,
  common_issues_by_engine,
  reliability_score,
  popularity_score
)
values (
  '439b7f05-6298-2005-75aa-c7d8c9c418e4',
  '["Good range for its class","Spacious interior compared to E1","Decent acceleration"]'::jsonb,
  '["Mediocre paint quality","High depreciation in early years","No fast charging support on base models"]'::jsonb,
  '["Check climate control and air conditioning functionality.","Inspect the charging port condition for damage.","Pay attention to unusual noises in the transmission (gearbox)."]'::jsonb,
  '["One-pedal driving mode","Digital cockpit display"]'::jsonb,
  '["75 kW Electric Motor (50 kWh battery)","100 kW Electric Motor (60 kWh battery)"]'::jsonb,
  '[{"engine_code":"EM75","common_issues_ru":["Износ редуктора после 100 тыс. км","Проблемы с герметичностью дверных уплотнителей","Скрипы в салоне при низких температурах"]}]'::jsonb,
  null,
  null
)

insert into public.vehicle_models (
  id,
  make_id,
  slug,
  name_en,
  first_model_year,
  last_model_year,
  years_available,
  body_types_available,
  fuel_types_available,
  transmission_available,
  reliability_score,
  popularity_score
)
values (
  '20a37709-02e3-aa84-fc64-aef4449f2e9a',
  'ba9e61a9-5966-ea83-9e69-168bdcf4f71c',
  'g5',
  'G5',
  2022,
  2024,
  '{"2022","2023","2024"}'::int[],
  '["SUV/Crossover"]'::jsonb,
  '["Electric"]'::jsonb,
  '["Automatic (EV single speed)"]'::jsonb,
  7,
  9
)

insert into public.vehicle_generations (
  id,
  model_id,
  code,
  start_year,
  end_year,
  facelift,
  production_countries,
  body_types,
  fuel_types,
  transmission_types,
  summary
)
values (
  '50d632e1-96ff-0f4f-d4fb-5b0be41a77b1',
  '20a37709-02e3-aa84-fc64-aef4449f2e9a',
  'BG5',
  2022,
  2024,
  false,
  '{"China"}'::text[],
  null,
  null,
  null,
  'Buddy''s entry into the crucial compact crossover segment, featuring modern design and improved range.'
)

insert into public.vehicle_insights (
  model_id,
  pros,
  cons,
  inspection_tips,
  notable_features,
  engine_examples,
  common_issues_by_engine,
  reliability_score,
  popularity_score
)
values (
  '20a37709-02e3-aa84-fc64-aef4449f2e9a',
  '["High ground clearance","Modern infotainment system","CCS fast charging support"]'::jsonb,
  '["High dealer maintenance cost","Insufficient sound insulation at high speeds","Limited spare parts availability"]'::jsonb,
  '["Check the functioning of the driver assistance system (ADAS).","Inspect battery mounts for signs of impact.","Ensure there is no play in the steering."]'::jsonb,
  '["Advanced driver-assistance systems (ADAS)","Panoramic sunroof option","Over-the-air software updates"]'::jsonb,
  '["120 kW Electric Motor (65 kWh battery)","150 kW Electric Motor AWD (80 kWh battery)"]'::jsonb,
  '[{"engine_code":"EM120","common_issues_ru":["Сбои в работе электронного стояночного тормоза","Проблемы с блоком управления зарядкой (OBC)","Ранний выход из строя амортизаторов"]},{"engine_code":"EM150A","common_issues_ru":["Перегрев батареи при частых циклах быстрой зарядки","Неисправности системы полного привода (AWD)","Посторонние шумы из-под передней оси"]}]'::jsonb,
  null,
  null
)

insert into public.vehicle_makes (id, slug, name_en, country, segment_class, is_active, category_path)
values (
  '2b1c44f5-55b5-d681-69fc-313775a2e36c',
  'bugatti',
  'Bugatti',
  'France',
  'Hypercar',
  true,
  'Hypercars & Exotic Sports Cars'
)

insert into public.vehicle_models (
  id,
  make_id,
  slug,
  name_en,
  first_model_year,
  last_model_year,
  years_available,
  body_types_available,
  fuel_types_available,
  transmission_available,
  reliability_score,
  popularity_score
)
values (
  'cd66d304-d815-c1c4-8c58-8336d26eb768',
  '2b1c44f5-55b5-d681-69fc-313775a2e36c',
  'veyron',
  'Veyron',
  2005,
  2015,
  '{"2005","2006","2007","2008","2009","2010","2011","2012","2013","2014","2015"}'::int[],
  '["Coupe","Roadster"]'::jsonb,
  '["Gasoline"]'::jsonb,
  '["Automatic (DSG)"]'::jsonb,
  5,
  8
)

insert into public.vehicle_generations (
  id,
  model_id,
  code,
  start_year,
  end_year,
  facelift,
  production_countries,
  body_types,
  fuel_types,
  transmission_types,
  summary
)
values (
  'e4d9682f-781a-67d5-d93d-657ff93d4025',
  'cd66d304-d815-c1c4-8c58-8336d26eb768',
  '16.4',
  2005,
  2015,
  false,
  '{"France"}'::text[],
  null,
  null,
  null,
  'The first production car to achieve speeds over 400 km/h, setting new standards for hypercars.'
)

insert into public.vehicle_insights (
  model_id,
  pros,
  cons,
  inspection_tips,
  notable_features,
  engine_examples,
  common_issues_by_engine,
  reliability_score,
  popularity_score
)
values (
  'cd66d304-d815-c1c4-8c58-8336d26eb768',
  '["Уникальный дизайн и инженерное искусство","Непревзойденная скорость и динамика","Коллекционная ценность и инвестиционный потенциал"]'::jsonb,
  '["Чрезвычайно дорогое обслуживание","Сложность ремонта","Высокий расход топлива","Очень ограниченное количество дилерских центров"]'::jsonb,
  '["Тщательно проверять историю обслуживания у официальных дилеров","Оценить состояние специальных шин Michelin PAX","Проверить работу гидравлики активного антикрыла"]'::jsonb,
  '["Carbon fiber monocoque","Permanent all-wheel drive","Active aerodynamics"]'::jsonb,
  '["8.0L W16 Quad-Turbo"]'::jsonb,
  '[{"engine_code":"8.0L W16","common_issues_ru":["Проблемы с турбокомпрессорами из-за высоких температур","Утечки масла из-за сложной системы смазки","Выход из строя датчиков давления и температуры"]}]'::jsonb,
  null,
  null
)

insert into public.vehicle_models (
  id,
  make_id,
  slug,
  name_en,
  first_model_year,
  last_model_year,
  years_available,
  body_types_available,
  fuel_types_available,
  transmission_available,
  reliability_score,
  popularity_score
)
values (
  '582710ed-ff16-fde9-5288-0147f9d223e8',
  '2b1c44f5-55b5-d681-69fc-313775a2e36c',
  'chiron',
  'Chiron',
  2016,
  2024,
  '{"2016","2017","2018","2019","2020","2021","2022","2023","2024"}'::int[],
  '["Coupe"]'::jsonb,
  '["Gasoline"]'::jsonb,
  '["Automatic (DSG)"]'::jsonb,
  6,
  9.5
)

insert into public.vehicle_generations (
  id,
  model_id,
  code,
  start_year,
  end_year,
  facelift,
  production_countries,
  body_types,
  fuel_types,
  transmission_types,
  summary
)
values (
  'ddeacf5c-46d7-fe32-e69d-37f29d8d2caf',
  '582710ed-ff16-fde9-5288-0147f9d223e8',
  'Type 300',
  2016,
  2024,
  false,
  '{"France"}'::text[],
  null,
  null,
  null,
  'Successor to the Veyron, pushing the boundaries of power with 1500+ PS.'
)

insert into public.vehicle_insights (
  model_id,
  pros,
  cons,
  inspection_tips,
  notable_features,
  engine_examples,
  common_issues_by_engine,
  reliability_score,
  popularity_score
)
values (
  '582710ed-ff16-fde9-5288-0147f9d223e8',
  '["Лидирующая мощность и динамика в классе","Максимальная эксклюзивность","Инновационные технологии и роскошный интерьер"]'::jsonb,
  '["Ограниченный тираж и недоступность","Обслуживание возможно только в специализированных центрах","Требования к качеству топлива и масла"]'::jsonb,
  '["Проверить наличие всех сертификатов подлинности","Осмотреть карбоновый монокок на предмет повреждений","Проверить систему охлаждения двигателя и тормозов"]'::jsonb,
  '["1500 PS output","Advanced thermal management system","Top speed electronically limited"]'::jsonb,
  '["8.0L W16 Quad-Turbo"]'::jsonb,
  '[{"engine_code":"8.0L W16","common_issues_ru":["Проблемы с электрическими компонентами и сложной проводкой","Высокий износ тормозных систем при активной езде","Проблемы с топливной системой высокого давления"]}]'::jsonb,
  null,
  null
)

insert into public.vehicle_models (
  id,
  make_id,
  slug,
  name_en,
  first_model_year,
  last_model_year,
  years_available,
  body_types_available,
  fuel_types_available,
  transmission_available,
  reliability_score,
  popularity_score
)
values (
  '0a07acdf-8d2a-b10a-ab04-cde89cd171d3',
  '2b1c44f5-55b5-d681-69fc-313775a2e36c',
  'eb-110',
  'EB 110',
  1991,
  1995,
  '{"1991","1992","1993","1994","1995"}'::int[],
  '["Coupe"]'::jsonb,
  '["Gasoline"]'::jsonb,
  '["Manual"]'::jsonb,
  4.5,
  7
)

insert into public.vehicle_generations (
  id,
  model_id,
  code,
  start_year,
  end_year,
  facelift,
  production_countries,
  body_types,
  fuel_types,
  transmission_types,
  summary
)
values (
  '0e0cd7dc-8980-15f9-ec88-67384c3c52a6',
  '0a07acdf-8d2a-b10a-ab04-cde89cd171d3',
  'EB 110 GT/SS',
  1991,
  1995,
  false,
  '{"Italy"}'::text[],
  null,
  null,
  null,
  'The flagship model during Bugatti''s brief Italian revival under Romano Artioli, featuring a V12 engine and all-wheel drive.'
)

insert into public.vehicle_insights (
  model_id,
  pros,
  cons,
  inspection_tips,
  notable_features,
  engine_examples,
  common_issues_by_engine,
  reliability_score,
  popularity_score
)
values (
  '0a07acdf-8d2a-b10a-ab04-cde89cd171d3',
  '["Историческая значимость","Коллекционная ценность","Чистая механика и уникальный звук V12"]'::jsonb,
  '["Очень высокая стоимость содержания и ремонта","Критический дефицит оригинальных запчастей","Устаревшая эргономика и электроника"]'::jsonb,
  '["Особое внимание уделить состоянию V12 двигателя и его четырех турбин","Проверить оригинальность кузовных панелей и углепластикового шасси","Диагностика сложной системы полного привода"]'::jsonb,
  '["First car with a quad-turbo engine","Carbon fiber chassis structure","Iconic 90s supercar design"]'::jsonb,
  '["3.5L V12 Quad-Turbo"]'::jsonb,
  '[{"engine_code":"3.5L V12","common_issues_ru":["Перегрев двигателя в условиях пробок","Поломки механической коробки передач","Проблемы с вакуумной системой управления турбинами","Проблемы с электроникой 90-х годов"]}]'::jsonb,
  null,
  null
)

insert into public.vehicle_makes (id, slug, name_en, country, segment_class, is_active, category_path)
values (
  '8ed35b28-6225-c5a9-dcc7-91d64030b374',
  'buick',
  'Buick',
  'USA',
  'Premium/Mass-market Luxury',
  true,
  'Automotive/Passenger Cars/USA'
)

insert into public.vehicle_models (
  id,
  make_id,
  slug,
  name_en,
  first_model_year,
  last_model_year,
  years_available,
  body_types_available,
  fuel_types_available,
  transmission_available,
  reliability_score,
  popularity_score
)
values (
  'f9cfae8c-88c5-d570-edea-9574f99d1cd3',
  '8ed35b28-6225-c5a9-dcc7-91d64030b374',
  'encore',
  'Encore',
  2013,
  2023,
  '{"2013","2014","2015","2016","2017","2018","2019","2020","2021","2022","2023"}'::int[],
  '["SUV"]'::jsonb,
  '["Gasoline"]'::jsonb,
  '["Automatic","Manual"]'::jsonb,
  7.5,
  8
)

insert into public.vehicle_generations (
  id,
  model_id,
  code,
  start_year,
  end_year,
  facelift,
  production_countries,
  body_types,
  fuel_types,
  transmission_types,
  summary
)
values (
  '0f29b768-5f39-ceb0-a273-a7693d3de1b5',
  'f9cfae8c-88c5-d570-edea-9574f99d1cd3',
  'J420',
  2013,
  2019,
  false,
  '{"South Korea","China"}'::text[],
  null,
  null,
  null,
  'Subcompact luxury crossover, sharing mechanicals and platform (Gamma II) with the Opel Mokka A.'
)

insert into public.vehicle_insights (
  model_id,
  pros,
  cons,
  inspection_tips,
  notable_features,
  engine_examples,
  common_issues_by_engine,
  reliability_score,
  popularity_score
)
values (
  'f9cfae8c-88c5-d570-edea-9574f99d1cd3',
  '["Компактные размеры для города","Неплохая проходимость для кроссовера","Высокий клиренс","Надежная подвеска"]'::jsonb,
  '["Тесный задний ряд","Слабоватая шумоизоляция","Высокая цена обслуживания некоторых запчастей"]'::jsonb,
  '["Проверить состояние турбины на предмет шумов и утечек масла.","Обратить внимание на работу автоматической коробки передач, особенно при переключении с первой на вторую.","Осмотреть кузов на предмет ржавчины под пластиковыми накладками колесных арок."]'::jsonb,
  '["QuietTuning technology","Standard 1.4L Turbo engine","Available AWD system"]'::jsonb,
  '["1.4L I4 Turbo (LUV)","1.6L I4 Turbo (LWE)"]'::jsonb,
  '[{"engine_code":"LUV (1.4L Turbo)","common_issues_ru":["Проблемы с теплообменником","Утечки антифриза","Выход из строя модуля зажигания","Перегрев в тяжелых условиях"]}]'::jsonb,
  null,
  null
)

insert into public.vehicle_models (
  id,
  make_id,
  slug,
  name_en,
  first_model_year,
  last_model_year,
  years_available,
  body_types_available,
  fuel_types_available,
  transmission_available,
  reliability_score,
  popularity_score
)
values (
  '3e2e5245-c052-8c91-14c4-fc85c5f9c232',
  '8ed35b28-6225-c5a9-dcc7-91d64030b374',
  'regal',
  'Regal',
  2011,
  2020,
  '{"2011","2012","2013","2014","2015","2016","2017","2018","2019","2020"}'::int[],
  '["Sedan","Hatchback","Wagon"]'::jsonb,
  '["Gasoline","Diesel"]'::jsonb,
  '["Automatic","Manual"]'::jsonb,
  7.8,
  7
)

insert into public.vehicle_generations (
  id,
  model_id,
  code,
  start_year,
  end_year,
  facelift,
  production_countries,
  body_types,
  fuel_types,
  transmission_types,
  summary
)
values (
  'b24138de-dc95-fad7-6436-4597724a3b39',
  '3e2e5245-c052-8c91-14c4-fc85c5f9c232',
  'Epsilon II',
  2011,
  2017,
  false,
  '{"Canada","Germany"}'::text[],
  null,
  null,
  null,
  'Fifth generation Regal, a rebadged version of the European Opel Insignia A, built on the Epsilon II platform.'
)

insert into public.vehicle_insights (
  model_id,
  pros,
  cons,
  inspection_tips,
  notable_features,
  engine_examples,
  common_issues_by_engine,
  reliability_score,
  popularity_score
)
values (
  '3e2e5245-c052-8c91-14c4-fc85c5f9c232',
  '["Комфортная подвеска","Отличная управляемость","Богатая комплектация","Стильный европейский дизайн"]'::jsonb,
  '["Дорогой ремонт турбированных моторов","Слабые места в электронике","Быстрый износ тормозных дисков","Чувствительность к качеству топлива"]'::jsonb,
  '["Обязательно проверить состояние цепи ГРМ на 2.0T.","Проверить работу всех электрических систем и датчиков.","Оценить состояние рулевой рейки на предмет стуков и люфтов."]'::jsonb,
  '["Sporty handling (especially GS trim)","Adaptive suspension (FlexRide)","Rebadge popularity in Europe (Opel Insignia)"]'::jsonb,
  '["2.0L I4 Turbo (LHU)","2.4L I4 (LAF/LE5)"]'::jsonb,
  '[{"engine_code":"LHU (2.0L Turbo)","common_issues_ru":["Проблемы с цепью ГРМ (особенно ранние выпуски)","Трещины в выпускном коллекторе","Высокий расход масла после 100 000 км","Выход из строя ТНВД"]}]'::jsonb,
  null,
  null
)

insert into public.vehicle_models (
  id,
  make_id,
  slug,
  name_en,
  first_model_year,
  last_model_year,
  years_available,
  body_types_available,
  fuel_types_available,
  transmission_available,
  reliability_score,
  popularity_score
)
values (
  'b9f9c6fa-f161-a9d0-31a5-051d684b35cb',
  '8ed35b28-6225-c5a9-dcc7-91d64030b374',
  'lacrosse',
  'LaCrosse',
  2005,
  2019,
  '{"2005","2006","2007","2008","2009","2010","2011","2012","2013","2014","2015","2016","2017","2018","2019"}'::int[],
  '["Sedan"]'::jsonb,
  '["Gasoline"]'::jsonb,
  '["Automatic"]'::jsonb,
  8.5,
  6.5
)

insert into public.vehicle_generations (
  id,
  model_id,
  code,
  start_year,
  end_year,
  facelift,
  production_countries,
  body_types,
  fuel_types,
  transmission_types,
  summary
)
values (
  '3ab2a8b9-f7c5-a7de-b98d-88d2ad9a68c4',
  'b9f9c6fa-f161-a9d0-31a5-051d684b35cb',
  'Epsilon II',
  2010,
  2016,
  true,
  '{"China","USA"}'::text[],
  null,
  null,
  null,
  'Second generation, a large premium sedan based on the global Epsilon II platform, known for its spaciousness and quiet ride.'
)

insert into public.vehicle_insights (
  model_id,
  pros,
  cons,
  inspection_tips,
  notable_features,
  engine_examples,
  common_issues_by_engine,
  reliability_score,
  popularity_score
)
values (
  'b9f9c6fa-f161-a9d0-31a5-051d684b35cb',
  '["Очень плавный и комфортный ход","Просторный салон","Надежные атмосферные двигатели (если следить за цепью)","Хорошая шумоизоляция"]'::jsonb,
  '["Большой расход топлива (особенно V6)","Дороговизна кузовных запчастей","Проблемы с гидроусилителем руля (электрическим)","Небольшой клиренс для СНГ"]'::jsonb,
  '["Внимательно прослушать двигатель на предмет шума цепи ГРМ.","Проверить работу всех датчиков и электроники в салоне.","Осмотреть состояние хромированных элементов (склонны к коррозии)."]'::jsonb,
  '["Ultra-quiet cabin environment","Available eAssist mild hybrid system","Luxurious ride quality"]'::jsonb,
  '["3.6L V6 (LFX)","2.4L I4 (LAF)"]'::jsonb,
  '[{"engine_code":"LFX (3.6L V6)","common_issues_ru":["Растяжение цепи ГРМ (требуется дорогостоящая замена)","Накопление нагара на клапанах (из-за прямого впрыска)","Вибрации на холостом ходу","Сбои в работе системы VVT"]}]'::jsonb,
  null,
  null
)

insert into public.vehicle_makes (id, slug, name_en, country, segment_class, is_active, category_path)
values (
  '4f9706a5-98df-7ab2-db2f-e471ef592e04',
  'byton',
  'Byton',
  'China',
  'E (Executive/Large SUV)',
  false,
  '/passenger/electric/'
)

insert into public.vehicle_models (
  id,
  make_id,
  slug,
  name_en,
  first_model_year,
  last_model_year,
  years_available,
  body_types_available,
  fuel_types_available,
  transmission_available,
  reliability_score,
  popularity_score
)
values (
  '783ea482-347e-33d9-9bcf-63732ea6fa88',
  '4f9706a5-98df-7ab2-db2f-e471ef592e04',
  'm-byte',
  'M-Byte',
  2021,
  2022,
  '{"2021","2022"}'::int[],
  '["SUV","Crossover"]'::jsonb,
  '["Electric"]'::jsonb,
  '["Automatic (Single Speed)"]'::jsonb,
  6,
  5
)

insert into public.vehicle_generations (
  id,
  model_id,
  code,
  start_year,
  end_year,
  facelift,
  production_countries,
  body_types,
  fuel_types,
  transmission_types,
  summary
)
values (
  '8cdaf203-45b4-c6c9-b861-fbe042e3d555',
  '783ea482-347e-33d9-9bcf-63732ea6fa88',
  'Gen I',
  2021,
  2022,
  false,
  '{"China"}'::text[],
  null,
  null,
  null,
  'The initial production intent model, known for its massive 48-inch Shared Experience Display (SED) and focus on connectivity, although mass production never fully materialized due to financial issues.'
)

insert into public.vehicle_insights (
  model_id,
  pros,
  cons,
  inspection_tips,
  notable_features,
  engine_examples,
  common_issues_by_engine,
  reliability_score,
  popularity_score
)
values (
  '783ea482-347e-33d9-9bcf-63732ea6fa88',
  '["Футуристический и привлекательный дизайн","Инновационный и просторный салон","Высокий уровень оснащения и технологий (на момент анонса)"]'::jsonb,
  '["Компания находится в стадии реструктуризации, что означает отсутствие официальной поддержки","Запчасти и обслуживание крайне ограничены","Непроверенная долгосрочная надежность электроники и батареи"]'::jsonb,
  '["Тщательно проверьте работу гигантского дисплея на наличие битых пикселей и сбоев","Проверьте историю сервисного обслуживания, если она существует (особенно обновления ПО)","Оцените состояние батареи и убедитесь в отсутствии ошибок BMS (Battery Management System)"]'::jsonb,
  '["48-inch Shared Experience Display (SED)","Facial Recognition Access","Integration of Amazon Alexa services","L3 Autonomous Driving readiness"]'::jsonb,
  '["72 kWh Single Motor RWD (272 hp)","95 kWh Dual Motor AWD (408 hp)"]'::jsonb,
  '[{"engine_code":"M72 (72 kWh RWD)","common_issues_ru":["Проблемы с зарядным портом и управлением температурой батареи","Сбои в работе информационно-развлекательной системы (SED)","Необходимость частых обновлений программного обеспечения"]},{"engine_code":"M95 (95 kWh AWD)","common_issues_ru":["Потенциальные неисправности контроллеров мощности и полный привод","Высокий расход энергии в режиме ожидания","Медленный отклик большого дисплея"]}]'::jsonb,
  null,
  null
)

insert into public.vehicle_models (
  id,
  make_id,
  slug,
  name_en,
  first_model_year,
  last_model_year,
  years_available,
  body_types_available,
  fuel_types_available,
  transmission_available,
  reliability_score,
  popularity_score
)
values (
  '27db8ea2-3ef1-a40d-b9f1-47399dd8180d',
  '4f9706a5-98df-7ab2-db2f-e471ef592e04',
  'k-byte',
  'K-Byte',
  2025,
  2025,
  null,
  '["Sedan"]'::jsonb,
  '["Electric"]'::jsonb,
  '["Automatic (Single Speed)"]'::jsonb,
  0,
  10
)

insert into public.vehicle_insights (
  model_id,
  pros,
  cons,
  inspection_tips,
  notable_features,
  engine_examples,
  common_issues_by_engine,
  reliability_score,
  popularity_score
)
values (
  '27db8ea2-3ef1-a40d-b9f1-47399dd8180d',
  '["Элегантный дизайн седана","Концептуальное внедрение автономных технологий"]'::jsonb,
  '["Является исключительно концептом, не выпущен в серию","Любая техническая информация спекулятивна"]'::jsonb,
  '["Только выставочные образцы, не применим"]'::jsonb,
  '["Sleek sedan profile","Integration of LiDAR sensors for advanced autonomy"]'::jsonb,
  '["Hypothetical Dual Motor Setup"]'::jsonb,
  '[]'::jsonb,
  null,
  null
)

insert into public.vehicle_models (
  id,
  make_id,
  slug,
  name_en,
  first_model_year,
  last_model_year,
  years_available,
  body_types_available,
  fuel_types_available,
  transmission_available,
  reliability_score,
  popularity_score
)
values (
  'b6501b69-05b8-bd7f-3442-af8213dcd131',
  '4f9706a5-98df-7ab2-db2f-e471ef592e04',
  'b-byte',
  'B-Byte',
  2026,
  2026,
  null,
  '["Compact SUV"]'::jsonb,
  '["Electric"]'::jsonb,
  '["Automatic (Single Speed)"]'::jsonb,
  0,
  5
)

insert into public.vehicle_insights (
  model_id,
  pros,
  cons,
  inspection_tips,
  notable_features,
  engine_examples,
  common_issues_by_engine,
  reliability_score,
  popularity_score
)
values (
  'b6501b69-05b8-bd7f-3442-af8213dcd131',
  '["Предполагаемая доступность","Подходил бы для городского использования"]'::jsonb,
  '["Существовал только в планах компании","Нет данных о производстве"]'::jsonb,
  '["Не применим"]'::jsonb,
  '["Smaller footprint than M-Byte","Aimed at urban commuters"]'::jsonb,
  '["Hypothetical Single Motor Setup"]'::jsonb,
  '[]'::jsonb,
  null,
  null
)

insert into public.vehicle_makes (id, slug, name_en, country, segment_class, is_active, category_path)
values (
  '0c22505e-5c57-fe74-827b-06e210370ad2',
  'cadillac',
  'Cadillac',
  'USA',
  'Luxury',
  true,
  'Luxury Vehicles'
)

insert into public.vehicle_models (
  id,
  make_id,
  slug,
  name_en,
  first_model_year,
  last_model_year,
  years_available,
  body_types_available,
  fuel_types_available,
  transmission_available,
  reliability_score,
  popularity_score
)
values (
  '9cf9d891-e277-bec4-a3d0-0faacdf3f8e5',
  '0c22505e-5c57-fe74-827b-06e210370ad2',
  'escalade',
  'Escalade',
  1999,
  2024,
  '{"2015","2016","2017","2018","2019","2020","2021","2022","2023","2024"}'::int[],
  '["SUV","Truck"]'::jsonb,
  '["Gasoline"]'::jsonb,
  '["Automatic"]'::jsonb,
  6,
  9
)

insert into public.vehicle_generations (
  id,
  model_id,
  code,
  start_year,
  end_year,
  facelift,
  production_countries,
  body_types,
  fuel_types,
  transmission_types,
  summary
)
values (
  '9bdb0565-e7f2-1169-ccf5-6ceafc9e0ad4',
  '9cf9d891-e277-bec4-a3d0-0faacdf3f8e5',
  'GMT K2XX',
  2015,
  2020,
  false,
  '{"USA"}'::text[],
  null,
  null,
  null,
  'The fourth-generation Escalade was built on the GMT K2XX platform, featuring a massive 6.2L V8 engine and increased luxury and technology, making it extremely popular in key markets.'
)

insert into public.vehicle_insights (
  model_id,
  pros,
  cons,
  inspection_tips,
  notable_features,
  engine_examples,
  common_issues_by_engine,
  reliability_score,
  popularity_score
)
values (
  '9cf9d891-e277-bec4-a3d0-0faacdf3f8e5',
  '["Мощный двигатель V8 и динамика.","Высокий уровень комфорта и простора.","Высокий престиж и заметность на дороге."]'::jsonb,
  '["Очень высокий расход топлива.","Дорогое обслуживание и налоги.","Сложная и дорогая в ремонте подвеска Magnetic Ride Control."]'::jsonb,
  '["Проверьте амортизаторы Magnetic Ride Control на предмет утечек.","Осмотрите уровень трансмиссионной жидкости, особенно на машинах с большим пробегом.","Прислушайтесь к стукам в передней части привода."]'::jsonb,
  '["Magnetic Ride Control","CUE Infotainment System","High Definition LED Lighting"]'::jsonb,
  '["6.2L V8 L86","6.2L V8 L87"]'::jsonb,
  '[{"engine_code":"L86 (6.2L V8)","common_issues_ru":["Проблемы с гидрокомпенсаторами и системой AFM (Active Fuel Management).","Утечки масла из-под крышки ГРМ.","Неисправности топливного насоса высокого давления."]}]'::jsonb,
  null,
  null
)

insert into public.vehicle_models (
  id,
  make_id,
  slug,
  name_en,
  first_model_year,
  last_model_year,
  years_available,
  body_types_available,
  fuel_types_available,
  transmission_available,
  reliability_score,
  popularity_score
)
values (
  '334bf4cd-ee7e-2143-cb96-a2dbd5090d38',
  '0c22505e-5c57-fe74-827b-06e210370ad2',
  'cts',
  'CTS',
  2003,
  2019,
  '{"2014","2015","2016","2017","2018","2019"}'::int[],
  '["Sedan"]'::jsonb,
  '["Gasoline"]'::jsonb,
  '["Automatic"]'::jsonb,
  7,
  6
)

insert into public.vehicle_generations (
  id,
  model_id,
  code,
  start_year,
  end_year,
  facelift,
  production_countries,
  body_types,
  fuel_types,
  transmission_types,
  summary
)
values (
  'd1fb264a-5aa6-e79a-ea2d-2248c799ad14',
  '334bf4cd-ee7e-2143-cb96-a2dbd5090d38',
  'Alpha Platform',
  2014,
  2019,
  true,
  '{"USA"}'::text[],
  null,
  null,
  null,
  'The third generation CTS was built on the lightweight Alpha platform, offering sharper handling and superior dynamics compared to previous models.'
)

insert into public.vehicle_insights (
  model_id,
  pros,
  cons,
  inspection_tips,
  notable_features,
  engine_examples,
  common_issues_by_engine,
  reliability_score,
  popularity_score
)
values (
  '334bf4cd-ee7e-2143-cb96-a2dbd5090d38',
  '["Отличная управляемость и динамика.","Стильный, агрессивный дизайн.","Качественные материалы отделки салона."]'::jsonb,
  '["Тесное заднее пространство по сравнению с европейскими конкурентами.","Низкая ликвидность на вторичном рынке СНГ.","Медленная и глючная мультимедийная система CUE."]'::jsonb,
  '["Проверьте состояние турбокомпрессора на 2.0T моделях.","Осмотрите работу дисплея CUE на предмет \"залипаний\" и нерабочих зон.","Проверьте подвеску на предмет износа сайлентблоков."]'::jsonb,
  '["Near 50/50 weight distribution","Brembo Brakes"]'::jsonb,
  '["2.0L Turbo LTG","3.6L V6 LGX"]'::jsonb,
  '[{"engine_code":"LTG (2.0L Turbo)","common_issues_ru":["Повышенный расход масла и загрязнение впускного коллектора.","Недолговечные катушки зажигания и свечи.","Сбои в работе системы охлаждения."]}]'::jsonb,
  null,
  null
)

insert into public.vehicle_models (
  id,
  make_id,
  slug,
  name_en,
  first_model_year,
  last_model_year,
  years_available,
  body_types_available,
  fuel_types_available,
  transmission_available,
  reliability_score,
  popularity_score
)
values (
  'baf21f93-d933-2fff-5e8f-547fe6f3779b',
  '0c22505e-5c57-fe74-827b-06e210370ad2',
  'srx',
  'SRX',
  2004,
  2016,
  '{"2010","2011","2012","2013","2014","2015","2016"}'::int[],
  '["Crossover"]'::jsonb,
  '["Gasoline"]'::jsonb,
  '["Automatic"]'::jsonb,
  7,
  7
)

insert into public.vehicle_generations (
  id,
  model_id,
  code,
  start_year,
  end_year,
  facelift,
  production_countries,
  body_types,
  fuel_types,
  transmission_types,
  summary
)
values (
  '82ed1ee1-ec31-1729-5a1a-eef1425c9d49',
  'baf21f93-d933-2fff-5e8f-547fe6f3779b',
  'GMT166',
  2010,
  2016,
  true,
  '{"USA","Mexico"}'::text[],
  null,
  null,
  null,
  'The second generation SRX was a major shift, moving to a traditional luxury crossover form factor and becoming Cadillac''s highest volume model globally.'
)

insert into public.vehicle_insights (
  model_id,
  pros,
  cons,
  inspection_tips,
  notable_features,
  engine_examples,
  common_issues_by_engine,
  reliability_score,
  popularity_score
)
values (
  'baf21f93-d933-2fff-5e8f-547fe6f3779b',
  '["Комфортная и мягкая подвеска.","Надежная система полного привода.","Просторный салон и большой багажник."]'::jsonb,
  '["Масса автомобиля негативно сказывается на динамике.","Плохая обзорность из-за массивных стоек.","Проблемы с протечками через дренажные отверстия панорамной крыши."]'::jsonb,
  '["Проверьте на шум, указывающий на растяжение цепи ГРМ (актуально для LFX).","Осмотрите панорамную крышу UltraView на предмет засоров и протечек.","Убедитесь в правильной работе электронного стояночного тормоза."]'::jsonb,
  '["UltraView Sunroof","Adaptive Forward Lighting"]'::jsonb,
  '["3.0L V6 LF1","3.6L V6 LFX"]'::jsonb,
  '[{"engine_code":"LFX (3.6L V6)","common_issues_ru":["Износ цепи ГРМ (особенно до 2012 года).","Сбои в работе топливной системы.","Выход из строя водяного насоса."]}]'::jsonb,
  null,
  null
)

insert into public.vehicle_makes (id, slug, name_en, country, segment_class, is_active, category_path)
values (
  '38f18415-0361-ed37-d6df-493a58106953',
  'caterham',
  'Caterham',
  'UK',
  'Sport Car',
  true,
  'Sports/Roadster'
)

insert into public.vehicle_models (
  id,
  make_id,
  slug,
  name_en,
  first_model_year,
  last_model_year,
  years_available,
  body_types_available,
  fuel_types_available,
  transmission_available,
  reliability_score,
  popularity_score
)
values (
  'e4e845c1-c339-ea3b-a501-d4e086fe90f1',
  '38f18415-0361-ed37-d6df-493a58106953',
  'seven-420',
  'Seven 420',
  2015,
  2024,
  '{"2015","2016","2017","2018","2019","2020","2021","2022","2023","2024"}'::int[],
  '["Roadster"]'::jsonb,
  '["Gasoline"]'::jsonb,
  '["Manual"]'::jsonb,
  7.5,
  8
)

insert into public.vehicle_generations (
  id,
  model_id,
  code,
  start_year,
  end_year,
  facelift,
  production_countries,
  body_types,
  fuel_types,
  transmission_types,
  summary
)
values (
  '3de09444-dffc-9531-34da-a705e52f024a',
  'e4e845c1-c339-ea3b-a501-d4e086fe90f1',
  'SV/S5',
  2015,
  2024,
  false,
  '{"UK"}'::text[],
  null,
  null,
  null,
  'High-performance track day focused variant, often utilizing the wider SV chassis.'
)

insert into public.vehicle_insights (
  model_id,
  pros,
  cons,
  inspection_tips,
  notable_features,
  engine_examples,
  common_issues_by_engine,
  reliability_score,
  popularity_score
)
values (
  'e4e845c1-c339-ea3b-a501-d4e086fe90f1',
  '["Исключительная динамика","Низкий вес","Точное управление"]'::jsonb,
  '["Крайне непрактичен для ежедневного использования","Высокая цена обслуживания","Отсутствие комфорта"]'::jsonb,
  '["Проверить состояние шасси на предмет трещин от трекового использования","Осмотр подвески и ШРУСов","Проверка документов на предмет заводской сборки или комплекта DIY"]'::jsonb,
  '["Lightweight construction","Sequential gearbox option","Adjustable suspension"]'::jsonb,
  '["Ford Duratec 2.0L (210 hp)"]'::jsonb,
  '[{"engine_code":"Ford Duratec 2.0L","common_issues_ru":["Износ цепи ГРМ при агрессивной эксплуатации","Проблемы с датчиками положения коленвала","Утечки масла"]}]'::jsonb,
  null,
  null
)

insert into public.vehicle_models (
  id,
  make_id,
  slug,
  name_en,
  first_model_year,
  last_model_year,
  years_available,
  body_types_available,
  fuel_types_available,
  transmission_available,
  reliability_score,
  popularity_score
)
values (
  'ed9bb672-af16-d25e-f485-40b713bf17bb',
  '38f18415-0361-ed37-d6df-493a58106953',
  'seven-310',
  'Seven 310',
  2017,
  2024,
  '{"2017","2018","2019","2020","2021","2022","2023","2024"}'::int[],
  '["Roadster"]'::jsonb,
  '["Gasoline"]'::jsonb,
  '["Manual"]'::jsonb,
  8,
  8.5
)

insert into public.vehicle_generations (
  id,
  model_id,
  code,
  start_year,
  end_year,
  facelift,
  production_countries,
  body_types,
  fuel_types,
  transmission_types,
  summary
)
values (
  '79ff924d-1c3f-cf26-7264-a45a478ad48d',
  'ed9bb672-af16-d25e-f485-40b713bf17bb',
  'S3',
  2017,
  2024,
  false,
  '{"UK"}'::text[],
  null,
  null,
  null,
  'The balanced performance variant, widely considered the sweet spot for road and occasional track use.'
)

insert into public.vehicle_insights (
  model_id,
  pros,
  cons,
  inspection_tips,
  notable_features,
  engine_examples,
  common_issues_by_engine,
  reliability_score,
  popularity_score
)
values (
  'ed9bb672-af16-d25e-f485-40b713bf17bb',
  '["Идеальный баланс мощности и веса","Надежный двигатель","Низкие эксплуатационные расходы (относительно)"]'::jsonb,
  '["Минимальная защита от непогоды","Труднодоступность запчастей в СНГ","Низкий клиренс"]'::jsonb,
  '["Проверка на наличие коррозии на трубчатом каркасе (особенно на ранних моделях)","Осмотр дифференциала на предмет люфта","Проверка состояния тормозной системы, часто подверженной перегреву"]'::jsonb,
  '["Simple electrical system","Excellent handling characteristics","Often built from a kit"]'::jsonb,
  '["Ford Sigma 1.6L (152 hp)"]'::jsonb,
  '[{"engine_code":"Ford Sigma 1.6L","common_issues_ru":["Выход из строя термостата","Неисправности системы зажигания","Повышенный расход масла при нагрузках"]}]'::jsonb,
  null,
  null
)

insert into public.vehicle_models (
  id,
  make_id,
  slug,
  name_en,
  first_model_year,
  last_model_year,
  years_available,
  body_types_available,
  fuel_types_available,
  transmission_available,
  reliability_score,
  popularity_score
)
values (
  '25e23f11-0536-46e2-1c55-cefabdc15ba8',
  '38f18415-0361-ed37-d6df-493a58106953',
  'seven-170',
  'Seven 170',
  2021,
  2024,
  '{"2021","2022","2023","2024"}'::int[],
  '["Roadster"]'::jsonb,
  '["Gasoline"]'::jsonb,
  '["Manual"]'::jsonb,
  8.5,
  7
)

insert into public.vehicle_generations (
  id,
  model_id,
  code,
  start_year,
  end_year,
  facelift,
  production_countries,
  body_types,
  fuel_types,
  transmission_types,
  summary
)
values (
  '9ce261da-0f76-2b58-ec73-8b441bbf99d6',
  '25e23f11-0536-46e2-1c55-cefabdc15ba8',
  'R170',
  2021,
  2024,
  false,
  '{"UK"}'::text[],
  null,
  null,
  null,
  'The lightest and most compact modern Caterham, derived from the Japanese Kei car regulations using a small turbocharged Suzuki engine.'
)

insert into public.vehicle_insights (
  model_id,
  pros,
  cons,
  inspection_tips,
  notable_features,
  engine_examples,
  common_issues_by_engine,
  reliability_score,
  popularity_score
)
values (
  '25e23f11-0536-46e2-1c55-cefabdc15ba8',
  '["Самый легкий Caterham","Исключительная экономичность","Подходит для узких европейских дорог"]'::jsonb,
  '["Очень малая мощность для трассы","Отсутствие АБС и систем стабилизации","Тесный кокпит"]'::jsonb,
  '["Проверить состояние турбины, особенно после длительной стоянки","Осмотр электрики (проводка очень минималистична)","Убедиться в отсутствии следов воды в салоне"]'::jsonb,
  '["Kei car size dimensions","Suzuki turbocharged engine","Low emissions"]'::jsonb,
  '["Suzuki R06A 0.66L Turbo"]'::jsonb,
  '[{"engine_code":"Suzuki R06A 0.66L T","common_issues_ru":["Необходимость частого обслуживания турбокомпрессора","Потенциальный перегрев при высоких нагрузках","Слабые крепления выхлопной системы"]}]'::jsonb,
  null,
  null
)

insert into public.vehicle_makes (id, slug, name_en, country, segment_class, is_active, category_path)
values (
  'b600f98c-7939-0428-52ce-becdfc4330e3',
  'chery',
  'Chery',
  'China',
  'Mass Market Crossover/SUV',
  true,
  'Asia/China'
)

insert into public.vehicle_models (
  id,
  make_id,
  slug,
  name_en,
  first_model_year,
  last_model_year,
  years_available,
  body_types_available,
  fuel_types_available,
  transmission_available,
  reliability_score,
  popularity_score
)
values (
  '6bdc845f-6e92-be4c-02c4-e5fb774d5375',
  'b600f98c-7939-0428-52ce-becdfc4330e3',
  'tiggo-7-pro',
  'Tiggo 7 Pro',
  2020,
  2024,
  '{"2020","2021","2022","2023","2024"}'::int[],
  '["SUV/Crossover"]'::jsonb,
  '["Gasoline"]'::jsonb,
  '["CVT"]'::jsonb,
  7.5,
  9
)

insert into public.vehicle_generations (
  id,
  model_id,
  code,
  start_year,
  end_year,
  facelift,
  production_countries,
  body_types,
  fuel_types,
  transmission_types,
  summary
)
values (
  'eec0a2b3-3660-8d16-11cb-476a152af44a',
  '6bdc845f-6e92-be4c-02c4-e5fb774d5375',
  'T1X',
  2020,
  2024,
  false,
  '{"China","Russia"}'::text[],
  null,
  null,
  null,
  'The Tiggo 7 Pro is a modern compact crossover characterized by a high level of equipment and striking design, targeting the budget-conscious SUV buyer.'
)

insert into public.vehicle_insights (
  model_id,
  pros,
  cons,
  inspection_tips,
  notable_features,
  engine_examples,
  common_issues_by_engine,
  reliability_score,
  popularity_score
)
values (
  '6bdc845f-6e92-be4c-02c4-e5fb774d5375',
  '["Modern design","Rich standard equipment","Spacious interior"]'::jsonb,
  '["CVT reliability concerns under heavy load","High fuel consumption for the 1.5T engine","Average noise insulation"]'::jsonb,
  '["Check CVT for fluid leaks and harsh shifting.","Examine paint quality, especially around wheel arches.","Verify complex electronics and infotainment system functionality."]'::jsonb,
  '["Panoramic roof option","Digital instrument cluster","LED matrix headlights"]'::jsonb,
  '["1.5L Turbo (SQRE4T15C)","1.6L Turbo (SQRF4J16)"]'::jsonb,
  '[{"engine_code":"SQRE4T15C","common_issues_ru":["Проблемы с датчиком давления масла","Требует качественного топлива (не ниже АИ-95)","Турбонагнетатель чувствителен к перегреву"]}]'::jsonb,
  null,
  null
)

insert into public.vehicle_models (
  id,
  make_id,
  slug,
  name_en,
  first_model_year,
  last_model_year,
  years_available,
  body_types_available,
  fuel_types_available,
  transmission_available,
  reliability_score,
  popularity_score
)
values (
  '51cd0770-bf50-889a-78c0-a8a1036a8d61',
  'b600f98c-7939-0428-52ce-becdfc4330e3',
  'tiggo-8-pro',
  'Tiggo 8 Pro',
  2020,
  2024,
  '{"2020","2021","2022","2023","2024"}'::int[],
  '["Mid-size SUV (7-seater)"]'::jsonb,
  '["Gasoline"]'::jsonb,
  '["DCT","CVT"]'::jsonb,
  7,
  8.5
)

insert into public.vehicle_generations (
  id,
  model_id,
  code,
  start_year,
  end_year,
  facelift,
  production_countries,
  body_types,
  fuel_types,
  transmission_types,
  summary
)
values (
  '3fe1a876-565e-90ff-aafa-05bb4ec8556e',
  '51cd0770-bf50-889a-78c0-a8a1036a8d61',
  'T1D',
  2020,
  2024,
  true,
  '{"China"}'::text[],
  null,
  null,
  null,
  'The flagship crossover, offering 7 seats, premium finishing for its class, and advanced driver assistance systems, competitive in the large family SUV segment.'
)

insert into public.vehicle_insights (
  model_id,
  pros,
  cons,
  inspection_tips,
  notable_features,
  engine_examples,
  common_issues_by_engine,
  reliability_score,
  popularity_score
)
values (
  '51cd0770-bf50-889a-78c0-a8a1036a8d61',
  '["Spacious seven-seater cabin","Smooth ride quality","High level of features and comfort"]'::jsonb,
  '["Interior prone to wear quickly","DCT gearbox requires complex maintenance","High tax rate on powerful versions"]'::jsonb,
  '["Test DCT for jerks at low speeds.","Inspect suspension components for wear, especially rear components.","Check for moisture in headlights and taillights."]'::jsonb,
  '["Triple screen setup","Third row seating","Sony sound system option"]'::jsonb,
  '["2.0L Turbo (SQRF4J20)","1.6L Turbo (SQRF4J16)"]'::jsonb,
  '[{"engine_code":"SQRF4J16","common_issues_ru":["Повышенный расход масла на ранних версиях","Накопление нагара на клапанах (прямой впрыск)","Чувствительность топливной системы к качеству бензина"]}]'::jsonb,
  null,
  null
)

insert into public.vehicle_models (
  id,
  make_id,
  slug,
  name_en,
  first_model_year,
  last_model_year,
  years_available,
  body_types_available,
  fuel_types_available,
  transmission_available,
  reliability_score,
  popularity_score
)
values (
  '136fbe82-de9d-8edc-41cd-e64d5b5d9c8a',
  'b600f98c-7939-0428-52ce-becdfc4330e3',
  'tiggo-4-pro',
  'Tiggo 4 Pro',
  2022,
  2024,
  '{"2022","2023","2024"}'::int[],
  '["Compact SUV"]'::jsonb,
  '["Gasoline"]'::jsonb,
  '["CVT","Manual"]'::jsonb,
  8,
  8.8
)

insert into public.vehicle_generations (
  id,
  model_id,
  code,
  start_year,
  end_year,
  facelift,
  production_countries,
  body_types,
  fuel_types,
  transmission_types,
  summary
)
values (
  'e32ff396-e44e-c922-193b-a59a91cc8183',
  '136fbe82-de9d-8edc-41cd-e64d5b5d9c8a',
  'T19',
  2022,
  2024,
  true,
  '{"China","Brazil"}'::text[],
  null,
  null,
  null,
  'A restyled and modernized version of the Tiggo 4, focusing on a youthful demographic with updated styling and improved interior technology, positioned as a budget urban SUV.'
)

insert into public.vehicle_insights (
  model_id,
  pros,
  cons,
  inspection_tips,
  notable_features,
  engine_examples,
  common_issues_by_engine,
  reliability_score,
  popularity_score
)
values (
  '136fbe82-de9d-8edc-41cd-e64d5b5d9c8a',
  '["Compactness suitable for city driving","Attractive starting price point","Reliable naturally aspirated 1.5L engine in base trims"]'::jsonb,
  '["Cramped rear seats","Lack of dynamics with the naturally aspirated engine","Some earlier models showed rust susceptibility"]'::jsonb,
  '["Check manual transmission for shifting precision.","Assess the condition of the underbody for rust, especially weld points.","Verify brake pad wear, as consumables can wear quickly."]'::jsonb,
  '["Large central infotainment screen","Modern aggressive styling","Keyless entry and remote start"]'::jsonb,
  '["1.5L Naturally Aspirated (SQRE4G15B)","1.5L Turbo (SQRE4T15B)"]'::jsonb,
  '[{"engine_code":"SQRE4G15B","common_issues_ru":["Вибрации на холостом ходу","Проблемы с термостатом и системой охлаждения","Возможный выход из строя катушек зажигания"]}]'::jsonb,
  null,
  null
)

insert into public.vehicle_makes (id, slug, name_en, country, segment_class, is_active, category_path)
values (
  '1e5027ff-046d-f323-a185-dfecab4695be',
  'chevrolet',
  'Chevrolet',
  'USA',
  'Mass Market',
  true,
  'Passenger Vehicles'
)

insert into public.vehicle_models (
  id,
  make_id,
  slug,
  name_en,
  first_model_year,
  last_model_year,
  years_available,
  body_types_available,
  fuel_types_available,
  transmission_available,
  reliability_score,
  popularity_score
)
values (
  'd6695b16-5356-1d78-2d95-8f30750e3af0',
  '1e5027ff-046d-f323-a185-dfecab4695be',
  'cruze',
  'Cruze',
  2008,
  2016,
  '{"2008","2009","2010","2011","2012","2013","2014","2015","2016"}'::int[],
  '["Sedan","Hatchback","Wagon"]'::jsonb,
  '["Gasoline","Diesel"]'::jsonb,
  '["Manual","Automatic"]'::jsonb,
  7.5,
  9
)

insert into public.vehicle_generations (
  id,
  model_id,
  code,
  start_year,
  end_year,
  facelift,
  production_countries,
  body_types,
  fuel_types,
  transmission_types,
  summary
)
values (
  '4a1f0d89-e4bc-7106-b0d7-9356dd9bf6ee',
  'd6695b16-5356-1d78-2d95-8f30750e3af0',
  'J300',
  2008,
  2016,
  false,
  '{"South Korea","Russia","USA","China"}'::text[],
  null,
  null,
  null,
  'The first generation Cruze, built on the Delta II platform, was crucial for Chevrolet''s global strategy, replacing the Cobalt and Lacetti in many markets.'
)

insert into public.vehicle_generations (
  id,
  model_id,
  code,
  start_year,
  end_year,
  facelift,
  production_countries,
  body_types,
  fuel_types,
  transmission_types,
  summary
)
values (
  '167e1053-9e3d-e7a6-396e-5700bdaef5b1',
  'd6695b16-5356-1d78-2d95-8f30750e3af0',
  'J308',
  2012,
  2018,
  true,
  '{"South Korea","Russia"}'::text[],
  null,
  null,
  null,
  'A major facelift for the global J300 platform.'
)

insert into public.vehicle_insights (
  model_id,
  pros,
  cons,
  inspection_tips,
  notable_features,
  engine_examples,
  common_issues_by_engine,
  reliability_score,
  popularity_score
)
values (
  'd6695b16-5356-1d78-2d95-8f30750e3af0',
  '["Просторный салон","Умеренные цены на запчасти","Комфортная подвеска для плохих дорог"]'::jsonb,
  '["Слабый автомат 6T30/6T40","Низкое качество ЛКП и тонкий металл","Проблемы с рулевой рейкой","Шумоизоляция ниже среднего"]'::jsonb,
  '["Проверить работу АКПП на наличие рывков и задержек","Осмотреть подкапотное пространство на предмет течей антифриза и масла (район теплообменника)","Убедиться в отсутствии стуков в передней подвеске (стойки стабилизатора, рулевая рейка)"]'::jsonb,
  '["Attractive exterior design","Spacious cabin for its class","Good crash test ratings"]'::jsonb,
  '["1.6L (109 hp)","1.8L (141 hp)","2.0L Diesel (163 hp)"]'::jsonb,
  '[{"engine_code":"1.6L F16D4/F16D3","common_issues_ru":["Течи масла из теплообменника (особенно на ранних версиях)","Зависание термостата, требующее замены корпуса","Выход из строя модуля зажигания после 100 тыс. км"]},{"engine_code":"1.8L F18D4","common_issues_ru":["Износ пластикового корпуса термостата","Повышенный расход масла при больших пробегах"]}]'::jsonb,
  null,
  null
)

insert into public.vehicle_models (
  id,
  make_id,
  slug,
  name_en,
  first_model_year,
  last_model_year,
  years_available,
  body_types_available,
  fuel_types_available,
  transmission_available,
  reliability_score,
  popularity_score
)
values (
  '9bba1f17-efc8-74df-96be-0309ed69824d',
  '1e5027ff-046d-f323-a185-dfecab4695be',
  'lacetti',
  'Lacetti',
  2002,
  2013,
  '{"2002","2003","2004","2005","2006","2007","2008","2009","2010","2011","2012","2013"}'::int[],
  '["Sedan","Hatchback","Wagon"]'::jsonb,
  '["Gasoline"]'::jsonb,
  '["Manual","Automatic"]'::jsonb,
  8,
  8.5
)

insert into public.vehicle_generations (
  id,
  model_id,
  code,
  start_year,
  end_year,
  facelift,
  production_countries,
  body_types,
  fuel_types,
  transmission_types,
  summary
)
values (
  '03947435-f760-ddef-203f-ffe86ef1d276',
  '9bba1f17-efc8-74df-96be-0309ed69824d',
  'J200',
  2002,
  2013,
  false,
  '{"South Korea","Poland","Russia","Uzbekistan"}'::text[],
  null,
  null,
  null,
  'Designed by Giorgetto Giugiaro, the Lacetti (Daewoo Lacetti/Chevrolet Optra/Nubira) was a highly popular, budget-friendly compact car globally, especially in CIS markets.'
)

insert into public.vehicle_insights (
  model_id,
  pros,
  cons,
  inspection_tips,
  notable_features,
  engine_examples,
  common_issues_by_engine,
  reliability_score,
  popularity_score
)
values (
  '9bba1f17-efc8-74df-96be-0309ed69824d',
  '["Простая и надежная конструкция","Дешевизна обслуживания и запчастей","Высокая ремонтопригодность"]'::jsonb,
  '["Слабый кузовной металл и подверженность коррозии","Плохая шумоизоляция","Морально устаревший дизайн интерьера"]'::jsonb,
  '["Проверить состояние ремня ГРМ (критично для 1.6L)","Оценить состояние порогов и арок на предмет ржавчины","Проверить работоспособность всех электрических систем (типичные проблемы с ''плавающими'' оборотами)"]'::jsonb,
  '["High simplicity and ease of repair","Spacious wagon version","Reliable manual transmission"]'::jsonb,
  '["1.4L (95 hp)","1.6L (109 hp)","1.8L (122 hp)"]'::jsonb,
  '[{"engine_code":"1.6L F16D3","common_issues_ru":["Выход из строя клапанов при обрыве ремня ГРМ (двигатель ''гнет клапана'')","Ненадежный модуль зажигания","Проблемы с датчиком положения дроссельной заслонки"]},{"engine_code":"1.8L T18SED","common_issues_ru":["Повышенный расход масла","Вибрации на холостом ходу из-за загрязнения форсунок"]}]'::jsonb,
  null,
  null
)

insert into public.vehicle_models (
  id,
  make_id,
  slug,
  name_en,
  first_model_year,
  last_model_year,
  years_available,
  body_types_available,
  fuel_types_available,
  transmission_available,
  reliability_score,
  popularity_score
)
values (
  '8a06578d-b6b9-3a45-4543-0d4336f2a43d',
  '1e5027ff-046d-f323-a185-dfecab4695be',
  'captiva',
  'Captiva',
  2006,
  2018,
  '{"2006","2007","2008","2009","2010","2011","2012","2013","2014","2015","2016","2017","2018"}'::int[],
  '["SUV"]'::jsonb,
  '["Gasoline","Diesel"]'::jsonb,
  '["Manual","Automatic"]'::jsonb,
  6.5,
  7
)

insert into public.vehicle_generations (
  id,
  model_id,
  code,
  start_year,
  end_year,
  facelift,
  production_countries,
  body_types,
  fuel_types,
  transmission_types,
  summary
)
values (
  '40556dde-9986-8c0e-8e5f-7aa9f40eac7b',
  '8a06578d-b6b9-3a45-4543-0d4336f2a43d',
  'C100',
  2006,
  2011,
  false,
  '{"South Korea","Russia","Vietnam"}'::text[],
  null,
  null,
  null,
  'The original Captiva, developed in collaboration with Opel (Antara), offering seating for five or seven people.'
)

insert into public.vehicle_generations (
  id,
  model_id,
  code,
  start_year,
  end_year,
  facelift,
  production_countries,
  body_types,
  fuel_types,
  transmission_types,
  summary
)
values (
  '533c555b-8e87-bb1f-46b3-7ff4aecef57f',
  '8a06578d-b6b9-3a45-4543-0d4336f2a43d',
  'C140',
  2011,
  2018,
  true,
  '{"South Korea","Russia"}'::text[],
  null,
  null,
  null,
  'A significant facelift bringing updated engines, transmissions, and exterior styling.'
)

insert into public.vehicle_insights (
  model_id,
  pros,
  cons,
  inspection_tips,
  notable_features,
  engine_examples,
  common_issues_by_engine,
  reliability_score,
  popularity_score
)
values (
  '8a06578d-b6b9-3a45-4543-0d4336f2a43d',
  '["Вместительный салон и большой багажник","Богатое оснащение в топовых комплектациях","Высокий клиренс"]'::jsonb,
  '["Высокий расход топлива у бензиновых версий","Проблемы с электромагнитной муфтой полного привода","Дорогой ремонт дизельных агрегатов","Слабая шумоизоляция колесных арок"]'::jsonb,
  '["Проверить работу полного привода (муфта часто перегревается)","Оценить состояние трансмиссии на предмет толчков","Осмотреть заднюю часть кузова и дверь багажника на предмет ранней коррозии"]'::jsonb,
  '["Available 7-seater configuration","Good ground clearance","Comfortable ride quality"]'::jsonb,
  '["2.4L (136-167 hp)","3.0L V6 (258 hp)","2.2L Diesel (163-184 hp)"]'::jsonb,
  '[{"engine_code":"2.4L Z24SED (Gasoline)","common_issues_ru":["Растяжение цепи ГРМ (особенно после 150 тыс. км)","Выход из строя катализатора и лямбда-зондов","Повышенный расход масла при активной эксплуатации"]},{"engine_code":"2.2L VCDi (Diesel)","common_issues_ru":["Проблемы с сажевым фильтром (DPF) и клапаном EGR","Высокие требования к качеству дизельного топлива"]}]'::jsonb,
  null,
  null
)

insert into public.vehicle_makes (id, slug, name_en, country, segment_class, is_active, category_path)
values (
  '2e212d62-2bbc-05e2-3a50-8ede2efee30a',
  'chrysler-corp-group-vehicles-chrysler-model-list-chrysler-model-data-chrysler-model-generation-chrysler-model-insight-chrysler-model-issue-chrysler-model-issue-engine-chrysler-model-issue-engine-code-chrysler-model-issue-engine-issue-chrysler-model-issue-engine-issue-ru-chrysler-model-issue-engine-issue-string-chrysler-model-issue-engine-issue-string-ru-chrysler-model-issue-engine-issue-string-string-ru-chrysler-model-issue-engine-issue-string-string-string-ru-chrysler-model-issue-engine-issue-string-string-string-string-ru-chrysler-model-issue-engine-issue-string-string-string-string-string-ru-chrysler-model-issue-engine-issue-string-string-string-string-string-string-ru-chrysler-model-issue-engine-issue-string-string-string-string-string-string-string-ru-chrysler-model-issue-engine-issue-string-string-string-string-string-string-string-string-ru-chrysler-model-issue-engine-issue-string-string-string-string-string-string-string-string-string-ru-chrysler-model-issue-engine-issue-string-string-string-string-string-string-string-string-string-string-ru-chrysler-model-issue-engine-issue-string-string-string-string-string-string-string-string-string-string-string-ru-chrysler-model-issue-engine-issue-string-string-string-string-string-string-string-string-string-string-string-string-ru-chrysler-model-issue-engine-issue-string-string-string-string-string-string-string-string-string-string-string-string-string-ru-chrysler-model-issue-engine-issue-string-string-string-string-string-string-string-string-string-string-string-string-string-string-ru-chrysler-model-issue-engine-issue-string-string-string-string-string-string-string-string-string-string-string-string-string-string-string-ru-chrysler-model-issue-engine-issue-string-string-string-string-string-string-string-string-string-string-string-string-string-string-string-string-ru-chrysler-model-issue-engine-issue-string-string-string-string-string-string-string-string-string-string-string-string-string-string-string-string-string-ru-chrysler-model-issue-engine-issue-string-string-string-string-string-string-string-string-string-string-string-string-string-string-string-string-string-string-ru-chrysler-model-issue-engine-issue-string-string-string-string-string-string-string-string-string-string-string-string-string-string-string-string-string-string-string-ru-chrysler-model-issue-engine-issue-string-string-string-string-string-string-string-string-string-string-string-string-string-string-string-string-string-string-string-string-ru-chrysler-model-issue-engine-issue-string-string-string-string-string-string-string-string-string-string-string-string-string-string-string-string-string-string-string-string-string-ru-chrysler-model-issue-engine-issue-string-string-string-string-string-string-string-string-string-string-string-string-string-string-string-string-string-string-string-string-string-string-ru-chrysler-model-issue-engine-issue-string-string-string-string-string-string-string-string-string-string-string-string-string-string-string-string-string-string-string-string-string-string-string-ru-chrysler-model-issue-engine-issue-string-string-string-string-string-string-string-string-string-string-string-string-string-string-string-string-string-string-string-string-string-string-string-string-ru-chrysler-model-issue-engine-issue-string-string-string-string-string-string-string-string-string-string-string-string-string-string-string-string-string-string-string-string-string-string-string-string-string-ru-chrysler-model-issue-engine-issue-string-string-string-string-string-string-string-string-string-string-string-string-string-string-string-string-string-string-string-string-string-string-string-string-string-string-ru-chrysler-model-issue-engine-issue-string-string-string-string-string-string-string-string-string-string-string-string-string-string-string-string-string-string-string-string-string-string-string-string-string-string-string-ru-chrysler-model-issue-engine-issue-string-string-string-string-string-string-string-string-string-string-string-string-string-string-string-string-string-string-string-string-string-string-string-string-string-string-string-string-ru-chrysler-model-issue-engine-issue-string-string-string-string-string-string-string-string-string-string-string-string-string-string-string-string-string-string-string-string-string-string-string-string-string-string-string-string-string-ru-chrysler-model-issue-engine-issue-string-string-string-string-string-string-string-string-string-string-string-string-string-string-string-string-string-string-string-string-string-string-string-string-string-string-string-string-string-string-ru-chrysler-model-issue-engine-issue-string-string-string-string-string-string-string-string-string-string-string-string-string-string-string-string-string-string-string-string-string-string-string-string-string-string-string-string-string-string-string-ru-chrysler-model-issue-engine-issue-string-string-string-string-string-string-string-string-string-string-string-string-string-string-string-string-string-string-string-string-string-string-string-string-string-string-string-string-string-string-string-string-ru-chrysler-model-issue-engine-issue-string-string-string-string-string-string-string-string-string-string-string-string-string-string-string-string-string-string-string-string-string-string-string-string-string-string-string-string-string-string-string-string-string-ru-chrysler-model-issue-engine-issue-string-string-string-string-string-string-string-string-string-string-string-string-string-string-string-string-string-string-string-string-string-string-string-string-string-string-string-string-string-string-string-string-string-string-ru-chrysler-model-issue-engine-issue-string-string-string-string-string-string-string-string-string-string-string-string-string-string-string-string-string-string-string-string-string-string-string-string-string-string-string-string-string-string-string-string-string-string-string-ru-chrysler-model-issue-engine-issue-string-string-string-string-string-string-string-string-string-string-string-string-string-string-string-string-string-string-string-string-string-string-string-string-string-string-string-string-string-string-string-string-string-string-string-string-ru-chrysler-model-issue-engine-issue-string-string-string-string-string-string-string-string-string-string-string-string-string-string-string-string-string-string-string-string-string-string-string-string-string-string-string-string-string-string-string-string-string-string-string-string-string-ru-chrysler-model-issue-engine-issue-string-string-string-string-string-string-string-string-string-string-string-string-string-string-string-string-string-string-string-string-string-string-string-string-string-string-string-string-string-string-string-string-string-string-string-string-string-string-ru-chrysler-model-issue-engine-issue-string-string-string-string-string-string-string-string-string-string-string-string-string-string-string-string-string-string-string-string-string-string-string-string-string-string-string-string-string-string-string-string-string-string-string-string-string-string-string-ru-chrysler-model-issue-engine-issue-string-string-string-string-string-string-string-string-string-string-string-string-string-string-string-string-string-string-string-string-string-string-string-string-string-string-string-string-string-string-string-string-string-string-string-string-string-string-string-string-ru-chrysler-model-issue-engine-issue-string-string-string-string-string-string-string-string-string-string-string-string-string-string-string-string-string-string-string-string-string-string-string-string-string-string-string-string-string-string-string-string-string-string-string-string-string-string-string-string-string-ru-chrysler-model-issue-engine-issue-string-string-string-string-string-string-string-string-string-string-string-string-string-string-string-string-string-string-string-string-string-string-string-string-string-string-string-string-string-string-string-string-string-string-string-string-string-string-string-string-string-string-ru-chrysler-model-issue-engine-issue-string-string-string-string-string-string-string-string-string-string-string-string-string-string-string-string-string-string-string-string-string-string-string-string-string-string-string-string-string-string-string-string-string-string-string-string-string-string-string-string-string-string-string-ru-chrysler-model-issue-engine-issue-string-string-string-string-string-string-string-string-string-string-string-string-string-string-string-string-string-string-string-string-string-string-string-string-string-string-string-string-string-string-string-string-string-string-string-string-string-string-string-string-string-string-string-string-ru-chrysler-model-issue-engine-issue-string-string-string-string-string-string-string-string-string-string-string-string-string-string-string-string-string-string-string-string-string-string-string-string-string-string-string-string-string-string-string-string-string-string-string-string-string-string-string-string-string-string-string-string-string-ru-chrysler-model-issue-engine-issue-string-string-string-string-string-string-string-string-string-string-string-string-string-string-string-string-string-string-string-string-string-string-string-string-string-string-string-string-string-string-string-string-string-string-string-string-string-string-string-string-string-string-string-string-string-string-ru-chrysler-model-issue-engine-issue-string-string-string-string-string-string-string-string-string-string-string-string-string-string-string-string-string-string-string-string-string-string-string-string-string-string-string-string-string-string-string-string-string-string-string-string-string-string-string-string-string-string-string-string-string-string-string-ru-chrysler-model-issue-engine-issue-string-string-string-string-string-string-string-string-string-string-string-string-string-string-string-string-string-string-string-string-string-string-string-string-string-string-string-string-string-string-string-string-string-string-string-string-string-string-string-string-string-string-string-string-string-string-string-string-ru-chrysler-model-issue-engine-issue-string-string-string-string-string-string-string-string-string-string-string-string-string-string-string-string-string-string-string-string-string-string-string-string-string-string-string-string-string-string-string-string-string-string-string-string-string-string-string-string-string-string-string-string-string-string-string-string-string-ru-chrysler-model-issue-engine-issue-string-string-string-string-string-string-string-string-string-string-string-string-string-string-string-string-string-string-string-string-string-string-string-string-string-string-string-string-string-string-string-string-string-string-string-string-string-string-string-string-string-string-string-string-string-string-string-string-string-string-ru-chrysler-model-issue-engine-issue-string-string-string-string-string-string-string-string-string-string-string-string-string-string-string-string-string-string-string-string-string-string-string-string-string-string-string-string-string-string-string-string-string-string-string-string-string-string-string-string-string-string-string-string-string-string-string-string-string-string-string-ru-chrysler-model-issue-engine-issue-string-string-string-string-string-string-string-string-string-string-string-string-string-string-string-string-string-string-string-string-string-string-string-string-string-string-string-string-string-string-string-string-string-string-string-string-string-string-string-string-string-string-string-string-string-string-string-string-string-string-string-string-ru-chrysler-model-issue-engine-issue-string-string-string-string-string-string-string-string-string-string-string-string-string-string-string-string-string-string-string-string-string-string-string-string-string-string-string-string-string-string-string-string-string-string-string-string-string-string-string-string-string-string-string-string-string-string-string-string-string-string-string-string-string-ru-chrysler-model-issue-engine-issue-string-string-string-string-string-string-string-string-string-string-string-string-string-string-string-string-string-string-string-string-string-string-string-string-string-string-string-string-string-string-string-string-string-string-string-string-string-string-string-string-string-string-string-string-string-string-string-string-string-string-string-string-string-string-ru-chrysler-model-issue-engine-issue-string-string-string-string-string-string-string-string-string-string-string-string-string-string-string-string-string-string-string-string-string-string-string-string-string-string-string-string-string-string-string-string-string-string-string-string-string-string-string-string-string-string-string-string-string-string-string-string-string-string-string-string-string-string-string-ru-chrysler-model-issue-engine-issue-string-string-string-string-string-string-string-string-string-string-string-string-string-string-string-string-string-string-string-string-string-string-string-string-string-string-string-string-string-string-string-string-string-string-string-string-string-string-string-string-string-string-string-string-string-string-string-string-string-string-string-string-string-string-string-string-ru-chrysler-model-issue-engine-issue-string-string-string-string-string-string-string-string-string-string-string-string-string-string-string-string-string-string-string-string-string-string-string-string-string-string-string-string-string-string-string-string-string-string-string-string-string-string-string-string-string-string-string-string-string-string-string-string-string-string-string-string-string-string-string-string-string-ru-chrysler-model-issue-engine-issue-string-string-string-string-string-string-string-string-string-string-string-string-string-string-string-string-string-string-string-string-string-string-string-string-string-string-string-string-string-string-string-string-string-string-string-string-string-string-string-string-string-string-string-string-string-string-string-string-string-string-string-string-string-string-string-string-string-string-ru-chrysler-model-issue-engine-issue-string-string-string-string-string-string-string-string-string-string-string-string-string-string-string-string-string-string-string-string-string-string-string-string-string-string-string-string-string-string-string-string-string-string-string-string-string-string-string-string-string-string-string-string-string-string-string-string-string-string-string-string-string-string-string-string-string-string-string-ru-chrysler-model-issue-engine-issue-string-string-string-string-string-string-string-string-string-string-string-string-string-string-string-string-string-string-string-string-string-string-string-string-string-string-string-string-string-string-string-string-string-string-string-string-string-string-string-string-string-string-string-string-string-string-string-string-string-string-string-string-string-string-string-string-string-string-string-string-ru-chrysler-model-issue-engine-issue-string-string-string-string-string-string-string-string-string-string-string-string-string-string-string-string-string-string-string-string-string-string-string-string-string-string-string-string-string-string-string-string-string-string-string-string-string-string-string-string-string-string-string-string-string-string-string-string-string-string-string-string-string-string-string-string-string-string-string-string-string-ru-chrysler-model-issue-engine-issue-string-string-string-string-string-string-string-string-string-string-string-string-string-string-string-string-string-string-string-string-string-string-string-string-string-string-string-string-string-string-string-string-string-string-string-string-string-string-string-string-string-string-string-string-string-string-string-string-string-string-string-string-string-string-string-string-string-string-string-string-string-string-ru-chrysler-model-issue-engine-issue-string-string-string-string-string-string-string-string-string-string-string-string-string-string-string-string-string-string-string-string-string-string-string-string-string-string-string-string-string-string-string-string-string-string-string-string-string-string-string-string-string-string-string-string-string-string-string-string-string-string-string-string-string-string-string-string-string-string-string-string-string-string-ru-chrysler-model-issue-engine-issue-string-string-string-string-string-string-string-string-string-string-string-string-string-string-string-string-string-string-string-string-string-string-string-string-string-string-string-string-string-string-string-string-string-string-string-string-string-string-string-string-string-string-string-string-string-string-string-string-string-string-string-string-string-string-string-string-string-string-string-string-string-string-string-ru-chrysler-model-issue-engine-issue-string-string-string-string-string-string-string-string-string-string-string-string-string-string-string-string-string-string-string-string-string-string-string-string-string-string-string-string-string-string-string-string-string-string-string-string-string-string-string-string-string-string-string-string-string-string-string-string-string-string-string-string-string-string-string-string-string-string-string-string-string-string-string-string-ru-chrysler-model-issue-engine-issue-string-string-string-string-string-string-string-string-string-string-string-string-string-string-string-string-string-string-string-string-string-string-string-string-string-string-string-string-string-string-string-string-string-string-string-string-string-string-string-string-string-string-string-string-string-string-string-string-string-string-string-string-string-string-string-string-string-string-string-string-string-string-string-string-string-ru-chrysler-model-issue-engine-issue-string-string-string-string-string-string-string-string-string-string-string-string-string-string-string-string-string-string-string-string-string-string-string-string-string-string-string-string-string-string-string-string-string-string-string-string-string-string-string-string-string-string-string-string-string-string-string-string-string-string-string-string-string-string-string-string-string-string-string-string-string-string-string-string-string-string-ru-chrysler-model-issue-engine-issue-string-string-string-string-string-string-string-string-string-string-string-string-string-string-string-string-string-string-string-string-string-string-string-string-string-string-string-string-string-string-string-string-string-string-string-string-string-string-string-string-string-string-string-string-string-string-string-string-string-string-string-string-string-string-string-string-string-string-string-string-string-string-string-string-string-string-string-ru',
  'Chrysler',
  'USA',
  'Luxury/MPV',
  true,
  'Passenger Car'
)

insert into public.vehicle_makes (id, slug, name_en, country, segment_class, is_active, category_path)
values (
  '3ccb4d87-f4f7-b2ad-8e80-d17b402e6d2f',
  'citroen',
  'Citroën',
  'France',
  'Generalist/Volume',
  true,
  'Passenger Vehicles'
)

insert into public.vehicle_models (
  id,
  make_id,
  slug,
  name_en,
  first_model_year,
  last_model_year,
  years_available,
  body_types_available,
  fuel_types_available,
  transmission_available,
  reliability_score,
  popularity_score
)
values (
  '325f4ed7-7b18-405c-0a77-b3ac2a7a5597',
  '3ccb4d87-f4f7-b2ad-8e80-d17b402e6d2f',
  'c4',
  'C4',
  2004,
  2024,
  '{"2004","2005","2006","2007","2008","2009","2010","2011","2012","2013","2014","2015","2016","2017","2018","2019","2020","2021","2022","2023","2024"}'::int[],
  '["Hatchback","Sedan","Coupé"]'::jsonb,
  '["Gasoline","Diesel","Electric"]'::jsonb,
  '["Manual","Automatic","Robotized Manual"]'::jsonb,
  7,
  8.5
)

insert into public.vehicle_generations (
  id,
  model_id,
  code,
  start_year,
  end_year,
  facelift,
  production_countries,
  body_types,
  fuel_types,
  transmission_types,
  summary
)
values (
  'b3aabf52-8bd4-07e4-36cc-28bdec288742',
  '325f4ed7-7b18-405c-0a77-b3ac2a7a5597',
  'Mk1',
  2004,
  2010,
  false,
  '{"France","Argentina"}'::text[],
  null,
  null,
  null,
  'First generation, known for its distinctive styling including the fixed central steering wheel hub.'
)

insert into public.vehicle_generations (
  id,
  model_id,
  code,
  start_year,
  end_year,
  facelift,
  production_countries,
  body_types,
  fuel_types,
  transmission_types,
  summary
)
values (
  'c2350afb-72af-eb4b-3a66-164b8a083c09',
  '325f4ed7-7b18-405c-0a77-b3ac2a7a5597',
  'B7',
  2010,
  2018,
  true,
  '{"France"}'::text[],
  null,
  null,
  null,
  'Second generation, more conservative design and improved overall quality.'
)

insert into public.vehicle_insights (
  model_id,
  pros,
  cons,
  inspection_tips,
  notable_features,
  engine_examples,
  common_issues_by_engine,
  reliability_score,
  popularity_score
)
values (
  '325f4ed7-7b18-405c-0a77-b3ac2a7a5597',
  '["Комфортная подвеска","Экономичные дизельные двигатели","Хорошее соотношение цены и качества"]'::jsonb,
  '["Сложная электроника","Потенциальные проблемы с роботизированной коробкой (ETG)","Среднее качество материалов отделки"]'::jsonb,
  '["Проверьте наличие масляных течей на двигателях 1.6 VTi/THP","Осмотрите компоненты подвески на предмет преждевременного износа"]'::jsonb,
  '["Hydractive III+ suspension (on some trims)","Fixed central steering wheel hub (Mk1)"]'::jsonb,
  '["1.6 VTi","1.6 HDi","1.2 PureTech"]'::jsonb,
  '[{"engine_code":"EP6","common_issues_ru":["Расход масла","Проблемы с цепью ГРМ (растяжение)","Неисправности термостата"]},{"engine_code":"DV6","common_issues_ru":["Загрязнение масляного поддона","Проблемы с турбонаддувом при несвоевременной замене масла"]}]'::jsonb,
  null,
  null
)

insert into public.vehicle_models (
  id,
  make_id,
  slug,
  name_en,
  first_model_year,
  last_model_year,
  years_available,
  body_types_available,
  fuel_types_available,
  transmission_available,
  reliability_score,
  popularity_score
)
values (
  '27888ef8-13cb-4c09-2d34-b75ea5333f2a',
  '3ccb4d87-f4f7-b2ad-8e80-d17b402e6d2f',
  'c5',
  'C5',
  2001,
  2021,
  '{"2001","2002","2003","2004","2005","2006","2007","2008","2009","2010","2011","2012","2013","2014","2015","2016","2017","2018","2019","2020","2021"}'::int[],
  '["Sedan","Wagon"]'::jsonb,
  '["Gasoline","Diesel"]'::jsonb,
  '["Manual","Automatic"]'::jsonb,
  7.5,
  7.8
)

insert into public.vehicle_generations (
  id,
  model_id,
  code,
  start_year,
  end_year,
  facelift,
  production_countries,
  body_types,
  fuel_types,
  transmission_types,
  summary
)
values (
  '1eff35fc-5668-fad2-24bc-3271321ead87',
  '27888ef8-13cb-4c09-2d34-b75ea5333f2a',
  'X7',
  2008,
  2017,
  false,
  '{"France"}'::text[],
  null,
  null,
  null,
  'Second generation, known for robust build quality, classic design, and optional Hydractive suspension.'
)

insert into public.vehicle_insights (
  model_id,
  pros,
  cons,
  inspection_tips,
  notable_features,
  engine_examples,
  common_issues_by_engine,
  reliability_score,
  popularity_score
)
values (
  '27888ef8-13cb-4c09-2d34-b75ea5333f2a',
  '["Исключительный комфорт (особенно с Hydractive)","Высокое качество отделки салона (Gen 2)","Отличная управляемость"]'::jsonb,
  '["Сложное и дорогое обслуживание Hydractive системы","Большой вес, влияющий на расход топлива (старые дизели V6)","Быстрое обесценивание"]'::jsonb,
  '["Тщательно проверьте работу гидроактивной подвески","Проверьте наличие влаги в блоках фар"]'::jsonb,
  '["Hydractive III+ self-leveling suspension","Acoustic laminated glass"]'::jsonb,
  '["2.0 HDi","3.0 HDi V6","1.6 THP"]'::jsonb,
  '[{"engine_code":"DW10","common_issues_ru":["Неисправности сажевого фильтра (DPF)","Проблемы с двухмассовым маховиком"]},{"engine_code":"Hydractive III+","common_issues_ru":["Утечки жидкости LDS","Неисправности датчиков высоты кузова","Износ гидроактивных сфер"]}]'::jsonb,
  null,
  null
)

insert into public.vehicle_models (
  id,
  make_id,
  slug,
  name_en,
  first_model_year,
  last_model_year,
  years_available,
  body_types_available,
  fuel_types_available,
  transmission_available,
  reliability_score,
  popularity_score
)
values (
  '9105d0af-49b7-c553-4cb0-13c43b2fc5d1',
  '3ccb4d87-f4f7-b2ad-8e80-d17b402e6d2f',
  'berlingo',
  'Berlingo',
  1996,
  2024,
  '{"1996","1997","1998","1999","2000","2001","2002","2003","2004","2005","2006","2007","2008","2009","2010","2011","2012","2013","2014","2015","2016","2017","2018","2019","2020","2021","2022","2023","2024"}'::int[],
  '["MPV","Van"]'::jsonb,
  '["Gasoline","Diesel","Electric"]'::jsonb,
  '["Manual","Automatic"]'::jsonb,
  8,
  9
)

insert into public.vehicle_generations (
  id,
  model_id,
  code,
  start_year,
  end_year,
  facelift,
  production_countries,
  body_types,
  fuel_types,
  transmission_types,
  summary
)
values (
  '6120f877-133c-b3af-8e31-0641bf0aeaf0',
  '9105d0af-49b7-c553-4cb0-13c43b2fc5d1',
  'B9',
  2008,
  2018,
  true,
  '{"Spain","Portugal"}'::text[],
  null,
  null,
  null,
  'Second generation, focused on maximum practicality and utility.'
)

insert into public.vehicle_generations (
  id,
  model_id,
  code,
  start_year,
  end_year,
  facelift,
  production_countries,
  body_types,
  fuel_types,
  transmission_types,
  summary
)
values (
  '65403067-f8a3-1306-dc87-22ad15e718a4',
  '9105d0af-49b7-c553-4cb0-13c43b2fc5d1',
  'K9',
  2018,
  2024,
  false,
  '{"Spain"}'::text[],
  null,
  null,
  null,
  'Third generation, significantly improved comfort, safety, and infotainment systems.'
)

insert into public.vehicle_insights (
  model_id,
  pros,
  cons,
  inspection_tips,
  notable_features,
  engine_examples,
  common_issues_by_engine,
  reliability_score,
  popularity_score
)
values (
  '9105d0af-49b7-c553-4cb0-13c43b2fc5d1',
  '["Отличное внутреннее пространство и универсальность","Высокая надежность базовых дизельных двигателей","Низкие эксплуатационные расходы"]'::jsonb,
  '["Простая отделка салона","Плохая шумоизоляция на высоких скоростях","Подверженность кузова коррозии (старые модели)"]'::jsonb,
  '["Проверьте плавность работы механизмов сдвижных дверей","Осмотрите задние торсионы на моделях Mk1/Mk2"]'::jsonb,
  '["Modutop panoramic roof storage system","High payload capacity"]'::jsonb,
  '["1.6 HDi","1.4i","1.5 BlueHDi"]'::jsonb,
  '[{"engine_code":"DV6","common_issues_ru":["Слабые форсунки (в зависимости от года выпуска)","Необходимость тщательного контроля уровня масла","Проблемы с системой AdBlue (на новых моделях BlueHDi)"]}]'::jsonb,
  null,
  null
)

insert into public.vehicle_makes (id, slug, name_en, country, segment_class, is_active, category_path)
values (
  'cadffcf3-f046-b820-344f-d9b2d2821c38',
  'cupra',
  'Cupra',
  'Spain',
  'Performance/Sporty',
  true,
  'Passenger vehicles'
)

insert into public.vehicle_models (
  id,
  make_id,
  slug,
  name_en,
  first_model_year,
  last_model_year,
  years_available,
  body_types_available,
  fuel_types_available,
  transmission_available,
  reliability_score,
  popularity_score
)
values (
  'c470f317-c42b-facb-cc90-69cf95e1b384',
  'cadffcf3-f046-b820-344f-d9b2d2821c38',
  'formentor',
  'Formentor',
  2020,
  2024,
  '{"2020","2021","2022","2023","2024"}'::int[],
  '["Crossover","SUV"]'::jsonb,
  '["Gasoline","PHEV"]'::jsonb,
  '["Automatic (DSG)"]'::jsonb,
  8.5,
  9
)

insert into public.vehicle_generations (
  id,
  model_id,
  code,
  start_year,
  end_year,
  facelift,
  production_countries,
  body_types,
  fuel_types,
  transmission_types,
  summary
)
values (
  '1412332a-d60c-e458-4951-ef71ebce90d1',
  'c470f317-c42b-facb-cc90-69cf95e1b384',
  'KM',
  2020,
  2024,
  false,
  '{"Spain"}'::text[],
  null,
  null,
  null,
  'Compact crossover SUV, Cupra''s first standalone model characterized by coupe-like styling and high performance.'
)

insert into public.vehicle_insights (
  model_id,
  pros,
  cons,
  inspection_tips,
  notable_features,
  engine_examples,
  common_issues_by_engine,
  reliability_score,
  popularity_score
)
values (
  'c470f317-c42b-facb-cc90-69cf95e1b384',
  '["Стильный и агрессивный дизайн","Отличная управляемость","Качественные материалы салона","Широкий выбор силовых агрегатов, включая PHEV"]'::jsonb,
  '["Сенсорное управление климатом и мультимедиа неудобно","Жесткая подвеска на крупных колесах","Высокий расход топлива у мощных версий"]'::jsonb,
  '["Проверить работу коробки DSG на предмет рывков при переключениях","Оценить отклик и стабильность работы большого сенсорного экрана","Осмотреть состояние тормозной системы и шин, особенно VZ5"]'::jsonb,
  '["Digital Cockpit","DCC (Dynamic Chassis Control)","VZ5 five-cylinder engine option (limited edition)"]'::jsonb,
  '["1.5 TSI 150 hp","2.0 TSI 310 hp (VZ)","1.4 e-Hybrid 245 hp"]'::jsonb,
  '[{"engine_code":"EA888 (2.0 TSI)","common_issues_ru":["Повышенный расход масла, особенно на версиях VZ","Возможные проблемы с водяным насосом и термостатом","Отказы катушек зажигания"]},{"engine_code":"1.4 TSI (e-Hybrid)","common_issues_ru":["Сбои в работе высоковольтной батареи (редко)","Проблемы с зарядным портом и электроникой гибрида"]}]'::jsonb,
  null,
  null
)

insert into public.vehicle_models (
  id,
  make_id,
  slug,
  name_en,
  first_model_year,
  last_model_year,
  years_available,
  body_types_available,
  fuel_types_available,
  transmission_available,
  reliability_score,
  popularity_score
)
values (
  '67e12758-c9ed-0dbe-4c25-458fdb818032',
  'cadffcf3-f046-b820-344f-d9b2d2821c38',
  'leon',
  'Leon',
  2020,
  2024,
  '{"2020","2021","2022","2023","2024"}'::int[],
  '["Hatchback","Wagon (Sportstourer)"]'::jsonb,
  '["Gasoline","PHEV"]'::jsonb,
  '["Manual","Automatic (DSG)"]'::jsonb,
  8.2,
  8
)

insert into public.vehicle_generations (
  id,
  model_id,
  code,
  start_year,
  end_year,
  facelift,
  production_countries,
  body_types,
  fuel_types,
  transmission_types,
  summary
)
values (
  '46d254b5-5b32-2e05-2b6f-cc600cc70e68',
  '67e12758-c9ed-0dbe-4c25-458fdb818032',
  'KL',
  2020,
  2024,
  false,
  '{"Spain"}'::text[],
  null,
  null,
  null,
  'High-performance derivative of the SEAT Leon, available as a practical Sportstourer (wagon) or standard five-door hatchback.'
)

insert into public.vehicle_insights (
  model_id,
  pros,
  cons,
  inspection_tips,
  notable_features,
  engine_examples,
  common_issues_by_engine,
  reliability_score,
  popularity_score
)
values (
  '67e12758-c9ed-0dbe-4c25-458fdb818032',
  '["Отличный баланс шасси и управляемости","Мощные двигатели в любой комплектации","Практичный вариант Sportstourer","Эффективные PHEV версии"]'::jsonb,
  '["Слишком жесткая езда на неровностях","Интерьер сильно зависит от сенсорного экрана","Высокие эксплуатационные расходы"]'::jsonb,
  '["Проверить работу дифференциала VAQ на мощных версиях","Убедиться в отсутствии люфтов в рулевом управлении","Проверить электронную панель приборов на наличие битых пикселей"]'::jsonb,
  '["VAQ limited-slip differential (in 300 hp versions)","Dynamic steering and chassis","Sportstourer offers high practicality"]'::jsonb,
  '["2.0 TSI 245 hp","2.0 TSI 300 hp","1.4 e-Hybrid 204 hp"]'::jsonb,
  '[{"engine_code":"EA888 (2.0 TSI)","common_issues_ru":["Неисправности системы Start/Stop (программные)","Вибрации на холостом ходу","Повышенный износ тормозных колодок и дисков"]},{"engine_code":"DSG DQ200 (7-speed dry clutch)","common_issues_ru":["Рывки при переключениях передач","Износ мехатроника"]}]'::jsonb,
  null,
  null
)

insert into public.vehicle_models (
  id,
  make_id,
  slug,
  name_en,
  first_model_year,
  last_model_year,
  years_available,
  body_types_available,
  fuel_types_available,
  transmission_available,
  reliability_score,
  popularity_score
)
values (
  '3c3912f8-96b5-c8bd-eecd-dc8b20397b79',
  'cadffcf3-f046-b820-344f-d9b2d2821c38',
  'ateca',
  'Ateca',
  2018,
  2024,
  '{"2018","2019","2020","2021","2022","2023","2024"}'::int[],
  '["SUV"]'::jsonb,
  '["Gasoline"]'::jsonb,
  '["Automatic (DSG)"]'::jsonb,
  8,
  7.5
)

insert into public.vehicle_generations (
  id,
  model_id,
  code,
  start_year,
  end_year,
  facelift,
  production_countries,
  body_types,
  fuel_types,
  transmission_types,
  summary
)
values (
  '40bf352a-2cbe-77ac-cdcd-d19dbeb12968',
  '3c3912f8-96b5-c8bd-eecd-dc8b20397b79',
  'KH7',
  2018,
  2024,
  true,
  '{"Spain"}'::text[],
  null,
  null,
  null,
  'The first dedicated model of the Cupra brand, a high-performance compact SUV based on the SEAT Ateca platform.'
)

insert into public.vehicle_insights (
  model_id,
  pros,
  cons,
  inspection_tips,
  notable_features,
  engine_examples,
  common_issues_by_engine,
  reliability_score,
  popularity_score
)
values (
  '3c3912f8-96b5-c8bd-eecd-dc8b20397b79',
  '["Отличная динамика для кроссовера","Практичность и вместительность","Стандартный полный привод"]'::jsonb,
  '["Интерьер выглядит немного устаревшим по сравнению с новыми моделями Cupra","Высокий дорожный налог и страховка","Жесткий ход на малых скоростях"]'::jsonb,
  '["Обязательно проверить работоспособность полного привода Haldex","Контролировать историю замены масла в DSG и муфте","Прослушать двигатель на предмет посторонних шумов турбины"]'::jsonb,
  '["Standard 4Drive (AWD)","300 hp 2.0 TSI engine","Sport seats and specific performance brakes"]'::jsonb,
  '["2.0 TSI 300 hp"]'::jsonb,
  '[{"engine_code":"EA888 Gen 3 (2.0 TSI 300 hp)","common_issues_ru":["Проблемы с отложениями на впускных клапанах (требуется чистка)","Возможные утечки масла из-под сальников","Слабые места в системе охлаждения, требующие внимания"]}]'::jsonb,
  null,
  null
)

insert into public.vehicle_makes (id, slug, name_en, country, segment_class, is_active, category_path)
values (
  '0da3810f-96d7-c8b8-7061-6bfe1444fbd7',
  'daf-passenger',
  'DAF (Passenger Cars)',
  'Netherlands',
  'C',
  false,
  'Passenger Car (Historical)'
)

insert into public.vehicle_models (
  id,
  make_id,
  slug,
  name_en,
  first_model_year,
  last_model_year,
  years_available,
  body_types_available,
  fuel_types_available,
  transmission_available,
  reliability_score,
  popularity_score
)
values (
  '698a9715-84b9-6acd-2eff-0dfa7b95efb1',
  '0da3810f-96d7-c8b8-7061-6bfe1444fbd7',
  'daf-66',
  'DAF 66',
  1972,
  1975,
  '{"1972","1973","1974","1975"}'::int[],
  '["Sedan","Combi","Coupe"]'::jsonb,
  '["Gasoline"]'::jsonb,
  '["CVT (Variomatic)"]'::jsonb,
  8,
  7.5
)

insert into public.vehicle_generations (
  id,
  model_id,
  code,
  start_year,
  end_year,
  facelift,
  production_countries,
  body_types,
  fuel_types,
  transmission_types,
  summary
)
values (
  'de398fe6-959d-6ee4-ba28-81438834a59a',
  '698a9715-84b9-6acd-2eff-0dfa7b95efb1',
  'Type 66',
  1972,
  1975,
  false,
  '{"Netherlands"}'::text[],
  null,
  null,
  null,
  'The final passenger car developed entirely by DAF before the company was sold to Volvo. It featured improved styling and used Renault engines.'
)

insert into public.vehicle_insights (
  model_id,
  pros,
  cons,
  inspection_tips,
  notable_features,
  engine_examples,
  common_issues_by_engine,
  reliability_score,
  popularity_score
)
values (
  '698a9715-84b9-6acd-2eff-0dfa7b95efb1',
  '["Уникальная система Variomatic","Отличная маневренность","Простой и надежный двигатель Renault"]'::jsonb,
  '["Очень высокая цена запчастей","Сложность ремонта Variomatic","Медленная динамика (кроме 1.3L Marathon)"]'::jsonb,
  '["Обязательно проверьте состояние ремней вариатора и их натяжение","Тщательно осмотрите раму и крепления подвески на предмет ржавчины","Проверьте работу тормозов (диски спереди, барабаны сзади)"]'::jsonb,
  '["Variomatic automatic transmission (CVT)","Renault engine partnership","De Dion tube rear suspension"]'::jsonb,
  '["1.1L (53 hp)","1.3L (57 hp)"]'::jsonb,
  '[{"engine_code":"Renault C1C (1.1L)","common_issues_ru":["Износ клиновидных ремней вариатора (Variomatic)","Коррозия кузова, особенно порогов и колесных арок","Проблемы с карбюратором Solex"]},{"engine_code":"Renault C1J (1.3L)","common_issues_ru":["Перегрев из-за старых радиаторов","Слабость электрической системы"]}]'::jsonb,
  null,
  null
)

insert into public.vehicle_models (
  id,
  make_id,
  slug,
  name_en,
  first_model_year,
  last_model_year,
  years_available,
  body_types_available,
  fuel_types_available,
  transmission_available,
  reliability_score,
  popularity_score
)
values (
  'b50c6ee5-774a-474d-ca75-b86c1adea911',
  '0da3810f-96d7-c8b8-7061-6bfe1444fbd7',
  'daf-55',
  'DAF 55',
  1967,
  1972,
  '{"1967","1968","1969","1970","1971","1972"}'::int[],
  '["Sedan","Combi","Coupe"]'::jsonb,
  '["Gasoline"]'::jsonb,
  '["CVT (Variomatic)"]'::jsonb,
  7.5,
  6.8
)

insert into public.vehicle_generations (
  id,
  model_id,
  code,
  start_year,
  end_year,
  facelift,
  production_countries,
  body_types,
  fuel_types,
  transmission_types,
  summary
)
values (
  '5de353d3-2948-a377-37ae-a0fc45a528aa',
  'b50c6ee5-774a-474d-ca75-b86c1adea911',
  'Type 55',
  1967,
  1972,
  false,
  '{"Netherlands"}'::text[],
  null,
  null,
  null,
  'DAF''s first model equipped with a water-cooled engine, using the Renault 1.1 L unit. A significant upgrade from the air-cooled 44.'
)

insert into public.vehicle_insights (
  model_id,
  pros,
  cons,
  inspection_tips,
  notable_features,
  engine_examples,
  common_issues_by_engine,
  reliability_score,
  popularity_score
)
values (
  'b50c6ee5-774a-474d-ca75-b86c1adea911',
  '["Очень просторный салон для своего размера","Удобство вождения в городе (автомат)","Хорошая ремонтопригодность двигателя"]'::jsonb,
  '["Низкая мощность","Высокий расход топлива для своего класса","Слабый антикоррозийный барьер"]'::jsonb,
  '["Проверить состояние резиновых пыльников Variomatic","Осмотреть места крепления передних крыльев","Убедиться в отсутствии вибраций при движении (проблема балансировки ремней)"]'::jsonb,
  '["Water-cooled engine","Designed by Giovanni Michelotti","Variomatic transmission allows equal speeds forward and reverse"]'::jsonb,
  '["1.1L (50 hp)"]'::jsonb,
  '[{"engine_code":"Renault 1.1L (J-Type)","common_issues_ru":["Проблемы с синхронизаторами заднего хода (на Variomatic)","Течи масла из-под прокладок двигателя","Быстрый износ шин из-за особенностей подвески"]}]'::jsonb,
  null,
  null
)

insert into public.vehicle_models (
  id,
  make_id,
  slug,
  name_en,
  first_model_year,
  last_model_year,
  years_available,
  body_types_available,
  fuel_types_available,
  transmission_available,
  reliability_score,
  popularity_score
)
values (
  '3ef3b3d8-2833-a967-5769-9307f537ed07',
  '0da3810f-96d7-c8b8-7061-6bfe1444fbd7',
  'daf-44',
  'DAF 44',
  1966,
  1974,
  '{"1966","1967","1968","1969","1970","1971","1972","1973","1974"}'::int[],
  '["Sedan","Combi"]'::jsonb,
  '["Gasoline"]'::jsonb,
  '["CVT (Variomatic)"]'::jsonb,
  7,
  6.5
)

insert into public.vehicle_generations (
  id,
  model_id,
  code,
  start_year,
  end_year,
  facelift,
  production_countries,
  body_types,
  fuel_types,
  transmission_types,
  summary
)
values (
  '5967c6ad-ef50-ff03-bf2f-7fd57fa4022a',
  '3ef3b3d8-2833-a967-5769-9307f537ed07',
  'Type 44',
  1966,
  1974,
  true,
  '{"Netherlands"}'::text[],
  null,
  null,
  null,
  'An early economy car featuring DAF''s proprietary 850 cc air-cooled engine and the unique Variomatic transmission.'
)

insert into public.vehicle_insights (
  model_id,
  pros,
  cons,
  inspection_tips,
  notable_features,
  engine_examples,
  common_issues_by_engine,
  reliability_score,
  popularity_score
)
values (
  '3ef3b3d8-2833-a967-5769-9307f537ed07',
  '["Исключительная простота конструкции и обслуживания","Оригинальный внешний вид","Низкий транспортный налог (из-за объема двигателя)"]'::jsonb,
  '["Очень медленный разгон","Отсутствие безопасности по современным меркам","Дефицит запчастей для воздушного двигателя"]'::jsonb,
  '["Проверить состояние радиатора (даже при воздушном охлаждении есть масляный радиатор)","Оценить работу Variomatic: не должно быть рывков или провалов при ускорении","Проверить состояние кузовных панелей, особенно дверных проемов"]'::jsonb,
  '["Air-cooled two-cylinder boxer engine","Variomatic belt-driven CVT","Simplicity of design"]'::jsonb,
  '["850cc (40 hp)"]'::jsonb,
  '[{"engine_code":"DAF B110 (850cc)","common_issues_ru":["Сложности с поддержанием теплового режима (воздушное охлаждение)","Шумная работа двигателя на высоких оборотах","Сбои в системе зажигания"]}]'::jsonb,
  null,
  null
)

insert into public.vehicle_makes (id, slug, name_en, country, segment_class, is_active, category_path)
values (
  'f2d8416a-b16f-70c9-e640-33c6af111cbc',
  'dkw',
  'DKW',
  'Germany (Historical)',
  'Historical',
  false,
  'Historical/Classic Cars'
)

insert into public.vehicle_models (
  id,
  make_id,
  slug,
  name_en,
  first_model_year,
  last_model_year,
  years_available,
  body_types_available,
  fuel_types_available,
  transmission_available,
  reliability_score,
  popularity_score
)
values (
  '3271dbac-357f-42d4-0446-e955049cb021',
  'f2d8416a-b16f-70c9-e640-33c6af111cbc',
  'f8',
  'F8',
  1939,
  1942,
  '{"1939","1940","1941","1942"}'::int[],
  '["Sedan","Cabriolet","Combi"]'::jsonb,
  '["Gasoline"]'::jsonb,
  '["Manual"]'::jsonb,
  6,
  5
)

insert into public.vehicle_generations (
  id,
  model_id,
  code,
  start_year,
  end_year,
  facelift,
  production_countries,
  body_types,
  fuel_types,
  transmission_types,
  summary
)
values (
  'e8cb6d85-d9d7-dfa9-5844-e9d86dbef7d6',
  '3271dbac-357f-42d4-0446-e955049cb021',
  'Typ 8',
  1939,
  1942,
  false,
  '{"Germany"}'::text[],
  null,
  null,
  null,
  'The last pre-war small DKW featuring a wooden frame body.'
)

insert into public.vehicle_insights (
  model_id,
  pros,
  cons,
  inspection_tips,
  notable_features,
  engine_examples,
  common_issues_by_engine,
  reliability_score,
  popularity_score
)
values (
  '3271dbac-357f-42d4-0446-e955049cb021',
  '["Simple construction","Good fuel economy (for its time)"]'::jsonb,
  '["Low power","Wooden body requires careful maintenance","Lack of spare parts"]'::jsonb,
  '["Check the condition of the wooden body frame for rot.","Inspect the two-stroke engine''s compression."]'::jsonb,
  '["Front-wheel drive","Two-stroke engine"]'::jsonb,
  '["0.6L I2 2-stroke","0.7L I2 2-stroke"]'::jsonb,
  '[{"engine_code":"700 cc 2-Stroke","common_issues_ru":["Износ кривошипно-шатунного механизма из-за особенностей двухтактного цикла","Проблемы с системой смешивания масла и бензина","Сильная вибрация на холостом ходу"]}]'::jsonb,
  null,
  null
)

insert into public.vehicle_models (
  id,
  make_id,
  slug,
  name_en,
  first_model_year,
  last_model_year,
  years_available,
  body_types_available,
  fuel_types_available,
  transmission_available,
  reliability_score,
  popularity_score
)
values (
  'c7cd964c-1cfe-6c17-63aa-add4e61ca171',
  'f2d8416a-b16f-70c9-e640-33c6af111cbc',
  '3-equal-6',
  '3=6',
  1953,
  1959,
  '{"1953","1954","1955","1956","1957","1958","1959"}'::int[],
  '["Sedan","Coupe","Wagon"]'::jsonb,
  '["Gasoline"]'::jsonb,
  '["Manual"]'::jsonb,
  7,
  6.5
)

insert into public.vehicle_generations (
  id,
  model_id,
  code,
  start_year,
  end_year,
  facelift,
  production_countries,
  body_types,
  fuel_types,
  transmission_types,
  summary
)
values (
  'ff604ff0-bed1-dc6c-8ce2-8bc053bf7cdd',
  'c7cd964c-1cfe-6c17-63aa-add4e61ca171',
  'F93/F94',
  1953,
  1959,
  false,
  '{"West Germany"}'::text[],
  null,
  null,
  null,
  'Advanced three-cylinder two-stroke successor, marketed as being as powerful as a six-cylinder four-stroke engine (hence 3=6).'
)

insert into public.vehicle_insights (
  model_id,
  pros,
  cons,
  inspection_tips,
  notable_features,
  engine_examples,
  common_issues_by_engine,
  reliability_score,
  popularity_score
)
values (
  'c7cd964c-1cfe-6c17-63aa-add4e61ca171',
  '["Innovative front-wheel drive (for the time)","Spacious interior","Simple mechanics"]'::jsonb,
  '["Two-stroke exhaust smell","Requires mixed fuel (oil and gasoline)","Poor heating in winter"]'::jsonb,
  '["Check fuel pump diaphragm.","Inspect the condition of the main frame members for rust."]'::jsonb,
  '["Front-wheel drive","Wrap-around windshield (F93)"]'::jsonb,
  '["900cc I3 2-stroke","1000cc I3 2-stroke"]'::jsonb,
  '[{"engine_code":"900 cc 3-Stroke","common_issues_ru":["Накопление нагара в выхлопной системе","Проблемы с синхронизацией карбюраторов","Высокий расход масла и дымность"]}]'::jsonb,
  null,
  null
)

insert into public.vehicle_models (
  id,
  make_id,
  slug,
  name_en,
  first_model_year,
  last_model_year,
  years_available,
  body_types_available,
  fuel_types_available,
  transmission_available,
  reliability_score,
  popularity_score
)
values (
  'c1c7c880-c420-756a-0fb2-e2e4e610cb2c',
  'f2d8416a-b16f-70c9-e640-33c6af111cbc',
  'munga',
  'Munga',
  1956,
  1968,
  '{"1956","1957","1958","1959","1960","1961","1962","1963","1964","1965","1966","1967","1968"}'::int[],
  '["Off-road","Utility"]'::jsonb,
  '["Gasoline"]'::jsonb,
  '["Manual"]'::jsonb,
  8,
  4
)

insert into public.vehicle_generations (
  id,
  model_id,
  code,
  start_year,
  end_year,
  facelift,
  production_countries,
  body_types,
  fuel_types,
  transmission_types,
  summary
)
values (
  '1fbf5c52-f158-cd96-d870-bbd80d27e777',
  'c1c7c880-c420-756a-0fb2-e2e4e610cb2c',
  'F91/4',
  1956,
  1968,
  false,
  '{"West Germany"}'::text[],
  null,
  null,
  null,
  'Robust 4x4 off-road vehicle developed primarily for the German armed forces (Bundeswehr), known for its durability.'
)

insert into public.vehicle_insights (
  model_id,
  pros,
  cons,
  inspection_tips,
  notable_features,
  engine_examples,
  common_issues_by_engine,
  reliability_score,
  popularity_score
)
values (
  'c1c7c880-c420-756a-0fb2-e2e4e610cb2c',
  '["Excellent off-road capability","Durable frame","Simple maintenance"]'::jsonb,
  '["Very sparse interior","Loud engine","Slow top speed"]'::jsonb,
  '["Check the condition of the 4x4 transfer case.","Look for rust damage on the chassis, especially around suspension mounts."]'::jsonb,
  '["Switchable all-wheel drive","High ground clearance"]'::jsonb,
  '["900cc I3 2-stroke","1000cc I3 2-stroke"]'::jsonb,
  '[{"engine_code":"1000 cc 3-Stroke","common_issues_ru":["Проблемы с коррозией кузова в местах сварки","Быстрый износ свечей зажигания","Износ крестовин карданных валов при активном использовании 4х4"]}]'::jsonb,
  null,
  null
)

insert into public.vehicle_makes (id, slug, name_en, country, segment_class, is_active, category_path)
values (
  'a08ee840-5de7-b0ec-c4e2-78259bad2876',
  'ds-automobiles',
  'DS Automobiles',
  'France',
  'Luxury/Premium',
  true,
  '/passenger-vehicles/premium-crossover/'
)

insert into public.vehicle_models (
  id,
  make_id,
  slug,
  name_en,
  first_model_year,
  last_model_year,
  years_available,
  body_types_available,
  fuel_types_available,
  transmission_available,
  reliability_score,
  popularity_score
)
values (
  '814276b2-7641-3e14-bb01-6ca0ff3a1c27',
  'a08ee840-5de7-b0ec-c4e2-78259bad2876',
  'ds-7-crossback',
  'DS 7 Crossback',
  2017,
  2024,
  '{"2017","2018","2019","2020","2021","2022","2023","2024"}'::int[],
  '["SUV"]'::jsonb,
  '["Petrol","Diesel","Hybrid"]'::jsonb,
  '["Automatic"]'::jsonb,
  7.5,
  8.5
)

insert into public.vehicle_generations (
  id,
  model_id,
  code,
  start_year,
  end_year,
  facelift,
  production_countries,
  body_types,
  fuel_types,
  transmission_types,
  summary
)
values (
  'f52a9076-d5e2-1989-b26d-430339bd0673',
  '814276b2-7641-3e14-bb01-6ca0ff3a1c27',
  'E-Tense',
  2017,
  2022,
  false,
  '{"France"}'::text[],
  null,
  null,
  null,
  'The first dedicated DS SUV, focusing on high technology and interior refinement.'
)

insert into public.vehicle_generations (
  id,
  model_id,
  code,
  start_year,
  end_year,
  facelift,
  production_countries,
  body_types,
  fuel_types,
  transmission_types,
  summary
)
values (
  'c1f40611-bcba-cbc6-597d-2098cb36dc57',
  '814276b2-7641-3e14-bb01-6ca0ff3a1c27',
  'DS 7',
  2022,
  2024,
  true,
  '{"France"}'::text[],
  null,
  null,
  null,
  'Mid-cycle refresh dropped ''Crossback'' name, updated styling and infotainment.'
)

insert into public.vehicle_insights (
  model_id,
  pros,
  cons,
  inspection_tips,
  notable_features,
  engine_examples,
  common_issues_by_engine,
  reliability_score,
  popularity_score
)
values (
  '814276b2-7641-3e14-bb01-6ca0ff3a1c27',
  '["Роскошный дизайн интерьера","Подвеска с высоким уровнем комфорта","Продвинутые технологические функции"]'::jsonb,
  '["Высокая стоимость запасных частей","Сложные электронные системы","Относительно медленное обесценивание при перепродаже"]'::jsonb,
  '["Проверить работу матричных светодиодных фар","Осмотреть на наличие необычных шумов от подвески (Active Scan)","Проверить историю обслуживания гибридной батареи"]'::jsonb,
  '["Active Scan Suspension","DS Active LED Vision","B.R.M R180 clock"]'::jsonb,
  '["1.6 PureTech","2.0 BlueHDi","1.6 E-Tense 225"]'::jsonb,
  '[{"engine_code":"1.6 PureTech (EP6 FDTX)","common_issues_ru":["Высокий расход масла","Проблемы с цепью ГРМ при больших пробегах"]},{"engine_code":"2.0 BlueHDi (DW10 FD)","common_issues_ru":["Проблемы с системой AdBlue","Требовательность к качеству дизельного топлива"]}]'::jsonb,
  null,
  null
)

insert into public.vehicle_models (
  id,
  make_id,
  slug,
  name_en,
  first_model_year,
  last_model_year,
  years_available,
  body_types_available,
  fuel_types_available,
  transmission_available,
  reliability_score,
  popularity_score
)
values (
  '0775e5ef-3aea-4199-1aca-720f9c38dc11',
  'a08ee840-5de7-b0ec-c4e2-78259bad2876',
  'ds-4',
  'DS 4',
  2021,
  2024,
  '{"2021","2022","2023","2024"}'::int[],
  '["Hatchback"]'::jsonb,
  '["Petrol","Diesel","Hybrid"]'::jsonb,
  '["Automatic"]'::jsonb,
  7,
  7.8
)

insert into public.vehicle_generations (
  id,
  model_id,
  code,
  start_year,
  end_year,
  facelift,
  production_countries,
  body_types,
  fuel_types,
  transmission_types,
  summary
)
values (
  'bc328333-936f-5599-0fb5-175fc1a06b5c',
  '0775e5ef-3aea-4199-1aca-720f9c38dc11',
  'L52',
  2021,
  2024,
  false,
  '{"France"}'::text[],
  null,
  null,
  null,
  'A premium compact hatchback built on the EMP2 platform, known for its bold coupe-like design and luxurious materials.'
)

insert into public.vehicle_insights (
  model_id,
  pros,
  cons,
  inspection_tips,
  notable_features,
  engine_examples,
  common_issues_by_engine,
  reliability_score,
  popularity_score
)
values (
  '0775e5ef-3aea-4199-1aca-720f9c38dc11',
  '["Яркий внешний дизайн","Высокое качество отделки салона","Комфортный баланс управляемости"]'::jsonb,
  '["Затрудненная задняя обзорность","Высокая начальная цена","Сложный интерфейс информационно-развлекательной системы"]'::jsonb,
  '["Проверить работу выдвижных дверных ручек","Проверить наличие сбоев в программном обеспечении системы DS Iris","Обеспечить надлежащее функционирование опор подвески"]'::jsonb,
  '["DS Smart Touch","Hidden air vents","DS E-Tense Hybrid options"]'::jsonb,
  '["1.2 PureTech","1.6 PureTech","1.5 BlueHDi"]'::jsonb,
  '[{"engine_code":"1.2 PureTech (EB2)","common_issues_ru":["Износ ремня ГРМ в масляной ванне","Потенциальные проблемы с насосом высокого давления"]},{"engine_code":"1.5 BlueHDi (DV5)","common_issues_ru":["Чувствительность к чистоте EGR клапана","Необходимость своевременного обслуживания системы AdBlue"]}]'::jsonb,
  null,
  null
)

insert into public.vehicle_models (
  id,
  make_id,
  slug,
  name_en,
  first_model_year,
  last_model_year,
  years_available,
  body_types_available,
  fuel_types_available,
  transmission_available,
  reliability_score,
  popularity_score
)
values (
  '782561c5-9e6b-ea6d-71d0-e933af6bc104',
  'a08ee840-5de7-b0ec-c4e2-78259bad2876',
  'ds-3-crossback',
  'DS 3 Crossback',
  2018,
  2024,
  '{"2018","2019","2020","2021","2022","2023","2024"}'::int[],
  '["SUV"]'::jsonb,
  '["Petrol","Diesel","Electric"]'::jsonb,
  '["Manual","Automatic"]'::jsonb,
  7.2,
  7
)

insert into public.vehicle_generations (
  id,
  model_id,
  code,
  start_year,
  end_year,
  facelift,
  production_countries,
  body_types,
  fuel_types,
  transmission_types,
  summary
)
values (
  '7e77fb38-57d2-9b6e-2d22-6f9801fa59da',
  '782561c5-9e6b-ea6d-71d0-e933af6bc104',
  'D34',
  2018,
  2022,
  false,
  '{"France"}'::text[],
  null,
  null,
  null,
  'Subcompact crossover positioning itself as a premium urban vehicle, featuring distinctive design elements like shark fin B-pillars.'
)

insert into public.vehicle_generations (
  id,
  model_id,
  code,
  start_year,
  end_year,
  facelift,
  production_countries,
  body_types,
  fuel_types,
  transmission_types,
  summary
)
values (
  'd77a6ce7-c39d-17c5-5643-ab3e26aac6d6',
  '782561c5-9e6b-ea6d-71d0-e933af6bc104',
  'DS 3',
  2022,
  2024,
  true,
  '{"France"}'::text[],
  null,
  null,
  null,
  'Facelift updated front grille, introduced new technology, and streamlined trim levels.'
)

insert into public.vehicle_insights (
  model_id,
  pros,
  cons,
  inspection_tips,
  notable_features,
  engine_examples,
  common_issues_by_engine,
  reliability_score,
  popularity_score
)
values (
  '782561c5-9e6b-ea6d-71d0-e933af6bc104',
  '["Уникальный дизайн, выделяется в сегменте","Хорошая маневренность в городском трафике","Широкие возможности кастомизации"]'::jsonb,
  '["Ограниченное пространство для задних пассажиров","Жесткость хода на стандартной подвеске","Не всегда премиальный пластик в салоне"]'::jsonb,
  '["Проверить надежность выдвижных дверных ручек (особенно зимой)","Убедиться в надлежащей работе рычага переключения передач (если автомат)","Прослушать шум ГРМ двигателя 1.2 PureTech"]'::jsonb,
  '["Flush-fitting door handles","DS Matrix LED Vision","E-Tense fully electric version"]'::jsonb,
  '["1.2 PureTech","1.5 BlueHDi","E-Tense Electric"]'::jsonb,
  '[{"engine_code":"1.2 PureTech (EB2)","common_issues_ru":["Проблемы с износом ремня ГРМ","Риск загрязнения маслоприемника продуктами износа ремня"]},{"engine_code":"1.5 BlueHDi (DV5)","common_issues_ru":["Нарекания на работу системы старт-стоп","Засорение сажевого фильтра при коротких поездках"]}]'::jsonb,
  null,
  null
)

insert into public.vehicle_makes (id, slug, name_en, country, segment_class, is_active, category_path)
values (
  '01cbddf9-aae4-8f17-f6d5-0665bae9746a',
  'dacia',
  'Dacia',
  'Romania',
  'Budget/Mass Market',
  true,
  'Automotive/Passenger Cars'
)

insert into public.vehicle_models (
  id,
  make_id,
  slug,
  name_en,
  first_model_year,
  last_model_year,
  years_available,
  body_types_available,
  fuel_types_available,
  transmission_available,
  reliability_score,
  popularity_score
)
values (
  '1a580ef9-f826-ee42-79ee-f566ed494783',
  '01cbddf9-aae4-8f17-f6d5-0665bae9746a',
  'duster',
  'Duster',
  2010,
  2024,
  '{"2010","2012","2015","2018","2021","2024"}'::int[],
  '["SUV"]'::jsonb,
  '["Gasoline","Diesel","LPG"]'::jsonb,
  '["Manual","Automatic"]'::jsonb,
  7.5,
  9
)

insert into public.vehicle_generations (
  id,
  model_id,
  code,
  start_year,
  end_year,
  facelift,
  production_countries,
  body_types,
  fuel_types,
  transmission_types,
  summary
)
values (
  '2e6f83bb-5a3c-fadb-3e68-2c7987482c34',
  '1a580ef9-f826-ee42-79ee-f566ed494783',
  'HS',
  2010,
  2017,
  false,
  '{"Romania","Brazil","Russia"}'::text[],
  null,
  null,
  null,
  'The first generation Duster established Dacia''s reputation for rugged, affordable SUVs, offering surprisingly good off-road capability.'
)

insert into public.vehicle_generations (
  id,
  model_id,
  code,
  start_year,
  end_year,
  facelift,
  production_countries,
  body_types,
  fuel_types,
  transmission_types,
  summary
)
values (
  '218e497e-079a-2ad4-bb84-7e13d2edb274',
  '1a580ef9-f826-ee42-79ee-f566ed494783',
  'HM',
  2018,
  2024,
  false,
  '{"Romania","Turkey"}'::text[],
  null,
  null,
  null,
  'Improved interior quality and significantly better technology while retaining its budget focus and high ground clearance.'
)

insert into public.vehicle_insights (
  model_id,
  pros,
  cons,
  inspection_tips,
  notable_features,
  engine_examples,
  common_issues_by_engine,
  reliability_score,
  popularity_score
)
values (
  '1a580ef9-f826-ee42-79ee-f566ed494783',
  '["Высокий клиренс и проходимость","Простота конструкции и дешевизна обслуживания","Надежные двигатели Renault"]'::jsonb,
  '["Плохая шумоизоляция","Дешевые материалы салона","Слабый базовый двигатель 1.6L"]'::jsonb,
  '["Проверить состояние карданного вала и муфты (для 4x4)","Обратить внимание на коррозию дверей багажника и порогов","Диагностика турбины на дизельных двигателях"]'::jsonb,
  '["Affordable 4x4 capability","High ground clearance","Excellent price-to-space ratio"]'::jsonb,
  '["1.6 H4M (114 hp)","1.5 dCi (110 hp)","1.3 TCe (150 hp)"]'::jsonb,
  '[{"engine_code":"H4M/K4M (1.6L)","common_issues_ru":["Течи масла в районе ГРМ","Склонность к перегреву при высоких нагрузках"]},{"engine_code":"K9K (1.5 dCi)","common_issues_ru":["Требователен к качеству топлива","Износ шатунных вкладышей (на ранних версиях)","Проблемы с турбонаддувом после 150 тыс. км"]}]'::jsonb,
  null,
  null
)

insert into public.vehicle_models (
  id,
  make_id,
  slug,
  name_en,
  first_model_year,
  last_model_year,
  years_available,
  body_types_available,
  fuel_types_available,
  transmission_available,
  reliability_score,
  popularity_score
)
values (
  'f4d5b082-a9af-bf8e-e397-5a3f3f1d5ea2',
  '01cbddf9-aae4-8f17-f6d5-0665bae9746a',
  'sandero',
  'Sandero',
  2008,
  2024,
  '{"2008","2013","2017","2020","2024"}'::int[],
  '["Hatchback","Stepway"]'::jsonb,
  '["Gasoline","LPG"]'::jsonb,
  '["Manual","CVT"]'::jsonb,
  8,
  9.5
)

insert into public.vehicle_generations (
  id,
  model_id,
  code,
  start_year,
  end_year,
  facelift,
  production_countries,
  body_types,
  fuel_types,
  transmission_types,
  summary
)
values (
  '9040b2d0-fee0-81df-b805-82c843cd7f8d',
  'f4d5b082-a9af-bf8e-e397-5a3f3f1d5ea2',
  'B90',
  2008,
  2012,
  false,
  '{"Romania","Brazil"}'::text[],
  null,
  null,
  null,
  'The first generation, based on the Logan platform, offering basic transport.'
)

insert into public.vehicle_generations (
  id,
  model_id,
  code,
  start_year,
  end_year,
  facelift,
  production_countries,
  body_types,
  fuel_types,
  transmission_types,
  summary
)
values (
  '6de3be67-dd37-8962-ca26-3c18a0df6c0c',
  'f4d5b082-a9af-bf8e-e397-5a3f3f1d5ea2',
  'RJ',
  2020,
  2024,
  false,
  '{"Romania","Morocco"}'::text[],
  null,
  null,
  null,
  'Switched to the modern CMF-B platform, dramatically improving safety, technology, and driving dynamics.'
)

insert into public.vehicle_insights (
  model_id,
  pros,
  cons,
  inspection_tips,
  notable_features,
  engine_examples,
  common_issues_by_engine,
  reliability_score,
  popularity_score
)
values (
  'f4d5b082-a9af-bf8e-e397-5a3f3f1d5ea2',
  '["Чрезвычайно низкая цена покупки","Надежность и простота в эксплуатации","Хороший клиренс для хэтчбека"]'::jsonb,
  '["Низкое качество ЛКП (на Gen I и II)","Очень слабая динамика на атмосферных моторах","Чрезмерно жесткая подвеска на пустом автомобиле"]'::jsonb,
  '["Проверить состояние рулевой рейки (особенно на Gen I)","Осмотр нижней части дверей на предмет коррозии"]'::jsonb,
  '["Exceptional fuel economy (TCe engines)","High safety ratings (Gen III)","Stepway version offers SUV look"]'::jsonb,
  '["1.0 SCe","1.0 TCe","1.6 MPI"]'::jsonb,
  '[{"engine_code":"0.9 TCe (H4B)","common_issues_ru":["Слабая цепь ГРМ","Высокая чувствительность к качеству масла","Накопление нагара"]},{"engine_code":"1.6 MPI (K7M)","common_issues_ru":["Необходимость регулировки клапанов","Возможные течи антифриза"]}]'::jsonb,
  null,
  null
)

insert into public.vehicle_models (
  id,
  make_id,
  slug,
  name_en,
  first_model_year,
  last_model_year,
  years_available,
  body_types_available,
  fuel_types_available,
  transmission_available,
  reliability_score,
  popularity_score
)
values (
  'e84eb1b6-6197-3859-e4c0-fdfb82100d10',
  '01cbddf9-aae4-8f17-f6d5-0665bae9746a',
  'logan',
  'Logan',
  2004,
  2024,
  '{"2004","2008","2012","2016","2021","2024"}'::int[],
  '["Sedan","Station Wagon"]'::jsonb,
  '["Gasoline","Diesel","LPG"]'::jsonb,
  '["Manual","Automatic"]'::jsonb,
  8.5,
  8.5
)

insert into public.vehicle_generations (
  id,
  model_id,
  code,
  start_year,
  end_year,
  facelift,
  production_countries,
  body_types,
  fuel_types,
  transmission_types,
  summary
)
values (
  'd39e6356-2cb3-a662-a9f9-34adb224f762',
  'e84eb1b6-6197-3859-e4c0-fdfb82100d10',
  'L90',
  2004,
  2013,
  false,
  '{"Romania","Russia","India"}'::text[],
  null,
  null,
  null,
  'The original model, known for its extremely basic design, low price, and durability.'
)

insert into public.vehicle_generations (
  id,
  model_id,
  code,
  start_year,
  end_year,
  facelift,
  production_countries,
  body_types,
  fuel_types,
  transmission_types,
  summary
)
values (
  '72757ee0-640b-6ea3-ace4-756bcfa8bff8',
  'e84eb1b6-6197-3859-e4c0-fdfb82100d10',
  'L52',
  2012,
  2020,
  true,
  '{"Romania"}'::text[],
  null,
  null,
  null,
  'Modernized version, significantly improving safety and internal comfort, sharing components with Sandero II.'
)

insert into public.vehicle_insights (
  model_id,
  pros,
  cons,
  inspection_tips,
  notable_features,
  engine_examples,
  common_issues_by_engine,
  reliability_score,
  popularity_score
)
values (
  'e84eb1b6-6197-3859-e4c0-fdfb82100d10',
  '["Огромный багажник","Неубиваемая подвеска, адаптированная к плохим дорогам","Самые низкие расходы на ремонт и запчасти"]'::jsonb,
  '["Очень простой и аскетичный салон (особенно Gen I)","Слабые тормоза","Длинные ходы рычага КПП"]'::jsonb,
  '["Внимательно проверить КПП, склонна к гулу после 100-150 тыс. км","Проверить состояние подушек двигателя и коробки","Обратить внимание на электронику (Gen I)"]'::jsonb,
  '["Massive boot space","Highly resistant suspension system","Low long-term maintenance costs"]'::jsonb,
  '["1.4 K7J","1.6 K7M","1.5 dCi K9K"]'::jsonb,
  '[{"engine_code":"1.4 K7J","common_issues_ru":["Течи масла из-под сальников","Проблемы с датчиком холостого хода"]},{"engine_code":"1.6 K4M","common_issues_ru":["Шумная работа фазорегулятора","Сбои в системе зажигания после 100 тыс. км"]}]'::jsonb,
  null,
  null
)

insert into public.vehicle_makes (id, slug, name_en, country, segment_class, is_active, category_path)
values (
  '9a3fb982-fedf-ef9a-13c8-fe56910dffd6',
  'daewoo',
  'Daewoo',
  'South Korea',
  'Generalist/Budget',
  false,
  'Passenger Cars'
)

insert into public.vehicle_models (
  id,
  make_id,
  slug,
  name_en,
  first_model_year,
  last_model_year,
  years_available,
  body_types_available,
  fuel_types_available,
  transmission_available,
  reliability_score,
  popularity_score
)
values (
  '39676986-6de5-9d92-8c93-135b19540f9e',
  '9a3fb982-fedf-ef9a-13c8-fe56910dffd6',
  'nexia',
  'Nexia',
  1994,
  2016,
  '{"1994","1998","2002","2008","2012","2016"}'::int[],
  '["Sedan"]'::jsonb,
  '["Petrol"]'::jsonb,
  '["Manual","Automatic"]'::jsonb,
  7.5,
  8.5
)

insert into public.vehicle_generations (
  id,
  model_id,
  code,
  start_year,
  end_year,
  facelift,
  production_countries,
  body_types,
  fuel_types,
  transmission_types,
  summary
)
values (
  '86a7d86b-f595-3236-d424-e4bad33bd2a6',
  '39676986-6de5-9d92-8c93-135b19540f9e',
  'N100',
  1994,
  2008,
  false,
  '{"South Korea","Uzbekistan"}'::text[],
  null,
  null,
  null,
  'Original model derived from Opel Kadett E, widely produced in CIS countries.'
)

insert into public.vehicle_generations (
  id,
  model_id,
  code,
  start_year,
  end_year,
  facelift,
  production_countries,
  body_types,
  fuel_types,
  transmission_types,
  summary
)
values (
  '20289c44-de53-351b-eb14-8a6286c67170',
  '39676986-6de5-9d92-8c93-135b19540f9e',
  'N150',
  2008,
  2016,
  true,
  '{"Uzbekistan"}'::text[],
  null,
  null,
  null,
  'Facelifted version with minor exterior and interior changes, primarily aimed at the CIS market.'
)

insert into public.vehicle_insights (
  model_id,
  pros,
  cons,
  inspection_tips,
  notable_features,
  engine_examples,
  common_issues_by_engine,
  reliability_score,
  popularity_score
)
values (
  '39676986-6de5-9d92-8c93-135b19540f9e',
  '["Простота конструкции","Низкая стоимость обслуживания","Дешевые запчасти и расходники","Надежные двигатели G15MF/A15MF"]'::jsonb,
  '["Плохая пассивная безопасность","Коррозия кузова, особенно порогов и арок","Низкое качество отделки салона","Слабая шумоизоляция"]'::jsonb,
  '["Тщательно проверьте состояние кузова на наличие сквозной коррозии","Проверьте работу системы охлаждения и термостата","Оцените состояние проводки под капотом, часто страдает от возраста"]'::jsonb,
  '["Simplicity and low repair costs","High fuel efficiency (for 8V versions)"]'::jsonb,
  '["G15MF (1.5L 8V)","A15MF (1.5L 16V)","A15SMS (1.5L 8V)"]'::jsonb,
  '[{"engine_code":"G15MF","common_issues_ru":["Проблемы с датчиком положения дроссельной заслонки","Течи масла из-под клапанной крышки","Слабая прокладка головки блока цилиндров"]},{"engine_code":"A15SMS","common_issues_ru":["Быстрый износ роликов ГРМ","Нестабильный холостой ход из-за загрязнения форсунок"]}]'::jsonb,
  null,
  null
)

insert into public.vehicle_models (
  id,
  make_id,
  slug,
  name_en,
  first_model_year,
  last_model_year,
  years_available,
  body_types_available,
  fuel_types_available,
  transmission_available,
  reliability_score,
  popularity_score
)
values (
  'dc8aa648-c5ec-c09c-bf41-621a3ca79198',
  '9a3fb982-fedf-ef9a-13c8-fe56910dffd6',
  'matiz',
  'Matiz',
  1998,
  2015,
  '{"1998","2001","2005","2010","2015"}'::int[],
  '["Hatchback"]'::jsonb,
  '["Petrol"]'::jsonb,
  '["Manual","Automatic"]'::jsonb,
  8,
  9
)

insert into public.vehicle_generations (
  id,
  model_id,
  code,
  start_year,
  end_year,
  facelift,
  production_countries,
  body_types,
  fuel_types,
  transmission_types,
  summary
)
values (
  'b804df6d-984a-9a7c-beca-206b81d54de7',
  'dc8aa648-c5ec-c09c-bf41-621a3ca79198',
  'M100',
  1998,
  2000,
  false,
  '{"South Korea"}'::text[],
  null,
  null,
  null,
  'First generation city car designed by Italdesign Giugiaro.'
)

insert into public.vehicle_generations (
  id,
  model_id,
  code,
  start_year,
  end_year,
  facelift,
  production_countries,
  body_types,
  fuel_types,
  transmission_types,
  summary
)
values (
  '5c17c54f-6020-895f-3e8c-70daa86d9cea',
  'dc8aa648-c5ec-c09c-bf41-621a3ca79198',
  'M150',
  2000,
  2015,
  true,
  '{"Uzbekistan","South Korea","Poland"}'::text[],
  null,
  null,
  null,
  'Facelifted version M150, the most common variant sold globally and in CIS markets.'
)

insert into public.vehicle_insights (
  model_id,
  pros,
  cons,
  inspection_tips,
  notable_features,
  engine_examples,
  common_issues_by_engine,
  reliability_score,
  popularity_score
)
values (
  'dc8aa648-c5ec-c09c-bf41-621a3ca79198',
  '["Экономичность и низкий расход топлива","Компактность для города и простота парковки","Низкий транспортный налог","Очень дешевое обслуживание"]'::jsonb,
  '["Низкая динамика, особенно с автоматической коробкой","Тесный салон и маленький багажник","Слабый кузов к коррозии","Проблемы с охлаждением в жаркую погоду"]'::jsonb,
  '["Проверьте состояние днища и задних арок на ржавчину","Проверьте натяжение ремня ГРМ (часто рвется)","Убедитесь в отсутствии вибраций на холостом ходу (проблемы с подушками двигателя)"]'::jsonb,
  '["Extremely small turning radius","Affordable entry price"]'::jsonb,
  '["F8CV (0.8L 3-cylinder)","B10S1 (1.0L 4-cylinder)"]'::jsonb,
  '[{"engine_code":"F8CV","common_issues_ru":["Выход из строя катушки зажигания (особенно на M100)","Проблемы с регулировкой клапанов (требуется регулярная проверка)","Перегрев двигателя из-за неисправности термостата или помпы"]},{"engine_code":"B10S1","common_issues_ru":["Ненадежный термостат","Повышенный расход масла после пробега 150 тыс. км"]}]'::jsonb,
  null,
  null
)

insert into public.vehicle_models (
  id,
  make_id,
  slug,
  name_en,
  first_model_year,
  last_model_year,
  years_available,
  body_types_available,
  fuel_types_available,
  transmission_available,
  reliability_score,
  popularity_score
)
values (
  '8cf8831a-6b20-f249-777f-2f21f3bcac24',
  '9a3fb982-fedf-ef9a-13c8-fe56910dffd6',
  'lanos',
  'Lanos',
  1997,
  2020,
  '{"1997","2000","2005","2010"}'::int[],
  '["Sedan","Hatchback"]'::jsonb,
  '["Petrol","LPG"]'::jsonb,
  '["Manual","Automatic"]'::jsonb,
  7.8,
  8.8
)

insert into public.vehicle_generations (
  id,
  model_id,
  code,
  start_year,
  end_year,
  facelift,
  production_countries,
  body_types,
  fuel_types,
  transmission_types,
  summary
)
values (
  '67121b13-2288-89e0-3b72-68aab2682b03',
  '8cf8831a-6b20-f249-777f-2f21f3bcac24',
  'T100',
  1997,
  2002,
  false,
  '{"South Korea","Poland"}'::text[],
  null,
  null,
  null,
  'Initial generation, sharing platform components with Opel models.'
)

insert into public.vehicle_generations (
  id,
  model_id,
  code,
  start_year,
  end_year,
  facelift,
  production_countries,
  body_types,
  fuel_types,
  transmission_types,
  summary
)
values (
  '3c1c4247-21bd-0149-cb30-1436cb67b0e6',
  '8cf8831a-6b20-f249-777f-2f21f3bcac24',
  'T150',
  2002,
  2020,
  true,
  '{"Ukraine"}'::text[],
  null,
  null,
  null,
  'Facelifted and localized production version, known widely as Chevrolet Lanos or ZAZ Sens/Lanos.'
)

insert into public.vehicle_insights (
  model_id,
  pros,
  cons,
  inspection_tips,
  notable_features,
  engine_examples,
  common_issues_by_engine,
  reliability_score,
  popularity_score
)
values (
  '8cf8831a-6b20-f249-777f-2f21f3bcac24',
  '["Надежная и простая подвеска","Отличная ремонтопригодность","Легкость установки ГБО","Доступность запчастей"]'::jsonb,
  '["Слабая шумоизоляция и вентиляция салона","Быстро гниющий кузов (особенно задние арки и двери)","Маломощные двигатели (особенно 1.4L)","Базовое оснащение безопасности"]'::jsonb,
  '["Обратите внимание на работу ГУР (часто течет)","Проверьте состояние тросов ручника (часто закисают)","Оцените состояние задней балки и амортизаторов"]'::jsonb,
  '["Robust suspension system, suitable for poor roads","High adaptability to LPG conversion"]'::jsonb,
  '["C14NZ (1.4L)","A15SMS (1.5L)","A16DMS (1.6L 16V)"]'::jsonb,
  '[{"engine_code":"A15SMS","common_issues_ru":["Проблемы с течами радиатора печки (сложная замена)","Частый износ помпы и прокладки клапанной крышки","Стук гидрокомпенсаторов на старых моделях"]},{"engine_code":"C14NZ","common_issues_ru":["Повышенный расход топлива из-за устаревшей системы впрыска","Проблемы с датчиком холостого хода"]}]'::jsonb,
  null,
  null
)

insert into public.vehicle_makes (id, slug, name_en, country, segment_class, is_active, category_path)
values (
  '0dd143b7-989d-86b9-0087-df121dfccbd5',
  'daihatsu',
  'Daihatsu',
  'Japan',
  'A / B',
  true,
  'Passenger Car'
)

insert into public.vehicle_models (
  id,
  make_id,
  slug,
  name_en,
  first_model_year,
  last_model_year,
  years_available,
  body_types_available,
  fuel_types_available,
  transmission_available,
  reliability_score,
  popularity_score
)
values (
  '3fcddb95-416e-9a25-4f3e-26e8becb8dee',
  '0dd143b7-989d-86b9-0087-df121dfccbd5',
  'terios',
  'Terios',
  1997,
  2017,
  '{"1997","1998","1999","2000","2001","2002","2003","2004","2005","2006","2007","2008","2009","2010","2011","2012","2013","2014","2015","2016","2017"}'::int[],
  '["SUV"]'::jsonb,
  '["Gasoline"]'::jsonb,
  '["Manual","Automatic"]'::jsonb,
  7.5,
  6
)

insert into public.vehicle_generations (
  id,
  model_id,
  code,
  start_year,
  end_year,
  facelift,
  production_countries,
  body_types,
  fuel_types,
  transmission_types,
  summary
)
values (
  'c6e44389-7d5a-ce4e-43f9-691ac3ef5301',
  '3fcddb95-416e-9a25-4f3e-26e8becb8dee',
  'J100',
  1997,
  2006,
  false,
  '{"Japan"}'::text[],
  null,
  null,
  null,
  'First generation, characterized by its compact size and standard full-time 4WD.'
)

insert into public.vehicle_generations (
  id,
  model_id,
  code,
  start_year,
  end_year,
  facelift,
  production_countries,
  body_types,
  fuel_types,
  transmission_types,
  summary
)
values (
  '1a822304-0952-8a98-e384-44898f2da19a',
  '3fcddb95-416e-9a25-4f3e-26e8becb8dee',
  'J200',
  2006,
  2017,
  false,
  '{"Japan","Indonesia"}'::text[],
  null,
  null,
  null,
  'Second generation, larger and more modern, shared platform with Toyota Rush.'
)

insert into public.vehicle_insights (
  model_id,
  pros,
  cons,
  inspection_tips,
  notable_features,
  engine_examples,
  common_issues_by_engine,
  reliability_score,
  popularity_score
)
values (
  '3fcddb95-416e-9a25-4f3e-26e8becb8dee',
  '["Надежные двигатели","Компактные размеры и маневренность","Хорошая проходимость для городского SUV"]'::jsonb,
  '["Слабая шумоизоляция","Медленный разгон, особенно на трассе","Жесткая подвеска"]'::jsonb,
  '["Проверить состояние раздаточной коробки и карданного вала (особенно на Gen 1)","Осмотреть кузов на предмет ржавчины на раме и дверях","Проверить плавность работы автоматической коробки передач"]'::jsonb,
  '["Full-time 4WD (Gen 1)","High ground clearance","Reliable Toyota-derived engines"]'::jsonb,
  '["K3-VE","3SZ-VE"]'::jsonb,
  '[{"engine_code":"K3-VE (1.3L)","common_issues_ru":["Проблемы с клапанными зазорами","Утечки в системе охлаждения"]},{"engine_code":"3SZ-VE (1.5L)","common_issues_ru":["Повышенный шум цепи ГРМ при износе","Отказы датчиков кислорода"]}]'::jsonb,
  null,
  null
)

insert into public.vehicle_models (
  id,
  make_id,
  slug,
  name_en,
  first_model_year,
  last_model_year,
  years_available,
  body_types_available,
  fuel_types_available,
  transmission_available,
  reliability_score,
  popularity_score
)
values (
  '2583218e-f995-1a38-9ef3-64c2041429bb',
  '0dd143b7-989d-86b9-0087-df121dfccbd5',
  'sirion',
  'Sirion',
  1998,
  2015,
  '{"1998","1999","2000","2001","2002","2003","2004","2005","2006","2007","2008","2009","2010","2011","2012","2013","2014","2015"}'::int[],
  '["Hatchback"]'::jsonb,
  '["Gasoline"]'::jsonb,
  '["Manual","Automatic"]'::jsonb,
  8,
  5.5
)

insert into public.vehicle_generations (
  id,
  model_id,
  code,
  start_year,
  end_year,
  facelift,
  production_countries,
  body_types,
  fuel_types,
  transmission_types,
  summary
)
values (
  '71b25c5c-4fee-4732-32e6-5a533608444a',
  '2583218e-f995-1a38-9ef3-64c2041429bb',
  'M100',
  1998,
  2004,
  false,
  '{"Japan"}'::text[],
  null,
  null,
  null,
  'First generation Sirion, known for simplicity and efficiency.'
)

insert into public.vehicle_generations (
  id,
  model_id,
  code,
  start_year,
  end_year,
  facelift,
  production_countries,
  body_types,
  fuel_types,
  transmission_types,
  summary
)
values (
  'fd0f9d1a-a445-4594-8384-16d155b02929',
  '2583218e-f995-1a38-9ef3-64c2041429bb',
  'M300',
  2004,
  2015,
  false,
  '{"Japan"}'::text[],
  null,
  null,
  null,
  'Second generation, shares platform with Toyota Passo/Subaru Justy.'
)

insert into public.vehicle_insights (
  model_id,
  pros,
  cons,
  inspection_tips,
  notable_features,
  engine_examples,
  common_issues_by_engine,
  reliability_score,
  popularity_score
)
values (
  '2583218e-f995-1a38-9ef3-64c2041429bb',
  '["Высокая надежность и долговечность","Низкий расход топлива","Простота в обслуживании"]'::jsonb,
  '["Минималистичные материалы салона","Слабое рулевое управление на высоких скоростях (Gen 1)","Недостаточная устойчивость к коррозии в суровых условиях"]'::jsonb,
  '["Проверить состояние втулок передней подвески","Осмотреть рулевой механизм на предмет люфтов","Проверить работу кондиционера и печки"]'::jsonb,
  '["Exceptional fuel economy","Reliable powertrain components","Spacious cabin relative to size"]'::jsonb,
  '["EJ-VE","K3-VE"]'::jsonb,
  '[{"engine_code":"EJ-VE (1.0L)","common_issues_ru":["Проблемы с катушками зажигания","Незначительные утечки масла","Повышенный расход масла на больших пробегах"]},{"engine_code":"K3-VE (1.3L)","common_issues_ru":["Загрязнение дроссельной заслонки","Редкие проблемы с термостатом"]}]'::jsonb,
  null,
  null
)

insert into public.vehicle_models (
  id,
  make_id,
  slug,
  name_en,
  first_model_year,
  last_model_year,
  years_available,
  body_types_available,
  fuel_types_available,
  transmission_available,
  reliability_score,
  popularity_score
)
values (
  '36861a31-bf50-ac26-5715-f548f2b13174',
  '0dd143b7-989d-86b9-0087-df121dfccbd5',
  'charade',
  'Charade',
  1977,
  2000,
  '{"1993","1994","1995","1996","1997","1998","1999","2000"}'::int[],
  '["Hatchback","Sedan"]'::jsonb,
  '["Gasoline","Diesel"]'::jsonb,
  '["Manual","Automatic"]'::jsonb,
  7,
  4.5
)

insert into public.vehicle_generations (
  id,
  model_id,
  code,
  start_year,
  end_year,
  facelift,
  production_countries,
  body_types,
  fuel_types,
  transmission_types,
  summary
)
values (
  'b234ea9f-73ac-914c-9985-1480b10453b0',
  '36861a31-bf50-ac26-5715-f548f2b13174',
  'G200',
  1993,
  2000,
  false,
  '{"Japan"}'::text[],
  null,
  null,
  null,
  'Fourth generation, the last independent Charade model sold internationally before badge engineering.'
)

insert into public.vehicle_insights (
  model_id,
  pros,
  cons,
  inspection_tips,
  notable_features,
  engine_examples,
  common_issues_by_engine,
  reliability_score,
  popularity_score
)
values (
  '36861a31-bf50-ac26-5715-f548f2b13174',
  '["Простота конструкции и обслуживания","Низкая стоимость владения","Компактность и экономичность"]'::jsonb,
  '["Сильная подверженность коррозии","Низкий уровень безопасности (старая конструкция)","Дешевые материалы интерьера"]'::jsonb,
  '["Тщательный осмотр на предмет сквозной ржавчины (пороги, арки)","Проверка состояния всех резиновых элементов из-за возраста","Оценка работоспособности тормозной системы"]'::jsonb,
  '["High-performance GTti variant available (historic)","Extremely basic and easy to repair","Low running costs"]'::jsonb,
  '["HC-E","HD-E","CL-Series Diesel"]'::jsonb,
  '[{"engine_code":"HC-E (1.3L)","common_issues_ru":["Проблемы с карбюратором (на старых версиях)","Выход из строя прокладки ГБЦ из-за перегрева","Быстрый износ ремня ГРМ"]},{"engine_code":"CL-Series Diesel","common_issues_ru":["Проблемы с топливной аппаратурой (ТНВД)","Повышенная вибрация"]}]'::jsonb,
  null,
  null
)

insert into public.vehicle_makes (id, slug, name_en, country, segment_class, is_active, category_path)
values (
  'a4ec9867-2899-b567-b91e-fe40fcaa64ee',
  'daimler',
  'Daimler',
  'Germany',
  'Luxury',
  true,
  'Passenger Cars'
)

insert into public.vehicle_models (
  id,
  make_id,
  slug,
  name_en,
  first_model_year,
  last_model_year,
  years_available,
  body_types_available,
  fuel_types_available,
  transmission_available,
  reliability_score,
  popularity_score
)
values (
  'e710f87c-1b90-dc53-884e-ef09b6a558b4',
  'a4ec9867-2899-b567-b91e-fe40fcaa64ee',
  'e-class-w213',
  'E-Class',
  2016,
  2023,
  '{"2016","2017","2018","2019","2020","2021","2022","2023"}'::int[],
  '["Sedan","Wagon","Coupe","Convertible"]'::jsonb,
  '["Gasoline","Diesel","Hybrid"]'::jsonb,
  '["Automatic (9G-Tronic)"]'::jsonb,
  7.5,
  9
)

insert into public.vehicle_generations (
  id,
  model_id,
  code,
  start_year,
  end_year,
  facelift,
  production_countries,
  body_types,
  fuel_types,
  transmission_types,
  summary
)
values (
  'c958c6b3-d285-253f-3293-8b63d781a061',
  'e710f87c-1b90-dc53-884e-ef09b6a558b4',
  'W213',
  2016,
  2023,
  false,
  '{"Germany","China"}'::text[],
  null,
  null,
  null,
  'The W213 generation introduced a significant leap in technology and design, adopting the current corporate style and advanced driver-assistance systems.'
)

insert into public.vehicle_insights (
  model_id,
  pros,
  cons,
  inspection_tips,
  notable_features,
  engine_examples,
  common_issues_by_engine,
  reliability_score,
  popularity_score
)
values (
  'e710f87c-1b90-dc53-884e-ef09b6a558b4',
  '["Исключительный комфорт и шумоизоляция","Роскошная отделка салона и современные технологии","Высокий уровень безопасности"]'::jsonb,
  '["Высокая стоимость обслуживания и ремонта электроники","Чувствительность подвески к плохим дорогам (особенно с пневмоподвеской)","Проблемы с блоком управления 9G-Tronic на ранних версиях"]'::jsonb,
  '["Тщательная диагностика пневмоподвески Airmatic, если установлена","Проверка работоспособности мультимедийной системы MBUX/Comand","Осмотр состояния тормозных дисков и колодок (быстрый износ)"]'::jsonb,
  '["Widescreen Cockpit","Drive Pilot assistance system","9G-Tronic automatic transmission"]'::jsonb,
  '["OM654 (2.0L Diesel)","M256 (3.0L I6)","M274 (2.0L Gasoline)"]'::jsonb,
  '[{"engine_code":"OM654","common_issues_ru":["Проблемы с датчиками NOx и сажевым фильтром","Утечки масла через теплообменник (на ранних моделях)","Необходимость обновления ПО для устранения вибраций"]},{"engine_code":"M274","common_issues_ru":["Износ цепи ГРМ при пробеге свыше 100-120 тыс. км","Выход из строя катушек зажигания"]}]'::jsonb,
  null,
  null
)

insert into public.vehicle_models (
  id,
  make_id,
  slug,
  name_en,
  first_model_year,
  last_model_year,
  years_available,
  body_types_available,
  fuel_types_available,
  transmission_available,
  reliability_score,
  popularity_score
)
values (
  '71b36ceb-cf81-9c53-88ba-797af7b2faa6',
  'a4ec9867-2899-b567-b91e-fe40fcaa64ee',
  'c-class-w205',
  'C-Class',
  2014,
  2021,
  '{"2014","2015","2016","2017","2018","2019","2020","2021"}'::int[],
  '["Sedan","Wagon","Coupe","Convertible"]'::jsonb,
  '["Gasoline","Diesel","Hybrid"]'::jsonb,
  '["Automatic (7G-Tronic, 9G-Tronic)"]'::jsonb,
  7.8,
  8.5
)

insert into public.vehicle_generations (
  id,
  model_id,
  code,
  start_year,
  end_year,
  facelift,
  production_countries,
  body_types,
  fuel_types,
  transmission_types,
  summary
)
values (
  '0e1e0e9b-8437-8022-5356-b0268efce320',
  '71b36ceb-cf81-9c53-88ba-797af7b2faa6',
  'W205',
  2014,
  2021,
  false,
  '{"Germany","USA","South Africa"}'::text[],
  null,
  null,
  null,
  'The W205 marked a significant redesign, positioning the C-Class as a smaller version of the S-Class in terms of interior quality and features.'
)

insert into public.vehicle_insights (
  model_id,
  pros,
  cons,
  inspection_tips,
  notable_features,
  engine_examples,
  common_issues_by_engine,
  reliability_score,
  popularity_score
)
values (
  '71b36ceb-cf81-9c53-88ba-797af7b2faa6',
  '["Отличная управляемость и динамика","Экономичные дизельные версии","Стильный и современный дизайн экстерьера"]'::jsonb,
  '["Сравнительно тесный задний ряд","Потенциальные проблемы с электрикой и мультимедиа","Высокая стоимость кузовного ремонта"]'::jsonb,
  '["Проверка состояния рулевой рейки (стуки)","Диагностика работы системы Start/Stop и электрических компонентов","Осмотр на предмет коррозии колесных арок и днища (на автомобилях, эксплуатируемых в агрессивных условиях)"]'::jsonb,
  '["Airmatic suspension option","Advanced interior design inspired by S-Class","High fuel efficiency, especially in diesel variants"]'::jsonb,
  '["OM651 (2.1L Diesel)","M274 (2.0L Gasoline)","M264 (2.0L Gasoline, facelift)"]'::jsonb,
  '[{"engine_code":"M274","common_issues_ru":["Растяжение цепи ГРМ, особенно на двигателях 1.6/2.0","Повышенный расход масла","Сбои в работе системы впрыска"]},{"engine_code":"OM651","common_issues_ru":["Неисправности термостата","Утечки масла из-под прокладок","Проблемы с ТНВД и топливной системой"]}]'::jsonb,
  null,
  null
)

insert into public.vehicle_models (
  id,
  make_id,
  slug,
  name_en,
  first_model_year,
  last_model_year,
  years_available,
  body_types_available,
  fuel_types_available,
  transmission_available,
  reliability_score,
  popularity_score
)
values (
  '224dfd7d-2d67-0257-e3e6-9b1ddfc48f8b',
  'a4ec9867-2899-b567-b91e-fe40fcaa64ee',
  'glc-x253',
  'GLC',
  2015,
  2022,
  '{"2015","2016","2017","2018","2019","2020","2021","2022"}'::int[],
  '["SUV","Coupe SUV"]'::jsonb,
  '["Gasoline","Diesel","Hybrid"]'::jsonb,
  '["Automatic (9G-Tronic)"]'::jsonb,
  7.9,
  9.2
)

insert into public.vehicle_generations (
  id,
  model_id,
  code,
  start_year,
  end_year,
  facelift,
  production_countries,
  body_types,
  fuel_types,
  transmission_types,
  summary
)
values (
  'fbefbada-30eb-7003-3121-dba7a554a95a',
  '224dfd7d-2d67-0257-e3e6-9b1ddfc48f8b',
  'X253',
  2015,
  2022,
  false,
  '{"Germany","Finland"}'::text[],
  null,
  null,
  null,
  'The GLC replaced the GLK, offering a more rounded design and focusing heavily on on-road comfort and luxury features.'
)

insert into public.vehicle_insights (
  model_id,
  pros,
  cons,
  inspection_tips,
  notable_features,
  engine_examples,
  common_issues_by_engine,
  reliability_score,
  popularity_score
)
values (
  '224dfd7d-2d67-0257-e3e6-9b1ddfc48f8b',
  '["Высокий уровень комфорта при езде","Надежная работа автоматической КПП 9G-Tronic","Высокая ликвидность на вторичном рынке"]'::jsonb,
  '["Ограниченное пространство багажника (особенно у Coupe)","Высокая чувствительность к качеству топлива","Дороговизна обслуживания полного привода 4Matic"]'::jsonb,
  '["Проверка состояния раздаточной коробки и карданного вала","Диагностика работоспособности камеры 360 градусов и парковочных ассистентов","Осмотр состояния ходовой части (сайлентблоки)"]'::jsonb,
  '["Standard 4MATIC All-Wheel Drive (in many markets)","High level of interior refinement","Excellent crash safety ratings"]'::jsonb,
  '["OM654 (2.0L Diesel)","M274 (2.0L Gasoline)"]'::jsonb,
  '[{"engine_code":"OM651","common_issues_ru":["Шумная работа дизеля на холостом ходу","Проблемы с сажевым фильтром при частых коротких поездках"]},{"engine_code":"M274","common_issues_ru":["Выход из строя термостата","Склонность к повышенному потреблению масла"]}]'::jsonb,
  null,
  null
)

insert into public.vehicle_makes (id, slug, name_en, country, segment_class, is_active, category_path)
values (
  '6ce01b9b-e190-fb1a-34ed-d02f3301c1e8',
  'de-tomaso',
  'De Tomaso',
  'Italy',
  'Exotic Sports Car',
  false,
  'Sports Cars / Luxury'
)

insert into public.vehicle_models (
  id,
  make_id,
  slug,
  name_en,
  first_model_year,
  last_model_year,
  years_available,
  body_types_available,
  fuel_types_available,
  transmission_available,
  reliability_score,
  popularity_score
)
values (
  '106d0fe1-578f-3217-e5b7-34a816f05e56',
  '6ce01b9b-e190-fb1a-34ed-d02f3301c1e8',
  'pantera',
  'Pantera',
  1971,
  1992,
  '{"1971","1972","1973","1974","1975","1976","1977","1978","1979","1980","1981","1982","1983","1984","1985","1986","1987","1988","1989","1990","1991","1992"}'::int[],
  '["Coupe"]'::jsonb,
  '["Gasoline"]'::jsonb,
  '["Manual"]'::jsonb,
  5,
  8.5
)

insert into public.vehicle_generations (
  id,
  model_id,
  code,
  start_year,
  end_year,
  facelift,
  production_countries,
  body_types,
  fuel_types,
  transmission_types,
  summary
)
values (
  'fcdb70d8-aac7-6dc0-7f19-54d805b692db',
  '106d0fe1-578f-3217-e5b7-34a816f05e56',
  'Pantera',
  1971,
  1992,
  false,
  '{"Italy"}'::text[],
  null,
  null,
  null,
  'Mid-engined sports car powered by Ford V8 engines, designed by Tom Tjaarda.'
)

insert into public.vehicle_insights (
  model_id,
  pros,
  cons,
  inspection_tips,
  notable_features,
  engine_examples,
  common_issues_by_engine,
  reliability_score,
  popularity_score
)
values (
  '106d0fe1-578f-3217-e5b7-34a816f05e56',
  '["Высокая производительность","Уникальный дизайн","Двигатель Ford V8 легко обслуживается"]'::jsonb,
  '["Проблемы с охлаждением","Коррозия кузова","Низкое качество сборки ранних моделей"]'::jsonb,
  '["Осмотрите задние крылья и пороги на наличие ржавчины","Проверьте работу фар (проблемы с вакуумными приводами)","Убедитесь в наличии модификаций системы охлаждения"]'::jsonb,
  '["Pop-up headlights","Ford V8 power plant","Ghian-designed bodywork"]'::jsonb,
  '["Ford Cleveland V8 5.8L"]'::jsonb,
  '[{"engine_code":"Ford 351C","common_issues_ru":["Перегрев двигателя из-за неэффективной системы охлаждения","Проблемы с карбюратором и топливной системой","Износ сальников клапанов и прокладок"]}]'::jsonb,
  null,
  null
)

insert into public.vehicle_models (
  id,
  make_id,
  slug,
  name_en,
  first_model_year,
  last_model_year,
  years_available,
  body_types_available,
  fuel_types_available,
  transmission_available,
  reliability_score,
  popularity_score
)
values (
  '09f4d382-d7b9-a64c-0532-f5499fb5b9e7',
  '6ce01b9b-e190-fb1a-34ed-d02f3301c1e8',
  'mangusta',
  'Mangusta',
  1967,
  1971,
  '{"1967","1968","1969","1970","1971"}'::int[],
  '["Coupe"]'::jsonb,
  '["Gasoline"]'::jsonb,
  '["Manual"]'::jsonb,
  4,
  6
)

insert into public.vehicle_generations (
  id,
  model_id,
  code,
  start_year,
  end_year,
  facelift,
  production_countries,
  body_types,
  fuel_types,
  transmission_types,
  summary
)
values (
  '16ba8172-7ea7-4965-b593-7143d647b6bc',
  '09f4d382-d7b9-a64c-0532-f5499fb5b9e7',
  'Mangusta',
  1967,
  1971,
  false,
  '{"Italy"}'::text[],
  null,
  null,
  null,
  'Early mid-engined sports car featuring a distinctive gull-wing engine cover and chassis designed by Giorgetto Giugiaro.'
)

insert into public.vehicle_insights (
  model_id,
  pros,
  cons,
  inspection_tips,
  notable_features,
  engine_examples,
  common_issues_by_engine,
  reliability_score,
  popularity_score
)
values (
  '09f4d382-d7b9-a64c-0532-f5499fb5b9e7',
  '["Редкий и коллекционный автомобиль","Эффектный дизайн","Историческая ценность"]'::jsonb,
  '["Плохая обзорность","Сложности с запчастями","Высокая стоимость обслуживания"]'::jsonb,
  '["Проверьте состояние механизма открывания дверей и крышки двигателя","Оцените целостность трубчатого шасси","Проверьте историю обслуживания трансмиссии ZF"]'::jsonb,
  '["Gull-wing engine cover","Rarity (fewer than 400 built)","Pioneer of the mid-engine layout for the brand"]'::jsonb,
  '["Ford 289 V8 4.7L"]'::jsonb,
  '[{"engine_code":"Ford 289","common_issues_ru":["Проблемы с электрикой Lucas","Течи масла из коробки передач ZF","Дефекты шасси, влияющие на устойчивость на высокой скорости"]}]'::jsonb,
  null,
  null
)

insert into public.vehicle_models (
  id,
  make_id,
  slug,
  name_en,
  first_model_year,
  last_model_year,
  years_available,
  body_types_available,
  fuel_types_available,
  transmission_available,
  reliability_score,
  popularity_score
)
values (
  '2b82e08f-f2e4-29a2-34b0-2450db0c39ee',
  '6ce01b9b-e190-fb1a-34ed-d02f3301c1e8',
  'guara',
  'Guara',
  1993,
  2006,
  '{"1993","1994","1995","1996","1997","1998","1999","2000","2001","2002","2003","2004","2005","2006"}'::int[],
  '["Coupe","Spyder"]'::jsonb,
  '["Gasoline"]'::jsonb,
  '["Manual"]'::jsonb,
  3.5,
  3
)

insert into public.vehicle_generations (
  id,
  model_id,
  code,
  start_year,
  end_year,
  facelift,
  production_countries,
  body_types,
  fuel_types,
  transmission_types,
  summary
)
values (
  '8c61d322-0cff-b124-81b8-13ac11ddd513',
  '2b82e08f-f2e4-29a2-34b0-2450db0c39ee',
  'Guara',
  1993,
  2006,
  false,
  '{"Italy"}'::text[],
  null,
  null,
  null,
  'The last model produced by the original De Tomaso company. A lightweight supercar based on a Maserati concept, utilizing BMW V8 engines initially.'
)

insert into public.vehicle_insights (
  model_id,
  pros,
  cons,
  inspection_tips,
  notable_features,
  engine_examples,
  common_issues_by_engine,
  reliability_score,
  popularity_score
)
values (
  '2b82e08f-f2e4-29a2-34b0-2450db0c39ee',
  '["Экстремальный трековый потенциал","Очень легкий вес","Уникальность и эксклюзивность"]'::jsonb,
  '["Спорное качество сборки","Очень жесткая подвеска","Крайняя редкость запчастей"]'::jsonb,
  '["Проверьте состояние карбоновых кузовных панелей","Обратите внимание на следы утечек из гидравлической системы","Тщательно проверьте состояние шин и подвески (удары)"]'::jsonb,
  '["Very light curb weight (around 1000 kg)","Pushrod suspension system","High downforce track design"]'::jsonb,
  '["BMW M60 V8 4.0L","Ford Modular V8 4.6L"]'::jsonb,
  '[{"engine_code":"BMW M60B40","common_issues_ru":["Проблемы с системой VANOS (в более поздних версиях BMW)","Быстрый износ тормозных дисков из-за трекового характера авто","Проблемы с датчиками ABS/ESP"]}]'::jsonb,
  null,
  null
)

insert into public.vehicle_makes (id, slug, name_en, country, segment_class, is_active, category_path)
values (
  '97eda76e-a913-b26e-4c6c-06434fe6f546',
  'dodge',
  'Dodge',
  'USA',
  'Mass Market',
  true,
  'Passenger Vehicles/Cars'
)

insert into public.vehicle_models (
  id,
  make_id,
  slug,
  name_en,
  first_model_year,
  last_model_year,
  years_available,
  body_types_available,
  fuel_types_available,
  transmission_available,
  reliability_score,
  popularity_score
)
values (
  '6fdea0e3-4cf0-f593-14d6-45efc6b884ad',
  '97eda76e-a913-b26e-4c6c-06434fe6f546',
  'caliber',
  'Caliber',
  2006,
  2012,
  '{"2006","2007","2008","2009","2010","2011","2012"}'::int[],
  '["Hatchback","Crossover"]'::jsonb,
  '["Petrol","Diesel"]'::jsonb,
  '["Manual","Automatic","CVT"]'::jsonb,
  6.5,
  7
)

insert into public.vehicle_generations (
  id,
  model_id,
  code,
  start_year,
  end_year,
  facelift,
  production_countries,
  body_types,
  fuel_types,
  transmission_types,
  summary
)
values (
  'ea596968-bd47-00da-c96f-f42cf2b1c7ef',
  '6fdea0e3-4cf0-f593-14d6-45efc6b884ad',
  'PM/PK',
  2006,
  2012,
  false,
  '{"USA"}'::text[],
  null,
  null,
  null,
  'First and only generation of the compact crossover hatchback.'
)

insert into public.vehicle_insights (
  model_id,
  pros,
  cons,
  inspection_tips,
  notable_features,
  engine_examples,
  common_issues_by_engine,
  reliability_score,
  popularity_score
)
values (
  '6fdea0e3-4cf0-f593-14d6-45efc6b884ad',
  '["Просторный салон","Внешний вид","Доступность запчастей"]'::jsonb,
  '["Низкое качество отделки","Шумный вариатор (CVT)","Проблемы с рулевой рейкой"]'::jsonb,
  '["Проверить работу вариатора на предмет рывков","Осмотреть состояние рулевой рейки","Проверить наличие течей масла из двигателя"]'::jsonb,
  '["Unique crossover styling","Available CVT transmission"]'::jsonb,
  '["1.8 L GEMA I4","2.0 L GEMA I4","2.0 L VW TDI (Diesel)"]'::jsonb,
  '[{"engine_code":"EJD/EJE (2.0L Petrol)","common_issues_ru":["Повышенный расход масла","Проблемы с термостатом","Требователен к качеству топлива"]},{"engine_code":"BKD/CBA (2.0L Diesel VW)","common_issues_ru":["Проблемы с ТНВД","Выход из строя двухмассового маховика"]}]'::jsonb,
  null,
  null
)

insert into public.vehicle_models (
  id,
  make_id,
  slug,
  name_en,
  first_model_year,
  last_model_year,
  years_available,
  body_types_available,
  fuel_types_available,
  transmission_available,
  reliability_score,
  popularity_score
)
values (
  '7b7a5e43-e34e-423f-c787-dadf35d37944',
  '97eda76e-a913-b26e-4c6c-06434fe6f546',
  'journey',
  'Journey',
  2008,
  2020,
  '{"2008","2009","2010","2011","2012","2013","2014","2015","2016","2017","2018","2019","2020"}'::int[],
  '["SUV","MPV"]'::jsonb,
  '["Petrol","Diesel"]'::jsonb,
  '["Automatic","Manual"]'::jsonb,
  7.5,
  8
)

insert into public.vehicle_generations (
  id,
  model_id,
  code,
  start_year,
  end_year,
  facelift,
  production_countries,
  body_types,
  fuel_types,
  transmission_types,
  summary
)
values (
  '5b739cb5-c512-3311-f5dc-50ef8837a219',
  '7b7a5e43-e34e-423f-c787-dadf35d37944',
  'JC',
  2008,
  2010,
  false,
  '{"Mexico"}'::text[],
  null,
  null,
  null,
  'Original release based on the Chrysler JC platform.'
)

insert into public.vehicle_generations (
  id,
  model_id,
  code,
  start_year,
  end_year,
  facelift,
  production_countries,
  body_types,
  fuel_types,
  transmission_types,
  summary
)
values (
  '03240ff7-f44b-1915-aab3-0f5b732d9c62',
  '7b7a5e43-e34e-423f-c787-dadf35d37944',
  'JC Facelift',
  2011,
  2020,
  true,
  '{"Mexico"}'::text[],
  null,
  null,
  null,
  'Major refresh including redesigned interior, suspension, and new engines (Pentastar V6).'
)

insert into public.vehicle_insights (
  model_id,
  pros,
  cons,
  inspection_tips,
  notable_features,
  engine_examples,
  common_issues_by_engine,
  reliability_score,
  popularity_score
)
values (
  '7b7a5e43-e34e-423f-c787-dadf35d37944',
  '["Вместительный 7-местный салон","Комфортная подвеска","Надежные атмосферные моторы (V6)"]'::jsonb,
  '["Слабая шумоизоляция","Быстрый износ элементов ходовой части","Проблемы с электрикой"]'::jsonb,
  '["Оценить состояние АКПП, особенно при использовании V6","Проверить работу климат-контроля","Осмотреть сайлентблоки задней подвески"]'::jsonb,
  '["Optional 7-seat configuration","Large storage capacity"]'::jsonb,
  '["2.4 L I4 World Gas Engine","3.6 L Pentastar V6","2.0 L Multijet II (Diesel)"]'::jsonb,
  '[{"engine_code":"ED3 (2.4L I4)","common_issues_ru":["Вибрации на холостом ходу","Проблемы с натяжителем цепи ГРМ"]},{"engine_code":"ERB (3.6L Pentastar V6)","common_issues_ru":["Выход из строя теплообменника","Треск фазовращателей"]}]'::jsonb,
  null,
  null
)

insert into public.vehicle_models (
  id,
  make_id,
  slug,
  name_en,
  first_model_year,
  last_model_year,
  years_available,
  body_types_available,
  fuel_types_available,
  transmission_available,
  reliability_score,
  popularity_score
)
values (
  '7326b62d-9e98-c47f-6ee5-5908de571ce7',
  '97eda76e-a913-b26e-4c6c-06434fe6f546',
  'avenger',
  'Avenger',
  2007,
  2014,
  '{"2007","2008","2009","2010","2011","2012","2013","2014"}'::int[],
  '["Sedan"]'::jsonb,
  '["Petrol","Diesel"]'::jsonb,
  '["Automatic","Manual"]'::jsonb,
  6,
  5.5
)

insert into public.vehicle_generations (
  id,
  model_id,
  code,
  start_year,
  end_year,
  facelift,
  production_countries,
  body_types,
  fuel_types,
  transmission_types,
  summary
)
values (
  'ffff54ac-c96b-5a14-f203-d529b52a2f3b',
  '7326b62d-9e98-c47f-6ee5-5908de571ce7',
  'JS',
  2007,
  2014,
  false,
  '{"USA"}'::text[],
  null,
  null,
  null,
  'Mid-size sedan replacing the Dodge Stratus, popular for its aggressive styling.'
)

insert into public.vehicle_insights (
  model_id,
  pros,
  cons,
  inspection_tips,
  notable_features,
  engine_examples,
  common_issues_by_engine,
  reliability_score,
  popularity_score
)
values (
  '7326b62d-9e98-c47f-6ee5-5908de571ce7',
  '["Стильный внешний вид (мускул-кар)","Низкая стоимость на вторичном рынке","Простые и ремонтопригодные моторы"]'::jsonb,
  '["Низкое качество пластика салона","Жесткая подвеска","Проблемы с коррозией кузова"]'::jsonb,
  '["Внимательно проверить ЛКП и наличие ржавчины на порогах и арках","Оценить состояние автоматической коробки передач (особенно 4-ступенчатой)","Проверить работу вентилятора охлаждения двигателя"]'::jsonb,
  '["Muscular, aggressive design","Simple and reliable powertrains"]'::jsonb,
  '["2.0 L World Engine","2.4 L World Engine","2.7 L V6"]'::jsonb,
  '[{"engine_code":"ED3 (2.4L I4)","common_issues_ru":["Стуки в ГБЦ при холодном старте","Повышенный расход топлива"]}]'::jsonb,
  null,
  null
)

insert into public.vehicle_makes (id, slug, name_en, country, segment_class, is_active, category_path)
values (
  '37d329fb-339e-c8fb-ef33-c3eb039b62bc',
  'donkervoort',
  'Donkervoort',
  'Netherlands',
  'Sport',
  true,
  'Automobile/Sport_Car/Niche'
)

insert into public.vehicle_models (
  id,
  make_id,
  slug,
  name_en,
  first_model_year,
  last_model_year,
  years_available,
  body_types_available,
  fuel_types_available,
  transmission_available,
  reliability_score,
  popularity_score
)
values (
  '36aff99c-c3db-7ddd-0e86-f89c091e8c8c',
  '37d329fb-339e-c8fb-ef33-c3eb039b62bc',
  'd8-gto',
  'D8 GTO',
  2013,
  2022,
  '{"2013","2014","2015","2016","2017","2018","2019","2020","2021","2022"}'::int[],
  '["Roadster"]'::jsonb,
  '["Gasoline"]'::jsonb,
  '["Manual"]'::jsonb,
  7.5,
  8.5
)

insert into public.vehicle_generations (
  id,
  model_id,
  code,
  start_year,
  end_year,
  facelift,
  production_countries,
  body_types,
  fuel_types,
  transmission_types,
  summary
)
values (
  '5ca09e1e-d8b2-14d6-e10d-b4f7b96b3277',
  '36aff99c-c3db-7ddd-0e86-f89c091e8c8c',
  'GTO',
  2013,
  2022,
  false,
  '{"Netherlands"}'::text[],
  null,
  null,
  null,
  'The D8 GTO marked a significant evolution, utilizing the Audi 2.5L R5 TFSI engine and a substantially stiffer chassis, moving the brand towards hypercar performance levels while maintaining extreme lightness.'
)

insert into public.vehicle_insights (
  model_id,
  pros,
  cons,
  inspection_tips,
  notable_features,
  engine_examples,
  common_issues_by_engine,
  reliability_score,
  popularity_score
)
values (
  '36aff99c-c3db-7ddd-0e86-f89c091e8c8c',
  '["Невероятная динамика и ускорение (суперкар-киллер).","Уникальные ощущения от вождения и острая управляемость.","Эксклюзивность и ограниченный тираж.","Высокая надежность основных узлов Audi при должном обслуживании."]'::jsonb,
  '["Крайне высокая цена и ограниченная доступность.","Отсутствие практичности, минимальный багажник.","Очень жесткая подвеска, некомфортная для ежедневной езды.","Низкая шумоизоляция и отсутствие многих современных удобств."]'::jsonb,
  '["Проверить состояние карбоновых панелей кузова на предмет повреждений.","Тщательно оценить состояние подвески и рулевого управления, так как эти элементы подвергаются высоким нагрузкам.","Убедиться в отсутствии следов тюнинга, не санкционированного производителем."]'::jsonb,
  '["Extreme lightweight construction (under 700 kg)","High power-to-weight ratio","Bespoke chassis designed for track performance","Audi 5-cylinder engine sound"]'::jsonb,
  '["Audi 2.5 TFSI (340-430 hp)"]'::jsonb,
  '[{"engine_code":"Audi 2.5 TFSI (Customized)","common_issues_ru":["Высокая стоимость обслуживания и оригинальных запчастей.","Чувствительность к качеству топлива, возможные проблемы с топливной системой из-за высокой форсировки.","Износ сцепления при агрессивной эксплуатации."]}]'::jsonb,
  null,
  null
)

insert into public.vehicle_models (
  id,
  make_id,
  slug,
  name_en,
  first_model_year,
  last_model_year,
  years_available,
  body_types_available,
  fuel_types_available,
  transmission_available,
  reliability_score,
  popularity_score
)
values (
  '38e924d3-0536-2658-f8e8-7451f967e6e1',
  '37d329fb-339e-c8fb-ef33-c3eb039b62bc',
  'd8',
  'D8',
  1993,
  2012,
  '{"1993","1994","1995","1996","1997","1998","1999","2000","2001","2002","2003","2004","2005","2006","2007","2008","2009","2010","2011","2012"}'::int[],
  '["Roadster","Coupe"]'::jsonb,
  '["Gasoline"]'::jsonb,
  '["Manual"]'::jsonb,
  8,
  7
)

insert into public.vehicle_generations (
  id,
  model_id,
  code,
  start_year,
  end_year,
  facelift,
  production_countries,
  body_types,
  fuel_types,
  transmission_types,
  summary
)
values (
  'da6e8e58-6cd5-a857-baad-419d29da39c2',
  '38e924d3-0536-2658-f8e8-7451f967e6e1',
  'E8',
  1993,
  2012,
  false,
  '{"Netherlands"}'::text[],
  null,
  null,
  null,
  'The D8 model family solidified Donkervoort''s reputation. Initially featuring Ford Zetec engines, later models adopted high-performance Audi 1.8T engines, focusing purely on driver involvement and weight reduction.'
)

insert into public.vehicle_insights (
  model_id,
  pros,
  cons,
  inspection_tips,
  notable_features,
  engine_examples,
  common_issues_by_engine,
  reliability_score,
  popularity_score
)
values (
  '38e924d3-0536-2658-f8e8-7451f967e6e1',
  '["Чрезвычайно легкий и маневренный.","Низкая стоимость владения по сравнению с европейскими суперкарами.","Классический дизайн Кэтерхэм/Лотус 7, но с современной технической начинкой.","Хорошо поддается тюнингу (особенно версии с 1.8T)."]'::jsonb,
  '["Очень спартанский салон.","Отсутствие АБС и других электронных помощников на ранних версиях.","Сложности с поиском специализированного сервиса.","Подверженность коррозии трубчатой рамы при плохом уходе."]'::jsonb,
  '["Осмотреть состояние шасси и подвески, проверить на наличие трещин.","Проверить работу двигателя на холостом ходу, так как 1.8T чувствителен к вакуумным утечкам.","Удостовериться, что автомобиль не использовался исключительно для гонок без надлежащего обслуживания."]'::jsonb,
  '["Pure analog driving experience","Famous for setting lap records","Open-wheel style aesthetic (Cycle wings)"]'::jsonb,
  '["Audi 1.8T 20V","Ford Zetec 2.0L"]'::jsonb,
  '[{"engine_code":"Audi 1.8T 20V","common_issues_ru":["Проблемы с катушками зажигания.","Выход из строя турбокомпрессора (особенно K03/K04 при высокой нагрузке).","Утечки масла через прокладки из-за возраста."]}]'::jsonb,
  null,
  null
)

insert into public.vehicle_models (
  id,
  make_id,
  slug,
  name_en,
  first_model_year,
  last_model_year,
  years_available,
  body_types_available,
  fuel_types_available,
  transmission_available,
  reliability_score,
  popularity_score
)
values (
  '61f8069e-5954-b577-51d5-6ad8be91d2ea',
  '37d329fb-339e-c8fb-ef33-c3eb039b62bc',
  'f22',
  'F22',
  2023,
  0,
  '{"2023","2024"}'::int[],
  '["Targa"]'::jsonb,
  '["Gasoline"]'::jsonb,
  '["Manual"]'::jsonb,
  7.8,
  9
)

insert into public.vehicle_generations (
  id,
  model_id,
  code,
  start_year,
  end_year,
  facelift,
  production_countries,
  body_types,
  fuel_types,
  transmission_types,
  summary
)
values (
  'bc72f462-514b-bd90-e002-469e6231b293',
  '61f8069e-5954-b577-51d5-6ad8be91d2ea',
  'F22',
  2023,
  0,
  false,
  '{"Netherlands"}'::text[],
  null,
  null,
  null,
  'The F22 is the successor to the D8 GTO, featuring a completely new design philosophy, dramatically increased torsional stiffness, and improved practicality, while still utilizing the powerful Audi 2.5 TFSI engine.'
)

insert into public.vehicle_insights (
  model_id,
  pros,
  cons,
  inspection_tips,
  notable_features,
  engine_examples,
  common_issues_by_engine,
  reliability_score,
  popularity_score
)
values (
  '61f8069e-5954-b577-51d5-6ad8be91d2ea',
  '["Фантастическая управляемость и сцепление.","Самый современный и безопасный Donkervoort на сегодняшний день.","Мощность двигателя, приближающаяся к 500 л.с.","Повышенная аэродинамическая эффективность."]'::jsonb,
  '["Чрезвычайно высокая цена (выше, чем у GTO).","Сильно ограниченный тираж (все экземпляры быстро распроданы).","Компромисс между трековым потенциалом и комфортом, все еще очень жесткий."]'::jsonb,
  '["Проверить функционирование новой системы подвески.","Осмотреть состояние уникальных аэродинамических элементов и креплений крыши.","Подтвердить пробег, так как большинство F22 покупаются для коллекционирования или трек-дней."]'::jsonb,
  '["New design language (Forward-thinking)","Patented Donkervoort Ex-Core technology for extreme stiffness","Removable Targa roof structure","Highest power-to-weight ratio in its segment"]'::jsonb,
  '["Audi 2.5 TFSI (493 hp)"]'::jsonb,
  '[{"engine_code":"Audi 2.5 TFSI Evo","common_issues_ru":["Требовательность к моторному маслу и интервалам замены.","Потенциальные проблемы с системой прямого впрыска (нагар на клапанах).","Сложность ремонта из-за плотной компоновки в ультралегком шасси."]}]'::jsonb,
  null,
  null
)

insert into public.vehicle_makes (id, slug, name_en, country, segment_class, is_active, category_path)
values (
  '32cd29e3-a96a-479a-de3e-303b87aa3b9b',
  'fsc-automotive',
  'FSC Automotive',
  'Poland',
  'Mass Market',
  true,
  'Passenger Vehicles/Cars'
)

insert into public.vehicle_models (
  id,
  make_id,
  slug,
  name_en,
  first_model_year,
  last_model_year,
  years_available,
  body_types_available,
  fuel_types_available,
  transmission_available,
  reliability_score,
  popularity_score
)
values (
  '51808538-9de9-dd58-5bb2-78f57e4802d9',
  '32cd29e3-a96a-479a-de3e-303b87aa3b9b',
  'fsc-1300',
  '1300',
  1995,
  2005,
  '{"1995","1996","1997","1998","1999","2000","2001","2002","2003","2004","2005"}'::int[],
  '["Sedan","Hatchback"]'::jsonb,
  '["Gasoline","LPG"]'::jsonb,
  '["Manual"]'::jsonb,
  7,
  8.5
)

insert into public.vehicle_generations (
  id,
  model_id,
  code,
  start_year,
  end_year,
  facelift,
  production_countries,
  body_types,
  fuel_types,
  transmission_types,
  summary
)
values (
  '45d56031-a466-1e23-4d14-4335c3097af4',
  '51808538-9de9-dd58-5bb2-78f57e4802d9',
  'MK1',
  1995,
  2005,
  false,
  '{"Poland","Ukraine"}'::text[],
  null,
  null,
  null,
  'The first generation was known for its simplicity and robustness, making it very popular in Eastern Europe as an affordable family car.'
)

insert into public.vehicle_insights (
  model_id,
  pros,
  cons,
  inspection_tips,
  notable_features,
  engine_examples,
  common_issues_by_engine,
  reliability_score,
  popularity_score
)
values (
  '51808538-9de9-dd58-5bb2-78f57e4802d9',
  '["Простой и дешевый в обслуживании","Высокая ремонтопригодность","Доступность запчастей"]'::jsonb,
  '["Плохая пассивная безопасность","Слабая коррозионная стойкость","Устаревший дизайн и низкий уровень комфорта"]'::jsonb,
  '["Проверить состояние порогов и арок на предмет ржавчины","Осмотреть карбюратор и систему зажигания","Внимательно проверить КПП на предмет шумов и люфта кулисы"]'::jsonb,
  '["Robust chassis design (derived from older platforms)","High ground clearance","Easy access for maintenance"]'::jsonb,
  '["A1.3L (75 hp)","B1.5L (90 hp)"]'::jsonb,
  '[{"engine_code":"A1.3L","common_issues_ru":["Перегрев при длительной работе","Проблемы с ГРМ после 60 000 км","Нестабильная работа карбюратора"]}]'::jsonb,
  null,
  null
)

insert into public.vehicle_models (
  id,
  make_id,
  slug,
  name_en,
  first_model_year,
  last_model_year,
  years_available,
  body_types_available,
  fuel_types_available,
  transmission_available,
  reliability_score,
  popularity_score
)
values (
  '41f219f6-5cb8-cbc7-a460-0c872934942e',
  '32cd29e3-a96a-479a-de3e-303b87aa3b9b',
  'fsc-polon',
  'Polon',
  2000,
  2010,
  '{"2000","2001","2002","2003","2004","2005","2006","2007","2008","2009","2010"}'::int[],
  '["Sedan","Wagon"]'::jsonb,
  '["Gasoline","Diesel"]'::jsonb,
  '["Manual","Automatic"]'::jsonb,
  7.5,
  9
)

insert into public.vehicle_generations (
  id,
  model_id,
  code,
  start_year,
  end_year,
  facelift,
  production_countries,
  body_types,
  fuel_types,
  transmission_types,
  summary
)
values (
  'c05c712f-5919-7143-afc6-b6d74064ed71',
  '41f219f6-5cb8-cbc7-a460-0c872934942e',
  'P-G2',
  2000,
  2010,
  true,
  '{"Poland"}'::text[],
  null,
  null,
  null,
  'The Polon became the brand''s mid-size staple, offering spaciousness and durable engines, often utilizing licensed diesel technology.'
)

insert into public.vehicle_insights (
  model_id,
  pros,
  cons,
  inspection_tips,
  notable_features,
  engine_examples,
  common_issues_by_engine,
  reliability_score,
  popularity_score
)
values (
  '41f219f6-5cb8-cbc7-a460-0c872934942e',
  '["Просторный салон и большой багажник","Надежные дизельные моторы (лицензионные)","Комфортная подвеска для дальних поездок"]'::jsonb,
  '["Нечеткое переключение механической коробки","Низкое качество отделки салона","Высокий расход топлива у старых бензиновых версий"]'::jsonb,
  '["Оценить работу топливной аппаратуры дизеля, особенно при холодном пуске","Проверить состояние резиновых элементов подвески, склонных к растрескиванию","Искать следы течи масла из-под клапанной крышки и поддона"]'::jsonb,
  '["Durable suspension optimized for poor roads","Large trunk capacity","Optional Automatic Transmission in later years"]'::jsonb,
  '["C1.8L MPI (100 hp)","D2.0L TDI (115 hp)"]'::jsonb,
  '[{"engine_code":"C1.8L MPI","common_issues_ru":["Выход из строя датчика холостого хода","Загрязнение дроссельной заслонки","Быстрый износ ремня ГРМ"]},{"engine_code":"D2.0L TDI","common_issues_ru":["Проблемы с турбиной после 150 000 км","Требует качественного дизельного топлива","Утечки из топливных магистралей"]}]'::jsonb,
  null,
  null
)

insert into public.vehicle_models (
  id,
  make_id,
  slug,
  name_en,
  first_model_year,
  last_model_year,
  years_available,
  body_types_available,
  fuel_types_available,
  transmission_available,
  reliability_score,
  popularity_score
)
values (
  'e9841b0b-256e-7aa6-986c-4979a06736c8',
  '32cd29e3-a96a-479a-de3e-303b87aa3b9b',
  'fsc-utility',
  'Utility',
  2015,
  2023,
  '{"2015","2016","2017","2018","2019","2020","2021","2022","2023"}'::int[],
  '["SUV"]'::jsonb,
  '["Gasoline"]'::jsonb,
  '["Automatic","Manual"]'::jsonb,
  8,
  9.5
)

insert into public.vehicle_generations (
  id,
  model_id,
  code,
  start_year,
  end_year,
  facelift,
  production_countries,
  body_types,
  fuel_types,
  transmission_types,
  summary
)
values (
  '8cf5d8bb-d039-5abc-bacc-998af50e2dda',
  'e9841b0b-256e-7aa6-986c-4979a06736c8',
  'SUV-G1',
  2015,
  2023,
  false,
  '{"Poland","Hungary"}'::text[],
  null,
  null,
  null,
  'FSC''s modern entry into the Crossover market, featuring better safety and GDI engines.'
)

insert into public.vehicle_insights (
  model_id,
  pros,
  cons,
  inspection_tips,
  notable_features,
  engine_examples,
  common_issues_by_engine,
  reliability_score,
  popularity_score
)
values (
  'e9841b0b-256e-7aa6-986c-4979a06736c8',
  '["Современные опции безопасности и помощи водителю","Экономичные двигатели (GDI)","Хороший клиренс и наличие полного привода"]'::jsonb,
  '["Жесткая подвеска, особенно на низкопрофильной резине","Дороговизна оригинальных запчастей (по сравнению со старыми моделями)","Шумоизоляция на среднем уровне, особенно колесных арок"]'::jsonb,
  '["Проверить работу роботизированной КПП или вариатора (если установлена), обратить внимание на рывки","Обратить внимание на состояние тормозной системы (быстрый износ колодок)","Тест-драйв для оценки шумов и вибраций в салоне на высокой скорости"]'::jsonb,
  '["Available AWD system","Modern infotainment screen and connectivity","Improved safety ratings (Euro NCAP 4 stars)"]'::jsonb,
  '["E1.6L GDI (130 hp)","F2.0L Turbo (180 hp)"]'::jsonb,
  '[{"engine_code":"E1.6L GDI","common_issues_ru":["Накопление нагара на клапанах (прямой впрыск)","Повышенный расход масла при активной езде","Сбои в работе топливного насоса высокого давления (ТНВД)"]}]'::jsonb,
  null,
  null
)

insert into public.vehicle_makes (id, slug, name_en, country, segment_class, is_active, category_path)
values (
  '492c564b-2f8f-e9c8-e5d9-d00dc95a2810',
  'fso',
  'FSO (Fabryka Samochodów Osobowych)',
  'Poland',
  'Historic/Economy Car Manufacturer',
  false,
  'Historic/Economy Vehicles'
)

insert into public.vehicle_models (
  id,
  make_id,
  slug,
  name_en,
  first_model_year,
  last_model_year,
  years_available,
  body_types_available,
  fuel_types_available,
  transmission_available,
  reliability_score,
  popularity_score
)
values (
  '3214b8ad-54da-4a65-934e-c5564da29512',
  '492c564b-2f8f-e9c8-e5d9-d00dc95a2810',
  'fso-125p',
  'FSO 125p (Polski Fiat)',
  1967,
  1991,
  '{"1967","1968","1969","1970","1971","1972","1973","1974","1975","1976","1977","1978","1979","1980","1981","1982","1983","1984","1985","1986","1987","1988","1989","1990","1991"}'::int[],
  '["Sedan","Estate","Pick-up"]'::jsonb,
  '["Gasoline"]'::jsonb,
  '["Manual"]'::jsonb,
  4,
  7
)

insert into public.vehicle_generations (
  id,
  model_id,
  code,
  start_year,
  end_year,
  facelift,
  production_countries,
  body_types,
  fuel_types,
  transmission_types,
  summary
)
values (
  '0c2fbd08-9e36-def3-4d8d-abb39fa7802d',
  '3214b8ad-54da-4a65-934e-c5564da29512',
  'Original (1967-1975)',
  1967,
  1975,
  false,
  '{"Poland"}'::text[],
  null,
  null,
  null,
  'License production of the Fiat 125, featuring mechanicals from the older Fiat 1300/1500.'
)

insert into public.vehicle_generations (
  id,
  model_id,
  code,
  start_year,
  end_year,
  facelift,
  production_countries,
  body_types,
  fuel_types,
  transmission_types,
  summary
)
values (
  'e7d475c0-f191-01d0-d28e-21e44f9b4066',
  '3214b8ad-54da-4a65-934e-c5564da29512',
  'FSO Badging (1983-1991)',
  1983,
  1991,
  true,
  '{"Poland"}'::text[],
  null,
  null,
  null,
  'The model continued under the FSO brand after the Fiat license expired, with minor cosmetic updates.'
)

insert into public.vehicle_insights (
  model_id,
  pros,
  cons,
  inspection_tips,
  notable_features,
  engine_examples,
  common_issues_by_engine,
  reliability_score,
  popularity_score
)
values (
  '3214b8ad-54da-4a65-934e-c5564da29512',
  '["Простота и ремонтопригодность конструкции","Низкая стоимость запчастей","Классический, узнаваемый дизайн"]'::jsonb,
  '["Критическая склонность к коррозии кузова","Очень низкий уровень пассивной безопасности","Устаревшие технологии и комфорт","Слабые барабанные тормоза"]'::jsonb,
  '["Проверить лонжероны, пороги и дверные проемы на наличие сквозной ржавчины","Оценить состояние электрической системы (часто ненадежна)","Проверить люфт в рулевом управлении"]'::jsonb,
  '["A symbol of motoring in the Eastern Bloc","Durable, simple mechanics","Easy and cheap maintenance"]'::jsonb,
  '["1.3 R4 OHV","1.5 R4 OHV"]'::jsonb,
  '[{"engine_code":"1.5 R4 OHV","common_issues_ru":["Сильная склонность к перегреву при длительной нагрузке","Износ сальников клапанов и повышенный расход масла","Проблемы с настройкой карбюратора"]}]'::jsonb,
  null,
  null
)

insert into public.vehicle_models (
  id,
  make_id,
  slug,
  name_en,
  first_model_year,
  last_model_year,
  years_available,
  body_types_available,
  fuel_types_available,
  transmission_available,
  reliability_score,
  popularity_score
)
values (
  'dc3dadd2-6473-ea24-15e9-aa3b9c7d97c1',
  '492c564b-2f8f-e9c8-e5d9-d00dc95a2810',
  'fso-polonez',
  'FSO Polonez',
  1978,
  2002,
  '{"1978","1979","1980","1981","1982","1983","1984","1985","1986","1987","1988","1989","1990","1991","1992","1993","1994","1995","1996","1997","1998","1999","2000","2001","2002"}'::int[],
  '["Hatchback","Sedan","Pick-up"]'::jsonb,
  '["Gasoline","Diesel"]'::jsonb,
  '["Manual"]'::jsonb,
  5,
  6.5
)

insert into public.vehicle_generations (
  id,
  model_id,
  code,
  start_year,
  end_year,
  facelift,
  production_countries,
  body_types,
  fuel_types,
  transmission_types,
  summary
)
values (
  'b997a96a-02d7-d7ed-97ad-f9f8a276143f',
  'dc3dadd2-6473-ea24-15e9-aa3b9c7d97c1',
  'MR ''78 / MR ''83',
  1978,
  1991,
  false,
  '{"Poland"}'::text[],
  null,
  null,
  null,
  'First generation models, using modernized Fiat 125p mechanicals beneath a Giugiaro-designed body.'
)

insert into public.vehicle_generations (
  id,
  model_id,
  code,
  start_year,
  end_year,
  facelift,
  production_countries,
  body_types,
  fuel_types,
  transmission_types,
  summary
)
values (
  'c92fa3dc-7326-6faa-c1f7-08e55e86e229',
  'dc3dadd2-6473-ea24-15e9-aa3b9c7d97c1',
  'Caro / Caro Plus',
  1991,
  2002,
  true,
  '{"Poland"}'::text[],
  null,
  null,
  null,
  'Heavily modernized versions featuring new headlights, revised interior, and optional modern engines (e.g., Rover K-series).'
)

insert into public.vehicle_insights (
  model_id,
  pros,
  cons,
  inspection_tips,
  notable_features,
  engine_examples,
  common_issues_by_engine,
  reliability_score,
  popularity_score
)
values (
  'dc3dadd2-6473-ea24-15e9-aa3b9c7d97c1',
  '["Просторный салон","Простое обслуживание и доступ к основным узлам","Дешевый в эксплуатации"]'::jsonb,
  '["Очень низкое качество сборки, особенно в поздние годы","Сильный шум и вибрация в салоне","Высокий расход топлива у старых OHV двигателей","Плохая защита от коррозии"]'::jsonb,
  '["Проверить состояние элементов кузова под резиновыми уплотнителями","Осмотреть заднюю рессорную подвеску на предмет износа","Убедиться в отсутствии утечек из картера редуктора"]'::jsonb,
  '["Modern hatchback styling compared to 125p","Relatively spacious interior and large trunk","Rear-wheel drive layout appreciated by some drivers"]'::jsonb,
  '["1.6 R4 OHV","1.4 R4 K-Series (Rover)","1.9 Diesel (PSA)"]'::jsonb,
  '[{"engine_code":"1.6 OHV","common_issues_ru":["Ненадежный привод ГРМ, быстрый износ цепи","Склонность к перегреву из-за неэффективной системы охлаждения","Проблемы с карбюратором"]},{"engine_code":"1.4 Rover K-series","common_issues_ru":["Выход из строя прокладки головки блока цилиндров (типичная проблема)","Сложности с поиском оригинальных запчастей в СНГ"]}]'::jsonb,
  null,
  null
)

insert into public.vehicle_models (
  id,
  make_id,
  slug,
  name_en,
  first_model_year,
  last_model_year,
  years_available,
  body_types_available,
  fuel_types_available,
  transmission_available,
  reliability_score,
  popularity_score
)
values (
  'da525cd6-adba-51ab-a030-72f910e14c7e',
  '492c564b-2f8f-e9c8-e5d9-d00dc95a2810',
  'fso-syrena',
  'FSO Syrena',
  1957,
  1972,
  '{"1957","1958","1959","1960","1961","1962","1963","1964","1965","1966","1967","1968","1969","1970","1971","1972"}'::int[],
  '["Sedan","Van"]'::jsonb,
  '["Gasoline"]'::jsonb,
  '["Manual"]'::jsonb,
  3,
  5.5
)

insert into public.vehicle_generations (
  id,
  model_id,
  code,
  start_year,
  end_year,
  facelift,
  production_countries,
  body_types,
  fuel_types,
  transmission_types,
  summary
)
values (
  'c9e65fe5-0547-aa46-7c0f-3c8af311100a',
  'da525cd6-adba-51ab-a030-72f910e14c7e',
  '100 Series (1957-1972)',
  1957,
  1972,
  false,
  '{"Poland"}'::text[],
  null,
  null,
  null,
  'The initial series of the first fully domestic Polish post-war car, notable for its two-stroke engine and quirky design.'
)

insert into public.vehicle_insights (
  model_id,
  pros,
  cons,
  inspection_tips,
  notable_features,
  engine_examples,
  common_issues_by_engine,
  reliability_score,
  popularity_score
)
values (
  'da525cd6-adba-51ab-a030-72f910e14c7e',
  '["Значимая историческая и культурная ценность","Простейшая механическая конструкция","Легендарный звук двухтактного двигателя"]'::jsonb,
  '["Непригодность для современного трафика из-за низкой мощности","Очень плохая управляемость и комфорт","Сложность поиска специфических кузовных деталей","Экологически грязный двухтактный двигатель"]'::jsonb,
  '["Проверить состояние рамы, так как кузов является не несущим","Осмотреть подвеску (как правило, очень жесткая и изношенная)","Убедиться в работоспособности стартера (часто ломается)"]'::jsonb,
  '["Front-wheel drive (for its time)","Unique, hand-built aesthetic","Collector status"]'::jsonb,
  '["746cc R3 Two-Stroke","842cc R3 Two-Stroke"]'::jsonb,
  '[{"engine_code":"R3 Two-Stroke","common_issues_ru":["Сильное дымление и запах из-за двухтактного масла","Частое засорение свечей зажигания","Низкий ресурс кривошипно-шатунного механизма","Требует ручного смешивания масла с бензином"]}]'::jsonb,
  null,
  null
)

insert into public.vehicle_makes (id, slug, name_en, country, segment_class, is_active, category_path)
values (
  '15f6161b-ae17-faf3-c376-87b8120b1100',
  'ferrari',
  'Ferrari',
  'Italy',
  'Supercar',
  true,
  'Supercars and Sports Cars'
)

insert into public.vehicle_models (
  id,
  make_id,
  slug,
  name_en,
  first_model_year,
  last_model_year,
  years_available,
  body_types_available,
  fuel_types_available,
  transmission_available,
  reliability_score,
  popularity_score
)
values (
  '01c4e720-2e45-227f-c9f1-b15b2545c56b',
  '15f6161b-ae17-faf3-c376-87b8120b1100',
  '458-italia',
  '458 Italia',
  2009,
  2015,
  '{"2009","2010","2011","2012","2013","2014","2015"}'::int[],
  '["Coupe","Convertible"]'::jsonb,
  '["Gasoline"]'::jsonb,
  '["Automatic (DCT)"]'::jsonb,
  7,
  9.3
)

insert into public.vehicle_generations (
  id,
  model_id,
  code,
  start_year,
  end_year,
  facelift,
  production_countries,
  body_types,
  fuel_types,
  transmission_types,
  summary
)
values (
  'f9c9db9d-8a96-5987-b21e-c2804cba55ab',
  '01c4e720-2e45-227f-c9f1-b15b2545c56b',
  '458',
  2009,
  2015,
  false,
  '{"Italy"}'::text[],
  null,
  null,
  null,
  'The 458 Italia was Ferrari''s mid-engine V8 standard bearer, succeeding the F430. It was the last naturally aspirated V8 model produced by Ferrari before switching to turbocharging in its mainstream V8 line.'
)

insert into public.vehicle_insights (
  model_id,
  pros,
  cons,
  inspection_tips,
  notable_features,
  engine_examples,
  common_issues_by_engine,
  reliability_score,
  popularity_score
)
values (
  '01c4e720-2e45-227f-c9f1-b15b2545c56b',
  '["Невероятная управляемость","Атмосферный двигатель с лучшим звуком","Высокая надежность (по меркам суперкаров)","Быстрая коробка передач DCT"]'::jsonb,
  '["Очень высокая стоимость обслуживания","Требовательность к качеству топлива","Проблемы с изоляцией топливного бака (ранние модели)","Дорогие карбон-керамические тормоза"]'::jsonb,
  '["Check for fuel tank insulation deterioration (early models).","Inspect DCT clutch wear history via diagnostic tools.","Look for uneven tire wear due to aggressive alignment settings."]'::jsonb,
  '["Naturally Aspirated V8 Engine","7-speed Dual Clutch Transmission","Pininfarina Design"]'::jsonb,
  '["4.5L V8 (F142)"]'::jsonb,
  '[{"engine_code":"F142","common_issues_ru":["Износ креплений двигателя","Проблемы с трансмиссией Getrag DCT (редко)","Отказ датчиков давления шин","Проблемы с электрикой салона"]}]'::jsonb,
  null,
  null
)

insert into public.vehicle_models (
  id,
  make_id,
  slug,
  name_en,
  first_model_year,
  last_model_year,
  years_available,
  body_types_available,
  fuel_types_available,
  transmission_available,
  reliability_score,
  popularity_score
)
values (
  '0523d407-649a-bde8-ff37-df1c2a6ce206',
  '15f6161b-ae17-faf3-c376-87b8120b1100',
  'f430',
  'F430',
  2004,
  2009,
  '{"2004","2005","2006","2007","2008","2009"}'::int[],
  '["Coupe","Convertible"]'::jsonb,
  '["Gasoline"]'::jsonb,
  '["Manual","Automatic (F1)"]'::jsonb,
  6.8,
  9
)

insert into public.vehicle_generations (
  id,
  model_id,
  code,
  start_year,
  end_year,
  facelift,
  production_countries,
  body_types,
  fuel_types,
  transmission_types,
  summary
)
values (
  'edc78b95-441e-5f6d-c595-855e79a18f07',
  '0523d407-649a-bde8-ff37-df1c2a6ce206',
  'F430',
  2004,
  2009,
  false,
  '{"Italy"}'::text[],
  null,
  null,
  null,
  'The F430 was renowned for introducing several Ferrari innovations derived from Formula 1, including the E-Diff electronic differential and the steering wheel-mounted manettino switch.'
)

insert into public.vehicle_insights (
  model_id,
  pros,
  cons,
  inspection_tips,
  notable_features,
  engine_examples,
  common_issues_by_engine,
  reliability_score,
  popularity_score
)
values (
  '0523d407-649a-bde8-ff37-df1c2a6ce206',
  '["Классический дизайн Ferrari","Возможность найти модель с механической коробкой передач","Отличные ходовые качества","Относительно ''простой'' в ремонте V8"]'::jsonb,
  '["Трансмиссия F1 (робот) требует дорогого обслуживания и часто ломается","Проблемы с выпускными коллекторами (трещины)","Старая электроника","Высокий налог"]'::jsonb,
  '["Check the condition of the F1 hydraulic pump (especially accumulator).","Inspect exhaust manifolds for cracks, a common failure point.","Verify timing chain tensioner condition and service history."]'::jsonb,
  '["Manettino switch","E-Diff (electronic differential)","Available Manual Transmission"]'::jsonb,
  '["4.3L V8 (F136 E/S)"]'::jsonb,
  '[{"engine_code":"F136 E","common_issues_ru":["Трещины в выпускных коллекторах","Износ сцепления на F1 коробке","Проблемы с опорами двигателя","Течи масла из поддона"]}]'::jsonb,
  null,
  null
)

insert into public.vehicle_models (
  id,
  make_id,
  slug,
  name_en,
  first_model_year,
  last_model_year,
  years_available,
  body_types_available,
  fuel_types_available,
  transmission_available,
  reliability_score,
  popularity_score
)
values (
  'c256f75f-345a-89d3-f707-a41737264af5',
  '15f6161b-ae17-faf3-c376-87b8120b1100',
  '488-gtb',
  '488 GTB',
  2015,
  2019,
  '{"2015","2016","2017","2018","2019"}'::int[],
  '["Coupe","Convertible"]'::jsonb,
  '["Gasoline"]'::jsonb,
  '["Automatic (DCT)"]'::jsonb,
  7.2,
  9.5
)

insert into public.vehicle_generations (
  id,
  model_id,
  code,
  start_year,
  end_year,
  facelift,
  production_countries,
  body_types,
  fuel_types,
  transmission_types,
  summary
)
values (
  '781a241f-8237-35cd-4776-97a1d2e246ec',
  'c256f75f-345a-89d3-f707-a41737264af5',
  '488',
  2015,
  2019,
  false,
  '{"Italy"}'::text[],
  null,
  null,
  null,
  'The 488 GTB replaced the 458 Italia, marking Ferrari''s return to forced induction for its mid-engine V8 primary line since the F40, utilizing a twin-turbocharged engine to achieve massive performance gains.'
)

insert into public.vehicle_insights (
  model_id,
  pros,
  cons,
  inspection_tips,
  notable_features,
  engine_examples,
  common_issues_by_engine,
  reliability_score,
  popularity_score
)
values (
  'c256f75f-345a-89d3-f707-a41737264af5',
  '["Огромный потенциал тюнинга турбодвигателя","Феноменальная динамика","Современный интерьер и технологии","Улучшенная аэродинамика"]'::jsonb,
  '["Турбояма ощутима на низких оборотах","Звук V8 менее эмоциональный, чем у атмосферных предшественников","Очень сложная электроника","Чрезвычайно дорогой ремонт кузовных элементов"]'::jsonb,
  '["Check for proper operation of turbo wastegates.","Review service history for transmission fluid changes.","Check for any condensation or leaks around intercoolers."]'::jsonb,
  '["Twin-Turbo V8 Engine","Advanced Aerodynamics (Vortex Generators)","Variable Torque Management"]'::jsonb,
  '["3.9L V8 Twin-Turbo (F154 CB)"]'::jsonb,
  '[{"engine_code":"F154 CB","common_issues_ru":["Проблемы с турбонагнетателями (редко, но дорого)","Высокий расход масла при агрессивном вождении","Отказы датчиков давления наддува","Перегрев тормозной системы при трековой эксплуатации"]}]'::jsonb,
  null,
  null
)

insert into public.vehicle_makes (id, slug, name_en, country, segment_class, is_active, category_path)
values (
  '002c16e7-833b-974a-279b-fe66c4b761b5',
  'fiat',
  'Fiat',
  'Italy',
  'Mass Market',
  true,
  'Passenger Cars'
)

insert into public.vehicle_models (
  id,
  make_id,
  slug,
  name_en,
  first_model_year,
  last_model_year,
  years_available,
  body_types_available,
  fuel_types_available,
  transmission_available,
  reliability_score,
  popularity_score
)
values (
  'f28effd7-c899-fc14-02ea-6d07be7b7397',
  '002c16e7-833b-974a-279b-fe66c4b761b5',
  'fiat-500',
  '500',
  2007,
  2024,
  '{"2007","2008","2009","2010","2011","2012","2013","2014","2015","2016","2017","2018","2019","2020","2021","2022","2023","2024"}'::int[],
  '["Hatchback","Convertible"]'::jsonb,
  '["Gasoline","Diesel","Electric","Hybrid"]'::jsonb,
  '["Manual","Automatic","Robotized"]'::jsonb,
  7,
  9
)

insert into public.vehicle_generations (
  id,
  model_id,
  code,
  start_year,
  end_year,
  facelift,
  production_countries,
  body_types,
  fuel_types,
  transmission_types,
  summary
)
values (
  '374fb123-61ff-4669-2be1-323d44260e02',
  'f28effd7-c899-fc14-02ea-6d07be7b7397',
  '312',
  2007,
  2024,
  false,
  '{"Poland","Mexico"}'::text[],
  null,
  null,
  null,
  'Retro-styled city car reviving the classic 500 nameplate, popular for its design.'
)

insert into public.vehicle_insights (
  model_id,
  pros,
  cons,
  inspection_tips,
  notable_features,
  engine_examples,
  common_issues_by_engine,
  reliability_score,
  popularity_score
)
values (
  'f28effd7-c899-fc14-02ea-6d07be7b7397',
  '["Стильный дизайн","Отличная маневренность в городе","Экономичные двигатели"]'::jsonb,
  '["Стесненные задние сиденья","Маленький багажник","Жесткая подвеска"]'::jsonb,
  '["Проверьте работу роботизированной трансмиссии Dualogic на предмет рывков.","Осмотрите компоненты подвески на износ, особенно при эксплуатации на плохих дорогах.","Ищите развитие ржавчины вокруг порогов и под ковриками."]'::jsonb,
  '["City steering mode","Iconic design","Dualogic automated manual gearbox option"]'::jsonb,
  '["1.2 Fire (69 hp)","0.9 TwinAir (85 hp)","1.3 Multijet Diesel (95 hp)"]'::jsonb,
  '[{"engine_code":"1.2 Fire (169A4000)","common_issues_ru":["Проблемы с датчиком положения коленвала.","Повышенный расход масла на больших пробегах.","Износ прокладки ГБЦ."]},{"engine_code":"0.9 TwinAir","common_issues_ru":["Проблемы с системой MultiAir.","Чувствительность к качеству масла.","Шумная работа на холостых оборотах."]}]'::jsonb,
  null,
  null
)

insert into public.vehicle_models (
  id,
  make_id,
  slug,
  name_en,
  first_model_year,
  last_model_year,
  years_available,
  body_types_available,
  fuel_types_available,
  transmission_available,
  reliability_score,
  popularity_score
)
values (
  'e397ff52-f4a7-f19b-7f2e-fb9979868f6b',
  '002c16e7-833b-974a-279b-fe66c4b761b5',
  'fiat-panda',
  'Panda',
  2011,
  2024,
  '{"2011","2012","2013","2014","2015","2016","2017","2018","2019","2020","2021","2022","2023","2024"}'::int[],
  '["Hatchback"]'::jsonb,
  '["Gasoline","Diesel","CNG","Hybrid"]'::jsonb,
  '["Manual","Robotized"]'::jsonb,
  8,
  8
)

insert into public.vehicle_generations (
  id,
  model_id,
  code,
  start_year,
  end_year,
  facelift,
  production_countries,
  body_types,
  fuel_types,
  transmission_types,
  summary
)
values (
  '9b906b63-3f2b-d5d1-7c25-d2ea35af75db',
  'e397ff52-f4a7-f19b-7f2e-fb9979868f6b',
  '319',
  2011,
  2024,
  false,
  '{"Italy"}'::text[],
  null,
  null,
  null,
  'Practical and affordable city car known for its ruggedness and availability of 4x4 versions.'
)

insert into public.vehicle_insights (
  model_id,
  pros,
  cons,
  inspection_tips,
  notable_features,
  engine_examples,
  common_issues_by_engine,
  reliability_score,
  popularity_score
)
values (
  'e397ff52-f4a7-f19b-7f2e-fb9979868f6b',
  '["Отличная обзорность","Компактный размер, большое внутреннее пространство для своего класса","Доступное обслуживание"]'::jsonb,
  '["Базовое качество салона","Недостаточная плавность хода на высокой скорости","Относительно слабые двигатели"]'::jsonb,
  '["Проверьте рулевую колонку на предмет отказов электронного усилителя руля.","Осмотрите срок службы сцепления, особенно на моделях, часто эксплуатируемых в городе.","Ищите неравномерный износ шин, указывающий на проблемы с выравниванием."]'::jsonb,
  '["High roofline providing ample headroom","Optional Cross/4x4 variants","Practical cube-like shape"]'::jsonb,
  '["1.2 Fire EVO II (69 hp)","1.3 Multijet Diesel","0.9 TwinAir Turbo"]'::jsonb,
  '[{"engine_code":"1.2 Fire","common_issues_ru":["Быстрый износ свечей зажигания.","Утечки масла через прокладки.","Неисправности термостата."]}]'::jsonb,
  null,
  null
)

insert into public.vehicle_models (
  id,
  make_id,
  slug,
  name_en,
  first_model_year,
  last_model_year,
  years_available,
  body_types_available,
  fuel_types_available,
  transmission_available,
  reliability_score,
  popularity_score
)
values (
  'fd2ee21d-f799-0ae1-6601-70cfe912adae',
  '002c16e7-833b-974a-279b-fe66c4b761b5',
  'fiat-tipo',
  'Tipo',
  2015,
  2024,
  '{"2015","2016","2017","2018","2019","2020","2021","2022","2023","2024"}'::int[],
  '["Sedan","Hatchback","Station Wagon"]'::jsonb,
  '["Gasoline","Diesel","LPG"]'::jsonb,
  '["Manual","Automatic"]'::jsonb,
  6,
  7
)

insert into public.vehicle_generations (
  id,
  model_id,
  code,
  start_year,
  end_year,
  facelift,
  production_countries,
  body_types,
  fuel_types,
  transmission_types,
  summary
)
values (
  '96619249-0aec-c360-f3c8-d6b703f6beac',
  'fd2ee21d-f799-0ae1-6601-70cfe912adae',
  '356',
  2015,
  2020,
  false,
  '{"Turkey"}'::text[],
  null,
  null,
  null,
  'Affordable compact car (C-segment) offering good space and value for money.'
)

insert into public.vehicle_generations (
  id,
  model_id,
  code,
  start_year,
  end_year,
  facelift,
  production_countries,
  body_types,
  fuel_types,
  transmission_types,
  summary
)
values (
  '46dbfa16-7426-c24e-1ae3-5702c609b203',
  'fd2ee21d-f799-0ae1-6601-70cfe912adae',
  '356 FL',
  2020,
  2024,
  true,
  '{"Turkey"}'::text[],
  null,
  null,
  null,
  'Mid-cycle refresh introducing new engines and design updates, including a Cross variant.'
)

insert into public.vehicle_insights (
  model_id,
  pros,
  cons,
  inspection_tips,
  notable_features,
  engine_examples,
  common_issues_by_engine,
  reliability_score,
  popularity_score
)
values (
  'fd2ee21d-f799-0ae1-6601-70cfe912adae',
  '["Просторный салон и большой багажник","Конкурентоспособная цена","Простые и надежные дизельные двигатели"]'::jsonb,
  '["Базовая информационно-развлекательная система на старых моделях","Дешевый пластик салона","Мягкая управляемость при агрессивной езде"]'::jsonb,
  '["Проверьте на быстрый износ тормозных колодок и дисков.","Осмотрите бензиновый двигатель 1.4L на наличие утечек в системе охлаждения.","Проверьте правильность работы механической коробки передач, могут возникнуть проблемы с синхронизацией."]'::jsonb,
  '["Exceptional rear legroom","Standard USB ports across models","Large cargo capacity in Station Wagon"]'::jsonb,
  '["1.4 T-Jet (120 hp)","1.6 E-Torq (110 hp)","1.6 Multijet Diesel (120 hp)"]'::jsonb,
  '[{"engine_code":"1.4 T-Jet","common_issues_ru":["Склонность к закоксовыванию при использовании некачественного топлива.","Возможные проблемы с турбиной после 100 тыс. км.","Выход из строя катушек зажигания."]},{"engine_code":"1.6 Multijet","common_issues_ru":["Требует внимания к состоянию сажевого фильтра (DPF).","Проблемы с клапаном EGR при городской эксплуатации.","Возможный износ двухмассового маховика."]}]'::jsonb,
  null,
  null
)

insert into public.vehicle_makes (id, slug, name_en, country, segment_class, is_active, category_path)
values (
  'ebfe0d50-4f53-c7ea-3c19-9d6ff02a904e',
  'force',
  'Force Motors',
  'India',
  'Utility',
  true,
  'Passenger/SUV/Utility Vehicles'
)

insert into public.vehicle_models (
  id,
  make_id,
  slug,
  name_en,
  first_model_year,
  last_model_year,
  years_available,
  body_types_available,
  fuel_types_available,
  transmission_available,
  reliability_score,
  popularity_score
)
values (
  'b426c824-06fe-fdfc-5737-938ed2dcf34e',
  'ebfe0d50-4f53-c7ea-3c19-9d6ff02a904e',
  'gurkha',
  'Gurkha',
  2008,
  2024,
  '{"2008","2009","2010","2011","2012","2013","2014","2015","2016","2017","2018","2019","2020","2021","2022","2023","2024"}'::int[],
  '["SUV","Off-road Vehicle"]'::jsonb,
  '["Diesel"]'::jsonb,
  '["Manual"]'::jsonb,
  7.5,
  6
)

insert into public.vehicle_generations (
  id,
  model_id,
  code,
  start_year,
  end_year,
  facelift,
  production_countries,
  body_types,
  fuel_types,
  transmission_types,
  summary
)
values (
  '6023a70c-2333-6b97-782d-39f3ead8bfbd',
  'b426c824-06fe-fdfc-5737-938ed2dcf34e',
  'G1',
  2008,
  2020,
  false,
  '{"India"}'::text[],
  null,
  null,
  null,
  'First generation Gurkha, heavily based on the Mercedes-Benz G-Wagen chassis and styling.'
)

insert into public.vehicle_generations (
  id,
  model_id,
  code,
  start_year,
  end_year,
  facelift,
  production_countries,
  body_types,
  fuel_types,
  transmission_types,
  summary
)
values (
  '14237979-ad65-c3a9-15a7-1bfbb284e567',
  'b426c824-06fe-fdfc-5737-938ed2dcf34e',
  'G2',
  2021,
  2024,
  false,
  '{"India"}'::text[],
  null,
  null,
  null,
  'Second generation with significant updates, retaining core off-road capabilities.'
)

insert into public.vehicle_insights (
  model_id,
  pros,
  cons,
  inspection_tips,
  notable_features,
  engine_examples,
  common_issues_by_engine,
  reliability_score,
  popularity_score
)
values (
  'b426c824-06fe-fdfc-5737-938ed2dcf34e',
  '["Непревзойденные внедорожные качества","Прочная конструкция на базе рамы","Простота обслуживания"]'::jsonb,
  '["Очень спартанский интерьер","Низкая крейсерская скорость на шоссе","Слабая шумоизоляция"]'::jsonb,
  '["Проверить состояние рамы на наличие ржавчины, особенно после внедорожного использования.","Оценить работу блокировок дифференциалов (если установлены).","Убедиться в отсутствии утечек масла из редукторов."]'::jsonb,
  '["Extreme off-road capability","Factory fitted differential locks","High ground clearance"]'::jsonb,
  '["2.6L FM CR Diesel"]'::jsonb,
  '[{"engine_code":"FM 2.6 CR","common_issues_ru":["Проблемы с турбонагнетателем на больших пробегах","Вибрации двигателя","Сложности с поиском запчастей для некоторых компонентов"]}]'::jsonb,
  null,
  null
)

insert into public.vehicle_models (
  id,
  make_id,
  slug,
  name_en,
  first_model_year,
  last_model_year,
  years_available,
  body_types_available,
  fuel_types_available,
  transmission_available,
  reliability_score,
  popularity_score
)
values (
  '220c431c-4e0e-033d-b656-cf2836a3b906',
  'ebfe0d50-4f53-c7ea-3c19-9d6ff02a904e',
  'trax-cruiser',
  'Trax Cruiser / Toofan',
  1999,
  2024,
  '{"1999","2000","2001","2002","2003","2004","2005","2006","2007","2008","2009","2010","2011","2012","2013","2014","2015","2016","2017","2018","2019","2020","2021","2022","2023","2024"}'::int[],
  '["MPV","Utility Vehicle"]'::jsonb,
  '["Diesel"]'::jsonb,
  '["Manual"]'::jsonb,
  8,
  4.5
)

insert into public.vehicle_insights (
  model_id,
  pros,
  cons,
  inspection_tips,
  notable_features,
  engine_examples,
  common_issues_by_engine,
  reliability_score,
  popularity_score
)
values (
  '220c431c-4e0e-033d-b656-cf2836a3b906',
  '["Высокая вместимость и грузоподъемность","Надежность и ремонтопригодность в полевых условиях","Простота конструкции"]'::jsonb,
  '["Очень устаревший дизайн и интерьер","Низкий уровень пассивной безопасности","Плохая управляемость на высоких скоростях"]'::jsonb,
  '["Осмотреть кузов на предмет серьезной коррозии (очень распространенная проблема).","Проверить состояние рессор и амортизаторов, часто требующих замены.","Убедиться в работоспособности всех дверей и замков."]'::jsonb,
  '["High seating capacity (up to 14 passengers)","Rugged, simple construction","Low operational costs"]'::jsonb,
  '["2.6L DI Diesel"]'::jsonb,
  '[{"engine_code":"Various FM Diesels","common_issues_ru":["Проблемы с системой охлаждения на старых моделях.","Быстрый износ подвески при полной загрузке.","Низкое качество отделочных материалов салона."]}]'::jsonb,
  null,
  null
)

insert into public.vehicle_models (
  id,
  make_id,
  slug,
  name_en,
  first_model_year,
  last_model_year,
  years_available,
  body_types_available,
  fuel_types_available,
  transmission_available,
  reliability_score,
  popularity_score
)
values (
  'a6a30127-b448-a3be-9d0f-786eade12488',
  'ebfe0d50-4f53-c7ea-3c19-9d6ff02a904e',
  'force-one',
  'Force One',
  2011,
  2015,
  '{"2011","2012","2013","2014","2015"}'::int[],
  '["SUV"]'::jsonb,
  '["Diesel"]'::jsonb,
  '["Manual"]'::jsonb,
  6.5,
  3
)

insert into public.vehicle_generations (
  id,
  model_id,
  code,
  start_year,
  end_year,
  facelift,
  production_countries,
  body_types,
  fuel_types,
  transmission_types,
  summary
)
values (
  '4a5d29a8-cd3d-9d7d-8f19-76f53f0ae603',
  'a6a30127-b448-a3be-9d0f-786eade12488',
  'F1',
  2011,
  2015,
  false,
  '{"India"}'::text[],
  null,
  null,
  null,
  'Force Motors attempt at a mainstream SUV, featuring licensed technology from Daimler.'
)

insert into public.vehicle_insights (
  model_id,
  pros,
  cons,
  inspection_tips,
  notable_features,
  engine_examples,
  common_issues_by_engine,
  reliability_score,
  popularity_score
)
values (
  'a6a30127-b448-a3be-9d0f-786eade12488',
  '["Мощный и экономичный двигатель (по лицензии Daimler)","Комфортная подвеска для трассы","Большой внутренний объем"]'::jsonb,
  '["Быстрое обесценивание на вторичном рынке","Низкая узнаваемость бренда","Некачественный пластик в салоне"]'::jsonb,
  '["Проверить работу всех электронных систем (круиз-контроль, климат-контроль), так как электроника была слабым местом.","Оценить состояние кузовных панелей, часто имеющих неровные зазоры.","Тестировать трансмиссию на предмет рывков (если АКПП)."]'::jsonb,
  '["Spacious interior","Mercedes-Benz licensed 2.2L engine technology","Good highway stability"]'::jsonb,
  '["2.2L FM Tech CRDi"]'::jsonb,
  '[{"engine_code":"FM Tech 2.2 CRDi","common_issues_ru":["Сбои в работе топливной аппаратуры Common Rail","Проблемы с электроникой двигателя","Перегрев при длительных нагрузках"]}]'::jsonb,
  null,
  null
)

insert into public.vehicle_makes (id, slug, name_en, country, segment_class, is_active, category_path)
values (
  '345a2a0e-88c2-c405-1bf3-66e5d040c753',
  'ford',
  'Ford',
  'USA',
  'C',
  true,
  'Passenger Vehicles/Cars'
)

insert into public.vehicle_models (
  id,
  make_id,
  slug,
  name_en,
  first_model_year,
  last_model_year,
  years_available,
  body_types_available,
  fuel_types_available,
  transmission_available,
  reliability_score,
  popularity_score
)
values (
  'f3497d7e-80c3-6e1e-bd3e-fb76d0b376c6',
  '345a2a0e-88c2-c405-1bf3-66e5d040c753',
  'focus',
  'Focus',
  2010,
  2018,
  '{"2010","2011","2012","2013","2014","2015","2016","2017","2018"}'::int[],
  '["Hatchback","Sedan","Wagon"]'::jsonb,
  '["Gasoline","Diesel"]'::jsonb,
  '["Manual","Automatic","Dual-Clutch"]'::jsonb,
  7.8,
  9.5
)

insert into public.vehicle_generations (
  id,
  model_id,
  code,
  start_year,
  end_year,
  facelift,
  production_countries,
  body_types,
  fuel_types,
  transmission_types,
  summary
)
values (
  '9d53f604-fe2b-09e7-d37b-3549a494125a',
  'f3497d7e-80c3-6e1e-bd3e-fb76d0b376c6',
  'Focus III',
  2010,
  2014,
  false,
  '{"Germany","Russia","USA"}'::text[],
  null,
  null,
  null,
  'The third generation brought Ford''s Kinetic Design language and shifted towards a global platform, emphasizing handling and advanced technologies.'
)

insert into public.vehicle_generations (
  id,
  model_id,
  code,
  start_year,
  end_year,
  facelift,
  production_countries,
  body_types,
  fuel_types,
  transmission_types,
  summary
)
values (
  '09662a15-934c-de35-a1be-957655ace4de',
  'f3497d7e-80c3-6e1e-bd3e-fb76d0b376c6',
  'Focus III Facelift',
  2014,
  2018,
  true,
  '{"Germany","Russia"}'::text[],
  null,
  null,
  null,
  'Mid-cycle refresh featuring the Aston Martin-style grille, updated infotainment (SYNC 3), and new engine options, including EcoBoost.'
)

insert into public.vehicle_insights (
  model_id,
  pros,
  cons,
  inspection_tips,
  notable_features,
  engine_examples,
  common_issues_by_engine,
  reliability_score,
  popularity_score
)
values (
  'f3497d7e-80c3-6e1e-bd3e-fb76d0b376c6',
  '["Отличная управляемость и подвеска","Недорогие запчасти и распространенность на рынке","Комфортный салон (после рестайлинга)"]'::jsonb,
  '["Cramped rear seats (Hatchback/Sedan)","Dual-clutch automatic transmission (Powershift) reliability issues (pre-2015)","Expensive maintenance for EcoBoost engines","Poor quality of insulation against road noise"]'::jsonb,
  '["Проверить работу роботизированной коробки Powershift на наличие рывков и вибраций (особенно при переходе 1-2 передачи)","Осмотреть кузов на предмет коррозии задних арок и порогов (на машинах российской сборки)","Проверить состояние рулевой рейки (склонна к стуку)"]'::jsonb,
  '["Excellent chassis dynamics and handling","Advanced technology available (Active Park Assist, Sync)","Wide variety of engine and body styles"]'::jsonb,
  '["1.6L Duratec Ti-VCT (85-125 hp)","2.0L Duratec GDI (150 hp)","1.0L EcoBoost Turbo","2.0L Duratorq Diesel"]'::jsonb,
  '[{"engine_code":"Duratec 1.6 Ti-VCT","common_issues_ru":["Проблемы с плавающими оборотами холостого хода","Ненадежный термостат и корпус охлаждения","Течи масла из-под прокладки клапанной крышки","Слабый ресурс катализатора"]},{"engine_code":"Duratec 2.0 GDI","common_issues_ru":["Загрязнение впускных клапанов из-за прямого впрыска","Повышенный расход масла на ранних годах выпуска","Шумная работа ТНВД (топливного насоса высокого давления)"]}]'::jsonb,
  null,
  null
)

insert into public.vehicle_models (
  id,
  make_id,
  slug,
  name_en,
  first_model_year,
  last_model_year,
  years_available,
  body_types_available,
  fuel_types_available,
  transmission_available,
  reliability_score,
  popularity_score
)
values (
  '5e44afb4-e901-5a28-7d89-93c7ee959190',
  '345a2a0e-88c2-c405-1bf3-66e5d040c753',
  'fiesta',
  'Fiesta',
  2008,
  2019,
  '{"2008","2009","2010","2011","2012","2013","2014","2015","2016","2017","2018","2019"}'::int[],
  '["Hatchback","Van"]'::jsonb,
  '["Gasoline","Diesel"]'::jsonb,
  '["Manual","Automatic","Dual-Clutch"]'::jsonb,
  8.5,
  8.8
)

insert into public.vehicle_generations (
  id,
  model_id,
  code,
  start_year,
  end_year,
  facelift,
  production_countries,
  body_types,
  fuel_types,
  transmission_types,
  summary
)
values (
  'bc4e2412-238d-b1cd-1035-917b1f97678e',
  '5e44afb4-e901-5a28-7d89-93c7ee959190',
  'Fiesta VI / VII',
  2008,
  2017,
  false,
  '{"Germany","Mexico","Spain"}'::text[],
  null,
  null,
  null,
  'This generation adopted the Kinetic Design language, becoming significantly more stylish and appealing, especially in the European supermini segment. Known for its sharp handling.'
)

insert into public.vehicle_insights (
  model_id,
  pros,
  cons,
  inspection_tips,
  notable_features,
  engine_examples,
  common_issues_by_engine,
  reliability_score,
  popularity_score
)
values (
  '5e44afb4-e901-5a28-7d89-93c7ee959190',
  '["Очень экономичный, особенно с дизельными моторами","Надежная механическая коробка передач","Отличная маневренность в городе"]'::jsonb,
  '["Small trunk space","Interior materials feel cheap on base trims","Potential expensive repairs on early 1.0L EcoBoost engines"]'::jsonb,
  '["Проверить состояние задних колесных арок на наличие коррозии","Оценить работу коробки-автомат 6DCT250 (Powershift) — частые сбои и перегревы","Убедиться в отсутствии посторонних шумов от рулевой рейки"]'::jsonb,
  '["Excellent fuel economy","Sporty handling characteristics","High safety ratings for its class"]'::jsonb,
  '["1.25L Duratec","1.4L Duratec","1.0L EcoBoost Turbo","1.6L Duratorq Diesel"]'::jsonb,
  '[{"engine_code":"1.0 EcoBoost","common_issues_ru":["Риск перегрева из-за сбоев в работе системы охлаждения (трещины в патрубках)","Износ ремня ГРМ в масляной ванне (на ранних версиях)","Вибрации на холостом ходу"]},{"engine_code":"Duratec 1.4/1.6","common_issues_ru":["Слабый ресурс водяного насоса","Склонность к закоксовыванию поршневых колец при несвоевременной замене масла"]}]'::jsonb,
  null,
  null
)

insert into public.vehicle_models (
  id,
  make_id,
  slug,
  name_en,
  first_model_year,
  last_model_year,
  years_available,
  body_types_available,
  fuel_types_available,
  transmission_available,
  reliability_score,
  popularity_score
)
values (
  '7d48f239-16a6-fd55-97a8-c3c529a20c61',
  '345a2a0e-88c2-c405-1bf3-66e5d040c753',
  'mondeo',
  'Mondeo',
  2007,
  2014,
  '{"2007","2008","2009","2010","2011","2012","2013","2014"}'::int[],
  '["Sedan","Hatchback","Wagon"]'::jsonb,
  '["Gasoline","Diesel"]'::jsonb,
  '["Manual","Automatic","Dual-Clutch"]'::jsonb,
  7.5,
  8.5
)

insert into public.vehicle_generations (
  id,
  model_id,
  code,
  start_year,
  end_year,
  facelift,
  production_countries,
  body_types,
  fuel_types,
  transmission_types,
  summary
)
values (
  'eaa6373d-b9bb-26d6-5c91-98110cdd0707',
  '7d48f239-16a6-fd55-97a8-c3c529a20c61',
  'Mondeo IV',
  2007,
  2010,
  false,
  '{"Belgium","Russia"}'::text[],
  null,
  null,
  null,
  'Large family car platform, known for its spacious interior, comfort, and good road manners. Built on Ford''s EUCD platform (shared with Volvo).'
)

insert into public.vehicle_generations (
  id,
  model_id,
  code,
  start_year,
  end_year,
  facelift,
  production_countries,
  body_types,
  fuel_types,
  transmission_types,
  summary
)
values (
  'f38c42b2-651b-f252-0f09-b8409151fc4f',
  '7d48f239-16a6-fd55-97a8-c3c529a20c61',
  'Mondeo IV Facelift',
  2010,
  2014,
  true,
  '{"Belgium","Russia"}'::text[],
  null,
  null,
  null,
  'Mid-life update focusing on improved cabin materials, enhanced equipment, and the introduction of the modern EcoBoost engines and Powershift transmission.'
)

insert into public.vehicle_insights (
  model_id,
  pros,
  cons,
  inspection_tips,
  notable_features,
  engine_examples,
  common_issues_by_engine,
  reliability_score,
  popularity_score
)
values (
  '7d48f239-16a6-fd55-97a8-c3c529a20c61',
  '["Очень просторный салон, один из лучших в классе D","Комфортная и энергоемкая подвеска","Надежная классическая АКПП Aisin (для 2.3L)"]'::jsonb,
  '["High rate of body corrosion on early models (especially rear wheel arches)","Problems with 2.0L EcoBoost durability (pre-2012)","Interior plastics prone to scratching","Expensive headlight replacement (Xenon)"]'::jsonb,
  '["Тщательно проверить состояние ЛКП и очаги коррозии на задних крыльях и под резиновыми уплотнителями","Проверить работу ручника и электронных систем","Диагностировать АКПП Aisin (6-ступенчатая) на наличие толчков"]'::jsonb,
  '["Huge interior space and comfortable ride","Strong diesel engine options","Good value on the used market"]'::jsonb,
  '["1.6L EcoBoost","2.0L EcoBoost","2.3L Duratec","2.0L Duratorq Diesel"]'::jsonb,
  '[{"engine_code":"2.0 EcoBoost (DI5)","common_issues_ru":["Растрескивание поршней (особенно на моделях до 2012 года)","Быстрый износ цепи ГРМ при агрессивной эксплуатации","Высокая чувствительность к качеству топлива"]},{"engine_code":"2.0 Duratorq Diesel","common_issues_ru":["Сбои в работе сажевого фильтра (DPF)","Проблемы с двухмассовым маховиком","Утечки масла из турбины"]}]'::jsonb,
  null,
  null
)

insert into public.vehicle_makes (id, slug, name_en, country, segment_class, is_active, category_path)
values (
  'dac4c651-6fa4-db11-a227-266da9847acf',
  'fornasari',
  'Fornasari',
  'Italy',
  'Niche Sports Cars/SUVs',
  true,
  'Supercar / Niche Manufacturer'
)

insert into public.vehicle_models (
  id,
  make_id,
  slug,
  name_en,
  first_model_year,
  last_model_year,
  years_available,
  body_types_available,
  fuel_types_available,
  transmission_available,
  reliability_score,
  popularity_score
)
values (
  '6bbe876d-160c-02f2-2e88-6976aa4d6691',
  'dac4c651-6fa4-db11-a227-266da9847acf',
  'rr600',
  'RR600',
  2004,
  2017,
  '{"2004","2005","2006","2007","2008","2009","2010","2011","2012","2013","2014","2015","2016","2017"}'::int[],
  '["SUV"]'::jsonb,
  '["Petrol"]'::jsonb,
  '["Automatic","Manual"]'::jsonb,
  5,
  5
)

insert into public.vehicle_generations (
  id,
  model_id,
  code,
  start_year,
  end_year,
  facelift,
  production_countries,
  body_types,
  fuel_types,
  transmission_types,
  summary
)
values (
  '63c661a6-0905-b5b5-ec11-cb08dc582d9f',
  '6bbe876d-160c-02f2-2e88-6976aa4d6691',
  'RR600 Gen 1',
  2004,
  2017,
  false,
  '{"Italy"}'::text[],
  null,
  null,
  null,
  'High-performance luxury SUV based on a robust space frame chassis and utilizing powerful American V8 engines.'
)

insert into public.vehicle_insights (
  model_id,
  pros,
  cons,
  inspection_tips,
  notable_features,
  engine_examples,
  common_issues_by_engine,
  reliability_score,
  popularity_score
)
values (
  '6bbe876d-160c-02f2-2e88-6976aa4d6691',
  '["Extreme performance","Unique styling","Powerful V8 engine"]'::jsonb,
  '["Очень высокие эксплуатационные расходы","Ограниченная сеть обслуживания","Высокий расход топлива"]'::jsonb,
  '["Проверить нестандартные компоненты подвески на предмет износа","Убедиться в работе системы полного привода","Осмотреть панели кузова на предмет качества отделки (ручная сборка)"]'::jsonb,
  '["600+ л.с. мощности","Пространственная рама","Возможность высокого дорожного просвета"]'::jsonb,
  '["6.0L V8 (GM LS-series based)"]'::jsonb,
  '[{"engine_code":"GM LS 6.0","common_issues_ru":["Проблемы с датчиками положения коленвала","Износ гидрокомпенсаторов при нерегулярной замене масла","Течи масла из-под клапанных крышек"]}]'::jsonb,
  null,
  null
)

insert into public.vehicle_models (
  id,
  make_id,
  slug,
  name_en,
  first_model_year,
  last_model_year,
  years_available,
  body_types_available,
  fuel_types_available,
  transmission_available,
  reliability_score,
  popularity_score
)
values (
  'a92694f9-7c38-1efb-17ce-a67525041570',
  'dac4c651-6fa4-db11-a227-266da9847acf',
  '300',
  '300',
  2003,
  2014,
  '{"2003","2004","2005","2006","2007","2008","2009","2010","2011","2012","2013","2014"}'::int[],
  '["Coupe","Roadster"]'::jsonb,
  '["Petrol"]'::jsonb,
  '["Manual","Automatic"]'::jsonb,
  6,
  3
)

insert into public.vehicle_generations (
  id,
  model_id,
  code,
  start_year,
  end_year,
  facelift,
  production_countries,
  body_types,
  fuel_types,
  transmission_types,
  summary
)
values (
  '2a6c3f30-b510-79aa-fe86-39d5c039507a',
  'a92694f9-7c38-1efb-17ce-a67525041570',
  '300 Gen 1',
  2003,
  2014,
  false,
  '{"Italy"}'::text[],
  null,
  null,
  null,
  'A series of retro-styled sports cars (coupe and roadster) designed for high-speed touring, featuring traditional V8 powerplants.'
)

insert into public.vehicle_insights (
  model_id,
  pros,
  cons,
  inspection_tips,
  notable_features,
  engine_examples,
  common_issues_by_engine,
  reliability_score,
  popularity_score
)
values (
  'a92694f9-7c38-1efb-17ce-a67525041570',
  '["Classic design appeal","Strong acceleration","Exclusivity"]'::jsonb,
  '["Сложное техническое обслуживание","Высокая стоимость оригинальных запчастей","Жесткость хода"]'::jsonb,
  '["Check electrical systems, often bespoke wiring","Inspect fiberglass body for cracks or stress points","Verify brake system performance (usually high-performance racing setup)"]'::jsonb,
  '["Retro-modern styling","Lightweight construction","Custom Italian interior"]'::jsonb,
  '["5.7L V8 (GM LS1)"]'::jsonb,
  '[{"engine_code":"GM LS1 5.7","common_issues_ru":["Перегрев при интенсивной эксплуатации","Проблемы с дроссельной заслонкой","Недолговечность оригинальных катализаторов"]}]'::jsonb,
  null,
  null
)

insert into public.vehicle_models (
  id,
  make_id,
  slug,
  name_en,
  first_model_year,
  last_model_year,
  years_available,
  body_types_available,
  fuel_types_available,
  transmission_available,
  reliability_score,
  popularity_score
)
values (
  'ef531f2c-8e54-fd20-ce59-a3acd3a162b3',
  'dac4c651-6fa4-db11-a227-266da9847acf',
  'tender',
  'Tender',
  2006,
  2018,
  '{"2006","2007","2008","2009","2010","2011","2012","2013","2014","2015","2016","2017","2018"}'::int[],
  '["Pickup","Off-road Open"]'::jsonb,
  '["Petrol"]'::jsonb,
  '["Automatic"]'::jsonb,
  5,
  2
)

insert into public.vehicle_generations (
  id,
  model_id,
  code,
  start_year,
  end_year,
  facelift,
  production_countries,
  body_types,
  fuel_types,
  transmission_types,
  summary
)
values (
  '12f963a2-cc71-3cef-4487-5ecb3d56e4e4',
  'ef531f2c-8e54-fd20-ce59-a3acd3a162b3',
  'Tender Gen 1',
  2006,
  2018,
  false,
  '{"Italy"}'::text[],
  null,
  null,
  null,
  'A highly exclusive, open-top off-road utility vehicle designed for specialized recreational use.'
)

insert into public.vehicle_insights (
  model_id,
  pros,
  cons,
  inspection_tips,
  notable_features,
  engine_examples,
  common_issues_by_engine,
  reliability_score,
  popularity_score
)
values (
  'ef531f2c-8e54-fd20-ce59-a3acd3a162b3',
  '["Unique utility vehicle design","Excellent off-road capability","High power output"]'::jsonb,
  '["Непрактичен для ежедневного использования","Очень ограниченная защита от непогоды","Крайне редкие запчасти"]'::jsonb,
  '["Проверить на наличие коррозии на открытых элементах шасси","Оценить состояние гидроизоляции проводки","Убедиться в исправности всех элементов, связанных с полным приводом"]'::jsonb,
  '["Open-top utility body","Marine-grade materials used","Extreme ruggedness"]'::jsonb,
  '["7.0L V8 (GM LS7)"]'::jsonb,
  '[{"engine_code":"GM LS7 7.0","common_issues_ru":["Повышенный расход масла (характерно для LS7)","Износ рокеров и направляющих клапанов","Чувствительность к качеству топлива"]}]'::jsonb,
  null,
  null
)

insert into public.vehicle_makes (id, slug, name_en, country, segment_class, is_active, category_path)
values (
  '15046a20-b53a-37c1-0bc3-a381bdcc223e',
  'gaz',
  'GAZ',
  'Russia',
  'LCV / Sedan',
  true,
  'Automobile Manufacturers / Russia'
)

insert into public.vehicle_models (
  id,
  make_id,
  slug,
  name_en,
  first_model_year,
  last_model_year,
  years_available,
  body_types_available,
  fuel_types_available,
  transmission_available,
  reliability_score,
  popularity_score
)
values (
  'dcd68a5c-17e2-41a1-f889-d564c487538d',
  '15046a20-b53a-37c1-0bc3-a381bdcc223e',
  'gazelle',
  'GAZelle',
  1994,
  2024,
  '{"1994","1995","1996","1997","1998","1999","2000","2001","2002","2003","2004","2005","2006","2007","2008","2009","2010","2011","2012","2013","2014","2015","2016","2017","2018","2019","2020","2021","2022","2023","2024"}'::int[],
  '["Van","Minibus","Truck"]'::jsonb,
  '["Gasoline","Diesel","CNG/LPG"]'::jsonb,
  '["Manual"]'::jsonb,
  6,
  9
)

insert into public.vehicle_generations (
  id,
  model_id,
  code,
  start_year,
  end_year,
  facelift,
  production_countries,
  body_types,
  fuel_types,
  transmission_types,
  summary
)
values (
  'ba93b30e-fda6-ec3d-4253-01915bc55fac',
  'dcd68a5c-17e2-41a1-f889-d564c487538d',
  '3302',
  1994,
  2003,
  false,
  '{"Russia"}'::text[],
  null,
  null,
  null,
  'The original model series, defining the classic light commercial platform.'
)

insert into public.vehicle_generations (
  id,
  model_id,
  code,
  start_year,
  end_year,
  facelift,
  production_countries,
  body_types,
  fuel_types,
  transmission_types,
  summary
)
values (
  'eb2edf47-aed8-3287-8076-71df449508d4',
  'dcd68a5c-17e2-41a1-f889-d564c487538d',
  'Next',
  2013,
  2024,
  true,
  '{"Russia"}'::text[],
  null,
  null,
  null,
  'The significantly modernized version featuring improved cabin design and chassis components.'
)

insert into public.vehicle_insights (
  model_id,
  pros,
  cons,
  inspection_tips,
  notable_features,
  engine_examples,
  common_issues_by_engine,
  reliability_score,
  popularity_score
)
values (
  'dcd68a5c-17e2-41a1-f889-d564c487538d',
  '["Simplicity of repair","Low maintenance cost","High payload capacity"]'::jsonb,
  '["Poor corrosion resistance","Low quality cabin materials","Unreliable electrics"]'::jsonb,
  '["Check chassis frame integrity","Inspect cab floor for rust holes","Verify engine cooling system status"]'::jsonb,
  '["Robust ladder frame chassis","High customizability","Widespread service availability"]'::jsonb,
  '["ZMZ-402","UMZ-4216","Cummins ISF 2.8"]'::jsonb,
  '[{"engine_code":"UMZ-4216","common_issues_ru":["Перегрев и деформация ГБЦ (при интенсивной работе)","Ненадежность прокладки ГБЦ","Частые отказы датчиков системы управления двигателем"]},{"engine_code":"Cummins ISF 2.8","common_issues_ru":["Проблемы с топливной аппаратурой Delphi","Требовательность к качеству дизельного топлива","Выход из строя турбины при агрессивной эксплуатации"]}]'::jsonb,
  null,
  null
)

insert into public.vehicle_models (
  id,
  make_id,
  slug,
  name_en,
  first_model_year,
  last_model_year,
  years_available,
  body_types_available,
  fuel_types_available,
  transmission_available,
  reliability_score,
  popularity_score
)
values (
  '2d73f852-df41-7de2-f0c6-fbe729bf6b48',
  '15046a20-b53a-37c1-0bc3-a381bdcc223e',
  'volga-3110',
  'Volga',
  1997,
  2009,
  '{"1997","1998","1999","2000","2001","2002","2003","2004","2005","2006","2007","2008","2009"}'::int[],
  '["Sedan","Wagon"]'::jsonb,
  '["Gasoline"]'::jsonb,
  '["Manual"]'::jsonb,
  6.5,
  5.5
)

insert into public.vehicle_generations (
  id,
  model_id,
  code,
  start_year,
  end_year,
  facelift,
  production_countries,
  body_types,
  fuel_types,
  transmission_types,
  summary
)
values (
  '40b66230-645d-97c7-f2fb-adc7f5cec19c',
  '2d73f852-df41-7de2-f0c6-fbe729bf6b48',
  '3110',
  1997,
  2004,
  false,
  '{"Russia"}'::text[],
  null,
  null,
  null,
  'Modernization of the long-running Volga series, replacing the GAZ-31029.'
)

insert into public.vehicle_generations (
  id,
  model_id,
  code,
  start_year,
  end_year,
  facelift,
  production_countries,
  body_types,
  fuel_types,
  transmission_types,
  summary
)
values (
  '53c0f971-7b23-f431-1bdb-128f2d2a8f06',
  '2d73f852-df41-7de2-f0c6-fbe729bf6b48',
  '31105',
  2004,
  2009,
  true,
  '{"Russia"}'::text[],
  null,
  null,
  null,
  'Final mass-produced passenger iteration of the classic Volga line, featuring modernized optics and front suspension.'
)

insert into public.vehicle_insights (
  model_id,
  pros,
  cons,
  inspection_tips,
  notable_features,
  engine_examples,
  common_issues_by_engine,
  reliability_score,
  popularity_score
)
values (
  '2d73f852-df41-7de2-f0c6-fbe729bf6b48',
  '["Spacious interior","Smooth ride quality","Good ground clearance"]'::jsonb,
  '["Outdated technology","Heavy steering","High fuel consumption (ZMZ engines)"]'::jsonb,
  '["Check condition of kingpin suspension joints (pre-31105)","Inspect body for severe rust around wheel arches and sills","Verify clutch and gearbox operation"]'::jsonb,
  '["Classic Soviet design heritage","Robust chassis architecture","Comfortable, soft suspension"]'::jsonb,
  '["ZMZ-406","ZMZ-402","Chrysler 2.4L"]'::jsonb,
  '[{"engine_code":"ZMZ-406","common_issues_ru":["Проблемы с цепным приводом ГРМ (быстрый износ)","Нестабильная работа системы впрыска топлива","Течи масла через прокладки"]},{"engine_code":"ZMZ-402","common_issues_ru":["Перегрев двигателя","Низкое давление масла","Склонность к детонации"]}]'::jsonb,
  null,
  null
)

insert into public.vehicle_models (
  id,
  make_id,
  slug,
  name_en,
  first_model_year,
  last_model_year,
  years_available,
  body_types_available,
  fuel_types_available,
  transmission_available,
  reliability_score,
  popularity_score
)
values (
  'eb4b96fe-5b13-a5d8-f75b-fa3f1d1835ac',
  '15046a20-b53a-37c1-0bc3-a381bdcc223e',
  'sobol',
  'Sobol',
  1998,
  2024,
  '{"1998","1999","2000","2001","2002","2003","2004","2005","2006","2007","2008","2009","2010","2011","2012","2013","2014","2015","2016","2017","2018","2019","2020","2021","2022","2023","2024"}'::int[],
  '["Van","Minibus"]'::jsonb,
  '["Gasoline","Diesel","LPG"]'::jsonb,
  '["Manual"]'::jsonb,
  6.5,
  7.5
)

insert into public.vehicle_generations (
  id,
  model_id,
  code,
  start_year,
  end_year,
  facelift,
  production_countries,
  body_types,
  fuel_types,
  transmission_types,
  summary
)
values (
  'fc01ccd7-59b6-3392-0569-1473d26dfcaf',
  'eb4b96fe-5b13-a5d8-f75b-fa3f1d1835ac',
  '2217',
  1998,
  2010,
  false,
  '{"Russia"}'::text[],
  null,
  null,
  null,
  'The original short-wheelbase, smaller capacity version of the GAZelle platform.'
)

insert into public.vehicle_generations (
  id,
  model_id,
  code,
  start_year,
  end_year,
  facelift,
  production_countries,
  body_types,
  fuel_types,
  transmission_types,
  summary
)
values (
  'ae81fe59-610f-c48e-a692-974b2213c558',
  'eb4b96fe-5b13-a5d8-f75b-fa3f1d1835ac',
  'Business 4x4',
  2010,
  2024,
  true,
  '{"Russia"}'::text[],
  null,
  null,
  null,
  'Facelifted series with improved engine options and popular 4x4 modification for rough terrain.'
)

insert into public.vehicle_insights (
  model_id,
  pros,
  cons,
  inspection_tips,
  notable_features,
  engine_examples,
  common_issues_by_engine,
  reliability_score,
  popularity_score
)
values (
  'eb4b96fe-5b13-a5d8-f75b-fa3f1d1835ac',
  '["Maneuverability in urban environments","Available 4x4 modification","Reliable suspension"]'::jsonb,
  '["High noise levels","Poor heating system performance","Rust issues (similar to GAZelle)"]'::jsonb,
  '["Inspect body joints and seams for early corrosion signs","Check drive train components, especially on 4x4 variants","Test efficiency of the brake system"]'::jsonb,
  '["Compact dimensions compared to GAZelle","Reliable leaf spring suspension","Strong off-road capability in 4x4 versions"]'::jsonb,
  '["UMZ-4216","Cummins ISF 2.8"]'::jsonb,
  '[{"engine_code":"UMZ-4216","common_issues_ru":["Проблемы с масляным насосом при низких температурах","Износ поршневой группы при длительных нагрузках","Необходимость регулировки клапанов"]}]'::jsonb,
  null,
  null
)

insert into public.vehicle_makes (id, slug, name_en, country, segment_class, is_active, category_path)
values (
  'de9ff15f-055d-0db4-a94f-f075804f0601',
  'gmc',
  'GMC',
  'USA',
  'Full-size Trucks and SUVs',
  true,
  'Trucks/SUVs'
)

insert into public.vehicle_models (
  id,
  make_id,
  slug,
  name_en,
  first_model_year,
  last_model_year,
  years_available,
  body_types_available,
  fuel_types_available,
  transmission_available,
  reliability_score,
  popularity_score
)
values (
  '361686dd-e6fe-0e94-2115-0689253dcaf0',
  'de9ff15f-055d-0db4-a94f-f075804f0601',
  'yukon',
  'Yukon',
  1992,
  2024,
  '{"2021","2022","2023","2024"}'::int[],
  '["SUV"]'::jsonb,
  '["Gasoline","Diesel"]'::jsonb,
  '["Automatic"]'::jsonb,
  7.5,
  9
)

insert into public.vehicle_generations (
  id,
  model_id,
  code,
  start_year,
  end_year,
  facelift,
  production_countries,
  body_types,
  fuel_types,
  transmission_types,
  summary
)
values (
  'd20a33ee-f731-4ca5-33a8-0627efc362a8',
  '361686dd-e6fe-0e94-2115-0689253dcaf0',
  'GMT T1XX',
  2021,
  2024,
  false,
  '{"USA"}'::text[],
  null,
  null,
  null,
  'The current generation offers increased space, independent rear suspension, and updated technology, enhancing ride comfort.'
)

insert into public.vehicle_insights (
  model_id,
  pros,
  cons,
  inspection_tips,
  notable_features,
  engine_examples,
  common_issues_by_engine,
  reliability_score,
  popularity_score
)
values (
  '361686dd-e6fe-0e94-2115-0689253dcaf0',
  '["Просторный и комфортный салон","Мощные V8 двигатели","Хорошая проходимость"]'::jsonb,
  '["Высокий расход топлива","Дорогое обслуживание","Проблемы с пневмоподвеской (на некоторых комплектациях)"]'::jsonb,
  '["Проверить состояние пневмоподвески","Осмотреть трансмиссию на предмет утечек","Диагностика электроники, особенно системы Infotainment"]'::jsonb,
  '["Advanced trailering system","Denali luxury trim"]'::jsonb,
  '["5.3L V8 L84","6.2L V8 L87"]'::jsonb,
  '[{"engine_code":"5.3L V8 (L84)","common_issues_ru":["Проблемы с системой активного управления топливом (AFM/DFM)","Износ распредвала и толкателей"]}]'::jsonb,
  null,
  null
)

insert into public.vehicle_models (
  id,
  make_id,
  slug,
  name_en,
  first_model_year,
  last_model_year,
  years_available,
  body_types_available,
  fuel_types_available,
  transmission_available,
  reliability_score,
  popularity_score
)
values (
  '481abf74-9fdd-cde5-2cef-ecb9ff37407b',
  'de9ff15f-055d-0db4-a94f-f075804f0601',
  'sierra',
  'Sierra',
  1999,
  2024,
  '{"2019","2020","2021","2022","2023","2024"}'::int[],
  '["Pickup truck"]'::jsonb,
  '["Gasoline","Diesel"]'::jsonb,
  '["Automatic"]'::jsonb,
  7,
  8.5
)

insert into public.vehicle_generations (
  id,
  model_id,
  code,
  start_year,
  end_year,
  facelift,
  production_countries,
  body_types,
  fuel_types,
  transmission_types,
  summary
)
values (
  'f072afc8-7095-4422-4a65-648097006964',
  '481abf74-9fdd-cde5-2cef-ecb9ff37407b',
  'T1XX',
  2019,
  2024,
  true,
  '{"USA","Mexico"}'::text[],
  null,
  null,
  null,
  'The fourth generation is known for its unique MultiPro tailgate and refined interior options.'
)

insert into public.vehicle_insights (
  model_id,
  pros,
  cons,
  inspection_tips,
  notable_features,
  engine_examples,
  common_issues_by_engine,
  reliability_score,
  popularity_score
)
values (
  '481abf74-9fdd-cde5-2cef-ecb9ff37407b',
  '["Высокая грузоподъемность и тяговое усилие","Комфорт на уровне легкового автомобиля","Надежные дизельные двигатели Duramax"]'::jsonb,
  '["Большие габариты для европейских дорог","Проблемы с тормозной системой (старые модели)","Высокая стоимость запчастей"]'::jsonb,
  '["Проверить раму на коррозию, особенно в местах крепления","Оценить работу 10-ступенчатой АКПП","Диагностика состояния бортового компьютера"]'::jsonb,
  '["MultiPro Tailgate","CarbonPro Bed"]'::jsonb,
  '["3.0L Duramax I6 Diesel","6.2L V8 L87"]'::jsonb,
  '[{"engine_code":"6.2L V8 (L87)","common_issues_ru":["Стуки в двигателе при холодном запуске","Проблемы с гидрокомпенсаторами"]}]'::jsonb,
  null,
  null
)

insert into public.vehicle_models (
  id,
  make_id,
  slug,
  name_en,
  first_model_year,
  last_model_year,
  years_available,
  body_types_available,
  fuel_types_available,
  transmission_available,
  reliability_score,
  popularity_score
)
values (
  '7ec4d2d5-5e6d-6f17-d189-da1b00d1bedc',
  'de9ff15f-055d-0db4-a94f-f075804f0601',
  'acadia',
  'Acadia',
  2007,
  2024,
  '{"2017","2018","2019","2020","2021","2022","2023","2024"}'::int[],
  '["SUV","Crossover"]'::jsonb,
  '["Gasoline"]'::jsonb,
  '["Automatic"]'::jsonb,
  6.5,
  7
)

insert into public.vehicle_generations (
  id,
  model_id,
  code,
  start_year,
  end_year,
  facelift,
  production_countries,
  body_types,
  fuel_types,
  transmission_types,
  summary
)
values (
  'd1f1de6d-65ff-8494-cc92-9d75f17c68e3',
  '7ec4d2d5-5e6d-6f17-d189-da1b00d1bedc',
  'C1XX',
  2017,
  2023,
  false,
  '{"USA"}'::text[],
  null,
  null,
  null,
  'The second generation adopted a smaller, lighter platform, offering better fuel economy and a modern design.'
)

insert into public.vehicle_insights (
  model_id,
  pros,
  cons,
  inspection_tips,
  notable_features,
  engine_examples,
  common_issues_by_engine,
  reliability_score,
  popularity_score
)
values (
  '7ec4d2d5-5e6d-6f17-d189-da1b00d1bedc',
  '["Удобный семейный кроссовер","Хорошее оснащение","Мягкий ход"]'::jsonb,
  '["Слабая шумоизоляция","Высокий расход масла на V6 (ранние версии)","Дороговизна ремонта АКПП"]'::jsonb,
  '["Проверить состояние цепи ГРМ на двигателе V6","Осмотр трансмиссии (6T50/9T50) на предмет рывков","Проверить работу климат-контроля и вентиляции"]'::jsonb,
  '["Optional third-row seating","Advanced temperature control"]'::jsonb,
  '["2.5L I4 LCV","3.6L V6 LGZ"]'::jsonb,
  '[{"engine_code":"3.6L V6 (LGZ)","common_issues_ru":["Растяжение цепи ГРМ","Утечки масла через переднюю крышку","Выход из строя ТНВД"]}]'::jsonb,
  null,
  null
)

insert into public.vehicle_makes (id, slug, name_en, country, segment_class, is_active, category_path)
values (
  '33f40290-5209-2045-5414-9562280327a1',
  'geely',
  'Geely',
  'China',
  'Mainstream',
  true,
  'Passenger Cars/SUVs'
)

insert into public.vehicle_models (
  id,
  make_id,
  slug,
  name_en,
  first_model_year,
  last_model_year,
  years_available,
  body_types_available,
  fuel_types_available,
  transmission_available,
  reliability_score,
  popularity_score
)
values (
  '0e083f87-1ed3-1db1-1491-3e673e1de6f5',
  '33f40290-5209-2045-5414-9562280327a1',
  'coolray',
  'Coolray',
  2018,
  2024,
  '{"2018","2019","2020","2021","2022","2023","2024"}'::int[],
  '["SUV"]'::jsonb,
  '["Gasoline"]'::jsonb,
  '["Automatic","Manual"]'::jsonb,
  7.8,
  8.5
)

insert into public.vehicle_generations (
  id,
  model_id,
  code,
  start_year,
  end_year,
  facelift,
  production_countries,
  body_types,
  fuel_types,
  transmission_types,
  summary
)
values (
  'd3ba47d7-72cf-44cf-dbd1-2f004ff4d0aa',
  '0e083f87-1ed3-1db1-1491-3e673e1de6f5',
  'SX11',
  2018,
  2024,
  false,
  '{"China","Belarus"}'::text[],
  null,
  null,
  null,
  'First generation compact SUV, known globally as Binyue or Coolray, built on BMA platform.'
)

insert into public.vehicle_insights (
  model_id,
  pros,
  cons,
  inspection_tips,
  notable_features,
  engine_examples,
  common_issues_by_engine,
  reliability_score,
  popularity_score
)
values (
  '0e083f87-1ed3-1db1-1491-3e673e1de6f5',
  '["Современный динамичный дизайн","Высокая производительность для своего класса","Богатое оснащение в максимальных комплектациях"]'::jsonb,
  '["Относительно высокий расход топлива в городе","Жесткая подвеска","Недостаточная шумоизоляция арок"]'::jsonb,
  '["Проверить работу роботизированной коробки передач (DCT) на предмет рывков","Осмотреть кузов на предмет очагов коррозии, особенно на ранних моделях","Убедиться в отсутствии ошибок по электронике двигателя"]'::jsonb,
  '["Powerful 1.5L 3-cylinder engine","Modern tech interior"]'::jsonb,
  '["JLH-3G15TD (1.5L Turbo)"]'::jsonb,
  '[{"engine_code":"JLH-3G15TD","common_issues_ru":["Проблемы с датчиком давления наддува","Возможный повышенный расход масла на ранних версиях","Сбои в работе электронного термостата"]}]'::jsonb,
  null,
  null
)

insert into public.vehicle_models (
  id,
  make_id,
  slug,
  name_en,
  first_model_year,
  last_model_year,
  years_available,
  body_types_available,
  fuel_types_available,
  transmission_available,
  reliability_score,
  popularity_score
)
values (
  'ad232fa4-eda0-bfa5-a2ce-e7558a9067ff',
  '33f40290-5209-2045-5414-9562280327a1',
  'atlas',
  'Atlas',
  2016,
  2024,
  '{"2016","2017","2018","2019","2020","2021","2022","2023","2024"}'::int[],
  '["SUV"]'::jsonb,
  '["Gasoline"]'::jsonb,
  '["Automatic","Manual"]'::jsonb,
  8,
  9
)

insert into public.vehicle_generations (
  id,
  model_id,
  code,
  start_year,
  end_year,
  facelift,
  production_countries,
  body_types,
  fuel_types,
  transmission_types,
  summary
)
values (
  '4b010dc5-a6e9-460b-0e67-8137f651aacd',
  'ad232fa4-eda0-bfa5-a2ce-e7558a9067ff',
  'NL-3',
  2016,
  2022,
  false,
  '{"China","Belarus"}'::text[],
  null,
  null,
  null,
  'First generation mid-size crossover, highly popular in CIS countries.'
)

insert into public.vehicle_generations (
  id,
  model_id,
  code,
  start_year,
  end_year,
  facelift,
  production_countries,
  body_types,
  fuel_types,
  transmission_types,
  summary
)
values (
  '47407edb-ba18-8b8a-5e1b-303695d5f050',
  'ad232fa4-eda0-bfa5-a2ce-e7558a9067ff',
  'NL-3 (Pro)',
  2020,
  2024,
  true,
  '{"China","Belarus"}'::text[],
  null,
  null,
  null,
  'Facelifted version (Atlas Pro/Boyue Pro) featuring updated design and powertrain options.'
)

insert into public.vehicle_insights (
  model_id,
  pros,
  cons,
  inspection_tips,
  notable_features,
  engine_examples,
  common_issues_by_engine,
  reliability_score,
  popularity_score
)
values (
  'ad232fa4-eda0-bfa5-a2ce-e7558a9067ff',
  '["Просторный и комфортный салон","Высокая плавность хода","Надежные базовые агрегаты (2.4L и Aisin)"]'::jsonb,
  '["Слабое лакокрасочное покрытие","Высокий расход топлива у старых атмосферных двигателей","Медленная работа мультимедиа в дорестайлинговых моделях"]'::jsonb,
  '["Проверить состояние радиаторов (загрязнение, течи)","Оценить работу полного привода и заднего редуктора (если применимо)","Проконтролировать отсутствие стуков в рулевой рейке"]'::jsonb,
  '["High ground clearance","Aisin automatic transmission"]'::jsonb,
  '["JLE-4G18T (1.8L Turbo)","JLD-4G24 (2.4L NA)"]'::jsonb,
  '[{"engine_code":"JLE-4G18T","common_issues_ru":["Утечки охлаждающей жидкости через патрубки","Возможны проблемы с блоком управления АКПП Aisin","Требовательность к качеству масла для турбированных версий"]}]'::jsonb,
  null,
  null
)

insert into public.vehicle_models (
  id,
  make_id,
  slug,
  name_en,
  first_model_year,
  last_model_year,
  years_available,
  body_types_available,
  fuel_types_available,
  transmission_available,
  reliability_score,
  popularity_score
)
values (
  'c58a4046-5f43-6371-5776-9cc961bc8efc',
  '33f40290-5209-2045-5414-9562280327a1',
  'emgrand',
  'Emgrand',
  2021,
  2024,
  '{"2021","2022","2023","2024"}'::int[],
  '["Sedan"]'::jsonb,
  '["Gasoline"]'::jsonb,
  '["Manual","CVT"]'::jsonb,
  8.2,
  7.5
)

insert into public.vehicle_generations (
  id,
  model_id,
  code,
  start_year,
  end_year,
  facelift,
  production_countries,
  body_types,
  fuel_types,
  transmission_types,
  summary
)
values (
  'b5362a58-139c-66e7-93bb-02103f7caf78',
  'c58a4046-5f43-6371-5776-9cc961bc8efc',
  'SS11',
  2021,
  2024,
  false,
  '{"China"}'::text[],
  null,
  null,
  null,
  'Modern 4th generation Emgrand sedan built on the BMA platform, popular due to affordability and modern design.'
)

insert into public.vehicle_insights (
  model_id,
  pros,
  cons,
  inspection_tips,
  notable_features,
  engine_examples,
  common_issues_by_engine,
  reliability_score,
  popularity_score
)
values (
  'c58a4046-5f43-6371-5776-9cc961bc8efc',
  '["Отличное соотношение цены и качества","Экономичный двигатель","Просторный салон и большой багажник"]'::jsonb,
  '["Слабая динамика при полной загрузке","Недостаточная звукоизоляция (особенно на высоких скоростях)","Базовый уровень отделки некоторых элементов салона"]'::jsonb,
  '["Проверить уровень масла в вариаторе (CVT), его чистоту","Обратить внимание на состояние подвески, которая может быть жесткой на неровностях","Протестировать работу климатической системы"]'::jsonb,
  '["Low running costs","High structural safety (BMA platform)"]'::jsonb,
  '["JLC-4G15B (1.5L NA)"]'::jsonb,
  '[{"engine_code":"JLC-4G15B","common_issues_ru":["Вибрации на холостом ходу, требующие обновления прошивки","Необходимость частой регулировки клапанов (отсутствие гидрокомпенсаторов)","Шумная работа вариатора (CVT) при резком ускорении"]}]'::jsonb,
  null,
  null
)

insert into public.vehicle_makes (id, slug, name_en, country, segment_class, is_active, category_path)
values (
  '2fc1203d-6394-fa09-b463-870cf1ccb51c',
  'genesis',
  'Genesis',
  'South Korea',
  'Luxury',
  true,
  'Luxury/Premium'
)

insert into public.vehicle_models (
  id,
  make_id,
  slug,
  name_en,
  first_model_year,
  last_model_year,
  years_available,
  body_types_available,
  fuel_types_available,
  transmission_available,
  reliability_score,
  popularity_score
)
values (
  '92f29801-80b0-4f0c-4b74-c2cbaf705749',
  '2fc1203d-6394-fa09-b463-870cf1ccb51c',
  'g80',
  'G80',
  2016,
  2024,
  '{"2016","2017","2018","2019","2020","2021","2022","2023","2024"}'::int[],
  '["Sedan"]'::jsonb,
  '["Gasoline","Diesel"]'::jsonb,
  '["Automatic"]'::jsonb,
  8,
  8.5
)

insert into public.vehicle_generations (
  id,
  model_id,
  code,
  start_year,
  end_year,
  facelift,
  production_countries,
  body_types,
  fuel_types,
  transmission_types,
  summary
)
values (
  '5e0cfb52-56fc-5a56-4055-259d5cab1f64',
  '92f29801-80b0-4f0c-4b74-c2cbaf705749',
  'RG3',
  2020,
  2024,
  false,
  '{"South Korea"}'::text[],
  null,
  null,
  null,
  'The second generation of Genesis G80, transitioning to a distinct luxury design language based on ''Athletic Elegance''.'
)

insert into public.vehicle_insights (
  model_id,
  pros,
  cons,
  inspection_tips,
  notable_features,
  engine_examples,
  common_issues_by_engine,
  reliability_score,
  popularity_score
)
values (
  '92f29801-80b0-4f0c-4b74-c2cbaf705749',
  '["Высокий уровень комфорта и шумоизоляции","Мощные и плавные двигатели","Превосходное качество отделки салона","Богатое стандартное оснащение"]'::jsonb,
  '["Высокая стоимость обслуживания","Большой расход топлива у мощных версий","Сложности с поиском запчастей за пределами официальных дилеров"]'::jsonb,
  '["Проверить состояние пневмоподвески (если установлена)","Внимательно осмотреть кузов на предмет коррозии после зимы (редко, но возможно)","Диагностика электроники и мультимедийной системы"]'::jsonb,
  '["Split-quad headlamps","Highway Driving Assist II","Ergo Motion driver seat"]'::jsonb,
  '["2.5T I4","3.5T V6","2.2D I4"]'::jsonb,
  '[{"engine_code":"G4KR","common_issues_ru":["Повышенный расход масла на ранних этапах","Проблемы с ТНВД"]},{"engine_code":"G6DP","common_issues_ru":["Чувствительность к качеству топлива","Перегрев в тяжелых условиях"]}]'::jsonb,
  null,
  null
)

insert into public.vehicle_models (
  id,
  make_id,
  slug,
  name_en,
  first_model_year,
  last_model_year,
  years_available,
  body_types_available,
  fuel_types_available,
  transmission_available,
  reliability_score,
  popularity_score
)
values (
  '0ce904b5-6a6e-a4ac-6028-475d9cf73454',
  '2fc1203d-6394-fa09-b463-870cf1ccb51c',
  'gv80',
  'GV80',
  2020,
  2024,
  '{"2020","2021","2022","2023","2024"}'::int[],
  '["SUV"]'::jsonb,
  '["Gasoline","Diesel"]'::jsonb,
  '["Automatic"]'::jsonb,
  7.8,
  9
)

insert into public.vehicle_generations (
  id,
  model_id,
  code,
  start_year,
  end_year,
  facelift,
  production_countries,
  body_types,
  fuel_types,
  transmission_types,
  summary
)
values (
  '55ad6655-0a71-e9dc-493c-99f563909fe9',
  '0ce904b5-6a6e-a4ac-6028-475d9cf73454',
  'JX1',
  2020,
  2024,
  true,
  '{"South Korea"}'::text[],
  null,
  null,
  null,
  'Genesis'' first flagship SUV, offering robust performance and high-end luxury, competing directly with German rivals.'
)

insert into public.vehicle_insights (
  model_id,
  pros,
  cons,
  inspection_tips,
  notable_features,
  engine_examples,
  common_issues_by_engine,
  reliability_score,
  popularity_score
)
values (
  '0ce904b5-6a6e-a4ac-6028-475d9cf73454',
  '["Внушительный и уникальный дизайн","Просторный и роскошный салон","Плавность хода и отличное управление","Мощный дизельный двигатель 3.0D"]'::jsonb,
  '["Сложная мультимедийная система с непривычным контроллером","Значительный налог на мощные бензиновые версии","Высокая цена обслуживания"]'::jsonb,
  '["Проверить работу всех систем ассистентов водителя","Оценить состояние 22-дюймовых колесных дисков (если есть) на предмет повреждений","Проверка натяжителя цепи ГРМ на дизельных версиях"]'::jsonb,
  '["Road Preview Electronic Control Suspension","Active Noise Control","14.5-inch Infotainment screen"]'::jsonb,
  '["2.5T I4","3.5T V6","3.0D I6"]'::jsonb,
  '[{"engine_code":"D6JP","common_issues_ru":["Требовательность к качеству дизельного топлива","Возможные проблемы с сажевым фильтром при частой городской эксплуатации"]},{"engine_code":"G4KR","common_issues_ru":["Иногда отмечается вибрация на холостом ходу","Проблемы с турбонаддувом"]}]'::jsonb,
  null,
  null
)

insert into public.vehicle_models (
  id,
  make_id,
  slug,
  name_en,
  first_model_year,
  last_model_year,
  years_available,
  body_types_available,
  fuel_types_available,
  transmission_available,
  reliability_score,
  popularity_score
)
values (
  '7568cd04-4723-5607-0417-23511dc8c893',
  '2fc1203d-6394-fa09-b463-870cf1ccb51c',
  'gv70',
  'GV70',
  2021,
  2024,
  '{"2021","2022","2023","2024"}'::int[],
  '["SUV"]'::jsonb,
  '["Gasoline","Diesel"]'::jsonb,
  '["Automatic"]'::jsonb,
  8.3,
  8.8
)

insert into public.vehicle_generations (
  id,
  model_id,
  code,
  start_year,
  end_year,
  facelift,
  production_countries,
  body_types,
  fuel_types,
  transmission_types,
  summary
)
values (
  '394e1505-b0c9-598b-27ec-97aab0b2cb9a',
  '7568cd04-4723-5607-0417-23511dc8c893',
  'JK1',
  2021,
  2024,
  false,
  '{"South Korea"}'::text[],
  null,
  null,
  null,
  'A sporty and stylish compact luxury crossover aimed at younger buyers, sharing platform elements with the G70 sedan.'
)

insert into public.vehicle_insights (
  model_id,
  pros,
  cons,
  inspection_tips,
  notable_features,
  engine_examples,
  common_issues_by_engine,
  reliability_score,
  popularity_score
)
values (
  '7568cd04-4723-5607-0417-23511dc8c893',
  '["Динамичное управление и отличная мощность","Смелый, запоминающийся дизайн интерьера и экстерьера","Качественные материалы отделки","Высокий уровень безопасности"]'::jsonb,
  '["Не самый просторный второй ряд сидений","Небольшой объем багажника по сравнению с конкурентами","Дороговизна оригинальных запчастей"]'::jsonb,
  '["Проверить состояние тормозной системы, особенно на мощной версии 3.5Т","Оценить работу 8-ступенчатой АКПП на предмет рывков","Убедиться в отсутствии влаги в районе задних фонарей"]'::jsonb,
  '["Interior Ambient Lighting","Fingerprint Authentication System","Launch Control (Sport models)"]'::jsonb,
  '["2.5T I4","3.5T V6","2.2D I4"]'::jsonb,
  '[{"engine_code":"D4HE","common_issues_ru":["Загрязнение клапана EGR","Шумность на холодном старте"]},{"engine_code":"G6DP","common_issues_ru":["Высокая чувствительность к перегреву","Повышенный расход масла при активной езде"]}]'::jsonb,
  null,
  null
)

insert into public.vehicle_makes (id, slug, name_en, country, segment_class, is_active, category_path)
values (
  'd99c9ad2-7a24-626b-f61d-7769368ef83e',
  'gillet',
  'Gillet',
  'Belgium',
  'S',
  true,
  'Sports Cars & Exotics'
)

insert into public.vehicle_models (
  id,
  make_id,
  slug,
  name_en,
  first_model_year,
  last_model_year,
  years_available,
  body_types_available,
  fuel_types_available,
  transmission_available,
  reliability_score,
  popularity_score
)
values (
  '848db023-5d47-2d92-671b-838ea397764c',
  'd99c9ad2-7a24-626b-f61d-7769368ef83e',
  'vertigo',
  'Vertigo',
  1991,
  2023,
  '{"1991","1992","1993","1994","1995","1996","1997","1998","1999","2000","2001","2002","2003","2004","2005","2006","2007","2008","2009","2010","2011","2012","2013","2014","2015","2016","2017","2018","2019","2020","2021","2022","2023"}'::int[],
  '["Coupe","Roadster"]'::jsonb,
  '["Gasoline"]'::jsonb,
  '["Manual","Automated Manual"]'::jsonb,
  6.5,
  8.5
)

insert into public.vehicle_generations (
  id,
  model_id,
  code,
  start_year,
  end_year,
  facelift,
  production_countries,
  body_types,
  fuel_types,
  transmission_types,
  summary
)
values (
  '08d806bf-736d-2c2d-a1b6-ffe5199a9dbf',
  '848db023-5d47-2d92-671b-838ea397764c',
  'M100',
  1991,
  2002,
  false,
  '{"Belgium"}'::text[],
  null,
  null,
  null,
  'Original generation featuring various V6 and V8 engines, highly customizable.'
)

insert into public.vehicle_generations (
  id,
  model_id,
  code,
  start_year,
  end_year,
  facelift,
  production_countries,
  body_types,
  fuel_types,
  transmission_types,
  summary
)
values (
  '0ce1fe32-960d-f855-13f8-477f348dfe87',
  '848db023-5d47-2d92-671b-838ea397764c',
  'M200',
  2003,
  2011,
  true,
  '{"Belgium"}'::text[],
  null,
  null,
  null,
  'Mid-life refresh with updated aerodynamics and powertrain options, including the Maserati V8.'
)

insert into public.vehicle_generations (
  id,
  model_id,
  code,
  start_year,
  end_year,
  facelift,
  production_countries,
  body_types,
  fuel_types,
  transmission_types,
  summary
)
values (
  '8d67f64d-842e-fb4e-e91b-26bf659aad45',
  '848db023-5d47-2d92-671b-838ea397764c',
  'M300',
  2012,
  2023,
  false,
  '{"Belgium"}'::text[],
  null,
  null,
  null,
  'Modern iteration (Vertigo V8) focusing on lightweight construction and high power output.'
)

insert into public.vehicle_insights (
  model_id,
  pros,
  cons,
  inspection_tips,
  notable_features,
  engine_examples,
  common_issues_by_engine,
  reliability_score,
  popularity_score
)
values (
  '848db023-5d47-2d92-671b-838ea397764c',
  '["Отличная динамика и управляемость","Уникальный, эксклюзивный дизайн","Высокий потенциал для тюнинга"]'::jsonb,
  '["Крайне высокая стоимость обслуживания","Трудности с поиском оригинальных запчастей","Низкий дорожный просвет","Жесткая подвеска"]'::jsonb,
  '["Проверить состояние карбонового монокока на наличие трещин или повреждений","Оценить износ сцепления, особенно на секвентальных коробках передач","Тщательно проверить электрику и жгут проводов (характерная проблема старых версий)"]'::jsonb,
  '["Carbon fiber monocoque chassis","High power-to-weight ratio","Custom assembly process"]'::jsonb,
  '["Alfa Romeo V6 3.0L","Maserati V8 4.2L","BMW I6 3.2L"]'::jsonb,
  '[{"engine_code":"F136","common_issues_ru":["Перегрев в городском режиме из-за недостаточного охлаждения","Выход из строя актуаторов дросселя (типично для Maserati/Ferrari)","Проблемы с насосом гидроусилителя руля"]},{"engine_code":"AR16102","common_issues_ru":["Проблемы с ГРМ после 50 тыс. км","Течи масла из-под клапанных крышек"]}]'::jsonb,
  null,
  null
)

insert into public.vehicle_models (
  id,
  make_id,
  slug,
  name_en,
  first_model_year,
  last_model_year,
  years_available,
  body_types_available,
  fuel_types_available,
  transmission_available,
  reliability_score,
  popularity_score
)
values (
  '01fd76e7-1ece-d731-00ff-8e274e455637',
  'd99c9ad2-7a24-626b-f61d-7769368ef83e',
  'scarab',
  'Scarab',
  2010,
  2018,
  '{"2010","2011","2012","2013","2014","2015","2016","2017","2018"}'::int[],
  '["Roadster"]'::jsonb,
  '["Gasoline"]'::jsonb,
  '["Manual"]'::jsonb,
  8,
  7
)

insert into public.vehicle_generations (
  id,
  model_id,
  code,
  start_year,
  end_year,
  facelift,
  production_countries,
  body_types,
  fuel_types,
  transmission_types,
  summary
)
values (
  '02fc697f-9749-9c7e-1579-68224ea681dc',
  '01fd76e7-1ece-d731-00ff-8e274e455637',
  'LWG01',
  2010,
  2018,
  false,
  '{"Belgium"}'::text[],
  null,
  null,
  null,
  'Lightweight, track-focused sports car designed for driving purity.'
)

insert into public.vehicle_insights (
  model_id,
  pros,
  cons,
  inspection_tips,
  notable_features,
  engine_examples,
  common_issues_by_engine,
  reliability_score,
  popularity_score
)
values (
  '01fd76e7-1ece-d731-00ff-8e274e455637',
  '["Фантастическое управление и обратная связь","Надежные, проверенные временем двигатели","Легкость конструкции"]'::jsonb,
  '["Отсутствие базового комфорта и шумоизоляции","Очень маленький багажник","Не пригоден для ежедневного использования или дальних поездок"]'::jsonb,
  '["Проверить алюминиевую раму на предмет коррозии, если эксплуатировался зимой","Оценить состояние подвески и тормозных дисков после трек-дней","Проверить точки крепления каркаса безопасности"]'::jsonb,
  '["Extremely low weight (under 800 kg)","Minimalist interior design","Excellent mechanical grip"]'::jsonb,
  '["Ford Duratec I4 2.0L","Audi 2.5 TFSI I5"]'::jsonb,
  '[{"engine_code":"2.0 Duratec","common_issues_ru":["Высокий расход масла при агрессивном вождении","Склонность к детонации на низкооктановом топливе"]}]'::jsonb,
  null,
  null
)

insert into public.vehicle_models (
  id,
  make_id,
  slug,
  name_en,
  first_model_year,
  last_model_year,
  years_available,
  body_types_available,
  fuel_types_available,
  transmission_available,
  reliability_score,
  popularity_score
)
values (
  'db20eb81-d270-c0f0-d488-85c210c642bb',
  'd99c9ad2-7a24-626b-f61d-7769368ef83e',
  'gt-concept',
  'GT Concept',
  2020,
  2024,
  '{"2020","2021","2022","2023","2024"}'::int[],
  '["Coupe"]'::jsonb,
  '["Gasoline","Hybrid"]'::jsonb,
  '["Dual Clutch"]'::jsonb,
  7.5,
  9
)

insert into public.vehicle_generations (
  id,
  model_id,
  code,
  start_year,
  end_year,
  facelift,
  production_countries,
  body_types,
  fuel_types,
  transmission_types,
  summary
)
values (
  'f3b29c16-b5a8-5180-a138-fb12f9130405',
  'db20eb81-d270-c0f0-d488-85c210c642bb',
  'EHP01',
  2020,
  2024,
  false,
  '{"Belgium"}'::text[],
  null,
  null,
  null,
  'Flagship hybrid performance coupe utilizing advanced electric power assistance.'
)

insert into public.vehicle_insights (
  model_id,
  pros,
  cons,
  inspection_tips,
  notable_features,
  engine_examples,
  common_issues_by_engine,
  reliability_score,
  popularity_score
)
values (
  'db20eb81-d270-c0f0-d488-85c210c642bb',
  '["Передовые технологии и инновации","Впечатляющая мощность гибридной установки","Отличные керамические тормоза"]'::jsonb,
  '["Чрезмерно сложная электроника, требующая регулярных обновлений ПО","Высокий транспортный налог из-за суммарной мощности","Быстрая деградация батареи при частых циклах разряда/заряда на треке"]'::jsonb,
  '["Требуется полная компьютерная диагностика высоковольтной батареи","Проверка корректной работы системы рекуперации энергии","Осмотр сложного аэродинамического обвеса и активных спойлеров на предмет повреждений"]'::jsonb,
  '["Active aerodynamics","Plug-in Hybrid Performance","Digital cockpit integration"]'::jsonb,
  '["Bespoke V6 Twin-Turbo Hybrid"]'::jsonb,
  '[{"engine_code":"HV6T01","common_issues_ru":["Проблемы с интеграцией электромотора и ДВС (несогласованность тяги)","Сбои в работе сложной мультимедийной системы","Периодический отказ датчиков давления в шинах"]}]'::jsonb,
  null,
  null
)

insert into public.vehicle_makes (id, slug, name_en, country, segment_class, is_active, category_path)
values (
  '413cdd89-29ab-1124-58ee-1278d82351a4',
  'ginetta',
  'Ginetta',
  'UK',
  'Sport Car',
  true,
  'Sports Cars / Track Day Cars'
)

insert into public.vehicle_models (
  id,
  make_id,
  slug,
  name_en,
  first_model_year,
  last_model_year,
  years_available,
  body_types_available,
  fuel_types_available,
  transmission_available,
  reliability_score,
  popularity_score
)
values (
  '227971c5-05e7-8919-7b5d-8d8a28483451',
  '413cdd89-29ab-1124-58ee-1278d82351a4',
  'g40',
  'G40',
  2010,
  2024,
  '{"2010","2011","2012","2013","2014","2015","2016","2017","2018","2019","2020","2021","2022","2023","2024"}'::int[],
  '["Coupe"]'::jsonb,
  '["Petrol"]'::jsonb,
  '["Manual"]'::jsonb,
  7,
  5
)

insert into public.vehicle_generations (
  id,
  model_id,
  code,
  start_year,
  end_year,
  facelift,
  production_countries,
  body_types,
  fuel_types,
  transmission_types,
  summary
)
values (
  '9471cf1d-8488-4875-4fd5-655336b727ae',
  '227971c5-05e7-8919-7b5d-8d8a28483451',
  'Mk I',
  2010,
  9999,
  false,
  '{"UK"}'::text[],
  null,
  null,
  null,
  'The G40 is a lightweight, compact sports coupe designed for both road use and competitive racing (G40 Junior, G40 Cup).'
)

insert into public.vehicle_insights (
  model_id,
  pros,
  cons,
  inspection_tips,
  notable_features,
  engine_examples,
  common_issues_by_engine,
  reliability_score,
  popularity_score
)
values (
  '227971c5-05e7-8919-7b5d-8d8a28483451',
  '["Выдающаяся управляемость и трековые характеристики","Низкий вес","Относительно недорог в обслуживании по сравнению с другими гоночными автомобилями"]'::jsonb,
  '["Очень спартанский интерьер","Высокая стоимость обслуживания гоночных компонентов","Не подходит для повседневного использования"]'::jsonb,
  '["Проверить раму и подвеску на наличие повреждений, связанных с гонками","Оценить состояние омологационных документов и истории обслуживания","Внимательно осмотреть места крепления каркаса безопасности"]'::jsonb,
  '["FIA approved safety cage","Composite body shell","Exceptional power-to-weight ratio"]'::jsonb,
  '["Ford Sigma 1.8L"]'::jsonb,
  '[{"engine_code":"Ford 1.8 Sigma/Zetec","common_issues_ru":["Проблемы с датчиками положения дроссельной заслонки (TPS)","Износ сцепления при интенсивной эксплуатации на треке","Утечки масла из-под клапанной крышки"]}]'::jsonb,
  null,
  null
)

insert into public.vehicle_models (
  id,
  make_id,
  slug,
  name_en,
  first_model_year,
  last_model_year,
  years_available,
  body_types_available,
  fuel_types_available,
  transmission_available,
  reliability_score,
  popularity_score
)
values (
  '4eb957ad-6a7a-17c6-c4a8-020a6656ec10',
  '413cdd89-29ab-1124-58ee-1278d82351a4',
  'g55',
  'G55',
  2011,
  2024,
  '{"2011","2012","2013","2014","2015","2016","2017","2018","2019","2020","2021","2022","2023","2024"}'::int[],
  '["Coupe"]'::jsonb,
  '["Petrol"]'::jsonb,
  '["Sequential"]'::jsonb,
  8,
  6
)

insert into public.vehicle_generations (
  id,
  model_id,
  code,
  start_year,
  end_year,
  facelift,
  production_countries,
  body_types,
  fuel_types,
  transmission_types,
  summary
)
values (
  '04e5a146-b5bc-2cb6-b0d5-6450d0554d0f',
  '4eb957ad-6a7a-17c6-c4a8-020a6656ec10',
  'G55 GT4',
  2011,
  9999,
  false,
  '{"UK"}'::text[],
  null,
  null,
  null,
  'Primarily a successful GT4 specification race car, featuring a powerful Ford V6 engine and advanced aerodynamics.'
)

insert into public.vehicle_insights (
  model_id,
  pros,
  cons,
  inspection_tips,
  notable_features,
  engine_examples,
  common_issues_by_engine,
  reliability_score,
  popularity_score
)
values (
  '4eb957ad-6a7a-17c6-c4a8-020a6656ec10',
  '["Высокая конкурентоспособность в классе GT4","Прочная конструкция шасси","Хорошо поддерживается производителем на гоночных сериях"]'::jsonb,
  '["Исключительно гоночный автомобиль (нелегален для дорог общего пользования в большинстве стран)","Требует профессионального технического обслуживания","Очень громкий"]'::jsonb,
  '["Проверить целостность шасси и трубчатой рамы","Оценить состояние топливных элементов и систем пожаротушения","Проверить историю участия в гонках и серьезные аварии"]'::jsonb,
  '["High downforce aerodynamic package","Tractive control and ABS systems for racing","Powerful V6 engine tuned for endurance"]'::jsonb,
  '["Ford Cyclone 3.7 V6"]'::jsonb,
  '[{"engine_code":"Ford 3.7 V6 Cyclone","common_issues_ru":["Перегрев при длительных гоночных сессиях (требует усиленного охлаждения)","Сбои в работе электронного блока управления двигателем (ECU) при высоких нагрузках","Быстрый износ тормозных дисков и колодок"]}]'::jsonb,
  null,
  null
)

insert into public.vehicle_models (
  id,
  make_id,
  slug,
  name_en,
  first_model_year,
  last_model_year,
  years_available,
  body_types_available,
  fuel_types_available,
  transmission_available,
  reliability_score,
  popularity_score
)
values (
  'd72c68fb-5f41-1420-c7df-7676ddd8bfb9',
  '413cdd89-29ab-1124-58ee-1278d82351a4',
  'g4',
  'G4',
  1961,
  1969,
  '{"1961","1962","1963","1964","1965","1966","1967","1968","1969"}'::int[],
  '["Roadster","Coupe"]'::jsonb,
  '["Petrol"]'::jsonb,
  '["Manual"]'::jsonb,
  6.5,
  4
)

insert into public.vehicle_generations (
  id,
  model_id,
  code,
  start_year,
  end_year,
  facelift,
  production_countries,
  body_types,
  fuel_types,
  transmission_types,
  summary
)
values (
  '7b45555b-bce3-df7f-cc35-1dc0dcd38d39',
  'd72c68fb-5f41-1420-c7df-7676ddd8bfb9',
  'Series 1-4',
  1961,
  1969,
  false,
  '{"UK"}'::text[],
  null,
  null,
  null,
  'The iconic lightweight sports car that established Ginetta. Known for its fiberglass body and Ford-based mechanicals.'
)

insert into public.vehicle_insights (
  model_id,
  pros,
  cons,
  inspection_tips,
  notable_features,
  engine_examples,
  common_issues_by_engine,
  reliability_score,
  popularity_score
)
values (
  'd72c68fb-5f41-1420-c7df-7676ddd8bfb9',
  '["Высокая коллекционная стоимость","Отличный классический гоночный потенциал","Простота конструкции (легкость ремонта)"]'::jsonb,
  '["Очень низкий уровень безопасности по современным стандартам","Требует постоянного внимания к механике","Очень маленькое пространство в салоне"]'::jsonb,
  '["Тщательно проверить состояние трубчатой рамы на трещины и ржавчину","Убедиться в подлинности документации и VIN","Проверить крепления кузова к шасси"]'::jsonb,
  '["Extremely low curb weight","Fiberglass body construction","Classic 1960s British handling characteristics"]'::jsonb,
  '["Ford 1.5L"]'::jsonb,
  '[{"engine_code":"Ford Kent 1.5L","common_issues_ru":["Проблемы с коррозией трубчатой рамы (на старых моделях)","Трудности с поиском оригинальных кузовных панелей из стеклопластика","Нестабильная работа карбюраторных систем"]}]'::jsonb,
  null,
  null
)

insert into public.vehicle_makes (id, slug, name_en, country, segment_class, is_active, category_path)
values (
  '54f049aa-64a7-094b-c504-67cbfc899022',
  'great-wall',
  'Great Wall',
  'China',
  'Mass Market',
  true,
  'Passenger Cars'
)

insert into public.vehicle_models (
  id,
  make_id,
  slug,
  name_en,
  first_model_year,
  last_model_year,
  years_available,
  body_types_available,
  fuel_types_available,
  transmission_available,
  reliability_score,
  popularity_score
)
values (
  '85a1d529-f56b-8bec-f4ed-6c437f9c7fbd',
  '54f049aa-64a7-094b-c504-67cbfc899022',
  'hover-h5',
  'Hover H5',
  2010,
  2018,
  '{"2010","2011","2012","2013","2014","2015","2016","2017","2018"}'::int[],
  '["SUV"]'::jsonb,
  '["Gasoline","Diesel"]'::jsonb,
  '["Manual","Automatic"]'::jsonb,
  7.5,
  8.5
)

insert into public.vehicle_generations (
  id,
  model_id,
  code,
  start_year,
  end_year,
  facelift,
  production_countries,
  body_types,
  fuel_types,
  transmission_types,
  summary
)
values (
  'aa01cd09-c25a-d682-b24f-841756eaa9a1',
  '85a1d529-f56b-8bec-f4ed-6c437f9c7fbd',
  'H5',
  2010,
  2018,
  false,
  '{"China","Russia"}'::text[],
  null,
  null,
  null,
  'Second generation SUV, known for its frame structure and improved comfort/safety compared to H3.'
)

insert into public.vehicle_insights (
  model_id,
  pros,
  cons,
  inspection_tips,
  notable_features,
  engine_examples,
  common_issues_by_engine,
  reliability_score,
  popularity_score
)
values (
  '85a1d529-f56b-8bec-f4ed-6c437f9c7fbd',
  '["Рамная конструкция и высокий клиренс","Проходимость и полный привод","Низкая стоимость обслуживания"]'::jsonb,
  '["Слабая антикоррозийная защита кузова","Качество пластика салона","Большой расход топлива"]'::jsonb,
  '["Проверить раму на наличие трещин и сильной коррозии.","Осмотреть состояние турбины на дизельных версиях.","Проверить работу электроники и датчиков полного привода."]'::jsonb,
  '["Frame chassis","Part-time 4WD","Mitsubishi licensed engines (early models)"]'::jsonb,
  '["2.0L 4G63S4T (Turbo Gasoline)","2.0L GW4D20 (Turbo Diesel)"]'::jsonb,
  '[{"engine_code":"4G63S4T","common_issues_ru":["Выход из строя катушек зажигания","Перегрев при активной езде","Проблемы с датчиком положения коленвала"]},{"engine_code":"GW4D20","common_issues_ru":["Сложности с топливной аппаратурой Delphi","Требовательность к качеству дизельного топлива","Шумность работы"]}]'::jsonb,
  null,
  null
)

insert into public.vehicle_models (
  id,
  make_id,
  slug,
  name_en,
  first_model_year,
  last_model_year,
  years_available,
  body_types_available,
  fuel_types_available,
  transmission_available,
  reliability_score,
  popularity_score
)
values (
  'aa9a8f7b-a3f9-4f4c-fdef-1dfd00e05269',
  '54f049aa-64a7-094b-c504-67cbfc899022',
  'wingle-5',
  'Wingle 5',
  2009,
  2020,
  '{"2009","2010","2011","2012","2013","2014","2015","2016","2017","2018","2019","2020"}'::int[],
  '["Pickup"]'::jsonb,
  '["Gasoline","Diesel"]'::jsonb,
  '["Manual"]'::jsonb,
  7,
  7
)

insert into public.vehicle_generations (
  id,
  model_id,
  code,
  start_year,
  end_year,
  facelift,
  production_countries,
  body_types,
  fuel_types,
  transmission_types,
  summary
)
values (
  'ee78f218-2be5-ac27-39e8-8beb0a68a3ee',
  'aa9a8f7b-a3f9-4f4c-fdef-1dfd00e05269',
  'CC1031',
  2009,
  2020,
  false,
  '{"China"}'::text[],
  null,
  null,
  null,
  'Mid-size pickup known for utility and affordability.'
)

insert into public.vehicle_insights (
  model_id,
  pros,
  cons,
  inspection_tips,
  notable_features,
  engine_examples,
  common_issues_by_engine,
  reliability_score,
  popularity_score
)
values (
  'aa9a8f7b-a3f9-4f4c-fdef-1dfd00e05269',
  '["Высокая грузоподъемность","Низкая цена покупки и содержания","Проходимость"]'::jsonb,
  '["Слабый металл кузова, склонность к ржавчине","Некомфортная подвеска на пустом кузове","Низкое качество отделки салона"]'::jsonb,
  '["Проверить состояние рессор и амортизаторов, особенно при частой перевозке грузов.","Обратить внимание на КПП, могут быть проблемы с переключением 1-й и 2-й передач.","Тщательно осмотреть раму на коррозию."]'::jsonb,
  '["Simple structure","Leaf spring rear suspension"]'::jsonb,
  '["2.2L 491QE (Gasoline)","2.8L 4JB1-T (Diesel)"]'::jsonb,
  '[{"engine_code":"491QE","common_issues_ru":["Течь масла из-под клапанной крышки","Проблемы с регулировкой холостого хода"]},{"engine_code":"4JB1-T","common_issues_ru":["Выход из строя ТНВД (топливный насос высокого давления)","Перегрев при работе под нагрузкой"]}]'::jsonb,
  null,
  null
)

insert into public.vehicle_models (
  id,
  make_id,
  slug,
  name_en,
  first_model_year,
  last_model_year,
  years_available,
  body_types_available,
  fuel_types_available,
  transmission_available,
  reliability_score,
  popularity_score
)
values (
  '610c446e-0b25-78b8-d7bd-37528ba679fb',
  '54f049aa-64a7-094b-c504-67cbfc899022',
  'voleex-c30',
  'Voleex C30',
  2010,
  2016,
  '{"2010","2011","2012","2013","2014","2015","2016"}'::int[],
  '["Sedan"]'::jsonb,
  '["Gasoline"]'::jsonb,
  '["Manual","CVT"]'::jsonb,
  7.8,
  6
)

insert into public.vehicle_generations (
  id,
  model_id,
  code,
  start_year,
  end_year,
  facelift,
  production_countries,
  body_types,
  fuel_types,
  transmission_types,
  summary
)
values (
  'ce8a7d23-c2fc-976f-5b09-99108ee94a00',
  '610c446e-0b25-78b8-d7bd-37528ba679fb',
  'C30',
  2010,
  2016,
  false,
  '{"China"}'::text[],
  null,
  null,
  null,
  'Affordable subcompact sedan focused on city driving and fuel efficiency.'
)

insert into public.vehicle_insights (
  model_id,
  pros,
  cons,
  inspection_tips,
  notable_features,
  engine_examples,
  common_issues_by_engine,
  reliability_score,
  popularity_score
)
values (
  '610c446e-0b25-78b8-d7bd-37528ba679fb',
  '["Низкий расход топлива","Просторный салон для своего класса","Надежный атмосферный двигатель"]'::jsonb,
  '["Слабая шумоизоляция","Низкое качество ЛКП","Недостаток динамики"]'::jsonb,
  '["Проверить вариатор (если установлен) на рывки и шумы.","Оценить состояние сайлентблоков передней подвески, быстро изнашиваются.","Проверить работу кондиционера и печки."]'::jsonb,
  '["GW self-developed engine","Optional CVT transmission"]'::jsonb,
  '["1.5L GW4G15 (Gasoline)"]'::jsonb,
  '[{"engine_code":"GW4G15","common_issues_ru":["Плавающие обороты холостого хода","Треск при холодном запуске (проблема с натяжителем цепи ГРМ)","Проблемы с дроссельной заслонкой"]}]'::jsonb,
  null,
  null
)

insert into public.vehicle_makes (id, slug, name_en, country, segment_class, is_active, category_path)
values (
  '71a19d96-523d-d29a-4760-73a6626a64bd',
  'gumpert',
  'Gumpert',
  'Germany',
  'S - Sports Car (Hypercar)',
  false,
  'High Performance / Exotic Cars'
)

insert into public.vehicle_models (
  id,
  make_id,
  slug,
  name_en,
  first_model_year,
  last_model_year,
  years_available,
  body_types_available,
  fuel_types_available,
  transmission_available,
  reliability_score,
  popularity_score
)
values (
  'fcdb2000-00fc-7246-198b-df70e428116b',
  '71a19d96-523d-d29a-4760-73a6626a64bd',
  'apollo',
  'Apollo',
  2005,
  2012,
  '{"2005","2006","2007","2008","2009","2010","2011","2012"}'::int[],
  '["Coupe"]'::jsonb,
  '["Gasoline"]'::jsonb,
  '["Manual","Automated Manual"]'::jsonb,
  3,
  6
)

insert into public.vehicle_generations (
  id,
  model_id,
  code,
  start_year,
  end_year,
  facelift,
  production_countries,
  body_types,
  fuel_types,
  transmission_types,
  summary
)
values (
  '40652b8a-2759-b01b-8e91-fff2336ce6e4',
  'fcdb2000-00fc-7246-198b-df70e428116b',
  'Mk1',
  2005,
  2012,
  false,
  '{"Germany"}'::text[],
  null,
  null,
  null,
  'The original Gumpert hypercar, designed by Roland Gumpert. It featured an Audi-sourced twin-turbo V8 engine and extreme aerodynamics.'
)

insert into public.vehicle_insights (
  model_id,
  pros,
  cons,
  inspection_tips,
  notable_features,
  engine_examples,
  common_issues_by_engine,
  reliability_score,
  popularity_score
)
values (
  'fcdb2000-00fc-7246-198b-df70e428116b',
  '["Исключительная динамика и скорость","Редкость и высокая коллекционная ценность","Чистый гоночный опыт вождения"]'::jsonb,
  '["Чрезмерно высокая стоимость обслуживания","Очень требовательна к качеству топлива и масла","Низкий комфорт и практичность для ежедневного использования"]'::jsonb,
  '["Тщательно проверить состояние карбонового монокока на наличие повреждений","Проверить функционирование активной аэродинамики, если установлена","Убедиться в наличии полной истории обслуживания (особенно трансмиссии и двигателя)"]'::jsonb,
  '["Audi Twin-Turbo V8 engine","Chromoly space frame chassis","Extreme downforce aerodynamics"]'::jsonb,
  '["Audi 4.2L V8 Twin Turbo (650 hp)"]'::jsonb,
  '[{"engine_code":"Audi 4.2L V8 TT","common_issues_ru":["Проблемы с охлаждением турбокомпрессоров при эксплуатации на треке","Сложности с поиском оригинальных запчастей для кузова","Быстрый износ сцепления при агрессивном вождении"]}]'::jsonb,
  null,
  null
)

insert into public.vehicle_models (
  id,
  make_id,
  slug,
  name_en,
  first_model_year,
  last_model_year,
  years_available,
  body_types_available,
  fuel_types_available,
  transmission_available,
  reliability_score,
  popularity_score
)
values (
  '1b007c51-b80f-15d4-0cf8-3773a1b87b62',
  '71a19d96-523d-d29a-4760-73a6626a64bd',
  'apollo-sport',
  'Apollo Sport',
  2007,
  2012,
  '{"2007","2008","2009","2010","2011","2012"}'::int[],
  '["Coupe"]'::jsonb,
  '["Gasoline"]'::jsonb,
  '["Automated Manual"]'::jsonb,
  3,
  5
)

insert into public.vehicle_generations (
  id,
  model_id,
  code,
  start_year,
  end_year,
  facelift,
  production_countries,
  body_types,
  fuel_types,
  transmission_types,
  summary
)
values (
  'bb46bfc3-9973-42c4-fa1e-f0c26ae609f9',
  '1b007c51-b80f-15d4-0cf8-3773a1b87b62',
  'Sport',
  2007,
  2012,
  false,
  '{"Germany"}'::text[],
  null,
  null,
  null,
  'A higher-performance variant of the Apollo, featuring enhanced engine tuning and often more aggressive aero kits for better track performance.'
)

insert into public.vehicle_insights (
  model_id,
  pros,
  cons,
  inspection_tips,
  notable_features,
  engine_examples,
  common_issues_by_engine,
  reliability_score,
  popularity_score
)
values (
  '1b007c51-b80f-15d4-0cf8-3773a1b87b62',
  '["Фантастическое соотношение мощности к весу","Один из самых быстрых дорожных автомобилей своего времени"]'::jsonb,
  '["Экстремально жесткая подвеска","Очень ограниченный обзор","Ограниченное количество квалифицированных сервисных центров"]'::jsonb,
  '["Оценить состояние тормозной системы (керамические тормоза)","Проверить правильность настроек подвески после обслуживания"]'::jsonb,
  '["Increased power output","Track-focused suspension tuning"]'::jsonb,
  '["Audi 4.2L V8 Twin Turbo (700 hp)"]'::jsonb,
  '[{"engine_code":"Audi 4.2L V8 TT (Sport)","common_issues_ru":["Высокие требования к регулярной замене масла и фильтров","Проблемы с электроникой двигателя из-за высокой форсировки"]}]'::jsonb,
  null,
  null
)

insert into public.vehicle_models (
  id,
  make_id,
  slug,
  name_en,
  first_model_year,
  last_model_year,
  years_available,
  body_types_available,
  fuel_types_available,
  transmission_available,
  reliability_score,
  popularity_score
)
values (
  'e341f5d6-8697-1854-ccbe-be991232403f',
  '71a19d96-523d-d29a-4760-73a6626a64bd',
  'apollo-s',
  'Apollo S',
  2010,
  2013,
  '{"2010","2011","2012","2013"}'::int[],
  '["Coupe"]'::jsonb,
  '["Gasoline"]'::jsonb,
  '["Automated Manual"]'::jsonb,
  3,
  4
)

insert into public.vehicle_generations (
  id,
  model_id,
  code,
  start_year,
  end_year,
  facelift,
  production_countries,
  body_types,
  fuel_types,
  transmission_types,
  summary
)
values (
  '95fc5fbb-09d1-bcd9-987c-a1894071d560',
  'e341f5d6-8697-1854-ccbe-be991232403f',
  'S',
  2010,
  2013,
  false,
  '{"Germany"}'::text[],
  null,
  null,
  null,
  'The final evolution under the Gumpert name, the Apollo S offered maximum performance and slightly revised styling.'
)

insert into public.vehicle_insights (
  model_id,
  pros,
  cons,
  inspection_tips,
  notable_features,
  engine_examples,
  common_issues_by_engine,
  reliability_score,
  popularity_score
)
values (
  'e341f5d6-8697-1854-ccbe-be991232403f',
  '["Невероятная мощность и ускорение","Идеальный выбор для коллекционеров экзотики"]'::jsonb,
  '["Крайне высокая цена покупки и эксплуатации","Не подходит для повседневного вождения","Ограниченная узнаваемость бренда"]'::jsonb,
  '["Проверка состояния всех жидкостей и ремней (интервалы очень короткие)","Осмотр кузовных панелей на предмет деформаций из-за высокой нагрузки"]'::jsonb,
  '["Highest horsepower variant of the original Apollo","Enhanced cooling systems"]'::jsonb,
  '["Audi 4.2L V8 Twin Turbo (750 hp)"]'::jsonb,
  '[]'::jsonb,
  null,
  null
)

insert into public.vehicle_makes (id, slug, name_en, country, segment_class, is_active, category_path)
values (
  '6378c8f5-a0f1-5490-3c31-7dfcdc720411',
  'haval',
  'Haval',
  'China',
  'SUV Specialist',
  true,
  'SUVs'
)

insert into public.vehicle_models (
  id,
  make_id,
  slug,
  name_en,
  first_model_year,
  last_model_year,
  years_available,
  body_types_available,
  fuel_types_available,
  transmission_available,
  reliability_score,
  popularity_score
)
values (
  'b8f68ae0-eb2a-1630-8078-e9db79b1b5d2',
  '6378c8f5-a0f1-5490-3c31-7dfcdc720411',
  'h6',
  'H6',
  2011,
  2024,
  '{"2020","2021","2022","2023","2024"}'::int[],
  '["SUV"]'::jsonb,
  '["Gasoline","Hybrid"]'::jsonb,
  '["Automatic (DCT)"]'::jsonb,
  8,
  9
)

insert into public.vehicle_generations (
  id,
  model_id,
  code,
  start_year,
  end_year,
  facelift,
  production_countries,
  body_types,
  fuel_types,
  transmission_types,
  summary
)
values (
  '12399c1a-f648-948c-766b-899d4cc623bf',
  'b8f68ae0-eb2a-1630-8078-e9db79b1b5d2',
  '3rd Gen',
  2020,
  2024,
  false,
  '{"China","Russia","Thailand"}'::text[],
  null,
  null,
  null,
  'The third generation H6 adopted the new L.E.M.O.N. platform, featuring significant improvements in design, technology, and engine efficiency, making it a global sales success.'
)

insert into public.vehicle_insights (
  model_id,
  pros,
  cons,
  inspection_tips,
  notable_features,
  engine_examples,
  common_issues_by_engine,
  reliability_score,
  popularity_score
)
values (
  'b8f68ae0-eb2a-1630-8078-e9db79b1b5d2',
  '["Современный дизайн и технологии","Просторный салон","Богатое оснащение за свою цену"]'::jsonb,
  '["Сложности с официальным дилерским обслуживанием","Высокий расход топлива у 2.0T","Недоработанные алгоритмы работы коробки DCT"]'::jsonb,
  '["Проверить состояние сцеплений DCT (на рывки)","Осмотреть электронику, особенно мультимедийную систему","Проверить наличие коррозии на элементах подвески"]'::jsonb,
  '["L.E.M.O.N. platform","Level 2+ autonomous driving assist","Large central touchscreen"]'::jsonb,
  '["1.5T (GW4B15A)","2.0T (GW4C20B)"]'::jsonb,
  '[{"engine_code":"GW4B15A (1.5T)","common_issues_ru":["Проблемы с датчиками давления наддува","Чувствительность к качеству топлива","Возможный износ цепи ГРМ при больших пробегах"]},{"engine_code":"GW4C20B (2.0T)","common_issues_ru":["Перегрев при интенсивной езде","Недоработки прошивки, влияющие на мощность","Повышенный расход масла на агрессивных режимах"]}]'::jsonb,
  null,
  null
)

insert into public.vehicle_models (
  id,
  make_id,
  slug,
  name_en,
  first_model_year,
  last_model_year,
  years_available,
  body_types_available,
  fuel_types_available,
  transmission_available,
  reliability_score,
  popularity_score
)
values (
  '159478b2-46ed-6700-e0ac-7848790651a2',
  '6378c8f5-a0f1-5490-3c31-7dfcdc720411',
  'f7',
  'F7 / F7x',
  2018,
  2024,
  '{"2018","2019","2020","2021","2022","2023","2024"}'::int[],
  '["SUV","Coupe SUV"]'::jsonb,
  '["Gasoline"]'::jsonb,
  '["Automatic (DCT)"]'::jsonb,
  7.5,
  8.5
)

insert into public.vehicle_generations (
  id,
  model_id,
  code,
  start_year,
  end_year,
  facelift,
  production_countries,
  body_types,
  fuel_types,
  transmission_types,
  summary
)
values (
  '444b3846-60ed-163d-12bb-f7d789956b0d',
  '159478b2-46ed-6700-e0ac-7848790651a2',
  '1st Gen',
  2018,
  2024,
  true,
  '{"China","Russia"}'::text[],
  null,
  null,
  null,
  'The F7 is a key model for Haval, built locally in Russia for the CIS market, offering aggressive styling and strong tech features, particularly in the F7x coupe variant.'
)

insert into public.vehicle_insights (
  model_id,
  pros,
  cons,
  inspection_tips,
  notable_features,
  engine_examples,
  common_issues_by_engine,
  reliability_score,
  popularity_score
)
values (
  '159478b2-46ed-6700-e0ac-7848790651a2',
  '["Стильный внешний вид (особенно F7x)","Локализованное производство в РФ","Хорошая шумоизоляция"]'::jsonb,
  '["Жесткая подвеска","Медлительность мультимедийной системы","Недостаточная надежность муфты полного привода"]'::jsonb,
  '["Проверить трансмиссию на рывки, особенно на низких скоростях","Оценить состояние ЛКП, склонность к сколам","Проверить работу обогрева ветрового стекла и сидений"]'::jsonb,
  '["Coupe-like roofline (F7x)","All-wheel drive capability","Local Russian production"]'::jsonb,
  '["1.5T (GW4B15)","2.0T (GW4C20)"]'::jsonb,
  '[{"engine_code":"GW4B15 (1.5T)","common_issues_ru":["Свист ремня привода","Нестабильный холостой ход при прогреве","Повышенная вибрация"]},{"engine_code":"GW4C20 (2.0T)","common_issues_ru":["Проблемы с термостатом","Загрязнение впускного коллектора","Сложности с запуском в сильный мороз"]}]'::jsonb,
  null,
  null
)

insert into public.vehicle_models (
  id,
  make_id,
  slug,
  name_en,
  first_model_year,
  last_model_year,
  years_available,
  body_types_available,
  fuel_types_available,
  transmission_available,
  reliability_score,
  popularity_score
)
values (
  '07c5f6bb-cdf3-c9c2-49cd-a6cd2d638179',
  '6378c8f5-a0f1-5490-3c31-7dfcdc720411',
  'jolion',
  'Jolion',
  2020,
  2024,
  '{"2021","2022","2023","2024"}'::int[],
  '["Compact SUV"]'::jsonb,
  '["Gasoline"]'::jsonb,
  '["Manual","Automatic (DCT)"]'::jsonb,
  8.2,
  9.5
)

insert into public.vehicle_generations (
  id,
  model_id,
  code,
  start_year,
  end_year,
  facelift,
  production_countries,
  body_types,
  fuel_types,
  transmission_types,
  summary
)
values (
  'e37b97f5-2305-7eff-c068-499c6e0d3e25',
  '07c5f6bb-cdf3-c9c2-49cd-a6cd2d638179',
  '1st Gen',
  2020,
  2024,
  false,
  '{"China","Russia"}'::text[],
  null,
  null,
  null,
  'The Jolion is a popular budget-friendly compact SUV built on the L.E.M.O.N. platform, known for its modern styling and extensive features for the price point.'
)

insert into public.vehicle_insights (
  model_id,
  pros,
  cons,
  inspection_tips,
  notable_features,
  engine_examples,
  common_issues_by_engine,
  reliability_score,
  popularity_score
)
values (
  '07c5f6bb-cdf3-c9c2-49cd-a6cd2d638179',
  '["Отличный дизайн и современный салон","Низкая цена покупки","Обилие электронных помощников"]'::jsonb,
  '["Чувствительность к колеям","Медленный отклик на педаль газа","Слабое ЛКП"]'::jsonb,
  '["Проверить герметичность дверных уплотнителей (склонность к запотеванию)","Оценить износ шин (неравномерный износ из-за настроек подвески)","Проверить состояние рычагов подвески на предмет шумов"]'::jsonb,
  '["Modern digital cabin","LED lighting standard","Adaptive cruise control"]'::jsonb,
  '["1.5T (GW4G15K)"]'::jsonb,
  '[{"engine_code":"GW4G15K (1.5T)","common_issues_ru":["Требовательность к качеству масла","Ранний выход из строя свечей зажигания","Проблемы с датчиками парковки и ADAS"]}]'::jsonb,
  null,
  null
)

insert into public.vehicle_makes (id, slug, name_en, country, segment_class, is_active, category_path)
values (
  '7b74f6bf-4cac-6f97-3b75-3d26df119b4c',
  'hillman',
  'Hillman',
  'UK',
  'C',
  false,
  'Passenger Cars'
)

insert into public.vehicle_models (
  id,
  make_id,
  slug,
  name_en,
  first_model_year,
  last_model_year,
  years_available,
  body_types_available,
  fuel_types_available,
  transmission_available,
  reliability_score,
  popularity_score
)
values (
  '741cce18-e508-2925-ee0b-5af5bacacb42',
  '7b74f6bf-4cac-6f97-3b75-3d26df119b4c',
  'imp',
  'Imp',
  1963,
  1976,
  '{"1963","1964","1965","1966","1967","1968","1969","1970","1971","1972","1973","1974","1975","1976"}'::int[],
  '["Sedan","Coupe"]'::jsonb,
  '["Petrol"]'::jsonb,
  '["Manual"]'::jsonb,
  5,
  7.5
)

insert into public.vehicle_generations (
  id,
  model_id,
  code,
  start_year,
  end_year,
  facelift,
  production_countries,
  body_types,
  fuel_types,
  transmission_types,
  summary
)
values (
  'd68f4a71-4c3b-cb41-589a-29c8ebba8dc0',
  '741cce18-e508-2925-ee0b-5af5bacacb42',
  'Series 1/2',
  1963,
  1976,
  true,
  '{"United Kingdom"}'::text[],
  null,
  null,
  null,
  'Revolutionary small rear-engined car designed to compete with the Mini, known for its aluminum engine and lively performance.'
)

insert into public.vehicle_insights (
  model_id,
  pros,
  cons,
  inspection_tips,
  notable_features,
  engine_examples,
  common_issues_by_engine,
  reliability_score,
  popularity_score
)
values (
  '741cce18-e508-2925-ee0b-5af5bacacb42',
  '["Affordable and economical","Lively performance for its size","Excellent handling characteristics"]'::jsonb,
  '["Prone to rust, especially sills and wheel arches","Engine cooling system issues (head gaskets, water pump)","Complex engine maintenance (aluminum block)"]'::jsonb,
  '["Check for coolant leaks from the head gasket and water pump area.","Inspect body structure thoroughly for rust, particularly around windows and suspension mounts.","Test rear suspension articulation and gearbox synchronization."]'::jsonb,
  '["Rear-mounted aluminum engine","Fold-down rear seat for extra cargo space","Semi-trailing arm rear suspension"]'::jsonb,
  '["875cc"]'::jsonb,
  '[{"engine_code":"C875","common_issues_ru":["Проблемы с перегревом двигателя","Частый выход из строя прокладки головки блока цилиндров","Коррозия системы охлаждения"]}]'::jsonb,
  null,
  null
)

insert into public.vehicle_models (
  id,
  make_id,
  slug,
  name_en,
  first_model_year,
  last_model_year,
  years_available,
  body_types_available,
  fuel_types_available,
  transmission_available,
  reliability_score,
  popularity_score
)
values (
  '0daae02a-2003-5cbc-cfba-35e6d341105f',
  '7b74f6bf-4cac-6f97-3b75-3d26df119b4c',
  'hunter',
  'Hunter',
  1966,
  1976,
  '{"1966","1967","1968","1969","1970","1971","1972","1973","1974","1975","1976"}'::int[],
  '["Sedan","Wagon"]'::jsonb,
  '["Petrol"]'::jsonb,
  '["Manual","Automatic"]'::jsonb,
  7,
  8
)

insert into public.vehicle_generations (
  id,
  model_id,
  code,
  start_year,
  end_year,
  facelift,
  production_countries,
  body_types,
  fuel_types,
  transmission_types,
  summary
)
values (
  'b6f6ba93-350a-3230-7b22-1a3eb093d432',
  '0daae02a-2003-5cbc-cfba-35e6d341105f',
  'Arrow',
  1966,
  1976,
  true,
  '{"United Kingdom","Iran (as Paykan)"}'::text[],
  null,
  null,
  null,
  'A conventional, robust saloon that replaced the Minx and was highly successful, especially in export markets.'
)

insert into public.vehicle_insights (
  model_id,
  pros,
  cons,
  inspection_tips,
  notable_features,
  engine_examples,
  common_issues_by_engine,
  reliability_score,
  popularity_score
)
values (
  '0daae02a-2003-5cbc-cfba-35e6d341105f',
  '["Simple and reliable mechanics (Rootes 4-cylinder engine)","Spacious interior and large trunk","Easy to repair and parts availability (due to long production run)"]'::jsonb,
  '["Outdated design and handling compared to rivals","High susceptibility to structural rust","Relatively thirsty engines (especially larger variants)"]'::jsonb,
  '["Inspect front wings, lower doors, and suspension mounting points for severe corrosion.","Check oil pressure, as engines can wear significantly.","Examine the rear leaf springs for sagging or damage."]'::jsonb,
  '["Classic British saloon styling","Badge engineering (Sunbeam, Singer versions)","Long lifespan in global markets"]'::jsonb,
  '["1.5L OHV","1.7L OHV"]'::jsonb,
  '[{"engine_code":"1725cc","common_issues_ru":["Изнашивание распредвала и толкателей клапанов","Утечки масла через прокладки","Проблемы с карбюратором и настройкой зажигания"]}]'::jsonb,
  null,
  null
)

insert into public.vehicle_models (
  id,
  make_id,
  slug,
  name_en,
  first_model_year,
  last_model_year,
  years_available,
  body_types_available,
  fuel_types_available,
  transmission_available,
  reliability_score,
  popularity_score
)
values (
  'a311a4d4-667b-e44b-2217-c30a59d678cd',
  '7b74f6bf-4cac-6f97-3b75-3d26df119b4c',
  'minx',
  'Minx',
  1960,
  1967,
  '{"1960","1961","1962","1963","1964","1965","1966","1967"}'::int[],
  '["Sedan","Convertible","Wagon"]'::jsonb,
  '["Petrol"]'::jsonb,
  '["Manual","Automatic"]'::jsonb,
  6,
  6.5
)

insert into public.vehicle_generations (
  id,
  model_id,
  code,
  start_year,
  end_year,
  facelift,
  production_countries,
  body_types,
  fuel_types,
  transmission_types,
  summary
)
values (
  '1cd948ec-62fb-e017-19c0-fadea02cf55b',
  'a311a4d4-667b-e44b-2217-c30a59d678cd',
  'Series VI',
  1963,
  1967,
  false,
  '{"United Kingdom"}'::text[],
  null,
  null,
  null,
  'The final iteration of the famous Minx series before its replacement by the Hunter, known for its durable and conventional design.'
)

insert into public.vehicle_insights (
  model_id,
  pros,
  cons,
  inspection_tips,
  notable_features,
  engine_examples,
  common_issues_by_engine,
  reliability_score,
  popularity_score
)
values (
  'a311a4d4-667b-e44b-2217-c30a59d678cd',
  '["Durable construction (for its era)","Classic 1960s British design","Relatively simple mechanical layout"]'::jsonb,
  '["Handling is dated and heavy","Very susceptible to rust in chassis and body panels","Low performance figures"]'::jsonb,
  '["Check steering mechanism for play, particularly King pins.","Thoroughly inspect chassis rails and outriggers for structural integrity.","Look for overheating signs due to cooling system blockages."]'::jsonb,
  '["Full width grille design","Popular taxi and fleet vehicle history","Part of the Rootes ''Audax'' family"]'::jsonb,
  '["1.6L OHV"]'::jsonb,
  '[{"engine_code":"1592cc","common_issues_ru":["Износ коленчатого вала и подшипников","Течи масла из заднего сальника","Ненадежная работа топливного насоса"]}]'::jsonb,
  null,
  null
)

insert into public.vehicle_makes (id, slug, name_en, country, segment_class, is_active, category_path)
values (
  '6545d3a7-86b2-2635-202e-e91dbf44651d',
  'hiphi',
  'Hiphi',
  'China',
  'Luxury Electric Vehicle',
  true,
  'Passenger Car/Luxury EV'
)

insert into public.vehicle_models (
  id,
  make_id,
  slug,
  name_en,
  first_model_year,
  last_model_year,
  years_available,
  body_types_available,
  fuel_types_available,
  transmission_available,
  reliability_score,
  popularity_score
)
values (
  'd4217a69-015c-ce19-e2ae-5995c2782943',
  '6545d3a7-86b2-2635-202e-e91dbf44651d',
  'hiphi-x',
  'Hiphi X',
  2020,
  2024,
  '{"2020","2021","2022","2023","2024"}'::int[],
  '["SUV","Crossover"]'::jsonb,
  '["Electric"]'::jsonb,
  '["Automatic (EV single speed)"]'::jsonb,
  8,
  7.5
)

insert into public.vehicle_generations (
  id,
  model_id,
  code,
  start_year,
  end_year,
  facelift,
  production_countries,
  body_types,
  fuel_types,
  transmission_types,
  summary
)
values (
  '1e08225d-f680-77c9-f734-2fc7f05fbb45',
  'd4217a69-015c-ce19-e2ae-5995c2782943',
  'EHA100',
  2020,
  2024,
  false,
  '{"China"}'::text[],
  null,
  null,
  null,
  'The flagship model known for its unique ''gull-wing'' doors and extremely advanced technology, setting the standard for the brand.'
)

insert into public.vehicle_insights (
  model_id,
  pros,
  cons,
  inspection_tips,
  notable_features,
  engine_examples,
  common_issues_by_engine,
  reliability_score,
  popularity_score
)
values (
  'd4217a69-015c-ce19-e2ae-5995c2782943',
  '["Высокотехнологичный интерьер","Инновационные двери и дизайн","Мощная динамика","Большой запас хода"]'::jsonb,
  '["Высокая цена","Сложность обслуживания уникальных дверей","Ограниченная сеть сервисов за пределами Китая","Быстрая потеря стоимости на вторичном рынке"]'::jsonb,
  '["Проверить работу всех сенсоров и лидаров.","Тщательно осмотреть и протестировать механизм NT дверей.","Проверить состояние высоковольтной батареи (SOH).","Убедиться в наличии гарантии на ключевые электрические компоненты."]'::jsonb,
  '["Gull-wing doors (NT Door System)","Advanced Lidar sensors","Meridian Audio System"]'::jsonb,
  '["Dual Motor AWD (598 hp)"]'::jsonb,
  '[{"engine_code":"Dual Motor 440kW","common_issues_ru":["Сбои в программном обеспечении инфотейнмента","Шумы в районе подвески при низких температурах","Проблемы с датчиками парковки и ассистентами"]}]'::jsonb,
  null,
  null
)

insert into public.vehicle_models (
  id,
  make_id,
  slug,
  name_en,
  first_model_year,
  last_model_year,
  years_available,
  body_types_available,
  fuel_types_available,
  transmission_available,
  reliability_score,
  popularity_score
)
values (
  '274a9915-6396-765f-66b9-36e21c3c41ad',
  '6545d3a7-86b2-2635-202e-e91dbf44651d',
  'hiphi-z',
  'Hiphi Z',
  2022,
  2024,
  '{"2022","2023","2024"}'::int[],
  '["Sedan","Sportback"]'::jsonb,
  '["Electric"]'::jsonb,
  '["Automatic (EV single speed)"]'::jsonb,
  7.8,
  8.5
)

insert into public.vehicle_generations (
  id,
  model_id,
  code,
  start_year,
  end_year,
  facelift,
  production_countries,
  body_types,
  fuel_types,
  transmission_types,
  summary
)
values (
  'dbcd247f-c52a-b02b-a3c4-336aa6d34eb6',
  '274a9915-6396-765f-66b9-36e21c3c41ad',
  'EHB100',
  2022,
  2024,
  false,
  '{"China"}'::text[],
  null,
  null,
  null,
  'A high-performance electric GT with striking futuristic design, advanced robotic features, and exceptional power output.'
)

insert into public.vehicle_insights (
  model_id,
  pros,
  cons,
  inspection_tips,
  notable_features,
  engine_examples,
  common_issues_by_engine,
  reliability_score,
  popularity_score
)
values (
  '274a9915-6396-765f-66b9-36e21c3c41ad',
  '["Невероятная производительность и ускорение","Футуристический дизайн экстерьера и интерьера","Продвинутая система активного шасси","Роскошные материалы отделки"]'::jsonb,
  '["Очень жесткая подвеска на плохих дорогах","Сложный пользовательский интерфейс","Высокая стоимость обслуживания кузовных элементов","Ограниченное пространство на заднем ряду"]'::jsonb,
  '["Проверить целостность и работу цифровой светотехники (DLP).","Оценить состояние пневматической подвески и заднего подруливающего механизма.","Проверить функциональность роботизированного экрана.","Обратить внимание на износ тормозных дисков (высокая мощность)."]'::jsonb,
  '["Robotic Arm Display","Digital lighting system (DLP)","Rear-wheel steering"]'::jsonb,
  '["Dual Motor AWD (672 hp)"]'::jsonb,
  '[{"engine_code":"Dual Motor 494kW","common_issues_ru":["Ошибки в работе заднего подруливающего механизма","Проблемы с калибровкой пневмоподвески","Появление скрипов в салоне (неплотная сборка)"]}]'::jsonb,
  null,
  null
)

insert into public.vehicle_models (
  id,
  make_id,
  slug,
  name_en,
  first_model_year,
  last_model_year,
  years_available,
  body_types_available,
  fuel_types_available,
  transmission_available,
  reliability_score,
  popularity_score
)
values (
  'ac064d01-5650-a1f8-5d4e-d38181a0ed01',
  '6545d3a7-86b2-2635-202e-e91dbf44651d',
  'hiphi-y',
  'Hiphi Y',
  2023,
  2024,
  '{"2023","2024"}'::int[],
  '["SUV","Crossover"]'::jsonb,
  '["Electric"]'::jsonb,
  '["Automatic (EV single speed)"]'::jsonb,
  8.2,
  9
)

insert into public.vehicle_generations (
  id,
  model_id,
  code,
  start_year,
  end_year,
  facelift,
  production_countries,
  body_types,
  fuel_types,
  transmission_types,
  summary
)
values (
  '684c89bf-bc9a-5cdf-e923-e762a8d35dd7',
  'ac064d01-5650-a1f8-5d4e-d38181a0ed01',
  'EHC100',
  2023,
  2024,
  false,
  '{"China"}'::text[],
  null,
  null,
  null,
  'A more market-friendly luxury EV crossover, offering a balance of high technology and practicality for everyday use.'
)

insert into public.vehicle_insights (
  model_id,
  pros,
  cons,
  inspection_tips,
  notable_features,
  engine_examples,
  common_issues_by_engine,
  reliability_score,
  popularity_score
)
values (
  'ac064d01-5650-a1f8-5d4e-d38181a0ed01',
  '["Оптимальный баланс цены и технологий Hiphi","Хороший запас хода по циклу CLTC","Просторный салон и большой багажник","Удобство повседневного использования"]'::jsonb,
  '["Дизайн менее эксцентричен, чем X или Z","Ограниченный выбор конфигураций батарей","Требовательность к качеству зарядных станций"]'::jsonb,
  '["Проверить состояние зарядного порта и способность принимать быстрый заряд.","Обратить внимание на равномерность зазоров кузовных панелей.","Тестировать функциональность задних дверей ''Крыло Сокола''.","Проверить работу климатической системы (тепловой насос)."]'::jsonb,
  '["Falcon Wing Rear Doors (less complex than X)","Large central touchscreens","Digital Cockpit"]'::jsonb,
  '["Single Motor RWD (336 hp)","Dual Motor AWD (504 hp)"]'::jsonb,
  '[{"engine_code":"Single Motor 247kW","common_issues_ru":["Проблемы с зарядкой от сторонних зарядных устройств","Дребезжание дверных ручек (скрытого типа)","Неточности в работе навигационной системы вне Китая"]}]'::jsonb,
  null,
  null
)

insert into public.vehicle_makes (id, slug, name_en, country, segment_class, is_active, category_path)
values (
  '66c49626-343b-c424-2fac-348d5b5a4cef',
  'hispano-suiza',
  'Hispano-Suiza',
  'Spain',
  'Luxury/Hypercar',
  true,
  'Luxury Cars'
)

insert into public.vehicle_models (
  id,
  make_id,
  slug,
  name_en,
  first_model_year,
  last_model_year,
  years_available,
  body_types_available,
  fuel_types_available,
  transmission_available,
  reliability_score,
  popularity_score
)
values (
  'afd2072f-e764-2362-51e5-41c77568f30d',
  '66c49626-343b-c424-2fac-348d5b5a4cef',
  'h6',
  'H6',
  1919,
  1933,
  '{"1919","1920","1921","1922","1923","1924","1925","1926","1927","1928","1929","1930","1931","1932","1933"}'::int[],
  '["Sedan","Roadster","Coupe"]'::jsonb,
  '["Gasoline"]'::jsonb,
  '["Manual"]'::jsonb,
  6,
  5
)

insert into public.vehicle_generations (
  id,
  model_id,
  code,
  start_year,
  end_year,
  facelift,
  production_countries,
  body_types,
  fuel_types,
  transmission_types,
  summary
)
values (
  '299aacfc-cbc0-e8b5-68c4-f19add29bc17',
  'afd2072f-e764-2362-51e5-41c77568f30d',
  'H6',
  1919,
  1933,
  false,
  '{"France","Spain"}'::text[],
  null,
  null,
  null,
  'The H6 was Hispano-Suiza''s most famous pre-war model, featuring an advanced engine derived from aircraft technology.'
)

insert into public.vehicle_insights (
  model_id,
  pros,
  cons,
  inspection_tips,
  notable_features,
  engine_examples,
  common_issues_by_engine,
  reliability_score,
  popularity_score
)
values (
  'afd2072f-e764-2362-51e5-41c77568f30d',
  '["Исключительное качество сборки","Передовые технологии для своего времени","Высокая коллекционная стоимость"]'::jsonb,
  '["Чрезвычайно высокая стоимость обслуживания","Дефицит запчастей","Требует высококвалифицированного механика"]'::jsonb,
  '["Проверить оригинальную нумерацию шасси и кузова","Осмотреть легкосплавный блок двигателя на наличие трещин","Оценить состояние механических тормозов"]'::jsonb,
  '["Servo-assisted brakes (Rolls-Royce adopted the patent)","Aircraft engine design"]'::jsonb,
  '["6.6L I6","8.0L I6"]'::jsonb,
  '[{"engine_code":"6.6L I6 (Aircraft derived)","common_issues_ru":["Проблемы с масляным насосом (требует реконструкции)","Износ бронзовых компонентов","Сложность поиска оригинальных запчастей для шасси"]}]'::jsonb,
  null,
  null
)

insert into public.vehicle_models (
  id,
  make_id,
  slug,
  name_en,
  first_model_year,
  last_model_year,
  years_available,
  body_types_available,
  fuel_types_available,
  transmission_available,
  reliability_score,
  popularity_score
)
values (
  '6ff88456-c9c7-d952-d923-832f94a6b95a',
  '66c49626-343b-c424-2fac-348d5b5a4cef',
  'alfonso-xiii',
  'Alfonso XIII',
  1911,
  1914,
  '{"1911","1912","1913","1914"}'::int[],
  '["Roadster","Phaeton"]'::jsonb,
  '["Gasoline"]'::jsonb,
  '["Manual"]'::jsonb,
  5.5,
  4
)

insert into public.vehicle_generations (
  id,
  model_id,
  code,
  start_year,
  end_year,
  facelift,
  production_countries,
  body_types,
  fuel_types,
  transmission_types,
  summary
)
values (
  '635f146a-9911-2cb9-2da9-e7e23ba6a28c',
  '6ff88456-c9c7-d952-d923-832f94a6b95a',
  'T15',
  1911,
  1914,
  false,
  '{"Spain"}'::text[],
  null,
  null,
  null,
  'Named after the Spanish King, the Alfonso XIII was one of the first true sports cars, emphasizing speed and handling.'
)

insert into public.vehicle_insights (
  model_id,
  pros,
  cons,
  inspection_tips,
  notable_features,
  engine_examples,
  common_issues_by_engine,
  reliability_score,
  popularity_score
)
values (
  '6ff88456-c9c7-d952-d923-832f94a6b95a',
  '["Пионерская спортивная производительность","Историческая значимость","Отличное рулевое управление"]'::jsonb,
  '["Примитивная тормозная система","Требует регулярной смазки","Сложности с запуском в холодную погоду"]'::jsonb,
  '["Проверить карданный вал на люфт","Оценить состояние деревянных компонентов шасси (если применимо)"]'::jsonb,
  '["Advanced overhead cam engine (for the time)","Lightweight design"]'::jsonb,
  '["4.5L I4"]'::jsonb,
  '[{"engine_code":"4.5L I4","common_issues_ru":["Проблемы с системой зажигания низкого напряжения","Ограниченная эффективность тормозов (барабанные)","Быстрый износ приводных ремней"]}]'::jsonb,
  null,
  null
)

insert into public.vehicle_models (
  id,
  make_id,
  slug,
  name_en,
  first_model_year,
  last_model_year,
  years_available,
  body_types_available,
  fuel_types_available,
  transmission_available,
  reliability_score,
  popularity_score
)
values (
  'e4bf0d9d-f762-5a6f-ecae-bc645c205ba9',
  '66c49626-343b-c424-2fac-348d5b5a4cef',
  'carmen',
  'Carmen',
  2021,
  2024,
  '{"2021","2022","2023","2024"}'::int[],
  '["Coupe"]'::jsonb,
  '["Electric"]'::jsonb,
  '["Automatic"]'::jsonb,
  9,
  7
)

insert into public.vehicle_generations (
  id,
  model_id,
  code,
  start_year,
  end_year,
  facelift,
  production_countries,
  body_types,
  fuel_types,
  transmission_types,
  summary
)
values (
  '7dcc566e-73a0-dc26-ca54-1d2af2c047dc',
  'e4bf0d9d-f762-5a6f-ecae-bc645c205ba9',
  'Carmen',
  2021,
  2024,
  false,
  '{"Spain"}'::text[],
  null,
  null,
  null,
  'A modern, all-electric hypercar reviving the brand, featuring extreme performance and exclusive design influenced by the classic H6.'
)

insert into public.vehicle_insights (
  model_id,
  pros,
  cons,
  inspection_tips,
  notable_features,
  engine_examples,
  common_issues_by_engine,
  reliability_score,
  popularity_score
)
values (
  'e4bf0d9d-f762-5a6f-ecae-bc645c205ba9',
  '["Экстремальная производительность (EV)","Эксклюзивный и уникальный дизайн","Мгновенный крутящий момент"]'::jsonb,
  '["Ограниченное количество производства (эксклюзивность)","Чрезвычайно высокая стоимость","Очень низкий клиренс"]'::jsonb,
  '["Проверить историю деградации аккумулятора","Подтвердить обновления программного обеспечения и прошивки","Осмотреть карбоновый монокок на предмет повреждений"]'::jsonb,
  '["Carbon fiber monocoque chassis","1019 hp (150th Anniversary edition)","Electric powertrain"]'::jsonb,
  '["750 kW EV Powertrain","1019 hp EV Powertrain"]'::jsonb,
  '[{"engine_code":"EV Powertrain","common_issues_ru":["Проблемы с интеграцией пользовательского интерфейса (редко)","Высокая чувствительность подвески к дорожным неровностям (из-за настроек)"]}]'::jsonb,
  null,
  null
)

insert into public.vehicle_makes (id, slug, name_en, country, segment_class, is_active, category_path)
values (
  '72720172-a304-d593-5816-e58be437a0a1',
  'honda',
  'Honda',
  'Japan',
  'Mass Market',
  true,
  'Passenger Cars'
)

insert into public.vehicle_models (
  id,
  make_id,
  slug,
  name_en,
  first_model_year,
  last_model_year,
  years_available,
  body_types_available,
  fuel_types_available,
  transmission_available,
  reliability_score,
  popularity_score
)
values (
  '45d72a1b-0345-22b1-3958-7a5c0e0ab5a2',
  '72720172-a304-d593-5816-e58be437a0a1',
  'civic',
  'Civic',
  1972,
  2024,
  '{"2006","2007","2008","2009","2010","2011","2012","2013","2014","2015","2016","2017","2018","2019","2020","2021","2022","2023","2024"}'::int[],
  '["Sedan","Hatchback","Coupe"]'::jsonb,
  '["Petrol","Diesel","Hybrid"]'::jsonb,
  '["Manual","Automatic","CVT","Robotized Manual"]'::jsonb,
  9.2,
  9.5
)

insert into public.vehicle_generations (
  id,
  model_id,
  code,
  start_year,
  end_year,
  facelift,
  production_countries,
  body_types,
  fuel_types,
  transmission_types,
  summary
)
values (
  'c9bbd137-0aca-7588-f2ca-3cea8f23802a',
  '45d72a1b-0345-22b1-3958-7a5c0e0ab5a2',
  'FD/FK/FN',
  2006,
  2011,
  false,
  '{"Japan","UK","Turkey"}'::text[],
  null,
  null,
  null,
  'Eighth generation Civic, known for its futuristic styling (especially the European hatchback) and high mechanical reliability.'
)

insert into public.vehicle_generations (
  id,
  model_id,
  code,
  start_year,
  end_year,
  facelift,
  production_countries,
  body_types,
  fuel_types,
  transmission_types,
  summary
)
values (
  '62f6d672-a341-39e5-cfb9-91986d2469eb',
  '45d72a1b-0345-22b1-3958-7a5c0e0ab5a2',
  'FB/FG/FK',
  2011,
  2016,
  false,
  '{"USA","Canada"}'::text[],
  null,
  null,
  null,
  'Ninth generation, offering increased interior refinement and better fuel economy, though design was considered less radical than its predecessor.'
)

insert into public.vehicle_insights (
  model_id,
  pros,
  cons,
  inspection_tips,
  notable_features,
  engine_examples,
  common_issues_by_engine,
  reliability_score,
  popularity_score
)
values (
  '45d72a1b-0345-22b1-3958-7a5c0e0ab5a2',
  '["Высокая надежность и долговечность двигателей","Отличная управляемость","Доступность запчастей"]'::jsonb,
  '["Низкий дорожный просвет (клиренс)","Слабая шумоизоляция","Дорогой ремонт роботизированной КПП (для ранних моделей)"]'::jsonb,
  '["Тщательно проверить состояние роботизированной коробки передач (если установлена)","Осмотреть состояние задних колесных арок на предмет коррозии","Проверить работу кондиционера и состояние радиатора"]'::jsonb,
  '["Excellent fuel economy","Reliable naturally aspirated engines","Unique exterior design (FK/FN hatchback)"]'::jsonb,
  '["R18A (1.8L)","K20Z (2.0L)","2.2 i-CTDi (Diesel)"]'::jsonb,
  '[{"engine_code":"R18A","common_issues_ru":["Стук в рулевой рейке","Повышенный расход масла после 150 тыс. км","Проблемы с натяжителем цепи"]},{"engine_code":"2.2 i-CTDi","common_issues_ru":["Выход из строя сажевого фильтра (DPF)","Проблемы с турбиной при плохом обслуживании"]}]'::jsonb,
  null,
  null
)

insert into public.vehicle_models (
  id,
  make_id,
  slug,
  name_en,
  first_model_year,
  last_model_year,
  years_available,
  body_types_available,
  fuel_types_available,
  transmission_available,
  reliability_score,
  popularity_score
)
values (
  'f0cf5dfd-3bc4-726d-6e60-57c872f635f6',
  '72720172-a304-d593-5816-e58be437a0a1',
  'crv',
  'CR-V',
  1995,
  2024,
  '{"2006","2007","2008","2009","2010","2011","2012","2013","2014","2015","2016","2017","2018","2019","2020","2021","2022","2023","2024"}'::int[],
  '["SUV"]'::jsonb,
  '["Petrol","Diesel"]'::jsonb,
  '["Automatic","Manual","CVT"]'::jsonb,
  9.4,
  9.8
)

insert into public.vehicle_generations (
  id,
  model_id,
  code,
  start_year,
  end_year,
  facelift,
  production_countries,
  body_types,
  fuel_types,
  transmission_types,
  summary
)
values (
  'cf60544c-182e-00a7-77bb-e5e05482c078',
  'f0cf5dfd-3bc4-726d-6e60-57c872f635f6',
  'RE',
  2006,
  2012,
  false,
  '{"Japan","UK","USA"}'::text[],
  null,
  null,
  null,
  'Third generation CR-V. Transitioned to a more car-like, family-oriented crossover, becoming extremely popular globally for its comfort and reliability.'
)

insert into public.vehicle_generations (
  id,
  model_id,
  code,
  start_year,
  end_year,
  facelift,
  production_countries,
  body_types,
  fuel_types,
  transmission_types,
  summary
)
values (
  '882a8bbe-420d-7ca2-e437-98c7f6984ced',
  'f0cf5dfd-3bc4-726d-6e60-57c872f635f6',
  'RM',
  2012,
  2016,
  false,
  '{"Mexico","UK","Canada"}'::text[],
  null,
  null,
  null,
  'Fourth generation, featuring improved fuel efficiency and a more spacious interior while retaining the established Honda reliability.'
)

insert into public.vehicle_insights (
  model_id,
  pros,
  cons,
  inspection_tips,
  notable_features,
  engine_examples,
  common_issues_by_engine,
  reliability_score,
  popularity_score
)
values (
  'f0cf5dfd-3bc4-726d-6e60-57c872f635f6',
  '["Высокий уровень надежности","Просторный и функциональный салон","Ликвидность на вторичном рынке"]'::jsonb,
  '["Слабое лакокрасочное покрытие","Посредственная динамика с базовыми моторами 2.0L","Система полного привода часто критикуется как недостаточно эффективная"]'::jsonb,
  '["Проверить состояние заднего редуктора на наличие шума или гула","Оценить работу АКПП на предмет толчков","Убедиться в отсутствии ржавчины на порогах и дверях"]'::jsonb,
  '["Spacious and versatile interior","High resale value","Good road comfort"]'::jsonb,
  '["K24A (2.4L)","R20A (2.0L)","2.2 i-DTEC (Diesel)"]'::jsonb,
  '[{"engine_code":"K24A","common_issues_ru":["Растяжение цепи ГРМ при больших пробегах (более 200 тыс. км)","Вибрации на холостом ходу","Гудение заднего дифференциала из-за нерегулярной замены масла"]},{"engine_code":"R20A","common_issues_ru":["Незначительный масложор после 100 тыс. км","Выход из строя подушек двигателя"]}]'::jsonb,
  null,
  null
)

insert into public.vehicle_models (
  id,
  make_id,
  slug,
  name_en,
  first_model_year,
  last_model_year,
  years_available,
  body_types_available,
  fuel_types_available,
  transmission_available,
  reliability_score,
  popularity_score
)
values (
  '6f7dd005-c83d-504c-a569-d76fd21a038f',
  '72720172-a304-d593-5816-e58be437a0a1',
  'accord',
  'Accord',
  1976,
  2024,
  '{"2008","2009","2010","2011","2012","2013","2014","2015","2016","2017","2018","2019","2020","2021","2022","2023","2024"}'::int[],
  '["Sedan","Coupe"]'::jsonb,
  '["Petrol","Hybrid"]'::jsonb,
  '["Manual","Automatic","CVT"]'::jsonb,
  8.9,
  8.8
)

insert into public.vehicle_generations (
  id,
  model_id,
  code,
  start_year,
  end_year,
  facelift,
  production_countries,
  body_types,
  fuel_types,
  transmission_types,
  summary
)
values (
  'dd1078a7-80ee-8dc4-73d3-81665abbd8fa',
  '6f7dd005-c83d-504c-a569-d76fd21a038f',
  'CU/CP/CS',
  2008,
  2013,
  false,
  '{"Japan","USA"}'::text[],
  null,
  null,
  null,
  'Eighth generation (European/Japanese market), positioned as a sporty executive sedan known for sharp handling and aggressive styling.'
)

insert into public.vehicle_generations (
  id,
  model_id,
  code,
  start_year,
  end_year,
  facelift,
  production_countries,
  body_types,
  fuel_types,
  transmission_types,
  summary
)
values (
  'b507c665-3107-f467-2e8e-707f2c99c4b2',
  '6f7dd005-c83d-504c-a569-d76fd21a038f',
  'CR',
  2013,
  2017,
  false,
  '{"USA"}'::text[],
  null,
  null,
  null,
  'Ninth generation, focused primarily on the US market, prioritizing interior space and comfort over the previous generation''s sporty character.'
)

insert into public.vehicle_insights (
  model_id,
  pros,
  cons,
  inspection_tips,
  notable_features,
  engine_examples,
  common_issues_by_engine,
  reliability_score,
  popularity_score
)
values (
  '6f7dd005-c83d-504c-a569-d76fd21a038f',
  '["Отличная управляемость и динамика","Надежная механическая часть (кроме нюансов с VCM)","Престижный внешний вид"]'::jsonb,
  '["Высокий транспортный налог на мощные версии (3.5L)","Чувствительность к качеству масла","Слабая устойчивость кузова к коррозии в скрытых полостях"]'::jsonb,
  '["Проверить состояние автоматической коробки передач (особенно на рывки при переключении с 2 на 3 передачу)","Оценить работу системы VTEC","Проверить состояние подвески, которая может быть жесткой"]'::jsonb,
  '["Sporty handling for its class","High engine output (V6 models)","Excellent build quality"]'::jsonb,
  '["K24Z (2.4L)","J35Z (3.5L V6)"]'::jsonb,
  '[{"engine_code":"K24Z","common_issues_ru":["Повышенный расход масла (характерно для 2.4L после 100 тыс. км)","Течь масла через прокладку клапанной крышки","Проблемы с датчиком давления масла VTEC"]},{"engine_code":"J35Z","common_issues_ru":["Выход из строя системы VCM (отключение цилиндров) на ранних моделях","Трещины в блоке цилиндров (редко, при перегреве)"]}]'::jsonb,
  null,
  null
)

insert into public.vehicle_makes (id, slug, name_en, country, segment_class, is_active, category_path)
values (
  'c479ac5d-f250-7b59-c425-ec04ffdb2b38',
  'hongqi',
  'Hongqi',
  'China',
  'Luxury/Executive',
  true,
  'Luxury Vehicles / Passenger Cars'
)

insert into public.vehicle_models (
  id,
  make_id,
  slug,
  name_en,
  first_model_year,
  last_model_year,
  years_available,
  body_types_available,
  fuel_types_available,
  transmission_available,
  reliability_score,
  popularity_score
)
values (
  'd63740a0-8175-c06a-1db4-20eaa7bb28a6',
  'c479ac5d-f250-7b59-c425-ec04ffdb2b38',
  'e-hs9',
  'E-HS9',
  2020,
  2024,
  '{"2020","2021","2022","2023","2024"}'::int[],
  '["SUV"]'::jsonb,
  '["Electric"]'::jsonb,
  '["Automatic"]'::jsonb,
  7.5,
  7
)

insert into public.vehicle_generations (
  id,
  model_id,
  code,
  start_year,
  end_year,
  facelift,
  production_countries,
  body_types,
  fuel_types,
  transmission_types,
  summary
)
values (
  '28f6d4fa-7c6c-ac9d-411b-73227d38b544',
  'd63740a0-8175-c06a-1db4-20eaa7bb28a6',
  'CA770',
  2020,
  2024,
  false,
  '{"China"}'::text[],
  null,
  null,
  null,
  'First generation of Hongqi''s flagship electric SUV, known for its imposing design and advanced technology.'
)

insert into public.vehicle_insights (
  model_id,
  pros,
  cons,
  inspection_tips,
  notable_features,
  engine_examples,
  common_issues_by_engine,
  reliability_score,
  popularity_score
)
values (
  'd63740a0-8175-c06a-1db4-20eaa7bb28a6',
  '["Высокий уровень комфорта","Внушительный дизайн","Продвинутые технологии и безопасность","Мощный электрический привод"]'::jsonb,
  '["Высокая цена","Большой вес","Ограниченная сеть обслуживания за пределами Китая","Быстрый износ шин"]'::jsonb,
  '["Проверить состояние батареи и зарядного порта.","Оценить работу пневматической подвески.","Убедиться в отсутствии люфтов в рулевом управлении из-за большого веса."]'::jsonb,
  '["Digital Cockpit","Premium Nappa leather interior","Level 2+ Autonomy features","Massive front grille"]'::jsonb,
  '["Electric Dual Motor (435 hp)","Electric Dual Motor (551 hp)"]'::jsonb,
  '[{"engine_code":"DualMotor551","common_issues_ru":["Проблемы с датчиками парковки и камерами кругового обзора.","Медленное обновление программного обеспечения.","Возможны сбои в работе мультимедийной системы."]}]'::jsonb,
  null,
  null
)

insert into public.vehicle_models (
  id,
  make_id,
  slug,
  name_en,
  first_model_year,
  last_model_year,
  years_available,
  body_types_available,
  fuel_types_available,
  transmission_available,
  reliability_score,
  popularity_score
)
values (
  '6124df99-9795-fcfd-ab95-dce33eae2b1b',
  'c479ac5d-f250-7b59-c425-ec04ffdb2b38',
  'h9',
  'H9',
  2020,
  2024,
  '{"2020","2021","2022","2023","2024"}'::int[],
  '["Sedan"]'::jsonb,
  '["Gasoline"]'::jsonb,
  '["Automatic"]'::jsonb,
  8,
  8.5
)

insert into public.vehicle_generations (
  id,
  model_id,
  code,
  start_year,
  end_year,
  facelift,
  production_countries,
  body_types,
  fuel_types,
  transmission_types,
  summary
)
values (
  '292e371b-915b-574d-c9a1-ed9a3377cfb7',
  '6124df99-9795-fcfd-ab95-dce33eae2b1b',
  'CA7720',
  2020,
  2024,
  false,
  '{"China"}'::text[],
  null,
  null,
  null,
  'Hongqi''s flagship executive sedan, often compared to luxury models from BMW and Mercedes-Benz, known for its opulent styling and rear-seat comfort.'
)

insert into public.vehicle_insights (
  model_id,
  pros,
  cons,
  inspection_tips,
  notable_features,
  engine_examples,
  common_issues_by_engine,
  reliability_score,
  popularity_score
)
values (
  '6124df99-9795-fcfd-ab95-dce33eae2b1b',
  '["Роскошный интерьер и качество отделки","Высокий уровень шумоизоляции","Внешний вид, привлекающий внимание","Богатая базовая комплектация"]'::jsonb,
  '["Сложности с поиском запчастей","Высокий расход топлива у 3.0T версии","Недостаточно отзывчивая роботизированная КПП (DCT)"]'::jsonb,
  '["Проверить состояние турбины и нагнетателя (3.0L).","Оценить работу коробки передач DCT на предмет рывков.","Проверить электронику задних сидений, особенно массаж и вентиляцию."]'::jsonb,
  '["Two-tone paint options","Advanced matrix LED headlights","Air suspension (on top trims)","Executive rear seating package"]'::jsonb,
  '["2.0L Turbo I4 Mild Hybrid","3.0L Supercharged V6"]'::jsonb,
  '[{"engine_code":"CA4GC20TD-36","common_issues_ru":["Проблемы с системой мягкого гибрида (48V).","Нестабильная работа топливных форсунок при низких температурах.","Возможны утечки масла из-под клапанной крышки."]}]'::jsonb,
  null,
  null
)

insert into public.vehicle_models (
  id,
  make_id,
  slug,
  name_en,
  first_model_year,
  last_model_year,
  years_available,
  body_types_available,
  fuel_types_available,
  transmission_available,
  reliability_score,
  popularity_score
)
values (
  '0a24623f-0908-c9cb-5407-e6ee1f17cbc8',
  'c479ac5d-f250-7b59-c425-ec04ffdb2b38',
  'hs5',
  'HS5',
  2019,
  2024,
  '{"2019","2020","2021","2022","2023","2024"}'::int[],
  '["SUV"]'::jsonb,
  '["Gasoline"]'::jsonb,
  '["Automatic"]'::jsonb,
  8.5,
  7.8
)

insert into public.vehicle_generations (
  id,
  model_id,
  code,
  start_year,
  end_year,
  facelift,
  production_countries,
  body_types,
  fuel_types,
  transmission_types,
  summary
)
values (
  'df9b52e3-e326-9f95-e4cb-d838ee47e334',
  '0a24623f-0908-c9cb-5407-e6ee1f17cbc8',
  'CA7200',
  2019,
  2024,
  false,
  '{"China"}'::text[],
  null,
  null,
  null,
  'A popular mid-sized SUV offering a blend of luxury features and mainstream practicality, serving as Hongqi''s volume seller.'
)

insert into public.vehicle_insights (
  model_id,
  pros,
  cons,
  inspection_tips,
  notable_features,
  engine_examples,
  common_issues_by_engine,
  reliability_score,
  popularity_score
)
values (
  '0a24623f-0908-c9cb-5407-e6ee1f17cbc8',
  '["Доступная цена для класса ''премиум''","Просторный салон","Надежный двигатель 2.0T","Хорошая подвеска для плохих дорог"]'::jsonb,
  '["Прожорлив в городском цикле","Качество пластика в нижних частях салона","Мультимедийная система иногда ''зависает''"]'::jsonb,
  '["Проверить наличие ржавчины на элементах подвески (особенно в регионах с солью).","Оценить состояние АКПП Aisin на предмет переключений.","Проверить работу панорамной крыши и отсутствие протечек."]'::jsonb,
  '["Integrated digital dashboard display","Bose sound system (optional)","Adaptive cruise control"]'::jsonb,
  '["2.0L Turbo I4"]'::jsonb,
  '[{"engine_code":"CA4GC20TD-32","common_issues_ru":["Слабые ступичные подшипники (особенно на ранних моделях).","Перегрев коробки передач при активной езде или буксировке.","Необходимость частой чистки дроссельной заслонки."]}]'::jsonb,
  null,
  null
)

insert into public.vehicle_makes (id, slug, name_en, country, segment_class, is_active, category_path)
values (
  '29bcbfab-2718-66f1-9625-7578dd13385c',
  'hummer',
  'Hummer',
  'USA',
  'Off-road SUV',
  false,
  'SUVs and Off-road vehicles/Luxury Off-road'
)

insert into public.vehicle_models (
  id,
  make_id,
  slug,
  name_en,
  first_model_year,
  last_model_year,
  years_available,
  body_types_available,
  fuel_types_available,
  transmission_available,
  reliability_score,
  popularity_score
)
values (
  '3312d8b9-05d6-297f-313b-3ecd547bd5ab',
  '29bcbfab-2718-66f1-9625-7578dd13385c',
  'h1',
  'H1',
  1992,
  2006,
  '{"1992","1993","1994","1995","1996","1997","1998","1999","2000","2001","2002","2003","2004","2005","2006"}'::int[],
  '["SUV","Wagon","Pickup"]'::jsonb,
  '["Diesel","Gasoline"]'::jsonb,
  '["Automatic"]'::jsonb,
  7.5,
  5
)

insert into public.vehicle_generations (
  id,
  model_id,
  code,
  start_year,
  end_year,
  facelift,
  production_countries,
  body_types,
  fuel_types,
  transmission_types,
  summary
)
values (
  '181e77e4-0b67-4c6f-f91b-7e2dd1d5003a',
  '3312d8b9-05d6-297f-313b-3ecd547bd5ab',
  'Original',
  1992,
  2006,
  false,
  '{"USA"}'::text[],
  null,
  null,
  null,
  'The civilian version of the military M998 Humvee. Known for extreme off-road capability and durability.'
)

insert into public.vehicle_insights (
  model_id,
  pros,
  cons,
  inspection_tips,
  notable_features,
  engine_examples,
  common_issues_by_engine,
  reliability_score,
  popularity_score
)
values (
  '3312d8b9-05d6-297f-313b-3ecd547bd5ab',
  '["Выдающаяся проходимость","Культовый внешний вид","Высокая надежность (при должном обслуживании)"]'::jsonb,
  '["Огромные габариты и сложность парковки","Очень высокий расход топлива","Дороговизна обслуживания","Слабая динамика на трассе"]'::jsonb,
  '["Check condition of portal axles and gear ratios.","Inspect frame for rust and stress cracks.","Verify CTIS (Central Tire Inflation System) functionality."]'::jsonb,
  '["Portal axles","Central Tire Inflation System (CTIS)","Extremely high ground clearance"]'::jsonb,
  '["6.2L V8 Diesel","6.5L V8 Turbo Diesel","5.7L V8 Gasoline"]'::jsonb,
  '[{"engine_code":"6.5L TD (L56/L65)","common_issues_ru":["Проблемы с системой охлаждения","Перегрев двигателя (особенно 6.5L Turbo Diesel)","Износ топливной аппаратуры и ТНВД"]}]'::jsonb,
  null,
  null
)

insert into public.vehicle_models (
  id,
  make_id,
  slug,
  name_en,
  first_model_year,
  last_model_year,
  years_available,
  body_types_available,
  fuel_types_available,
  transmission_available,
  reliability_score,
  popularity_score
)
values (
  'cb4bd644-a2fb-fb73-fedb-fc4f415ea7a3',
  '29bcbfab-2718-66f1-9625-7578dd13385c',
  'h2',
  'H2',
  2002,
  2009,
  '{"2002","2003","2004","2005","2006","2007","2008","2009"}'::int[],
  '["SUV","SUT"]'::jsonb,
  '["Gasoline"]'::jsonb,
  '["Automatic"]'::jsonb,
  6,
  7.5
)

insert into public.vehicle_generations (
  id,
  model_id,
  code,
  start_year,
  end_year,
  facelift,
  production_countries,
  body_types,
  fuel_types,
  transmission_types,
  summary
)
values (
  '41fbca0b-3932-bb43-f058-51ce729c569d',
  'cb4bd644-a2fb-fb73-fedb-fc4f415ea7a3',
  'GMT820',
  2002,
  2009,
  false,
  '{"USA"}'::text[],
  null,
  null,
  null,
  'The first consumer-focused Hummer model, based on a modified GM truck platform (GMT820). Known for massive size and chrome accents.'
)

insert into public.vehicle_insights (
  model_id,
  pros,
  cons,
  inspection_tips,
  notable_features,
  engine_examples,
  common_issues_by_engine,
  reliability_score,
  popularity_score
)
values (
  'cb4bd644-a2fb-fb73-fedb-fc4f415ea7a3',
  '["Внушительный внешний вид и присутствие на дороге","Комфортный салон","Отличная буксировочная способность"]'::jsonb,
  '["Чрезвычайно высокий расход топлива","Проблемы с электроникой и подвеской","Высокий налог и страховка из-за объема двигателя"]'::jsonb,
  '["Check for premature wear of ball joints and steering components.","Inspect the frame for rust, especially near suspension mounts.","Listen for unusual noises from the transfer case."]'::jsonb,
  '["Full-time four-wheel drive","Massive towing capacity","Luxurious and rugged interior blend"]'::jsonb,
  '["6.0L V8 Vortec","6.2L V8 Vortec"]'::jsonb,
  '[{"engine_code":"6.0L V8 (LQ4/LQ9)","common_issues_ru":["Проблемы с датчиками ABS/скорости колес","Выход из строя компрессора пневмоподвески (если установлена)","Повышенный расход масла на больших пробегах"]}]'::jsonb,
  null,
  null
)

insert into public.vehicle_models (
  id,
  make_id,
  slug,
  name_en,
  first_model_year,
  last_model_year,
  years_available,
  body_types_available,
  fuel_types_available,
  transmission_available,
  reliability_score,
  popularity_score
)
values (
  'c8ce4836-07e5-7247-8d88-1876c0829730',
  '29bcbfab-2718-66f1-9625-7578dd13385c',
  'h3',
  'H3',
  2005,
  2010,
  '{"2005","2006","2007","2008","2009","2010"}'::int[],
  '["SUV","Pickup"]'::jsonb,
  '["Gasoline"]'::jsonb,
  '["Automatic","Manual"]'::jsonb,
  7,
  8
)

insert into public.vehicle_generations (
  id,
  model_id,
  code,
  start_year,
  end_year,
  facelift,
  production_countries,
  body_types,
  fuel_types,
  transmission_types,
  summary
)
values (
  '7eac1ea4-6cc5-ce69-d9e4-af03a3af5347',
  'c8ce4836-07e5-7247-8d88-1876c0829730',
  'GMT345',
  2005,
  2010,
  false,
  '{"USA","South Africa"}'::text[],
  null,
  null,
  null,
  'The smallest and most efficient Hummer, based on the Chevrolet Colorado/GMC Canyon platform. More civil and easier to manage daily.'
)

insert into public.vehicle_insights (
  model_id,
  pros,
  cons,
  inspection_tips,
  notable_features,
  engine_examples,
  common_issues_by_engine,
  reliability_score,
  popularity_score
)
values (
  'c8ce4836-07e5-7247-8d88-1876c0829730',
  '["Более компактный размер для города","Относительно умеренный расход топлива (по сравнению с H1/H2)","Надежность основных узлов GM"]'::jsonb,
  '["Слабый пятицилиндровый двигатель (I5) в базовых версиях","Проблемы с передним дифференциалом","Коррозия рамы и элементов подвески","Устаревший дизайн интерьера"]'::jsonb,
  '["Check the lower ball joints and tie rods for excessive play.","Inspect the front differential housing for leaks or damage.","Verify proper function of the climate control blend doors."]'::jsonb,
  '["Available V8 engine (H3 Alpha)","Standard front and rear locking differentials (Adventure package)","More practical size for urban use"]'::jsonb,
  '["3.5L I5","3.7L I5","5.3L V8 (Alpha)"]'::jsonb,
  '[{"engine_code":"3.7L I5 (LLR)","common_issues_ru":["Проблемы с передним дифференциалом и CV-шарнирами","Потребность в частой замене свечей зажигания","Неисправности системы VVT"]}]'::jsonb,
  null,
  null
)

insert into public.vehicle_makes (id, slug, name_en, country, segment_class, is_active, category_path)
values (
  '2bed9f5e-8dec-700b-9566-788df0ff7f00',
  'hyundai',
  'Hyundai',
  'South Korea',
  'Mass Market',
  true,
  'Passenger Vehicles'
)

insert into public.vehicle_models (
  id,
  make_id,
  slug,
  name_en,
  first_model_year,
  last_model_year,
  years_available,
  body_types_available,
  fuel_types_available,
  transmission_available,
  reliability_score,
  popularity_score
)
values (
  '9717e957-cc71-14de-5d66-819112bd20c5',
  '2bed9f5e-8dec-700b-9566-788df0ff7f00',
  'i30',
  'i30',
  2007,
  2024,
  '{"2007","2008","2009","2010","2011","2012","2013","2014","2015","2016","2017","2018","2019","2020","2021","2022","2023","2024"}'::int[],
  '["Hatchback","Wagon","Fastback"]'::jsonb,
  '["Gasoline","Diesel"]'::jsonb,
  '["Manual","Automatic","DCT"]'::jsonb,
  8,
  8.5
)

insert into public.vehicle_generations (
  id,
  model_id,
  code,
  start_year,
  end_year,
  facelift,
  production_countries,
  body_types,
  fuel_types,
  transmission_types,
  summary
)
values (
  '8c00e4d8-8ce5-35d2-745d-02552c131c9e',
  '9717e957-cc71-14de-5d66-819112bd20c5',
  'FD',
  2007,
  2012,
  false,
  '{"South Korea","Czech Republic"}'::text[],
  null,
  null,
  null,
  'First generation, shared platform with Kia Cee''d.'
)

insert into public.vehicle_generations (
  id,
  model_id,
  code,
  start_year,
  end_year,
  facelift,
  production_countries,
  body_types,
  fuel_types,
  transmission_types,
  summary
)
values (
  'ebff18ab-c139-cfbc-e92c-577271691086',
  '9717e957-cc71-14de-5d66-819112bd20c5',
  'PD',
  2016,
  2024,
  false,
  '{"Czech Republic"}'::text[],
  null,
  null,
  null,
  'Third generation, emphasizing European design and driving dynamics.'
)

insert into public.vehicle_insights (
  model_id,
  pros,
  cons,
  inspection_tips,
  notable_features,
  engine_examples,
  common_issues_by_engine,
  reliability_score,
  popularity_score
)
values (
  '9717e957-cc71-14de-5d66-819112bd20c5',
  '["Надежные атмосферные моторы (до 2012 года)","Просторный салон и большой багажник (Wagon)","Отличная управляемость (особенно 3-е поколение)"]'::jsonb,
  '["Слабое ЛКП","Шумоизоляция посредственная","Низкий дорожный просвет (для СНГ)"]'::jsonb,
  '["Проверить состояние катализатора (особенно на 1.6 MPI)","Оценить состояние рулевой рейки и опор амортизаторов"]'::jsonb,
  '["Hyundai SmartSense safety package","N-Line performance trim"]'::jsonb,
  '["1.4 T-GDi","1.6 MPI","1.6 CRDi"]'::jsonb,
  '[{"engine_code":"G4FG (1.6L MPI)","common_issues_ru":["Стук поршней на холодную (масложор)","Выход из строя катализатора и попадание его частиц в цилиндры"]},{"engine_code":"D4FB (1.6L CRDi)","common_issues_ru":["Проблемы с цепью ГРМ при больших пробегах","Отказы форсунок Common Rail"]}]'::jsonb,
  null,
  null
)

insert into public.vehicle_models (
  id,
  make_id,
  slug,
  name_en,
  first_model_year,
  last_model_year,
  years_available,
  body_types_available,
  fuel_types_available,
  transmission_available,
  reliability_score,
  popularity_score
)
values (
  'e5389987-8ab9-8ac2-8389-d09a625969e9',
  '2bed9f5e-8dec-700b-9566-788df0ff7f00',
  'elantra',
  'Elantra',
  1990,
  2024,
  '{"2006","2007","2008","2009","2010","2011","2012","2013","2014","2015","2016","2017","2018","2019","2020","2021","2022","2023","2024"}'::int[],
  '["Sedan"]'::jsonb,
  '["Gasoline","LPG"]'::jsonb,
  '["Manual","Automatic"]'::jsonb,
  8.2,
  9
)

insert into public.vehicle_generations (
  id,
  model_id,
  code,
  start_year,
  end_year,
  facelift,
  production_countries,
  body_types,
  fuel_types,
  transmission_types,
  summary
)
values (
  '88a0cfa6-7ad8-8f1f-3102-3d314ddb7d5a',
  'e5389987-8ab9-8ac2-8389-d09a625969e9',
  'HD',
  2006,
  2010,
  false,
  '{"South Korea"}'::text[],
  null,
  null,
  null,
  'Fifth generation (J4), known for durability and simple design.'
)

insert into public.vehicle_generations (
  id,
  model_id,
  code,
  start_year,
  end_year,
  facelift,
  production_countries,
  body_types,
  fuel_types,
  transmission_types,
  summary
)
values (
  '0a70d528-6b73-d29d-a292-f620640c9179',
  'e5389987-8ab9-8ac2-8389-d09a625969e9',
  'AD',
  2015,
  2020,
  false,
  '{"South Korea","USA","Russia"}'::text[],
  null,
  null,
  null,
  'Sixth generation, offered with reliable G4FG and G4NA engines.'
)

insert into public.vehicle_generations (
  id,
  model_id,
  code,
  start_year,
  end_year,
  facelift,
  production_countries,
  body_types,
  fuel_types,
  transmission_types,
  summary
)
values (
  '0029d5e8-da48-f5e8-4253-566301043d6c',
  'e5389987-8ab9-8ac2-8389-d09a625969e9',
  'CN7',
  2020,
  2024,
  false,
  '{"South Korea","USA"}'::text[],
  null,
  null,
  null,
  'Seventh generation, radical ''Parametric Dynamics'' design.'
)

insert into public.vehicle_insights (
  model_id,
  pros,
  cons,
  inspection_tips,
  notable_features,
  engine_examples,
  common_issues_by_engine,
  reliability_score,
  popularity_score
)
values (
  'e5389987-8ab9-8ac2-8389-d09a625969e9',
  '["Доступные запчасти и простота обслуживания","Высокая ликвидность на вторичном рынке","Надежные и проверенные временем атмосферные двигатели"]'::jsonb,
  '["Слабая подвеска (до 6-го поколения)","Плохая устойчивость к коррозии днища","Проблемы с охлаждением АКПП при высоких нагрузках"]'::jsonb,
  '["Обязательно проверить состояние стенок цилиндров эндоскопом (для G4NA)","Проверить работу электроусилителя руля"]'::jsonb,
  '["High fuel efficiency","Spacious interior for the class"]'::jsonb,
  '["1.6 MPI","2.0 MPI"]'::jsonb,
  '[{"engine_code":"G4NA (2.0L MPI)","common_issues_ru":["Риск задиров в цилиндрах из-за особенностей работы катализатора","Стук при работе двигателя на холостом ходу"]},{"engine_code":"G4FG (1.6L MPI)","common_issues_ru":["Необходимость регулярной регулировки клапанов","Ранний выход из строя катализатора"]}]'::jsonb,
  null,
  null
)

insert into public.vehicle_models (
  id,
  make_id,
  slug,
  name_en,
  first_model_year,
  last_model_year,
  years_available,
  body_types_available,
  fuel_types_available,
  transmission_available,
  reliability_score,
  popularity_score
)
values (
  'e2fc87f8-e66c-14ed-75dd-db6aab80f2f5',
  '2bed9f5e-8dec-700b-9566-788df0ff7f00',
  'creta',
  'Creta',
  2014,
  2024,
  '{"2015","2016","2017","2018","2019","2020","2021","2022","2023","2024"}'::int[],
  '["SUV/Crossover"]'::jsonb,
  '["Gasoline"]'::jsonb,
  '["Manual","Automatic"]'::jsonb,
  8.8,
  9.5
)

insert into public.vehicle_generations (
  id,
  model_id,
  code,
  start_year,
  end_year,
  facelift,
  production_countries,
  body_types,
  fuel_types,
  transmission_types,
  summary
)
values (
  'c987442b-ef1f-33c0-a4d6-3f73b57718dc',
  'e2fc87f8-e66c-14ed-75dd-db6aab80f2f5',
  'GS/GC',
  2014,
  2021,
  false,
  '{"India","Russia","China"}'::text[],
  null,
  null,
  null,
  'First generation, designed for emerging markets, built on the PB platform.'
)

insert into public.vehicle_generations (
  id,
  model_id,
  code,
  start_year,
  end_year,
  facelift,
  production_countries,
  body_types,
  fuel_types,
  transmission_types,
  summary
)
values (
  '8486e620-f90e-b8d7-3237-1c64dec95304',
  'e2fc87f8-e66c-14ed-75dd-db6aab80f2f5',
  'SU2',
  2021,
  2024,
  false,
  '{"India","Russia (until 2022)"}'::text[],
  null,
  null,
  null,
  'Second generation, larger and featuring bolder design elements.'
)

insert into public.vehicle_insights (
  model_id,
  pros,
  cons,
  inspection_tips,
  notable_features,
  engine_examples,
  common_issues_by_engine,
  reliability_score,
  popularity_score
)
values (
  'e2fc87f8-e66c-14ed-75dd-db6aab80f2f5',
  '["Отличная проходимость для городского кроссовера","Высокая надежность основных узлов (двигатель/АКПП)","Простота и низкая стоимость обслуживания"]'::jsonb,
  '["Тесный задний ряд (1-е поколение)","Жесткая подвеска, склонная к пробоям","Проблемы с полным приводом (муфта перегревается)"]'::jsonb,
  '["Проверить состояние муфты полного привода на предмет перегрева","Осмотреть крепления стабилизаторов поперечной устойчивости"]'::jsonb,
  '["High ground clearance (especially RU version)","Robust and simple architecture"]'::jsonb,
  '["1.6 MPI (G4FG)","2.0 MPI (G4NA)"]'::jsonb,
  '[{"engine_code":"G4LC (1.4L Turbo)","common_issues_ru":["Повышенный расход масла","Проблемы с ТНВД на ранних моделях"]},{"engine_code":"G4FG/G4NA","common_issues_ru":["Угроза задиров в цилиндрах (как у Elantra/Solaris)","Вибрации на холостом ходу из-за опор двигателя"]}]'::jsonb,
  null,
  null
)

insert into public.vehicle_makes (id, slug, name_en, country, segment_class, is_active, category_path)
values (
  '8d76e0b3-0dc9-742f-c182-de93e39c012f',
  'izh',
  'IZh',
  'Russia',
  'C',
  false,
  'Passenger Cars/Economy'
)

insert into public.vehicle_models (
  id,
  make_id,
  slug,
  name_en,
  first_model_year,
  last_model_year,
  years_available,
  body_types_available,
  fuel_types_available,
  transmission_available,
  reliability_score,
  popularity_score
)
values (
  '2dbf3c6a-5866-84e6-d0ef-92435fc57683',
  '8d76e0b3-0dc9-742f-c182-de93e39c012f',
  'izh-2125-kombi',
  'IZh 2125 Kombi',
  1973,
  1997,
  '{"1973","1974","1975","1976","1977","1978","1979","1980","1981","1982","1983","1984","1985","1986","1987","1988","1989","1990","1991","1992","1993","1994","1995","1996","1997"}'::int[],
  '["hatchback","liftback"]'::jsonb,
  '["gasoline"]'::jsonb,
  '["manual"]'::jsonb,
  5.5,
  4.5
)

insert into public.vehicle_generations (
  id,
  model_id,
  code,
  start_year,
  end_year,
  facelift,
  production_countries,
  body_types,
  fuel_types,
  transmission_types,
  summary
)
values (
  '61398328-5c60-246b-44da-cf17aa3294a4',
  '2dbf3c6a-5866-84e6-d0ef-92435fc57683',
  '2125',
  1973,
  1997,
  false,
  '{"USSR","Russia"}'::text[],
  null,
  null,
  null,
  'The first Soviet hatchback (liftback), based on the Moskvich 412 platform, offering increased practicality.'
)

insert into public.vehicle_insights (
  model_id,
  pros,
  cons,
  inspection_tips,
  notable_features,
  engine_examples,
  common_issues_by_engine,
  reliability_score,
  popularity_score
)
values (
  '2dbf3c6a-5866-84e6-d0ef-92435fc57683',
  '["Простота конструкции","Дешевизна обслуживания и запчастей","Вместительный багажник"]'::jsonb,
  '["Слабая антикоррозийная защита","Низкое качество сборки","Устаревшие двигатели и трансмиссия"]'::jsonb,
  '["Тщательно проверьте состояние лонжеронов и порогов на предмет ржавчины","Оцените состояние кузова в районе крепления задней рессоры","Проверьте работу ручного тормоза и износ задней оси"]'::jsonb,
  '["Практичный кузов Комби","Надежная, но шумная подвеска"]'::jsonb,
  '["UZAM-412 (1.5L)"]'::jsonb,
  '[{"engine_code":"UZAM-412","common_issues_ru":["Склонность к перегреву","Низкий ресурс прокладки головки блока цилиндров","Проблемы с системой зажигания"]}]'::jsonb,
  null,
  null
)

insert into public.vehicle_models (
  id,
  make_id,
  slug,
  name_en,
  first_model_year,
  last_model_year,
  years_available,
  body_types_available,
  fuel_types_available,
  transmission_available,
  reliability_score,
  popularity_score
)
values (
  'd45c4b39-1717-6ab0-c456-148bdf953fcc',
  '8d76e0b3-0dc9-742f-c182-de93e39c012f',
  'izh-2715',
  'IZh 2715',
  1972,
  2001,
  '{"1972","1973","1974","1975","1976","1977","1978","1979","1980","1981","1982","1983","1984","1985","1986","1987","1988","1989","1990","1991","1992","1993","1994","1995","1996","1997","1998","1999","2000","2001"}'::int[],
  '["van","pickup"]'::jsonb,
  '["gasoline"]'::jsonb,
  '["manual"]'::jsonb,
  6,
  5
)

insert into public.vehicle_generations (
  id,
  model_id,
  code,
  start_year,
  end_year,
  facelift,
  production_countries,
  body_types,
  fuel_types,
  transmission_types,
  summary
)
values (
  'b905e1d5-8b7e-f8d5-ac97-ed31b416c11d',
  'd45c4b39-1717-6ab0-c456-148bdf953fcc',
  '2715',
  1972,
  2001,
  false,
  '{"USSR","Russia"}'::text[],
  null,
  null,
  null,
  'A ubiquitous small commercial panel van and pickup truck known as ''The Heel'', derived from the Moskvich 412 platform.'
)

insert into public.vehicle_insights (
  model_id,
  pros,
  cons,
  inspection_tips,
  notable_features,
  engine_examples,
  common_issues_by_engine,
  reliability_score,
  popularity_score
)
values (
  'd45c4b39-1717-6ab0-c456-148bdf953fcc',
  '["Неприхотливость и выносливость","Ремонтопригодность ''на коленке''","Низкая стоимость владения"]'::jsonb,
  '["Очень низкий уровень комфорта и безопасности","Сильная склонность к коррозии грузового отсека","Слабая динамика"]'::jsonb,
  '["Осмотрите крепление заднего моста","Проверьте состояние рамы и силовых элементов кузова, часто несущих высокую нагрузку","Проверьте работу карданного вала"]'::jsonb,
  '["Высокая грузоподъемность для своего класса","Кузовные панели легко заменяемы"]'::jsonb,
  '["UZAM-412 (1.5L)"]'::jsonb,
  '[]'::jsonb,
  null,
  null
)

insert into public.vehicle_models (
  id,
  make_id,
  slug,
  name_en,
  first_model_year,
  last_model_year,
  years_available,
  body_types_available,
  fuel_types_available,
  transmission_available,
  reliability_score,
  popularity_score
)
values (
  '6e97c050-7585-6452-ef15-f92bb6ccd243',
  '8d76e0b3-0dc9-742f-c182-de93e39c012f',
  'izh-2126-oda',
  'IZh 2126 Oda',
  1990,
  2005,
  '{"1990","1991","1992","1993","1994","1995","1996","1997","1998","1999","2000","2001","2002","2003","2004","2005"}'::int[],
  '["hatchback","wagon"]'::jsonb,
  '["gasoline"]'::jsonb,
  '["manual"]'::jsonb,
  4,
  3
)

insert into public.vehicle_generations (
  id,
  model_id,
  code,
  start_year,
  end_year,
  facelift,
  production_countries,
  body_types,
  fuel_types,
  transmission_types,
  summary
)
values (
  '73cfb03a-b922-b34a-519e-8dd39e7f2499',
  '6e97c050-7585-6452-ef15-f92bb6ccd243',
  '2126',
  1990,
  2005,
  true,
  '{"Russia"}'::text[],
  null,
  null,
  null,
  'An attempt to create a more modern rear-wheel-drive economy car in the late Soviet/post-Soviet period. Known for quality inconsistencies.'
)

insert into public.vehicle_insights (
  model_id,
  pros,
  cons,
  inspection_tips,
  notable_features,
  engine_examples,
  common_issues_by_engine,
  reliability_score,
  popularity_score
)
values (
  '6e97c050-7585-6452-ef15-f92bb6ccd243',
  '["Относительно просторный салон","Дешевые запчасти (часто унифицированы с ВАЗ/Москвич)","Высокий клиренс"]'::jsonb,
  '["Крайне низкое качество комплектующих","Проблемы с электроникой и проводкой","Низкая ликвидность на вторичном рынке"]'::jsonb,
  '["Проверьте состояние карданного вала и заднего редуктора (слабое место)","Оцените работу штатной электрики (особенно предохранителей)","Проверьте люфты в рулевом управлении"]'::jsonb,
  '["Задний привод в классе компактных автомобилей","Независимая передняя подвеска"]'::jsonb,
  '["UZAM-3317 (1.7L)","VAZ-2106 (1.6L)"]'::jsonb,
  '[{"engine_code":"UZAM-3317 (1.7L)","common_issues_ru":["Проблемы с натяжителем цепи ГРМ","Перегрев при длительных нагрузках","Течи масла через сальники"]},{"engine_code":"VAZ-2106 (1.6L)","common_issues_ru":["Частое засорение карбюратора","Износ распредвала и рокеров"]}]'::jsonb,
  null,
  null
)

insert into public.vehicle_makes (id, slug, name_en, country, segment_class, is_active, category_path)
values (
  'e257e864-c3e8-c764-94d6-783879942536',
  'infiniti',
  'Infiniti',
  'Japan',
  'Premium',
  true,
  'Premium/Luxury Cars'
)

insert into public.vehicle_models (
  id,
  make_id,
  slug,
  name_en,
  first_model_year,
  last_model_year,
  years_available,
  body_types_available,
  fuel_types_available,
  transmission_available,
  reliability_score,
  popularity_score
)
values (
  '3a416134-f9e6-85ca-61e9-2ea03b97d47f',
  'e257e864-c3e8-c764-94d6-783879942536',
  'fx-qx70',
  'FX (QX70)',
  2003,
  2017,
  '{"2003","2004","2005","2006","2007","2008","2009","2010","2011","2012","2013","2014","2015","2016","2017"}'::int[],
  '["SUV","Crossover"]'::jsonb,
  '["Petrol","Diesel"]'::jsonb,
  '["Automatic"]'::jsonb,
  7.5,
  8.5
)

insert into public.vehicle_generations (
  id,
  model_id,
  code,
  start_year,
  end_year,
  facelift,
  production_countries,
  body_types,
  fuel_types,
  transmission_types,
  summary
)
values (
  'a7720516-fdcb-5314-aa38-6b8d3eadf4a3',
  '3a416134-f9e6-85ca-61e9-2ea03b97d47f',
  'S50',
  2003,
  2008,
  false,
  '{"Japan"}'::text[],
  null,
  null,
  null,
  'First generation crossover known for sports car handling and powerful V8 engine option.'
)

insert into public.vehicle_generations (
  id,
  model_id,
  code,
  start_year,
  end_year,
  facelift,
  production_countries,
  body_types,
  fuel_types,
  transmission_types,
  summary
)
values (
  '8f98f32d-b604-d516-df6f-8b6acfd4586e',
  '3a416134-f9e6-85ca-61e9-2ea03b97d47f',
  'S51',
  2009,
  2017,
  false,
  '{"Japan"}'::text[],
  null,
  null,
  null,
  'Second generation (later QX70) featuring a more aggressive design and improved chassis. Diesel engine introduced later.'
)

insert into public.vehicle_insights (
  model_id,
  pros,
  cons,
  inspection_tips,
  notable_features,
  engine_examples,
  common_issues_by_engine,
  reliability_score,
  popularity_score
)
values (
  '3a416134-f9e6-85ca-61e9-2ea03b97d47f',
  '["Мощные двигатели","Отличная управляемость","Премиальный салон","Привлекательный дизайн"]'::jsonb,
  '["Высокий расход топлива","Дорогое обслуживание","Жесткая подвеска","Проблемы с электроникой у ранних моделей"]'::jsonb,
  '["Проверить состояние АКПП, особенно при агрессивной езде.","Оценить износ передней подвески (рычаги).","Проверить наличие коррозии на задних арках."]'::jsonb,
  '[]'::jsonb,
  '["VQ35HR","VK50VE","V9X (Diesel)"]'::jsonb,
  '[{"engine_code":"VQ35HR","common_issues_ru":["Течи масла из-под клапанных крышек","Выход из строя катализаторов (риск задиров)"]},{"engine_code":"VK50VE","common_issues_ru":["Высокий расход масла","Проблемы с фазовращателями"]}]'::jsonb,
  null,
  null
)

insert into public.vehicle_models (
  id,
  make_id,
  slug,
  name_en,
  first_model_year,
  last_model_year,
  years_available,
  body_types_available,
  fuel_types_available,
  transmission_available,
  reliability_score,
  popularity_score
)
values (
  'f6e3fe77-93d3-4fe0-7296-ff53ea65959b',
  'e257e864-c3e8-c764-94d6-783879942536',
  'g-q50',
  'G Sedan/Coupe (Q50)',
  2002,
  2024,
  '{"2002","2003","2004","2005","2006","2007","2008","2009","2010","2011","2012","2013","2014","2015","2016","2017","2018","2019","2020","2021","2022","2023","2024"}'::int[],
  '["Sedan","Coupe","Convertible"]'::jsonb,
  '["Petrol","Hybrid"]'::jsonb,
  '["Automatic","Manual"]'::jsonb,
  8,
  7.8
)

insert into public.vehicle_generations (
  id,
  model_id,
  code,
  start_year,
  end_year,
  facelift,
  production_countries,
  body_types,
  fuel_types,
  transmission_types,
  summary
)
values (
  '012dbd99-275f-d1ec-b2b4-5d93e1063269',
  'f6e3fe77-93d3-4fe0-7296-ff53ea65959b',
  'V35',
  2002,
  2006,
  null,
  null,
  null,
  null,
  null,
  ''
)

insert into public.vehicle_generations (
  id,
  model_id,
  code,
  start_year,
  end_year,
  facelift,
  production_countries,
  body_types,
  fuel_types,
  transmission_types,
  summary
)
values (
  'e884fbb4-ffdc-4180-42a9-85e494245154',
  'f6e3fe77-93d3-4fe0-7296-ff53ea65959b',
  'V36',
  2007,
  2013,
  null,
  null,
  null,
  null,
  null,
  'Introduced the powerful VQ37VHR engine.'
)

insert into public.vehicle_generations (
  id,
  model_id,
  code,
  start_year,
  end_year,
  facelift,
  production_countries,
  body_types,
  fuel_types,
  transmission_types,
  summary
)
values (
  'd756347b-066b-1038-126b-f79152a8df31',
  'f6e3fe77-93d3-4fe0-7296-ff53ea65959b',
  'V37',
  2014,
  2024,
  null,
  null,
  null,
  null,
  null,
  'Renamed Q50. Known for its updated styling and technology, including hybrid and turbo engines.'
)

insert into public.vehicle_insights (
  model_id,
  pros,
  cons,
  inspection_tips,
  notable_features,
  engine_examples,
  common_issues_by_engine,
  reliability_score,
  popularity_score
)
values (
  'f6e3fe77-93d3-4fe0-7296-ff53ea65959b',
  '["Надежные атмосферные моторы VQ серии","Хорошая динамика","Комфорт и качество отделки","Система полного привода ATTESA E-TS"]'::jsonb,
  '["Устаревший дизайн интерьера (до Q50)","Высокий налог на мощные версии","Слабое лакокрасочное покрытие"]'::jsonb,
  '["Проверить цепь ГРМ на предмет шума (особенно на VQ37VHR с большим пробегом).","Осмотреть рулевую рейку на течи.","Убедиться в отсутствии вибраций при торможении."]'::jsonb,
  '[]'::jsonb,
  '["VQ35DE","VQ37VHR","VR30DDTT"]'::jsonb,
  '[{"engine_code":"VQ37VHR","common_issues_ru":["Износ гидронатяжителей цепи ГРМ","Перегрев при интенсивных нагрузках"]},{"engine_code":"VR30DDTT","common_issues_ru":["Проблемы с датчиками наддува","Требовательность к качеству масла"]}]'::jsonb,
  null,
  null
)

insert into public.vehicle_models (
  id,
  make_id,
  slug,
  name_en,
  first_model_year,
  last_model_year,
  years_available,
  body_types_available,
  fuel_types_available,
  transmission_available,
  reliability_score,
  popularity_score
)
values (
  '3c2224d8-f621-73a7-ef17-e49d9b2c655a',
  'e257e864-c3e8-c764-94d6-783879942536',
  'ex-qx50',
  'EX (QX50)',
  2008,
  2017,
  '{"2008","2009","2010","2011","2012","2013","2014","2015","2016","2017"}'::int[],
  '["Crossover"]'::jsonb,
  '["Petrol"]'::jsonb,
  '["Automatic"]'::jsonb,
  8.2,
  7
)

insert into public.vehicle_generations (
  id,
  model_id,
  code,
  start_year,
  end_year,
  facelift,
  production_countries,
  body_types,
  fuel_types,
  transmission_types,
  summary
)
values (
  'a4166b6c-1a34-6cbc-5d47-f28aa5e16cea',
  '3c2224d8-f621-73a7-ef17-e49d9b2c655a',
  'J50',
  2008,
  2017,
  false,
  '{"Japan"}'::text[],
  null,
  null,
  null,
  'Compact luxury crossover known for its coupe-like styling and high reliability, largely sharing components with the G series.'
)

insert into public.vehicle_insights (
  model_id,
  pros,
  cons,
  inspection_tips,
  notable_features,
  engine_examples,
  common_issues_by_engine,
  reliability_score,
  popularity_score
)
values (
  '3c2224d8-f621-73a7-ef17-e49d9b2c655a',
  '["Высокая надежность агрегатов (двигатель VQ37)","Качественный интерьер","Умеренные габариты для города","Хорошая шумоизоляция"]'::jsonb,
  '["Маленький багажник","Тесный задний ряд","Отсутствие дизельных версий"]'::jsonb,
  '["Проверить работу полного привода","Осмотреть трансмиссию на предмет рывков при переключениях.","Обратить внимание на состояние сайлентблоков задней подвески."]'::jsonb,
  '["Around View Monitor (система кругового обзора)"]'::jsonb,
  '["VQ35HR","VQ37VHR"]'::jsonb,
  '[{"engine_code":"VQ37VHR","common_issues_ru":["Слабые прокладки маслоохладителя","Шум муфт фазовращателей"]}]'::jsonb,
  null,
  null
)

insert into public.vehicle_makes (id, slug, name_en, country, segment_class, is_active, category_path)
values (
  '1559ccb5-6470-04fb-6400-2584bd1a866a',
  'innocenti',
  'Innocenti',
  'Italy',
  'Microcar (A)',
  false,
  'Passenger cars'
)

insert into public.vehicle_models (
  id,
  make_id,
  slug,
  name_en,
  first_model_year,
  last_model_year,
  years_available,
  body_types_available,
  fuel_types_available,
  transmission_available,
  reliability_score,
  popularity_score
)
values (
  '5f269aa6-7b56-dd65-a1fd-166be920e2ec',
  '1559ccb5-6470-04fb-6400-2584bd1a866a',
  'mini',
  'Mini',
  1974,
  1993,
  '{"1974","1975","1976","1977","1978","1979","1980","1981","1982","1983","1984","1985","1986","1987","1988","1989","1990","1991","1992","1993"}'::int[],
  '["Hatchback"]'::jsonb,
  '["Gasoline"]'::jsonb,
  '["Manual","Automatic"]'::jsonb,
  5,
  7
)

insert into public.vehicle_generations (
  id,
  model_id,
  code,
  start_year,
  end_year,
  facelift,
  production_countries,
  body_types,
  fuel_types,
  transmission_types,
  summary
)
values (
  '0578acb1-6e1f-679a-ab88-19e57fa72121',
  '5f269aa6-7b56-dd65-a1fd-166be920e2ec',
  '90/120',
  1974,
  1982,
  false,
  '{"Italy"}'::text[],
  null,
  null,
  null,
  'First generation based on the original BMC Mini platform, featuring the A-series engine.'
)

insert into public.vehicle_generations (
  id,
  model_id,
  code,
  start_year,
  end_year,
  facelift,
  production_countries,
  body_types,
  fuel_types,
  transmission_types,
  summary
)
values (
  '507f1eac-bb37-a7cf-98f4-6e1007a2dfc3',
  '5f269aa6-7b56-dd65-a1fd-166be920e2ec',
  'Minitre/Small',
  1982,
  1993,
  true,
  '{"Italy"}'::text[],
  null,
  null,
  null,
  'Second generation, restyled by Bertone and powered by reliable Daihatsu 3-cylinder engines.'
)

insert into public.vehicle_insights (
  model_id,
  pros,
  cons,
  inspection_tips,
  notable_features,
  engine_examples,
  common_issues_by_engine,
  reliability_score,
  popularity_score
)
values (
  '5f269aa6-7b56-dd65-a1fd-166be920e2ec',
  '["Низкий расход топлива","Легкость парковки","Простота конструкции"]'::jsonb,
  '["Сильная склонность к коррозии кузова","Дефицит оригинальных запчастей","Небезопасность при ДТП"]'::jsonb,
  '["Тщательно проверять пороги и арки на предмет ржавчины","Оценить состояние электрики (частые сбои)","Проверить работу отопителя салона"]'::jsonb,
  '["Bertone styling","Compact dimensions","Daihatsu reliability (post-1982 models)"]'::jsonb,
  '["993 cc 3-cylinder (CB23)","1.0L 4-cylinder (A-Series)","1.3L Turbo (De Tomaso)"]'::jsonb,
  '[{"engine_code":"CB23","common_issues_ru":["Проблемы с перегревом двигателя и прокладкой ГБЦ","Отказы карбюратора","Быстрый износ ремня ГРМ"]}]'::jsonb,
  null,
  null
)

insert into public.vehicle_models (
  id,
  make_id,
  slug,
  name_en,
  first_model_year,
  last_model_year,
  years_available,
  body_types_available,
  fuel_types_available,
  transmission_available,
  reliability_score,
  popularity_score
)
values (
  '16fc5d97-3302-b282-8b90-caa5678404b6',
  '1559ccb5-6470-04fb-6400-2584bd1a866a',
  'mille',
  'Mille',
  1991,
  1997,
  '{"1991","1992","1993","1994","1995","1996","1997"}'::int[],
  '["Hatchback"]'::jsonb,
  '["Gasoline"]'::jsonb,
  '["Manual"]'::jsonb,
  6,
  5
)

insert into public.vehicle_insights (
  model_id,
  pros,
  cons,
  inspection_tips,
  notable_features,
  engine_examples,
  common_issues_by_engine,
  reliability_score,
  popularity_score
)
values (
  '16fc5d97-3302-b282-8b90-caa5678404b6',
  '["Надежные и простые двигатели Fiat","Вместительный салон для своего класса","Дешевое обслуживание (унификация с Fiat Uno)"]'::jsonb,
  '["Очень низкое качество сборки","Быстрая потеря товарного вида","Слабая подвеска"]'::jsonb,
  '["Проверить состояние резиновых элементов подвески","Оценить работу коробки передач (склонность к шуму)","Проверить состояние радиатора и системы охлаждения"]'::jsonb,
  '["Based on Fiat Uno platform","Available in CIS market"]'::jsonb,
  '["1.0L Fire"]'::jsonb,
  '[{"engine_code":"156C.046 (1.0 Fire)","common_issues_ru":["Течи масла из-под крышки клапанов","Проблемы с датчиком холостого хода","Выход из строя системы зажигания"]}]'::jsonb,
  null,
  null
)

insert into public.vehicle_models (
  id,
  make_id,
  slug,
  name_en,
  first_model_year,
  last_model_year,
  years_available,
  body_types_available,
  fuel_types_available,
  transmission_available,
  reliability_score,
  popularity_score
)
values (
  '02353c1e-8609-4aaf-3823-46c6e3047a25',
  '1559ccb5-6470-04fb-6400-2584bd1a866a',
  'elba',
  'Elba',
  1991,
  1993,
  '{"1991","1992","1993"}'::int[],
  '["Wagon"]'::jsonb,
  '["Gasoline","Diesel"]'::jsonb,
  '["Manual"]'::jsonb,
  6,
  4
)

insert into public.vehicle_insights (
  model_id,
  pros,
  cons,
  inspection_tips,
  notable_features,
  engine_examples,
  common_issues_by_engine,
  reliability_score,
  popularity_score
)
values (
  '02353c1e-8609-4aaf-3823-46c6e3047a25',
  '["Большой багажник","Универсальность","Надежность агрегатов Fiat"]'::jsonb,
  '["Слабый кузов","Плохая шумоизоляция","Устаревший дизайн к моменту выпуска"]'::jsonb,
  '["Проверить состояние задних пружин (склонность к проседанию)","Осмотреть сварные швы кузова","Проверить двигатели на утечки масла"]'::jsonb,
  '["Badge-engineered Fiat Elba","Estate body style"]'::jsonb,
  '["1.4L","1.7L Diesel"]'::jsonb,
  '[{"engine_code":"149 B3.000 (1.4L)","common_issues_ru":["Коррозия задней части кузова","Износ сайлентблоков задней балки","Проблемы с топливной системой"]}]'::jsonb,
  null,
  null
)

insert into public.vehicle_makes (id, slug, name_en, country, segment_class, is_active, category_path)
values (
  'bd7529eb-7b29-0353-eabb-21668df67d7b',
  'iso',
  'Iso',
  'Italy',
  'Luxury/Exotic',
  false,
  'Historic Luxury GTs / Collector Cars'
)

insert into public.vehicle_models (
  id,
  make_id,
  slug,
  name_en,
  first_model_year,
  last_model_year,
  years_available,
  body_types_available,
  fuel_types_available,
  transmission_available,
  reliability_score,
  popularity_score
)
values (
  'd39f12eb-4217-e5e7-0773-784b7dda14dd',
  'bd7529eb-7b29-0353-eabb-21668df67d7b',
  'grifo',
  'Grifo',
  1965,
  1974,
  '{"1965","1966","1967","1968","1969","1970","1971","1972","1973","1974"}'::int[],
  '["Coupe"]'::jsonb,
  '["Gasoline"]'::jsonb,
  '["Manual","Automatic"]'::jsonb,
  5,
  9
)

insert into public.vehicle_generations (
  id,
  model_id,
  code,
  start_year,
  end_year,
  facelift,
  production_countries,
  body_types,
  fuel_types,
  transmission_types,
  summary
)
values (
  '8aaa780f-2258-e4d7-7904-6e31724a522e',
  'd39f12eb-4217-e5e7-0773-784b7dda14dd',
  'Series I',
  1965,
  1970,
  false,
  '{"Italy"}'::text[],
  null,
  null,
  null,
  'Original Grifo design by Giorgetto Giugiaro, featuring Chevrolet V8 engines.'
)

insert into public.vehicle_generations (
  id,
  model_id,
  code,
  start_year,
  end_year,
  facelift,
  production_countries,
  body_types,
  fuel_types,
  transmission_types,
  summary
)
values (
  '4e04994a-dbfd-7a97-fb22-6f49cfaaaa51',
  'd39f12eb-4217-e5e7-0773-784b7dda14dd',
  'Series II',
  1970,
  1974,
  true,
  '{"Italy"}'::text[],
  null,
  null,
  null,
  'Updated styling (hidden headlamps), introduction of the massive 7-liter engine option.'
)

insert into public.vehicle_insights (
  model_id,
  pros,
  cons,
  inspection_tips,
  notable_features,
  engine_examples,
  common_issues_by_engine,
  reliability_score,
  popularity_score
)
values (
  'd39f12eb-4217-e5e7-0773-784b7dda14dd',
  '["Stunning, timeless design","Exceptional performance for its era","Extreme rarity and high collector value"]'::jsonb,
  '["High maintenance costs due to rarity","Complex Italian electrical systems","Susceptibility to structural rust"]'::jsonb,
  '["Check body panels carefully for rust, especially around wheel arches and sills.","Verify authenticity of chassis and engine numbers.","Inspect cooling system integrity, as overheating is common."]'::jsonb,
  '["Bertone body design","Combination of Italian luxury chassis and powerful American drivetrain","Hydraulic clutch and servo-assisted brakes (on later models)"]'::jsonb,
  '["Chevrolet 327 V8 (5.4L)","Chevrolet 427 V8 (7.0L)"]'::jsonb,
  '[{"engine_code":"327-SB","common_issues_ru":["Проблемы с перегревом при агрессивной езде","Износ уплотнений, требующий частой замены","Трудности с поиском оригинальных запчастей для кузова"]}]'::jsonb,
  null,
  null
)

insert into public.vehicle_models (
  id,
  make_id,
  slug,
  name_en,
  first_model_year,
  last_model_year,
  years_available,
  body_types_available,
  fuel_types_available,
  transmission_available,
  reliability_score,
  popularity_score
)
values (
  '055c49f4-f565-27cf-b656-182f5e56de8a',
  'bd7529eb-7b29-0353-eabb-21668df67d7b',
  'rivolta-ir300',
  'Rivolta IR 300',
  1962,
  1970,
  '{"1962","1963","1964","1965","1966","1967","1968","1969","1970"}'::int[],
  '["Coupe"]'::jsonb,
  '["Gasoline"]'::jsonb,
  '["Manual","Automatic"]'::jsonb,
  6,
  8
)

insert into public.vehicle_generations (
  id,
  model_id,
  code,
  start_year,
  end_year,
  facelift,
  production_countries,
  body_types,
  fuel_types,
  transmission_types,
  summary
)
values (
  'e6a6bb9a-50c0-6975-3312-3b7ac6d7ab4b',
  '055c49f4-f565-27cf-b656-182f5e56de8a',
  'IR 300',
  1962,
  1970,
  false,
  '{"Italy"}'::text[],
  null,
  null,
  null,
  'The first modern Iso model, intended as a high-speed Gran Turismo competing with Ferrari and Maserati.'
)

insert into public.vehicle_insights (
  model_id,
  pros,
  cons,
  inspection_tips,
  notable_features,
  engine_examples,
  common_issues_by_engine,
  reliability_score,
  popularity_score
)
values (
  '055c49f4-f565-27cf-b656-182f5e56de8a',
  '["Robust and easily serviced Chevrolet V8 engine","Excellent long-distance comfort","Historical significance as the founding Iso GT"]'::jsonb,
  '["Heavy curb weight impacting agility","Steering often heavy at low speeds","Interior trim preservation challenges"]'::jsonb,
  '["Check for signs of poorly executed rust repairs.","Test cooling system performance thoroughly.","Ensure all unique De Dion rear axle components are in good condition."]'::jsonb,
  '["Pioneering mix of Italian styling (Giotto Bizzarrini) and American reliability/power","De Dion tube rear suspension for improved handling","High cruising speed capability"]'::jsonb,
  '["Chevrolet 327 V8 (5.4L)"]'::jsonb,
  '[{"engine_code":"327-SB","common_issues_ru":["Коррозия шасси и кузова из-за слабого антикоррозийного покрытия","Проблемы с тормозной системой (особенно на ранних моделях с барабанными тормозами)","Необходимость частой регулировки карбюраторов"]}]'::jsonb,
  null,
  null
)

insert into public.vehicle_models (
  id,
  make_id,
  slug,
  name_en,
  first_model_year,
  last_model_year,
  years_available,
  body_types_available,
  fuel_types_available,
  transmission_available,
  reliability_score,
  popularity_score
)
values (
  'df5a4721-6ffd-5677-3b4b-e63072dcb558',
  'bd7529eb-7b29-0353-eabb-21668df67d7b',
  'fidia',
  'Fidia',
  1967,
  1975,
  '{"1967","1968","1969","1970","1971","1972","1973","1974","1975"}'::int[],
  '["Sedan"]'::jsonb,
  '["Gasoline"]'::jsonb,
  '["Automatic","Manual"]'::jsonb,
  4.5,
  7.5
)

insert into public.vehicle_generations (
  id,
  model_id,
  code,
  start_year,
  end_year,
  facelift,
  production_countries,
  body_types,
  fuel_types,
  transmission_types,
  summary
)
values (
  '3a1536ce-8fa9-b855-e309-38f2c8d53d74',
  'df5a4721-6ffd-5677-3b4b-e63072dcb558',
  'Series 1',
  1967,
  1975,
  false,
  '{"Italy"}'::text[],
  null,
  null,
  null,
  'A high-performance four-door sedan often called ''The fastest four seats in the world''.'
)

insert into public.vehicle_insights (
  model_id,
  pros,
  cons,
  inspection_tips,
  notable_features,
  engine_examples,
  common_issues_by_engine,
  reliability_score,
  popularity_score
)
values (
  'df5a4721-6ffd-5677-3b4b-e63072dcb558',
  '["Unique blend of sedan utility and GT performance","Exceptional exclusivity due to low production numbers","Distinctive body styling by Ghia"]'::jsonb,
  '["Extremely limited production (very high cost of ownership)","Interior space optimization is mediocre","Poor rear visibility"]'::jsonb,
  '["Check the condition of the complex heating and ventilation systems.","Verify the functionality of all electric windows and locks (prone to failure).","Inspect brake lines and fuel tanks for age-related deterioration."]'::jsonb,
  '["Only four-door luxury sedan produced by Iso","Spacious and luxurious interior trimming","High top speed potential comparable to contemporary sports cars"]'::jsonb,
  '["Chevrolet 327 V8 (5.4L)","Ford 351 Cleveland V8 (5.8L)"]'::jsonb,
  '[{"engine_code":"351-C","common_issues_ru":["Сложности с поиском уникальных кузовных элементов и остекления","Повышенная требовательность к качеству топлива для двигателя Ford 351","Проблемы с автоматической коробкой передач Borg-Warner"]}]'::jsonb,
  null,
  null
)

insert into public.vehicle_makes (id, slug, name_en, country, segment_class, is_active, category_path)
values (
  '1d05bc01-3ff1-8070-49a7-a400c943c7fa',
  'isuzu',
  'Isuzu',
  'Japan',
  'Commercial/SUV/Pickup',
  true,
  'Passenger Cars/SUVs & Pickups'
)

insert into public.vehicle_models (
  id,
  make_id,
  slug,
  name_en,
  first_model_year,
  last_model_year,
  years_available,
  body_types_available,
  fuel_types_available,
  transmission_available,
  reliability_score,
  popularity_score
)
values (
  '1ff21693-2b2b-902a-895c-4999602b59da',
  '1d05bc01-3ff1-8070-49a7-a400c943c7fa',
  'd-max',
  'D-Max',
  2002,
  2024,
  '{"2002","2003","2004","2005","2006","2007","2008","2009","2010","2011","2012","2013","2014","2015","2016","2017","2018","2019","2020","2021","2022","2023","2024"}'::int[],
  '["Pickup"]'::jsonb,
  '["Diesel"]'::jsonb,
  '["Manual","Automatic"]'::jsonb,
  8.8,
  8.5
)

insert into public.vehicle_generations (
  id,
  model_id,
  code,
  start_year,
  end_year,
  facelift,
  production_countries,
  body_types,
  fuel_types,
  transmission_types,
  summary
)
values (
  'c71dd87d-1e19-12c6-c1b1-ba96225aa106',
  '1ff21693-2b2b-902a-895c-4999602b59da',
  'RA/RC',
  2002,
  2012,
  false,
  '{"Thailand","Japan"}'::text[],
  null,
  null,
  null,
  'First generation, highly durable workhorse.'
)

insert into public.vehicle_generations (
  id,
  model_id,
  code,
  start_year,
  end_year,
  facelift,
  production_countries,
  body_types,
  fuel_types,
  transmission_types,
  summary
)
values (
  '3f4c08db-b1bf-2e19-1194-ca00c8825d7e',
  '1ff21693-2b2b-902a-895c-4999602b59da',
  'RT',
  2012,
  2020,
  true,
  '{"Thailand","Japan"}'::text[],
  null,
  null,
  null,
  'Second generation, improved comfort and safety.'
)

insert into public.vehicle_generations (
  id,
  model_id,
  code,
  start_year,
  end_year,
  facelift,
  production_countries,
  body_types,
  fuel_types,
  transmission_types,
  summary
)
values (
  '995974af-382e-1958-0f39-36b346b74ae6',
  '1ff21693-2b2b-902a-895c-4999602b59da',
  'RG',
  2020,
  2024,
  false,
  '{"Thailand"}'::text[],
  null,
  null,
  null,
  'Third generation, major redesign with modern technology.'
)

insert into public.vehicle_insights (
  model_id,
  pros,
  cons,
  inspection_tips,
  notable_features,
  engine_examples,
  common_issues_by_engine,
  reliability_score,
  popularity_score
)
values (
  '1ff21693-2b2b-902a-895c-4999602b59da',
  '["Надежные дизельные двигатели","Высокая грузоподъемность","Отличная проходимость","Прочная рамная конструкция"]'::jsonb,
  '["Жесткая подвеска (без нагрузки)","Устаревшие технологии интерьера (старые поколения)","Высокий расход топлива в городском цикле"]'::jsonb,
  '["Проверить состояние рамы и креплений кузова на предмет ржавчины.","Проверить работоспособность раздаточной коробки 4x4.","Осмотреть форсунки и турбонагнетатель на двигателях 4JJ1/4JK1."]'::jsonb,
  '["Switchable 4WD system","Durable ladder frame chassis"]'::jsonb,
  '["4JJ1-TCX (3.0L Diesel)","4JK1-TC (2.5L Diesel)"]'::jsonb,
  '[{"engine_code":"4JJ1-TCX","common_issues_ru":["Проблемы с сажевым фильтром (DPF) при коротких поездках.","Выход из строя датчика давления топлива.","Износ цепи ГРМ при больших пробегах."]}]'::jsonb,
  null,
  null
)

insert into public.vehicle_models (
  id,
  make_id,
  slug,
  name_en,
  first_model_year,
  last_model_year,
  years_available,
  body_types_available,
  fuel_types_available,
  transmission_available,
  reliability_score,
  popularity_score
)
values (
  '6cbd7850-2f8b-a50a-6420-ddc66ee77a6d',
  '1d05bc01-3ff1-8070-49a7-a400c943c7fa',
  'trooper',
  'Trooper',
  1981,
  2002,
  '{"1991","1992","1993","1994","1995","1996","1997","1998","1999","2000","2001","2002"}'::int[],
  '["SUV"]'::jsonb,
  '["Diesel","Gasoline"]'::jsonb,
  '["Manual","Automatic"]'::jsonb,
  8,
  7.5
)

insert into public.vehicle_generations (
  id,
  model_id,
  code,
  start_year,
  end_year,
  facelift,
  production_countries,
  body_types,
  fuel_types,
  transmission_types,
  summary
)
values (
  'd4b08ced-fc50-88f1-e2ea-543bf6ceb78e',
  '6cbd7850-2f8b-a50a-6420-ddc66ee77a6d',
  'First Generation',
  1981,
  1991,
  false,
  '{"Japan"}'::text[],
  null,
  null,
  null,
  'Original rugged off-road SUV.'
)

insert into public.vehicle_generations (
  id,
  model_id,
  code,
  start_year,
  end_year,
  facelift,
  production_countries,
  body_types,
  fuel_types,
  transmission_types,
  summary
)
values (
  '70649c3e-f537-c576-8fae-5c996927cd65',
  '6cbd7850-2f8b-a50a-6420-ddc66ee77a6d',
  'UBS',
  1991,
  2002,
  true,
  '{"Japan","UK"}'::text[],
  null,
  null,
  null,
  'Second generation, more refined but retained capability.'
)

insert into public.vehicle_insights (
  model_id,
  pros,
  cons,
  inspection_tips,
  notable_features,
  engine_examples,
  common_issues_by_engine,
  reliability_score,
  popularity_score
)
values (
  '6cbd7850-2f8b-a50a-6420-ddc66ee77a6d',
  '["Чрезвычайно выносливый внедорожник","Просторный салон и багажное отделение","Простая и ремонтопригодная конструкция"]'::jsonb,
  '["Высокие эксплуатационные расходы (топливо)","Склонность к коррозии на старых моделях","Проблемы с управляемостью на высоких скоростях"]'::jsonb,
  '["Проверить рулевой механизм и тяги подвески на износ.","Тщательно осмотреть днище на предмет ржавчины и повреждений от бездорожья.","Проверить работу клапана EGR и электроники двигателя (4JX1)."]'::jsonb,
  '["Shift-on-the-fly 4WD","Heavy-duty construction"]'::jsonb,
  '["4JX1 (3.0L Diesel)","6VD1 (3.2L/3.5L V6 Gasoline)"]'::jsonb,
  '[{"engine_code":"4JX1","common_issues_ru":["Проблемы с топливными форсунками (инжекторами) Common Rail.","Выход из строя масляного насоса.","Засорение системы вентиляции картера."]}]'::jsonb,
  null,
  null
)

insert into public.vehicle_models (
  id,
  make_id,
  slug,
  name_en,
  first_model_year,
  last_model_year,
  years_available,
  body_types_available,
  fuel_types_available,
  transmission_available,
  reliability_score,
  popularity_score
)
values (
  '5a857cbb-e224-5ea4-7415-2c3649a11e3f',
  '1d05bc01-3ff1-8070-49a7-a400c943c7fa',
  'mux',
  'MU-X',
  2013,
  2024,
  '{"2013","2014","2015","2016","2017","2018","2019","2020","2021","2022","2023","2024"}'::int[],
  '["SUV"]'::jsonb,
  '["Diesel"]'::jsonb,
  '["Automatic"]'::jsonb,
  8.7,
  6.5
)

insert into public.vehicle_generations (
  id,
  model_id,
  code,
  start_year,
  end_year,
  facelift,
  production_countries,
  body_types,
  fuel_types,
  transmission_types,
  summary
)
values (
  '1630f328-cd53-3c2c-41b5-c63e19f2c3d2',
  '5a857cbb-e224-5ea4-7415-2c3649a11e3f',
  'First Generation',
  2013,
  2020,
  false,
  '{"Thailand"}'::text[],
  null,
  null,
  null,
  'Seven-seater SUV based on the D-Max platform.'
)

insert into public.vehicle_generations (
  id,
  model_id,
  code,
  start_year,
  end_year,
  facelift,
  production_countries,
  body_types,
  fuel_types,
  transmission_types,
  summary
)
values (
  '710cdbaf-160b-bc36-1579-28cb68b5ec59',
  '5a857cbb-e224-5ea4-7415-2c3649a11e3f',
  'Second Generation',
  2020,
  2024,
  false,
  '{"Thailand"}'::text[],
  null,
  null,
  null,
  'Completely modernized version with enhanced safety features.'
)

insert into public.vehicle_insights (
  model_id,
  pros,
  cons,
  inspection_tips,
  notable_features,
  engine_examples,
  common_issues_by_engine,
  reliability_score,
  popularity_score
)
values (
  '5a857cbb-e224-5ea4-7415-2c3649a11e3f',
  '["Современные функции по сравнению с базой D-Max","Вместимость 7 мест","Отличный дорожный просвет"]'::jsonb,
  '["Высокая цена","Недостаток изысканности, характерный для кроссоверов"]'::jsonb,
  '["Проверить обновления программного обеспечения информационно-развлекательной системы.","Осмотреть тормоза, так как автомобиль тяжелый.","Проверить состояние механизма складывания третьего ряда сидений."]'::jsonb,
  '["7-seater capacity","Advanced driver assistance systems (Newer models)"]'::jsonb,
  '["RZ4E-TC (1.9L Diesel)","4JJ3-TCX (3.0L Diesel)"]'::jsonb,
  '[{"engine_code":"RZ4E-TC","common_issues_ru":["Повышенный расход масла на ранних версиях.","Вибрации на холостом ходу.","Чувствительность к качеству дизельного топлива."]}]'::jsonb,
  null,
  null
)

insert into public.vehicle_makes (id, slug, name_en, country, segment_class, is_active, category_path)
values (
  'b756218c-e06e-47db-b654-0c06fd4ed8c6',
  'jac',
  'JAC',
  'China',
  'Crossover',
  true,
  '/passenger/crossovers'
)

insert into public.vehicle_models (
  id,
  make_id,
  slug,
  name_en,
  first_model_year,
  last_model_year,
  years_available,
  body_types_available,
  fuel_types_available,
  transmission_available,
  reliability_score,
  popularity_score
)
values (
  '66884fff-36cb-4a00-5af9-619ab4befc0f',
  'b756218c-e06e-47db-b654-0c06fd4ed8c6',
  'js4',
  'JS4',
  2020,
  2024,
  '{"2020","2021","2022","2023","2024"}'::int[],
  '["SUV"]'::jsonb,
  '["Gasoline"]'::jsonb,
  '["Manual","CVT"]'::jsonb,
  6.5,
  7.5
)

insert into public.vehicle_generations (
  id,
  model_id,
  code,
  start_year,
  end_year,
  facelift,
  production_countries,
  body_types,
  fuel_types,
  transmission_types,
  summary
)
values (
  'ec46796f-1eac-6027-eb8b-1d49b97de069',
  '66884fff-36cb-4a00-5af9-619ab4befc0f',
  'S4',
  2020,
  2024,
  false,
  '{"China","Kazakhstan"}'::text[],
  null,
  null,
  null,
  'Compact crossover, positioned for budget and mass markets, also known as JAC S4 in some regions.'
)

insert into public.vehicle_insights (
  model_id,
  pros,
  cons,
  inspection_tips,
  notable_features,
  engine_examples,
  common_issues_by_engine,
  reliability_score,
  popularity_score
)
values (
  '66884fff-36cb-4a00-5af9-619ab4befc0f',
  '["Современный дизайн экстерьера","Просторный салон для своего класса","Доступная цена и богатое оснащение"]'::jsonb,
  '["Слабая шумоизоляция","Жесткая подвеска на неровностях","Медленная работа мультимедийной системы"]'::jsonb,
  '["Проверить состояние вариатора (CVT) на предмет рывков при переключении","Оценить качество лакокрасочного покрытия (ЛКП), склонность к сколам","Внимательно проверить работу всех электронных помощников"]'::jsonb,
  '["Digital instrument cluster","Large panoramic sunroof (optional)"]'::jsonb,
  '["1.5L Turbo (150 hp)","1.6L NA (109 hp)"]'::jsonb,
  '[{"engine_code":"HFC4GB2.4E","common_issues_ru":["Возможные проблемы с надежностью турбокомпрессора при агрессивной эксплуатации","Повышенный расход масла после 50 тыс. км"]}]'::jsonb,
  null,
  null
)

insert into public.vehicle_models (
  id,
  make_id,
  slug,
  name_en,
  first_model_year,
  last_model_year,
  years_available,
  body_types_available,
  fuel_types_available,
  transmission_available,
  reliability_score,
  popularity_score
)
values (
  '5f0d8ccc-5e97-a4cf-7206-6a4086040313',
  'b756218c-e06e-47db-b654-0c06fd4ed8c6',
  'js6',
  'JS6',
  2021,
  2024,
  '{"2021","2022","2023","2024"}'::int[],
  '["SUV"]'::jsonb,
  '["Gasoline"]'::jsonb,
  '["DCT"]'::jsonb,
  6,
  6.8
)

insert into public.vehicle_generations (
  id,
  model_id,
  code,
  start_year,
  end_year,
  facelift,
  production_countries,
  body_types,
  fuel_types,
  transmission_types,
  summary
)
values (
  'b61d3128-9491-f07b-1f42-58e0e392a3a9',
  '5f0d8ccc-5e97-a4cf-7206-6a4086040313',
  'A+',
  2021,
  2024,
  false,
  '{"China"}'::text[],
  null,
  null,
  null,
  'Mid-size crossover built on a modular platform, featuring a more premium look and feel than the JS4.'
)

insert into public.vehicle_insights (
  model_id,
  pros,
  cons,
  inspection_tips,
  notable_features,
  engine_examples,
  common_issues_by_engine,
  reliability_score,
  popularity_score
)
values (
  '5f0d8ccc-5e97-a4cf-7206-6a4086040313',
  '["Энергоемкая и комфортная подвеска","Богатое оснащение даже в базовых версиях","Вместительный багажник"]'::jsonb,
  '["Высокий расход топлива в городском цикле","Недостаточная информативность рулевого управления","Проблемы с доступностью оригинальных запчастей"]'::jsonb,
  '["Оценить работу DCT на низких скоростях, проверить на наличие рывков","Проверить функционирование всех систем климат-контроля и подогревов","Обратить внимание на состояние тормозных дисков и колодок"]'::jsonb,
  '["Integrated large infotainment screen","Premium interior materials","Advanced driver assistance systems (ADAS)"]'::jsonb,
  '["1.5L Turbo (184 hp)"]'::jsonb,
  '[{"engine_code":"HFC4GC1.6D","common_issues_ru":["Случаи сбоев в работе роботизированной коробки передач (DCT) на ранних пробегах","Необходимость обновления прошивки блока управления двигателем для устранения ''задумчивости''"]}]'::jsonb,
  null,
  null
)

insert into public.vehicle_models (
  id,
  make_id,
  slug,
  name_en,
  first_model_year,
  last_model_year,
  years_available,
  body_types_available,
  fuel_types_available,
  transmission_available,
  reliability_score,
  popularity_score
)
values (
  '9ba33da1-777c-dd02-368d-3c6f4bf6cf77',
  'b756218c-e06e-47db-b654-0c06fd4ed8c6',
  'j7',
  'J7',
  2020,
  2024,
  '{"2020","2021","2022","2023","2024"}'::int[],
  '["Liftback"]'::jsonb,
  '["Gasoline"]'::jsonb,
  '["Manual","CVT"]'::jsonb,
  6.2,
  7
)

insert into public.vehicle_generations (
  id,
  model_id,
  code,
  start_year,
  end_year,
  facelift,
  production_countries,
  body_types,
  fuel_types,
  transmission_types,
  summary
)
values (
  'bae3459f-eaa1-da2a-8944-2bd015781581',
  '9ba33da1-777c-dd02-368d-3c6f4bf6cf77',
  'A5',
  2020,
  2024,
  false,
  '{"China"}'::text[],
  null,
  null,
  null,
  'Five-door liftback sedan offering practical cargo space and attractive fastback styling. Known as JAC A5 in China.'
)

insert into public.vehicle_insights (
  model_id,
  pros,
  cons,
  inspection_tips,
  notable_features,
  engine_examples,
  common_issues_by_engine,
  reliability_score,
  popularity_score
)
values (
  '9ba33da1-777c-dd02-368d-3c6f4bf6cf77',
  '["Стильный, неординарный внешний вид","Очень большой и практичный багажник","Хорошая динамика с турбомотором"]'::jsonb,
  '["Проблемы с качеством лакокрасочного покрытия (ЛКП)","Слабая эффективность головного света","Недостаточно мощная тормозная система"]'::jsonb,
  '["Проверить состояние турбины и наличие посторонних звуков","Оценить равномерность зазоров кузовных панелей","Убедиться в отсутствии запотевания на фарах и фонарях"]'::jsonb,
  '["Liftback tailgate for high practicality","Distinctive front fascia design (similar to Maserati)","Interior designed by former Alfa Romeo designer"]'::jsonb,
  '["1.5L Turbo (150 hp)"]'::jsonb,
  '[{"engine_code":"HFC4GB2.4E","common_issues_ru":["Повышенный уровень шума и вибрации от двигателя на холостых оборотах","Недостаточная долговечность подвесных элементов, особенно стоек стабилизатора"]}]'::jsonb,
  null,
  null
)

insert into public.vehicle_makes (id, slug, name_en, country, segment_class, is_active, category_path)
values (
  'fdd90ec6-7fc1-832c-8f9d-c997b92a0481',
  'jaecoo',
  'Jaecoo',
  'China',
  'Crossover Specialist',
  true,
  'Automotive/Passenger_Cars/SUV_Crossover'
)

insert into public.vehicle_models (
  id,
  make_id,
  slug,
  name_en,
  first_model_year,
  last_model_year,
  years_available,
  body_types_available,
  fuel_types_available,
  transmission_available,
  reliability_score,
  popularity_score
)
values (
  '7bf15a32-718d-9c0b-c308-86c5b80f2094',
  'fdd90ec6-7fc1-832c-8f9d-c997b92a0481',
  'j7',
  'J7',
  2023,
  2024,
  '{"2023","2024"}'::int[],
  '["SUV"]'::jsonb,
  '["Gasoline"]'::jsonb,
  '["Automatic","DCT"]'::jsonb,
  7.5,
  9
)

insert into public.vehicle_generations (
  id,
  model_id,
  code,
  start_year,
  end_year,
  facelift,
  production_countries,
  body_types,
  fuel_types,
  transmission_types,
  summary
)
values (
  '8524af9c-f845-9dca-4429-a0ed787657bc',
  '7bf15a32-718d-9c0b-c308-86c5b80f2094',
  'Gen1',
  2023,
  2024,
  false,
  '{"China"}'::text[],
  null,
  null,
  null,
  'First generation of the compact crossover, known for its rugged styling and technology package.'
)

insert into public.vehicle_insights (
  model_id,
  pros,
  cons,
  inspection_tips,
  notable_features,
  engine_examples,
  common_issues_by_engine,
  reliability_score,
  popularity_score
)
values (
  '7bf15a32-718d-9c0b-c308-86c5b80f2094',
  '["Современный дизайн и технологии","Комфортная подвеска","Богатое оснащение в базе"]'::jsonb,
  '["High fuel consumption for the 1.6T engine","New brand equity uncertainty","Limited availability of non-dealer spare parts"]'::jsonb,
  '["Проверить работу электроники и сенсорного экрана","Оценить состояние коробки передач DCT, особенно после тест-драйва на подъемах"]'::jsonb,
  '["Standard AWD availability","Large central infotainment screen","Robust exterior design"]'::jsonb,
  '["1.6T TGDI (SQRF4J16)"]'::jsonb,
  '[{"engine_code":"SQRF4J16","common_issues_ru":["Проблемы с ТНВД на ранних партиях","Перегрев коробки DCT при агрессивной езде","Необходимость обновления ПО для устранения мелких сбоев"]}]'::jsonb,
  null,
  null
)

insert into public.vehicle_models (
  id,
  make_id,
  slug,
  name_en,
  first_model_year,
  last_model_year,
  years_available,
  body_types_available,
  fuel_types_available,
  transmission_available,
  reliability_score,
  popularity_score
)
values (
  'ab887722-6ac2-775e-1286-933d43670c6e',
  'fdd90ec6-7fc1-832c-8f9d-c997b92a0481',
  'j8',
  'J8',
  2023,
  2024,
  '{"2023","2024"}'::int[],
  '["Full-Size SUV"]'::jsonb,
  '["Gasoline"]'::jsonb,
  '["Automatic","DCT"]'::jsonb,
  7,
  8
)

insert into public.vehicle_generations (
  id,
  model_id,
  code,
  start_year,
  end_year,
  facelift,
  production_countries,
  body_types,
  fuel_types,
  transmission_types,
  summary
)
values (
  'e7199416-5672-fb1e-70e1-7660c9c03464',
  'ab887722-6ac2-775e-1286-933d43670c6e',
  'Gen1',
  2023,
  2024,
  false,
  '{"China"}'::text[],
  null,
  null,
  null,
  'The flagship SUV model offering enhanced luxury and a powerful 2.0L engine option.'
)

insert into public.vehicle_insights (
  model_id,
  pros,
  cons,
  inspection_tips,
  notable_features,
  engine_examples,
  common_issues_by_engine,
  reliability_score,
  popularity_score
)
values (
  'ab887722-6ac2-775e-1286-933d43670c6e',
  '["Просторный салон и большой багажник","Мощный двигатель 2.0T","Премиальные материалы отделки"]'::jsonb,
  '["High price point compared to competitors","Potential high maintenance costs for the 2.0T engine","Stiff suspension settings reported by some drivers"]'::jsonb,
  '["Проверить работу всех ассистентов водителя и панорамной крыши","Осмотреть кузов на предмет зазоров (признак качества сборки)"]'::jsonb,
  '["Premium interior materials","Optional seven-seater configuration","Advanced safety systems"]'::jsonb,
  '["2.0T TGDI (SQRF4J20)"]'::jsonb,
  '[{"engine_code":"SQRF4J20","common_issues_ru":["Повышенный расход масла","Чувствительность к качеству топлива","Проблемы с шумоизоляцией колесных арок"]}]'::jsonb,
  null,
  null
)

insert into public.vehicle_models (
  id,
  make_id,
  slug,
  name_en,
  first_model_year,
  last_model_year,
  years_available,
  body_types_available,
  fuel_types_available,
  transmission_available,
  reliability_score,
  popularity_score
)
values (
  '36924810-b8f9-6297-7c27-3df5bb638418',
  'fdd90ec6-7fc1-832c-8f9d-c997b92a0481',
  'j6',
  'J6',
  2024,
  2024,
  '{"2024"}'::int[],
  '["Crossover"]'::jsonb,
  '["Electric","Gasoline"]'::jsonb,
  '["Automatic"]'::jsonb,
  8,
  6.5
)

insert into public.vehicle_generations (
  id,
  model_id,
  code,
  start_year,
  end_year,
  facelift,
  production_countries,
  body_types,
  fuel_types,
  transmission_types,
  summary
)
values (
  '16744057-35c3-7af0-eca8-63c572f6ccb2',
  '36924810-b8f9-6297-7c27-3df5bb638418',
  'Gen1',
  2024,
  2024,
  false,
  '{"China"}'::text[],
  null,
  null,
  null,
  'Compact model focusing on urban usability, often available with pure electric or plug-in hybrid powertrains.'
)

insert into public.vehicle_insights (
  model_id,
  pros,
  cons,
  inspection_tips,
  notable_features,
  engine_examples,
  common_issues_by_engine,
  reliability_score,
  popularity_score
)
values (
  '36924810-b8f9-6297-7c27-3df5bb638418',
  '["Компактные размеры для города","Экономичный расход топлива (для бензиновой версии)","Наличие электрической версии"]'::jsonb,
  '["Less cabin space than larger Jaecoo models","Basic trim levels may lack certain features","Limited range for the EV version (depending on specification)"]'::jsonb,
  '["Проверить состояние батареи (для EV версии)","Убедиться в отсутствии шумов от подвески на неровностях"]'::jsonb,
  '["Available in EV variant","Agile handling","Compact dimensions suitable for city driving"]'::jsonb,
  '["1.5L Turbo","Electric Motor"]'::jsonb,
  '[]'::jsonb,
  null,
  null
)

insert into public.vehicle_makes (id, slug, name_en, country, segment_class, is_active, category_path)
values (
  'e1ba151d-69ab-6a68-7246-ff78f791ef50',
  'jaguar',
  'Jaguar',
  'UK',
  'Luxury/Premium',
  true,
  'Premium'
)

insert into public.vehicle_models (
  id,
  make_id,
  slug,
  name_en,
  first_model_year,
  last_model_year,
  years_available,
  body_types_available,
  fuel_types_available,
  transmission_available,
  reliability_score,
  popularity_score
)
values (
  '8983747a-1709-7b45-91e8-e78d98bf6f0e',
  'e1ba151d-69ab-6a68-7246-ff78f791ef50',
  'f-pace',
  'F-Pace',
  2016,
  2024,
  '{"2016","2017","2018","2019","2020","2021","2022","2023","2024"}'::int[],
  '["SUV"]'::jsonb,
  '["Gasoline","Diesel","Hybrid"]'::jsonb,
  '["Automatic"]'::jsonb,
  7,
  8.5
)

insert into public.vehicle_generations (
  id,
  model_id,
  code,
  start_year,
  end_year,
  facelift,
  production_countries,
  body_types,
  fuel_types,
  transmission_types,
  summary
)
values (
  '07731357-bfeb-6006-305f-c4602bb76458',
  '8983747a-1709-7b45-91e8-e78d98bf6f0e',
  'X761',
  2016,
  2020,
  false,
  '{"UK","Austria"}'::text[],
  null,
  null,
  null,
  'First performance crossover by Jaguar, sharing platform components with the XE.'
)

insert into public.vehicle_generations (
  id,
  model_id,
  code,
  start_year,
  end_year,
  facelift,
  production_countries,
  body_types,
  fuel_types,
  transmission_types,
  summary
)
values (
  '07731357-bfeb-6006-305f-c4602bb76458',
  '8983747a-1709-7b45-91e8-e78d98bf6f0e',
  'X761',
  2020,
  2024,
  true,
  '{"UK"}'::text[],
  null,
  null,
  null,
  'Major interior and technology update, including the introduction of Pivi Pro infotainment.'
)

insert into public.vehicle_insights (
  model_id,
  pros,
  cons,
  inspection_tips,
  notable_features,
  engine_examples,
  common_issues_by_engine,
  reliability_score,
  popularity_score
)
values (
  '8983747a-1709-7b45-91e8-e78d98bf6f0e',
  '["Stylish design","Excellent handling for an SUV","Comfortable cabin"]'::jsonb,
  '["High maintenance costs","Infotainment system lag (pre-2021)","Small trunk volume compared to rivals"]'::jsonb,
  '["Check the condition of air suspension on V6/V8 models","Inspect the body carefully for hidden corrosion spots","Run diagnostics on electronics, especially the InControl system"]'::jsonb,
  '["Optional Adaptive Dynamics system","Available all-wheel drive"]'::jsonb,
  '["2.0 Ingenium Turbocharged I4","3.0 V6 Supercharged","5.0 V8 Supercharged"]'::jsonb,
  '[{"engine_code":"AJ200 (2.0L Ingenium)","common_issues_ru":["Проблемы с цепью ГРМ (ранние модели)","Утечки масла","Выход из строя ТНВД на дизелях"]}]'::jsonb,
  null,
  null
)

insert into public.vehicle_models (
  id,
  make_id,
  slug,
  name_en,
  first_model_year,
  last_model_year,
  years_available,
  body_types_available,
  fuel_types_available,
  transmission_available,
  reliability_score,
  popularity_score
)
values (
  '55455f11-1324-9f5a-8717-89e922c7cf81',
  'e1ba151d-69ab-6a68-7246-ff78f791ef50',
  'xf',
  'XF',
  2007,
  2024,
  '{"2007","2008","2009","2010","2011","2012","2013","2014","2015","2016","2017","2018","2019","2020","2021","2022","2023","2024"}'::int[],
  '["Sedan","Wagon"]'::jsonb,
  '["Gasoline","Diesel"]'::jsonb,
  '["Automatic"]'::jsonb,
  6.5,
  7.5
)

insert into public.vehicle_generations (
  id,
  model_id,
  code,
  start_year,
  end_year,
  facelift,
  production_countries,
  body_types,
  fuel_types,
  transmission_types,
  summary
)
values (
  '9ae0b61b-4551-c84a-9ad2-93fd8a85f962',
  '55455f11-1324-9f5a-8717-89e922c7cf81',
  'X250',
  2007,
  2015,
  false,
  '{"UK"}'::text[],
  null,
  null,
  null,
  'Replaced the S-Type, defining Jaguar''s modern design language and featuring a rotary gear selector.'
)

insert into public.vehicle_generations (
  id,
  model_id,
  code,
  start_year,
  end_year,
  facelift,
  production_countries,
  body_types,
  fuel_types,
  transmission_types,
  summary
)
values (
  'fda32455-88db-be94-7430-e125921eee68',
  '55455f11-1324-9f5a-8717-89e922c7cf81',
  'X260',
  2015,
  2020,
  false,
  '{"UK"}'::text[],
  null,
  null,
  null,
  'Switched to lightweight aluminum architecture (D7a), improving efficiency and dynamics.'
)

insert into public.vehicle_generations (
  id,
  model_id,
  code,
  start_year,
  end_year,
  facelift,
  production_countries,
  body_types,
  fuel_types,
  transmission_types,
  summary
)
values (
  'fda32455-88db-be94-7430-e125921eee68',
  '55455f11-1324-9f5a-8717-89e922c7cf81',
  'X260',
  2020,
  2024,
  true,
  '{"UK"}'::text[],
  null,
  null,
  null,
  'Interior refresh, adopting the Pivi Pro infotainment system and dropping V6 options.'
)

insert into public.vehicle_insights (
  model_id,
  pros,
  cons,
  inspection_tips,
  notable_features,
  engine_examples,
  common_issues_by_engine,
  reliability_score,
  popularity_score
)
values (
  '55455f11-1324-9f5a-8717-89e922c7cf81',
  '["Luxurious interior finish","Smooth ride quality","Strong performance from V6/V8 engines"]'::jsonb,
  '["Electrical gremlins (older models)","Rapid depreciation","Relatively small rear seat space (Gen 1)"]'::jsonb,
  '["Check the operation of the rotary gear selector (Gen 1)","Assess the condition of the aluminum body for poor repair work","Check for knocking sounds in the front suspension"]'::jsonb,
  '[]'::jsonb,
  '["3.0 V6 Supercharged","2.2 Diesel I4","5.0 V8 Supercharged"]'::jsonb,
  '[{"engine_code":"AJ126 (3.0L V6 Supercharged)","common_issues_ru":["Течь охлаждающей жидкости из-за износа пластиковых патрубков","Износ компрессора наддува"]},{"engine_code":"AJ340 (2.2L Diesel I4)","common_issues_ru":["Выход из строя масляного насоса","Проблемы с сажевым фильтром при городской эксплуатации"]}]'::jsonb,
  null,
  null
)

insert into public.vehicle_models (
  id,
  make_id,
  slug,
  name_en,
  first_model_year,
  last_model_year,
  years_available,
  body_types_available,
  fuel_types_available,
  transmission_available,
  reliability_score,
  popularity_score
)
values (
  'dfeaad57-4d72-c45e-bcd2-eb85768b6099',
  'e1ba151d-69ab-6a68-7246-ff78f791ef50',
  'xe',
  'XE',
  2015,
  2024,
  '{"2015","2016","2017","2018","2019","2020","2021","2022","2023","2024"}'::int[],
  '["Sedan"]'::jsonb,
  '["Gasoline","Diesel"]'::jsonb,
  '["Automatic"]'::jsonb,
  7.2,
  7
)

insert into public.vehicle_generations (
  id,
  model_id,
  code,
  start_year,
  end_year,
  facelift,
  production_countries,
  body_types,
  fuel_types,
  transmission_types,
  summary
)
values (
  '36af177d-5b42-b540-4c2a-b70f6561fdf6',
  'dfeaad57-4d72-c45e-bcd2-eb85768b6099',
  'X760',
  2015,
  2019,
  false,
  '{"UK"}'::text[],
  null,
  null,
  null,
  'Jaguar''s compact executive sedan, focused on driving dynamics and featuring an aluminum-intensive structure.'
)

insert into public.vehicle_generations (
  id,
  model_id,
  code,
  start_year,
  end_year,
  facelift,
  production_countries,
  body_types,
  fuel_types,
  transmission_types,
  summary
)
values (
  '36af177d-5b42-b540-4c2a-b70f6561fdf6',
  'dfeaad57-4d72-c45e-bcd2-eb85768b6099',
  'X760',
  2019,
  2024,
  true,
  '{"UK"}'::text[],
  null,
  null,
  null,
  'Significant interior update with Pivi Pro, simplifying the engine lineup to focus on Ingenium units.'
)

insert into public.vehicle_insights (
  model_id,
  pros,
  cons,
  inspection_tips,
  notable_features,
  engine_examples,
  common_issues_by_engine,
  reliability_score,
  popularity_score
)
values (
  'dfeaad57-4d72-c45e-bcd2-eb85768b6099',
  '["Best handling car in its class","High safety ratings","Fuel efficient Ingenium diesel engines"]'::jsonb,
  '["Cramped rear seats","Initial quality issues (pre-2017)","Smaller engine lineup post-facelift"]'::jsonb,
  '["Check the condition of the rear differential (on AWD models)","Assess wear on brake discs (common due to sporty driving)","Ensure there are no vibrations at idle (Ingenium issues)"]'::jsonb,
  '["Aluminum intensive chassis","Torque vectoring by braking"]'::jsonb,
  '["2.0 Ingenium Turbocharged I4","3.0 V6 Supercharged (early models)"]'::jsonb,
  '[{"engine_code":"AJ200 (2.0L Petrol Ingenium)","common_issues_ru":["Повышенный расход масла","Вибрации и шум на холостом ходу","Отказы системы охлаждения"]}]'::jsonb,
  null,
  null
)

insert into public.vehicle_makes (id, slug, name_en, country, segment_class, is_active, category_path)
values (
  'f9339390-dbed-d8ef-5abc-02f42295403e',
  'jeep',
  'Jeep',
  'USA',
  'SUV',
  true,
  'Passenger Car/SUV'
)

insert into public.vehicle_models (
  id,
  make_id,
  slug,
  name_en,
  first_model_year,
  last_model_year,
  years_available,
  body_types_available,
  fuel_types_available,
  transmission_available,
  reliability_score,
  popularity_score
)
values (
  '6c2361ce-32cf-0630-b6cb-ffbd919271ff',
  'f9339390-dbed-d8ef-5abc-02f42295403e',
  'grand-cherokee',
  'Grand Cherokee',
  1993,
  2024,
  '{"1993","1999","2005","2010","2015","2020","2024"}'::int[],
  '["SUV"]'::jsonb,
  '["Gasoline","Diesel","Hybrid"]'::jsonb,
  '["Automatic"]'::jsonb,
  7.5,
  9
)

insert into public.vehicle_generations (
  id,
  model_id,
  code,
  start_year,
  end_year,
  facelift,
  production_countries,
  body_types,
  fuel_types,
  transmission_types,
  summary
)
values (
  '23aa50ea-f678-fb93-7a1d-93dd4ee85e9a',
  '6c2361ce-32cf-0630-b6cb-ffbd919271ff',
  'WJ',
  1999,
  2004,
  false,
  '{"USA","Austria"}'::text[],
  null,
  null,
  null,
  'Third generation, known for solid axles and blending off-road capability with increasing luxury features.'
)

insert into public.vehicle_generations (
  id,
  model_id,
  code,
  start_year,
  end_year,
  facelift,
  production_countries,
  body_types,
  fuel_types,
  transmission_types,
  summary
)
values (
  'b2374655-0617-42d9-e72a-2e7a7135fc11',
  '6c2361ce-32cf-0630-b6cb-ffbd919271ff',
  'WK2',
  2010,
  2021,
  true,
  '{"USA"}'::text[],
  null,
  null,
  null,
  'Fourth generation, adopted a unibody construction and shared platform components with Mercedes-Benz ML-Class, significantly increasing on-road refinement.'
)

insert into public.vehicle_insights (
  model_id,
  pros,
  cons,
  inspection_tips,
  notable_features,
  engine_examples,
  common_issues_by_engine,
  reliability_score,
  popularity_score
)
values (
  '6c2361ce-32cf-0630-b6cb-ffbd919271ff',
  '["Отличная проходимость (особенно старые модели)","Мощные варианты двигателей (Hemi)","Комфортабельный салон","Узнаваемый дизайн"]'::jsonb,
  '["Высокий расход топлива (V8)","Проблемы с надежностью ранних пневмоподвесок","Дорогое обслуживание премиум-комплектаций"]'::jsonb,
  '["Проверить наличие ржавчины на раме (старые модели)","Осмотреть состояние компонентов пневмоподвески и компрессора","Проверить корректность работы раздаточной коробки (особенно на наличие шумов и заеданий)"]'::jsonb,
  '["Quadra-Trac II/Quadra-Drive 4WD systems","Available Hemi V8 engines","Premium Harman Kardon sound system"]'::jsonb,
  '["3.6L Pentastar V6","5.7L Hemi V8","3.0L EcoDiesel V6"]'::jsonb,
  '[{"engine_code":"3.6L Pentastar","common_issues_ru":["Течи масла из теплообменника","Проблемы с ГРМ (ранний износ цепи или роликов)","Выход из строя масляного насоса"]},{"engine_code":"5.7L Hemi V8","common_issues_ru":["Проблемы с системой MDS (отключение цилиндров)","Повышенный расход масла","Дефектные гидрокомпенсаторы"]}]'::jsonb,
  null,
  null
)

insert into public.vehicle_models (
  id,
  make_id,
  slug,
  name_en,
  first_model_year,
  last_model_year,
  years_available,
  body_types_available,
  fuel_types_available,
  transmission_available,
  reliability_score,
  popularity_score
)
values (
  '14470ac7-e612-1c19-e1ad-95efd3444216',
  'f9339390-dbed-d8ef-5abc-02f42295403e',
  'wrangler',
  'Wrangler',
  1987,
  2024,
  '{"1987","1997","2007","2018","2024"}'::int[],
  '["SUV","Off-Road Vehicle","Convertible"]'::jsonb,
  '["Gasoline","Diesel","Hybrid"]'::jsonb,
  '["Manual","Automatic"]'::jsonb,
  8,
  8.5
)

insert into public.vehicle_generations (
  id,
  model_id,
  code,
  start_year,
  end_year,
  facelift,
  production_countries,
  body_types,
  fuel_types,
  transmission_types,
  summary
)
values (
  '26700c62-2c33-2270-f8a4-b113e5dbbb93',
  '14470ac7-e612-1c19-e1ad-95efd3444216',
  'JL',
  2018,
  2024,
  false,
  '{"USA"}'::text[],
  null,
  null,
  null,
  'Fourth major generation, significantly modernized with improved on-road manners and technology, while retaining exceptional off-road capabilities.'
)

insert into public.vehicle_insights (
  model_id,
  pros,
  cons,
  inspection_tips,
  notable_features,
  engine_examples,
  common_issues_by_engine,
  reliability_score,
  popularity_score
)
values (
  '14470ac7-e612-1c19-e1ad-95efd3444216',
  '["Непревзойденная проходимость","Культовый, вневременной дизайн","Высокая остаточная стоимость","Съемный верх и двери"]'::jsonb,
  '["Плохая управляемость/комфорт на шоссе по сравнению с кроссоверами","Высокий уровень шума","Простые материалы салона (особенно до JL)"]'::jsonb,
  '["Проверить состояние элементов подвески после внедорожной эксплуатации","Осмотреть места крепления съемных панелей на предмет течей","Проверить трансмиссию на люфты и нештатные звуки"]'::jsonb,
  '["Solid axles (Dana)","Rock-Trac 4x4 system","Optional Rubicon trim specialized for rock crawling"]'::jsonb,
  '["2.0L Turbo I4","3.6L Pentastar V6","2.2L MultiJet Diesel"]'::jsonb,
  '[{"engine_code":"2.0L Turbo I4","common_issues_ru":["Повышенный расход антифриза (проблемы с теплообменником)","Отказы системы старт/стоп (eTorque)","Проблемы с турбиной"]},{"engine_code":"3.6L Pentastar","common_issues_ru":["Отказы маслоохладителя","Стуки в верхней части двигателя из-за рокеров"]}]'::jsonb,
  null,
  null
)

insert into public.vehicle_models (
  id,
  make_id,
  slug,
  name_en,
  first_model_year,
  last_model_year,
  years_available,
  body_types_available,
  fuel_types_available,
  transmission_available,
  reliability_score,
  popularity_score
)
values (
  '85c346e3-00e5-59a3-d172-6bdc87bbcae8',
  'f9339390-dbed-d8ef-5abc-02f42295403e',
  'cherokee',
  'Cherokee',
  1974,
  2023,
  '{"1974","1984","2002","2014","2023"}'::int[],
  '["SUV"]'::jsonb,
  '["Gasoline","Diesel"]'::jsonb,
  '["Automatic"]'::jsonb,
  7,
  7
)

insert into public.vehicle_generations (
  id,
  model_id,
  code,
  start_year,
  end_year,
  facelift,
  production_countries,
  body_types,
  fuel_types,
  transmission_types,
  summary
)
values (
  '535ba88b-1b68-ec68-4e57-08c9e2fc324c',
  '85c346e3-00e5-59a3-d172-6bdc87bbcae8',
  'KL',
  2014,
  2023,
  true,
  '{"USA","China"}'::text[],
  null,
  null,
  null,
  'Mid-size crossover built on Fiat Group architecture, known for its divisive styling and advanced AWD systems, replacing the Liberty nameplate in North America.'
)

insert into public.vehicle_insights (
  model_id,
  pros,
  cons,
  inspection_tips,
  notable_features,
  engine_examples,
  common_issues_by_engine,
  reliability_score,
  popularity_score
)
values (
  '85c346e3-00e5-59a3-d172-6bdc87bbcae8',
  '["Комфортное ежедневное вождение","Хорошая экономия топлива (4 цилиндра/дизель)","Эффективная система 4WD Selec-Terrain","Высокие рейтинги безопасности"]'::jsonb,
  '["Проблемы с надежностью 9-ступенчатой АКПП ZF на ранних моделях","Ограниченное грузовое пространство по сравнению с конкурентами","Спорный дизайн передней части"]'::jsonb,
  '["Обязательно проверить работу 9-ступенчатой АКПП на предмет рывков и задержек","Осмотреть подвеску (KL чувствителен к неровностям)","Проверить состояние системы полного привода и заднего редуктора"]'::jsonb,
  '["9-speed ZF automatic transmission","Jeep Active Drive Lock 4x4 system","Available off-road optimized Trailhawk trim"]'::jsonb,
  '["2.4L Tigershark I4","3.2L Pentastar V6","2.0L Turbo I4"]'::jsonb,
  '[{"engine_code":"2.4L Tigershark","common_issues_ru":["Чрезмерный расход масла","Проблемы с дроссельной заслонкой","Выход из строя MultiAir модуля"]},{"engine_code":"9-speed ZF","common_issues_ru":["Некорректное переключение передач","Программные сбои в блоке TCM","Выход из строя гидроблока"]}]'::jsonb,
  null,
  null
)

insert into public.vehicle_makes (id, slug, name_en, country, segment_class, is_active, category_path)
values (
  'e21a4838-f793-3310-b795-a1e3f5d188a1',
  'kgm',
  'KGM',
  'South Korea',
  'Mass Market',
  true,
  'Passenger Vehicles/SUV/Crossover'
)

insert into public.vehicle_models (
  id,
  make_id,
  slug,
  name_en,
  first_model_year,
  last_model_year,
  years_available,
  body_types_available,
  fuel_types_available,
  transmission_available,
  reliability_score,
  popularity_score
)
values (
  '80c764a3-1c14-de2f-8156-cf4c265216e3',
  'e21a4838-f793-3310-b795-a1e3f5d188a1',
  'tivoli',
  'Tivoli',
  2015,
  2024,
  '{"2015","2016","2017","2018","2019","2020","2021","2022","2023","2024"}'::int[],
  '["SUV"]'::jsonb,
  '["Gasoline","Diesel"]'::jsonb,
  '["Automatic","Manual"]'::jsonb,
  7,
  8.5
)

insert into public.vehicle_generations (
  id,
  model_id,
  code,
  start_year,
  end_year,
  facelift,
  production_countries,
  body_types,
  fuel_types,
  transmission_types,
  summary
)
values (
  '4e082c41-a383-4db6-b9e5-c47c7fad6c9e',
  '80c764a3-1c14-de2f-8156-cf4c265216e3',
  'C100/C150',
  2015,
  2024,
  false,
  '{"South Korea"}'::text[],
  null,
  null,
  null,
  'First generation of the subcompact crossover Tivoli, known for its stylish design and spacious interior relative to its size.'
)

insert into public.vehicle_generations (
  id,
  model_id,
  code,
  start_year,
  end_year,
  facelift,
  production_countries,
  body_types,
  fuel_types,
  transmission_types,
  summary
)
values (
  '7f15134c-7143-a181-df37-e82c04a93e30',
  '80c764a3-1c14-de2f-8156-cf4c265216e3',
  'C150',
  2019,
  2024,
  true,
  '{"South Korea"}'::text[],
  null,
  null,
  null,
  'Major facelift introducing new engines (1.5L turbo petrol) and updated exterior/interior styling.'
)

insert into public.vehicle_insights (
  model_id,
  pros,
  cons,
  inspection_tips,
  notable_features,
  engine_examples,
  common_issues_by_engine,
  reliability_score,
  popularity_score
)
values (
  '80c764a3-1c14-de2f-8156-cf4c265216e3',
  '["Стильный дизайн и современный внешний вид","Высокий клиренс","Богатое оснащение даже в базовых комплектациях"]'::jsonb,
  '["Жесткая подвеска","Посредственная шумоизоляция","Медленная работа автоматической коробки передач"]'::jsonb,
  '["Проверить работу электроники и мультимедийной системы","Оценить состояние сальников привода (особенно при полном приводе)","Проверить отсутствие стуков в задней подвеске"]'::jsonb,
  '["Seven airbags standard","Large trunk capacity for a subcompact SUV","Multiple interior color customization options"]'::jsonb,
  '["1.6L GDI I4 (Gasoline)","1.6L e-XDi I4 (Diesel)"]'::jsonb,
  '[{"engine_code":"1.6 e-XDi","common_issues_ru":["Слабый масляный насос","Проблемы с цепью ГРМ (на ранних моделях)","Чувствительность к качеству дизельного топлива"]},{"engine_code":"1.6 GDI","common_issues_ru":["Повышенный расход масла","Шумная работа на холостом ходу","Сбои в работе топливной аппаратуры"]}]'::jsonb,
  null,
  null
)

insert into public.vehicle_models (
  id,
  make_id,
  slug,
  name_en,
  first_model_year,
  last_model_year,
  years_available,
  body_types_available,
  fuel_types_available,
  transmission_available,
  reliability_score,
  popularity_score
)
values (
  'b30f28e5-4e6d-7772-a33e-789175b39a6e',
  'e21a4838-f793-3310-b795-a1e3f5d188a1',
  'rexton',
  'Rexton',
  2017,
  2024,
  '{"2017","2018","2019","2020","2021","2022","2023","2024"}'::int[],
  '["SUV"]'::jsonb,
  '["Diesel","Gasoline"]'::jsonb,
  '["Automatic","Manual"]'::jsonb,
  7.5,
  7.8
)

insert into public.vehicle_generations (
  id,
  model_id,
  code,
  start_year,
  end_year,
  facelift,
  production_countries,
  body_types,
  fuel_types,
  transmission_types,
  summary
)
values (
  '1093e1d9-18d3-8094-1fbc-5ae145df9aba',
  'b30f28e5-4e6d-7772-a33e-789175b39a6e',
  'Y400',
  2017,
  2024,
  false,
  '{"South Korea"}'::text[],
  null,
  null,
  null,
  'The fourth generation (G4) Rexton, marketed as a premium body-on-frame SUV with luxurious features and serious off-road capabilities.'
)

insert into public.vehicle_insights (
  model_id,
  pros,
  cons,
  inspection_tips,
  notable_features,
  engine_examples,
  common_issues_by_engine,
  reliability_score,
  popularity_score
)
values (
  'b30f28e5-4e6d-7772-a33e-789175b39a6e',
  '["Высокая проходимость и надежная рамная конструкция","Просторный салон и возможность установки третьего ряда сидений","Комфортная подвеска для длительных поездок"]'::jsonb,
  '["Большой радиус поворота","Высокая стоимость обслуживания дизельных версий","Посредственная управляемость на высоких скоростях"]'::jsonb,
  '["Тщательно проверить состояние рамы на предмет коррозии (особенно в зонах крепления)","Проверить работу полного привода и понижающей передачи","Оценить состояние АКПП (Mercedes-Benz 7G-Tronic или Aisin)"]'::jsonb,
  '["Body-on-frame construction","High towing capacity","Available luxurious interior trim (e.g., quilted leather)"]'::jsonb,
  '["2.2L e-XDi 220 I4 (Diesel)","2.0L GDI Turbo I4 (Gasoline)"]'::jsonb,
  '[{"engine_code":"2.2 e-XDi","common_issues_ru":["Проблемы с клапаном EGR и сажевым фильтром","Течи масла из-под прокладок","Сбои в работе топливных форсунок при использовании некачественного дизеля"]},{"engine_code":"2.0 GDI Turbo","common_issues_ru":["Высокий расход топлива в городском цикле","Сложности с турбокомпрессором на больших пробегах"]}]'::jsonb,
  null,
  null
)

insert into public.vehicle_models (
  id,
  make_id,
  slug,
  name_en,
  first_model_year,
  last_model_year,
  years_available,
  body_types_available,
  fuel_types_available,
  transmission_available,
  reliability_score,
  popularity_score
)
values (
  '668e154f-7fb2-205e-c6bf-ec7104833e60',
  'e21a4838-f793-3310-b795-a1e3f5d188a1',
  'korando',
  'Korando',
  2019,
  2024,
  '{"2019","2020","2021","2022","2023","2024"}'::int[],
  '["SUV"]'::jsonb,
  '["Gasoline","Diesel","Electric"]'::jsonb,
  '["Automatic","Manual","CVT"]'::jsonb,
  7.2,
  8
)

insert into public.vehicle_generations (
  id,
  model_id,
  code,
  start_year,
  end_year,
  facelift,
  production_countries,
  body_types,
  fuel_types,
  transmission_types,
  summary
)
values (
  '765dfb30-74b1-3b7b-5191-2feabf321a08',
  '668e154f-7fb2-205e-c6bf-ec7104833e60',
  'C300',
  2019,
  2024,
  false,
  '{"South Korea"}'::text[],
  null,
  null,
  null,
  'The fourth modern generation of the Korando (C300), featuring a completely redesigned platform, modern safety systems, and electrified options (e-Motion).'
)

insert into public.vehicle_insights (
  model_id,
  pros,
  cons,
  inspection_tips,
  notable_features,
  engine_examples,
  common_issues_by_engine,
  reliability_score,
  popularity_score
)
values (
  '668e154f-7fb2-205e-c6bf-ec7104833e60',
  '["Современный и привлекательный дизайн","Высокий уровень безопасности (Euro NCAP 5 звезд)","Комфортный салон с качественными материалами"]'::jsonb,
  '["Слабая динамика при полной загрузке (1.5 T-GDI)","Недостаточно информативное рулевое управление","Иногда рывки робота DCT"]'::jsonb,
  '["Проверить плавность переключения роботизированной коробки (DCT)","Оценить состояние лакокрасочного покрытия (тонкий слой)","Убедиться в отсутствии ошибок по блоку управления двигателем"]'::jsonb,
  '["Level 2 autonomous driving features available","Digital cockpit display","Available as a pure electric vehicle (Korando e-Motion)"]'::jsonb,
  '["1.5L GDI Turbo I4 (Gasoline)","1.6L e-XDi I4 (Diesel)"]'::jsonb,
  '[{"engine_code":"1.5 T-GDI","common_issues_ru":["Жалобы на повышенный расход масла (на ранних выпусках)","Сбои в работе актуатора турбины","Неравномерная работа на холостом ходу"]},{"engine_code":"1.6 e-XDi","common_issues_ru":["Вибрации на низких оборотах","Проблемы с системой AdBlue (на версиях для ЕС)"]}]'::jsonb,
  null,
  null
)

insert into public.vehicle_makes (id, slug, name_en, country, segment_class, is_active, category_path)
values (
  'cd8aa7e1-5653-b6b5-aa96-453eeea6243c',
  'ktm',
  'KTM',
  'Austria',
  'S - Sport',
  true,
  'Sportscars / Specialty'
)

insert into public.vehicle_models (
  id,
  make_id,
  slug,
  name_en,
  first_model_year,
  last_model_year,
  years_available,
  body_types_available,
  fuel_types_available,
  transmission_available,
  reliability_score,
  popularity_score
)
values (
  '5539d9ad-467d-f20c-0bce-c40dda32e11b',
  'cd8aa7e1-5653-b6b5-aa96-453eeea6243c',
  'x-bow',
  'X-Bow',
  2008,
  2020,
  '{"2008","2009","2010","2011","2012","2013","2014","2015","2016","2017","2018","2019","2020"}'::int[],
  '["Roadster","Barchetta"]'::jsonb,
  '["Gasoline"]'::jsonb,
  '["Manual","Automated Manual (DSG)"]'::jsonb,
  7.5,
  5.5
)

insert into public.vehicle_generations (
  id,
  model_id,
  code,
  start_year,
  end_year,
  facelift,
  production_countries,
  body_types,
  fuel_types,
  transmission_types,
  summary
)
values (
  'f6fa2d0d-db09-e2d4-ea14-2fb3bf494ec3',
  '5539d9ad-467d-f20c-0bce-c40dda32e11b',
  'Base/R/RR',
  2008,
  2020,
  false,
  '{"Austria"}'::text[],
  null,
  null,
  null,
  'Lightweight, high-performance track car utilizing Audi powerplants and featuring a carbon monocoque chassis.'
)

insert into public.vehicle_insights (
  model_id,
  pros,
  cons,
  inspection_tips,
  notable_features,
  engine_examples,
  common_issues_by_engine,
  reliability_score,
  popularity_score
)
values (
  '5539d9ad-467d-f20c-0bce-c40dda32e11b',
  '["Феноменальная управляемость","Низкий вес и высокая мощность (отличное соотношение)","Эксклюзивность"]'::jsonb,
  '["Очень высокая стоимость обслуживания","Отсутствие комфорта и защиты от непогоды (базовая версия)","Требует специальных навыков вождения"]'::jsonb,
  '["Тщательно проверить состояние карбонового монокока на наличие трещин после трек-дней","Проверить работу подвески (сложная конструкция)","Оценить износ гоночных компонентов (тормоза, сцепление)"]'::jsonb,
  '["Carbon monocoque chassis","Pushrod suspension system","Audi TFSI engines"]'::jsonb,
  '["2.0 TFSI (Audi S3 derived)","2.0 TFSI 300 hp (X-Bow R)"]'::jsonb,
  '[{"engine_code":"EA113 (2.0 TFSI)","common_issues_ru":["Повышенный расход масла","Проблемы с ТНВД (топливный насос высокого давления)","Загрязнение впускных клапанов нагаром"]}]'::jsonb,
  null,
  null
)

insert into public.vehicle_models (
  id,
  make_id,
  slug,
  name_en,
  first_model_year,
  last_model_year,
  years_available,
  body_types_available,
  fuel_types_available,
  transmission_available,
  reliability_score,
  popularity_score
)
values (
  '5aef80d9-37a4-7335-3e3d-2b3c08684673',
  'cd8aa7e1-5653-b6b5-aa96-453eeea6243c',
  'x-bow-gt',
  'X-Bow GT',
  2013,
  2022,
  '{"2013","2014","2015","2016","2017","2018","2019","2020","2021","2022"}'::int[],
  '["Roadster"]'::jsonb,
  '["Gasoline"]'::jsonb,
  '["Manual","Automated Manual (DSG)"]'::jsonb,
  7.5,
  4.5
)

insert into public.vehicle_generations (
  id,
  model_id,
  code,
  start_year,
  end_year,
  facelift,
  production_countries,
  body_types,
  fuel_types,
  transmission_types,
  summary
)
values (
  '787cd62e-d0f9-c65f-6a37-7405209e011b',
  '5aef80d9-37a4-7335-3e3d-2b3c08684673',
  'GT',
  2013,
  2022,
  false,
  '{"Austria"}'::text[],
  null,
  null,
  null,
  'A more civilized, road-focused version of the X-Bow featuring a wraparound windshield and increased weather protection.'
)

insert into public.vehicle_insights (
  model_id,
  pros,
  cons,
  inspection_tips,
  notable_features,
  engine_examples,
  common_issues_by_engine,
  reliability_score,
  popularity_score
)
values (
  '5aef80d9-37a4-7335-3e3d-2b3c08684673',
  '["Гораздо удобнее для дорожного использования, чем версия R","Исключительная динамика при относительном ''комфорте''","Оригинальный внешний вид"]'::jsonb,
  '["Сложность обслуживания Audi-двигателя в нестандартной компоновке","Высокая цена","Ограниченная практичность"]'::jsonb,
  '["Проверить герметичность крепления ветрового стекла","Убедиться в отсутствии коррозии на открытых металлических элементах (рама)","Внимательно изучить историю эксплуатации (трек или дорога)"]'::jsonb,
  '["Wraparound windshield","Heater (optional)","Increased weather protection"]'::jsonb,
  '["2.0 TFSI (285 hp, later increased)"]'::jsonb,
  '[{"engine_code":"EA113 (2.0 TFSI)","common_issues_ru":["Сбои в работе электронного блока управления (связано с кастомной прошивкой)","Проблемы с термостатом","Быстрый износ сцепления (если МКПП)"]}]'::jsonb,
  null,
  null
)

insert into public.vehicle_models (
  id,
  make_id,
  slug,
  name_en,
  first_model_year,
  last_model_year,
  years_available,
  body_types_available,
  fuel_types_available,
  transmission_available,
  reliability_score,
  popularity_score
)
values (
  '9ca20a51-fc49-79b8-f083-150cc45e6e50',
  'cd8aa7e1-5653-b6b5-aa96-453eeea6243c',
  'x-bow-gtx-gt2',
  'X-Bow GTX/GT2',
  2020,
  2024,
  '{"2020","2021","2022","2023","2024"}'::int[],
  '["Coupe (Closed Canopy)","Race Car"]'::jsonb,
  '["Gasoline"]'::jsonb,
  '["Sequential Racing"]'::jsonb,
  8,
  3
)

insert into public.vehicle_generations (
  id,
  model_id,
  code,
  start_year,
  end_year,
  facelift,
  production_countries,
  body_types,
  fuel_types,
  transmission_types,
  summary
)
values (
  '3708b8a8-a192-dafe-9978-e096dd312881',
  '9ca20a51-fc49-79b8-f083-150cc45e6e50',
  'GTX/GT2',
  2020,
  2024,
  false,
  '{"Austria"}'::text[],
  null,
  null,
  null,
  'Dedicated closed-cockpit racing version built to GT racing regulations, featuring the powerful Audi five-cylinder engine.'
)

insert into public.vehicle_insights (
  model_id,
  pros,
  cons,
  inspection_tips,
  notable_features,
  engine_examples,
  common_issues_by_engine,
  reliability_score,
  popularity_score
)
values (
  '9ca20a51-fc49-79b8-f083-150cc45e6e50',
  '["Гоночные технологии и безопасность","Мощный 5-цилиндровый двигатель Audi","Высочайшая производительность на треке"]'::jsonb,
  '["Не предназначен для дорог общего пользования","Требует полного гоночного обслуживания","Чрезвычайно высокая стоимость владения"]'::jsonb,
  '["Проверить наличие омологации и срок действия гоночных компонентов (ремни, сиденья)","Оценить состояние секвентальной коробки передач (дорогой ремонт)","Изучить логи ЭБУ после последних гоночных сессий"]'::jsonb,
  '["Audi 2.5L TFSI I5 engine","Hollinger sequential gearbox","FIA Homologated GT racing chassis"]'::jsonb,
  '["2.5 TFSI I5 (DAZA/DNWA variants, highly tuned)"]'::jsonb,
  '[{"engine_code":"EA855 (2.5 TFSI I5)","common_issues_ru":["Перегрев масла в условиях гонки","Проблемы с давлением наддува (турбина)","Сложности с настройкой топливной карты после модернизаций"]}]'::jsonb,
  null,
  null
)

insert into public.vehicle_makes (id, slug, name_en, country, segment_class, is_active, category_path)
values (
  '1edfe80f-7e3c-53cc-3cf4-450fdaa2db40',
  'kaipan',
  'Kaipan',
  'Czech Republic',
  'Roadster / Kit Car Manufacturer',
  true,
  '/roadster/kit_car'
)

insert into public.vehicle_models (
  id,
  make_id,
  slug,
  name_en,
  first_model_year,
  last_model_year,
  years_available,
  body_types_available,
  fuel_types_available,
  transmission_available,
  reliability_score,
  popularity_score
)
values (
  '9eace626-00ca-86c3-0750-fcd8b28fe720',
  '1edfe80f-7e3c-53cc-3cf4-450fdaa2db40',
  'kaipan-57',
  'Kaipan 57',
  2007,
  2023,
  '{"2007","2008","2009","2010","2011","2012","2013","2014","2015","2016","2017","2018","2019","2020","2021","2022","2023"}'::int[],
  '["Roadster"]'::jsonb,
  '["Gasoline"]'::jsonb,
  '["Manual"]'::jsonb,
  7,
  5
)

insert into public.vehicle_generations (
  id,
  model_id,
  code,
  start_year,
  end_year,
  facelift,
  production_countries,
  body_types,
  fuel_types,
  transmission_types,
  summary
)
values (
  '0b2f6515-4980-3868-e6f1-9ddcd70451c4',
  '9eace626-00ca-86c3-0750-fcd8b28fe720',
  'MKI',
  2007,
  2023,
  false,
  '{"Czech Republic"}'::text[],
  null,
  null,
  null,
  'Kit car resembling the Lotus Seven, built primarily on Skoda Octavia and Fabia components.'
)

insert into public.vehicle_insights (
  model_id,
  pros,
  cons,
  inspection_tips,
  notable_features,
  engine_examples,
  common_issues_by_engine,
  reliability_score,
  popularity_score
)
values (
  '9eace626-00ca-86c3-0750-fcd8b28fe720',
  '["Легкий вес и отличная динамика","Простота обслуживания (использование агрегатов Skoda)","Уникальный внешний вид"]'::jsonb,
  '["Очень низкий уровень комфорта","Плохая защита от непогоды","Сложности с регистрацией как серийного автомобиля"]'::jsonb,
  '["Проверить качество сборки рамы, так как это кит-кар","Оценить состояние компонентов Skoda, особенно подвески и трансмиссии","Проверить наличие всех необходимых документов для регистрации"]'::jsonb,
  '["High power-to-weight ratio","Easily serviceable using widely available VAG parts"]'::jsonb,
  '["1.6 MPI (Skoda)","1.8 T (Skoda)"]'::jsonb,
  '[{"engine_code":"AEE / AKL (Skoda 1.6 MPI)","common_issues_ru":["Проблемы с дроссельной заслонкой","Утечки масла","Нестабильный холостой ход"]}]'::jsonb,
  null,
  null
)

insert into public.vehicle_models (
  id,
  make_id,
  slug,
  name_en,
  first_model_year,
  last_model_year,
  years_available,
  body_types_available,
  fuel_types_available,
  transmission_available,
  reliability_score,
  popularity_score
)
values (
  'a4236385-3b7f-960b-adbc-bc103a97da07',
  '1edfe80f-7e3c-53cc-3cf4-450fdaa2db40',
  'kaipan-14',
  'Kaipan 14',
  1997,
  2011,
  '{"1997","1998","1999","2000","2001","2002","2003","2004","2005","2006","2007","2008","2009","2010","2011"}'::int[],
  '["Roadster"]'::jsonb,
  '["Gasoline"]'::jsonb,
  '["Manual"]'::jsonb,
  7.5,
  4.5
)

insert into public.vehicle_generations (
  id,
  model_id,
  code,
  start_year,
  end_year,
  facelift,
  production_countries,
  body_types,
  fuel_types,
  transmission_types,
  summary
)
values (
  '8c8223c8-da23-a6ef-034a-54be3bc6d022',
  'a4236385-3b7f-960b-adbc-bc103a97da07',
  'MK1',
  1997,
  2011,
  false,
  '{"Czech Republic"}'::text[],
  null,
  null,
  null,
  'Original Kaipan model based on the mechanicals of the Skoda Favorit and Felicia.'
)

insert into public.vehicle_insights (
  model_id,
  pros,
  cons,
  inspection_tips,
  notable_features,
  engine_examples,
  common_issues_by_engine,
  reliability_score,
  popularity_score
)
values (
  'a4236385-3b7f-960b-adbc-bc103a97da07',
  '["Чрезвычайно простая конструкция","Очень доступные запчасти (Skoda Felicia)","Отлично подходит для трека"]'::jsonb,
  '["Очень старые базовые агрегаты","Низкая пассивная безопасность","Слабая коррозионная стойкость оригинальных компонентов"]'::jsonb,
  '["Особое внимание уделить состоянию кузовных панелей из стеклопластика","Проверить наличие ржавчины на раме","Проверить работу старой карбюраторной/моновпрысковой системы"]'::jsonb,
  '["Simple, lightweight design","Extremely low cost of ownership due to Skoda Favorit heritage"]'::jsonb,
  '["1.3 L OHV (Skoda)"]'::jsonb,
  '[{"engine_code":"781 / 742 (Skoda 1.3 OHV)","common_issues_ru":["Перегрев при длительных нагрузках","Стук клапанов","Проблемы с водяной помпой"]}]'::jsonb,
  null,
  null
)

insert into public.vehicle_models (
  id,
  make_id,
  slug,
  name_en,
  first_model_year,
  last_model_year,
  years_available,
  body_types_available,
  fuel_types_available,
  transmission_available,
  reliability_score,
  popularity_score
)
values (
  'ef7289c0-dde6-7619-f897-639d0ffb7812',
  '1edfe80f-7e3c-53cc-3cf4-450fdaa2db40',
  'kaipan-16',
  'Kaipan 16',
  2006,
  2023,
  '{"2006","2007","2008","2009","2010","2011","2012","2013","2014","2015","2016","2017","2018","2019","2020","2021","2022","2023"}'::int[],
  '["Roadster"]'::jsonb,
  '["Gasoline"]'::jsonb,
  '["Manual"]'::jsonb,
  7.2,
  4.8
)

insert into public.vehicle_generations (
  id,
  model_id,
  code,
  start_year,
  end_year,
  facelift,
  production_countries,
  body_types,
  fuel_types,
  transmission_types,
  summary
)
values (
  'aeee067e-0f7d-5b4a-2c4e-877dc4cc3e91',
  'ef7289c0-dde6-7619-f897-639d0ffb7812',
  'MK1',
  2006,
  2023,
  false,
  '{"Czech Republic"}'::text[],
  null,
  null,
  null,
  'Modern roadster based on the mechanical platform of the Skoda Fabia Mk1/Mk2.'
)

insert into public.vehicle_insights (
  model_id,
  pros,
  cons,
  inspection_tips,
  notable_features,
  engine_examples,
  common_issues_by_engine,
  reliability_score,
  popularity_score
)
values (
  'ef7289c0-dde6-7619-f897-639d0ffb7812',
  '["Более современная и безопасная база (Skoda Fabia)","Улучшенная эргономика по сравнению с 57-й моделью","Отличная управляемость"]'::jsonb,
  '["Сложности с поиском сервиса, не знакомого с кит-карами","Небольшой багажник","Высокая цена для автомобиля такого класса"]'::jsonb,
  '["Убедиться, что все электронные системы, взятые от донора Fabia, работают корректно","Проверить крепление кузова к раме","Оценить износ тормозной системы"]'::jsonb,
  '["More conventional, integrated styling compared to the 57","Uses modern safety and electronic features from the Fabia platform"]'::jsonb,
  '["1.4 L MPI (Skoda)","1.2 TSI (Skoda)"]'::jsonb,
  '[{"engine_code":"AUA / BBY (Skoda 1.4 MPI)","common_issues_ru":["Повышенный расход масла","Проблемы с катушками зажигания","Датчик положения коленвала"]}]'::jsonb,
  null,
  null
)

insert into public.vehicle_makes (id, slug, name_en, country, segment_class, is_active, category_path)
values (
  '78c5b557-9a4d-4c67-6b9f-cda5431797bb',
  'kia',
  'Kia',
  'South Korea',
  'Mass Market',
  true,
  'Passenger Vehicles/Cars/SUVs & Crossovers'
)

insert into public.vehicle_models (
  id,
  make_id,
  slug,
  name_en,
  first_model_year,
  last_model_year,
  years_available,
  body_types_available,
  fuel_types_available,
  transmission_available,
  reliability_score,
  popularity_score
)
values (
  'c38130b8-5cec-9a29-34e8-1df4e101fb7b',
  '78c5b557-9a4d-4c67-6b9f-cda5431797bb',
  'sportage',
  'Sportage',
  2004,
  2024,
  '{"2010","2011","2012","2013","2014","2015","2016","2017","2018","2019","2020","2021","2022","2023","2024"}'::int[],
  '["SUV","Crossover"]'::jsonb,
  '["Gasoline","Diesel"]'::jsonb,
  '["Automatic","Manual","Robotized"]'::jsonb,
  8,
  9.2
)

insert into public.vehicle_generations (
  id,
  model_id,
  code,
  start_year,
  end_year,
  facelift,
  production_countries,
  body_types,
  fuel_types,
  transmission_types,
  summary
)
values (
  '99f2af24-5962-ac79-e2b0-da06ccba55d2',
  'c38130b8-5cec-9a29-34e8-1df4e101fb7b',
  'SL',
  2010,
  2016,
  false,
  '{"Slovakia","South Korea"}'::text[],
  null,
  null,
  null,
  'Third generation, marked a significant shift towards European design and quality.'
)

insert into public.vehicle_generations (
  id,
  model_id,
  code,
  start_year,
  end_year,
  facelift,
  production_countries,
  body_types,
  fuel_types,
  transmission_types,
  summary
)
values (
  '25af109f-4a54-52c9-f36e-56f5f09f6d36',
  'c38130b8-5cec-9a29-34e8-1df4e101fb7b',
  'QL',
  2015,
  2021,
  false,
  '{"Slovakia","South Korea"}'::text[],
  null,
  null,
  null,
  'Fourth generation, introducing updated safety features and connectivity.'
)

insert into public.vehicle_insights (
  model_id,
  pros,
  cons,
  inspection_tips,
  notable_features,
  engine_examples,
  common_issues_by_engine,
  reliability_score,
  popularity_score
)
values (
  'c38130b8-5cec-9a29-34e8-1df4e101fb7b',
  '["Надежные атмосферные двигатели (до 150 тыс. км)","Богатое оснащение даже в средних комплектациях","Просторный салон и большой багажник"]'::jsonb,
  '["Слабая шумоизоляция (особенно колесных арок)","Высокая склонность к сколам и царапинам на ЛКП","Жесткая подвеска на моделях с большими дисками"]'::jsonb,
  '["Проверить работу муфты полного привода (если есть)","Оценить состояние катализатора (наличие стуков или запаха)","Диагностировать рулевую рейку на наличие стуков и люфтов"]'::jsonb,
  '["Stylish design (Peter Schreyer era)","Available AWD system","High ground clearance"]'::jsonb,
  '["2.0 MPI (150 hp)","1.6 T-GDI (177 hp)","2.0 CRDi (185 hp)"]'::jsonb,
  '[{"engine_code":"G4NA (2.0 MPI)","common_issues_ru":["Выход из строя катализатора","Риск задиров в цилиндрах при агрессивной езде и плохом масле","Стук поршней на холодную"]},{"engine_code":"D4HA (2.0 CRDi)","common_issues_ru":["Проблемы с сажевым фильтром (DPF) при городской эксплуатации","Слабые пьезофорсунки (требуют качественного топлива)"]}]'::jsonb,
  null,
  null
)

insert into public.vehicle_models (
  id,
  make_id,
  slug,
  name_en,
  first_model_year,
  last_model_year,
  years_available,
  body_types_available,
  fuel_types_available,
  transmission_available,
  reliability_score,
  popularity_score
)
values (
  'd3640915-69d2-89fb-764a-e65ccbf8d28b',
  '78c5b557-9a4d-4c67-6b9f-cda5431797bb',
  'ceed',
  'Ceed',
  2006,
  2024,
  '{"2012","2013","2014","2015","2016","2017","2018","2019","2020","2021","2022","2023","2024"}'::int[],
  '["Hatchback","Wagon"]'::jsonb,
  '["Gasoline","Diesel"]'::jsonb,
  '["Automatic","Manual","Robotized"]'::jsonb,
  8.5,
  8.5
)

insert into public.vehicle_generations (
  id,
  model_id,
  code,
  start_year,
  end_year,
  facelift,
  production_countries,
  body_types,
  fuel_types,
  transmission_types,
  summary
)
values (
  '95015785-5055-f5c7-25f1-e762ecc21b17',
  'd3640915-69d2-89fb-764a-e65ccbf8d28b',
  'JD',
  2012,
  2018,
  false,
  '{"Slovakia"}'::text[],
  null,
  null,
  null,
  'Second generation, focused on quality improvement and European driving characteristics.'
)

insert into public.vehicle_generations (
  id,
  model_id,
  code,
  start_year,
  end_year,
  facelift,
  production_countries,
  body_types,
  fuel_types,
  transmission_types,
  summary
)
values (
  '3c94f4f8-b5e0-a917-a77c-1358b0395bec',
  'd3640915-69d2-89fb-764a-e65ccbf8d28b',
  'CD',
  2018,
  2024,
  false,
  '{"Slovakia"}'::text[],
  null,
  null,
  null,
  'Third generation, renamed ''Ceed'' (dropping the apostrophe), featuring advanced safety tech.'
)

insert into public.vehicle_insights (
  model_id,
  pros,
  cons,
  inspection_tips,
  notable_features,
  engine_examples,
  common_issues_by_engine,
  reliability_score,
  popularity_score
)
values (
  'd3640915-69d2-89fb-764a-e65ccbf8d28b',
  '["Отличная управляемость","Высокая надежность атмосферных двигателей","Качественный, эргономичный салон","Большой выбор кузовов (хэтчбек, универсал)"]'::jsonb,
  '["Жесткая подвеска на плохом асфальте","Слабый головной свет (галоген)","Быстрый износ тормозных дисков и колодок"]'::jsonb,
  '["Проверить на наличие коррозии под пластиковыми накладками порогов","Осмотреть рулевую рейку на предмет стуков (частая проблема)","Проверить состояние ЛКП передней части (склонность к сколам)"]'::jsonb,
  '["Euro NCAP 5-star rating","GT Line performance models","7-year/150,000 km warranty (initially)"]'::jsonb,
  '["1.4 MPI (100 hp)","1.6 GDI (135 hp)","1.6 CRDi (128 hp)"]'::jsonb,
  '[{"engine_code":"G4FG (1.6 MPI)","common_issues_ru":["Слабый ресурс катализатора при частых холостых оборотах","Стук гидрокомпенсаторов (на ранних выпусках)","Повышенный расход масла после 150 тыс. км"]},{"engine_code":"U2 D4FB (1.6 CRDi)","common_issues_ru":["Сбои в работе топливной аппаратуры Bosch","Загрязнение клапана EGR"]}]'::jsonb,
  null,
  null
)

insert into public.vehicle_models (
  id,
  make_id,
  slug,
  name_en,
  first_model_year,
  last_model_year,
  years_available,
  body_types_available,
  fuel_types_available,
  transmission_available,
  reliability_score,
  popularity_score
)
values (
  'd9ef04ab-4e7e-5db2-c907-c3def32939ae',
  '78c5b557-9a4d-4c67-6b9f-cda5431797bb',
  'rio',
  'Rio',
  2000,
  2024,
  '{"2011","2012","2013","2014","2015","2016","2017","2018","2019","2020","2021","2022","2023","2024"}'::int[],
  '["Sedan","Hatchback"]'::jsonb,
  '["Gasoline"]'::jsonb,
  '["Automatic","Manual"]'::jsonb,
  9,
  9.5
)

insert into public.vehicle_generations (
  id,
  model_id,
  code,
  start_year,
  end_year,
  facelift,
  production_countries,
  body_types,
  fuel_types,
  transmission_types,
  summary
)
values (
  'c45c390a-5991-423a-0c9c-3b9472c87f83',
  'd9ef04ab-4e7e-5db2-c907-c3def32939ae',
  'FB (K2)',
  2011,
  2017,
  false,
  '{"Russia","South Korea"}'::text[],
  null,
  null,
  null,
  'Third generation (Russia/CIS version), known for reliability and adaptation to poor roads.'
)

insert into public.vehicle_generations (
  id,
  model_id,
  code,
  start_year,
  end_year,
  facelift,
  production_countries,
  body_types,
  fuel_types,
  transmission_types,
  summary
)
values (
  '22f836a0-6038-d07a-e04c-fa2fcf315bc1',
  'd9ef04ab-4e7e-5db2-c907-c3def32939ae',
  'YB (K2)',
  2017,
  2024,
  false,
  '{"Russia","South Korea"}'::text[],
  null,
  null,
  null,
  'Fourth generation, improved safety and comfort features while retaining mechanical simplicity.'
)

insert into public.vehicle_insights (
  model_id,
  pros,
  cons,
  inspection_tips,
  notable_features,
  engine_examples,
  common_issues_by_engine,
  reliability_score,
  popularity_score
)
values (
  'd9ef04ab-4e7e-5db2-c907-c3def32939ae',
  '["Высочайшая надежность и ресурс","Дешевизна в обслуживании","Идеальная ликвидность на вторичном рынке","Адаптация к плохому бензину и дорогам"]'::jsonb,
  '["Очень слабая шумоизоляция","Дешевый пластик в салоне (особенно на ранних версиях)","Склонность к коррозии задних арок и порогов при отсутствии защиты"]'::jsonb,
  '["Проверить состояние тормозных магистралей (подвержены коррозии)","Осмотреть кузов на предмет ржавчины под резиновыми уплотнителями","Убедиться в отсутствии стука в передней подвеске (стойки стабилизатора)"]'::jsonb,
  '["High ground clearance for CIS markets","Extreme reliability and durability","Low maintenance costs"]'::jsonb,
  '["1.4 MPI (100 hp)","1.6 MPI (123 hp)"]'::jsonb,
  '[{"engine_code":"G4FC (1.6 MPI)","common_issues_ru":["Редкие проблемы с натяжителем цепи ГРМ после 100 тыс. км","Повышенный шум от двигателя при износе цепи","Необходимость чистки дроссельной заслонки"]},{"engine_code":"G4LC (1.4 MPI)","common_issues_ru":["Вибрация двигателя на холостом ходу","Слабая тяга на низких оборотах"]}]'::jsonb,
  null,
  null
)

insert into public.vehicle_makes (id, slug, name_en, country, segment_class, is_active, category_path)
values (
  'b39013fc-c5e1-4f55-0cfd-fb0fc2745591',
  'koenigsegg',
  'Koenigsegg',
  'Sweden',
  'S',
  true,
  'Cars/Supercars'
)

insert into public.vehicle_models (
  id,
  make_id,
  slug,
  name_en,
  first_model_year,
  last_model_year,
  years_available,
  body_types_available,
  fuel_types_available,
  transmission_available,
  reliability_score,
  popularity_score
)
values (
  '03f71e92-25bd-9453-ed28-d0fc9d307a97',
  'b39013fc-c5e1-4f55-0cfd-fb0fc2745591',
  'agera',
  'Agera',
  2011,
  2018,
  '{"2011","2012","2013","2014","2015","2016","2017","2018"}'::int[],
  '["Coupe","Targa"]'::jsonb,
  '["Gasoline","E85"]'::jsonb,
  '["Automatic"]'::jsonb,
  9.5,
  5
)

insert into public.vehicle_generations (
  id,
  model_id,
  code,
  start_year,
  end_year,
  facelift,
  production_countries,
  body_types,
  fuel_types,
  transmission_types,
  summary
)
values (
  '15c31bae-3ecb-0271-859c-c3b9979a3083',
  '03f71e92-25bd-9453-ed28-d0fc9d307a97',
  'CGS',
  2011,
  2014,
  false,
  '{"Sweden"}'::text[],
  null,
  null,
  null,
  'The initial Agera and Agera R models, featuring Koenigsegg''s in-house 5.0L V8.'
)

insert into public.vehicle_generations (
  id,
  model_id,
  code,
  start_year,
  end_year,
  facelift,
  production_countries,
  body_types,
  fuel_types,
  transmission_types,
  summary
)
values (
  'f3fb4536-f7bb-1af7-005e-cc18cee952be',
  '03f71e92-25bd-9453-ed28-d0fc9d307a97',
  'CGS-RS',
  2015,
  2018,
  true,
  '{"Sweden"}'::text[],
  null,
  null,
  null,
  'More extreme variants including the Agera RS and One:1, focusing on lightweight and record performance.'
)

insert into public.vehicle_insights (
  model_id,
  pros,
  cons,
  inspection_tips,
  notable_features,
  engine_examples,
  common_issues_by_engine,
  reliability_score,
  popularity_score
)
values (
  '03f71e92-25bd-9453-ed28-d0fc9d307a97',
  '["Исключительная производительность и динамика","Высокая эксклюзивность и коллекционная ценность","Передовые инженерные решения"]'::jsonb,
  '["Чрезвычайно высокая стоимость обслуживания и запасных частей","Очень ограниченная практичность для ежедневного использования","Сложность поиска квалифицированного сервиса вне Европы"]'::jsonb,
  '["Тщательно проверьте историю обслуживания, требуются официальные дилерские записи","Осмотрите карбоновые кузовные панели на наличие микротрещин","Проверьте работу системы подъемного механизма Targa крыши"]'::jsonb,
  '["Triplex suspension system","Removable Targa top","High power-to-weight ratio"]'::jsonb,
  '["5.0L Twin-Turbo V8"]'::jsonb,
  '[{"engine_code":"5.0L V8TT","common_issues_ru":["Проблемы с управлением высокой температурой в моторном отсеке","Износ сцепления из-за высокой мощности и агрессивного вождения"]}]'::jsonb,
  null,
  null
)

insert into public.vehicle_models (
  id,
  make_id,
  slug,
  name_en,
  first_model_year,
  last_model_year,
  years_available,
  body_types_available,
  fuel_types_available,
  transmission_available,
  reliability_score,
  popularity_score
)
values (
  'e00416ad-ae1a-420c-4ee0-c8e7ea8a9c8a',
  'b39013fc-c5e1-4f55-0cfd-fb0fc2745591',
  'regera',
  'Regera',
  2016,
  2022,
  '{"2016","2017","2018","2019","2020","2021","2022"}'::int[],
  '["Coupe"]'::jsonb,
  '["Gasoline","Hybrid"]'::jsonb,
  '["Koenigsegg Direct Drive (KDD)"]'::jsonb,
  9.3,
  4.5
)

insert into public.vehicle_generations (
  id,
  model_id,
  code,
  start_year,
  end_year,
  facelift,
  production_countries,
  body_types,
  fuel_types,
  transmission_types,
  summary
)
values (
  'cf650333-994c-d359-9241-ebb8c8db36b9',
  'e00416ad-ae1a-420c-4ee0-c8e7ea8a9c8a',
  'Regera',
  2016,
  2022,
  false,
  '{"Sweden"}'::text[],
  null,
  null,
  null,
  'A limited-production hybrid mega-car focusing on luxury and immense power, featuring the innovative Koenigsegg Direct Drive system.'
)

insert into public.vehicle_insights (
  model_id,
  pros,
  cons,
  inspection_tips,
  notable_features,
  engine_examples,
  common_issues_by_engine,
  reliability_score,
  popularity_score
)
values (
  'e00416ad-ae1a-420c-4ee0-c8e7ea8a9c8a',
  '["Революционная система трансмиссии без коробки передач","Невероятный крутящий момент благодаря гибридной установке","Ориентированность на комфорт (Hyper-GT)"]'::jsonb,
  '["Уникальная трансмиссия KDD требует узкоспециализированного обслуживания","Очень высокая сложность гибридной системы","Ограниченный обзор назад"]'::jsonb,
  '["Проверьте состояние электрических компонентов и зарядной системы","Обратите внимание на плавность работы KDD при различных скоростях","Убедитесь в функциональности системы «Autoskin» (автоматические двери и капоты)"]'::jsonb,
  '["Koenigsegg Direct Drive (KDD)","Autoskin system","Total output exceeding 1500 hp"]'::jsonb,
  '["5.0L V8 Twin-Turbo + 3 electric motors"]'::jsonb,
  '[{"engine_code":"KDD Hybrid","common_issues_ru":["Программные сбои в системе управления KDD (Koenigsegg Direct Drive)","Требования к обслуживанию высоковольтной батареи"]}]'::jsonb,
  null,
  null
)

insert into public.vehicle_models (
  id,
  make_id,
  slug,
  name_en,
  first_model_year,
  last_model_year,
  years_available,
  body_types_available,
  fuel_types_available,
  transmission_available,
  reliability_score,
  popularity_score
)
values (
  '943009db-3edf-f7c6-0953-fd7cc40c9a1c',
  'b39013fc-c5e1-4f55-0cfd-fb0fc2745591',
  'jesko',
  'Jesko',
  2022,
  2024,
  '{"2022","2023","2024"}'::int[],
  '["Coupe"]'::jsonb,
  '["Gasoline","E85"]'::jsonb,
  '["Light Speed Transmission (LST)"]'::jsonb,
  9.6,
  5.5
)

insert into public.vehicle_generations (
  id,
  model_id,
  code,
  start_year,
  end_year,
  facelift,
  production_countries,
  body_types,
  fuel_types,
  transmission_types,
  summary
)
values (
  '467b00cd-4c36-0be8-e0fe-f51b20b1bcde',
  '943009db-3edf-f7c6-0953-fd7cc40c9a1c',
  'Jesko',
  2022,
  0,
  false,
  '{"Sweden"}'::text[],
  null,
  null,
  null,
  'Koenigsegg''s current flagship, designed as a replacement for the Agera, featuring the 9-speed Light Speed Transmission (LST).'
)

insert into public.vehicle_insights (
  model_id,
  pros,
  cons,
  inspection_tips,
  notable_features,
  engine_examples,
  common_issues_by_engine,
  reliability_score,
  popularity_score
)
values (
  '943009db-3edf-f7c6-0953-fd7cc40c9a1c',
  '["Самый передовой Koenigsegg на сегодняшний день","Потенциал для достижения скорости 300+ миль/ч (версия Absolut)","Инновационная 9-ступенчатая трансмиссия с мгновенным переключением"]'::jsonb,
  '["Чрезвычайно ограниченная доступность и длительное ожидание","Очень высокая стоимость расходных материалов (шины, тормоза)","Экстремальный характер (особенно Attack) непригоден для дорог общего пользования"]'::jsonb,
  '["Проверить состояние 9-ступенчатой коробки LST, убедиться в отсутствии задержек переключения","Оценить работу активной аэродинамики","Требуется тщательный осмотр кузова на предмет повреждений от гравия, учитывая высокую скорость"]'::jsonb,
  '["Light Speed Transmission (LST)","Flat-plane crank engine","Active rear steering"]'::jsonb,
  '["5.0L Twin-Turbo V8 (Flat-plane crank)"]'::jsonb,
  '[{"engine_code":"LST V8","common_issues_ru":["Требования к точности синхронизации для трансмиссии LST при экстремальных нагрузках","Стресс на структурные компоненты шасси при использовании максимальной прижимной силы (версия Attack)"]}]'::jsonb,
  null,
  null
)

insert into public.vehicle_makes (id, slug, name_en, country, segment_class, is_active, category_path)
values (
  '200cda3c-65fd-efdb-c251-5c9e5416d471',
  'korres',
  'Korres',
  'Greece',
  'Mass Market Premium',
  true,
  'Passenger Vehicles/Cars/EU/Premium'
)

insert into public.vehicle_models (
  id,
  make_id,
  slug,
  name_en,
  first_model_year,
  last_model_year,
  years_available,
  body_types_available,
  fuel_types_available,
  transmission_available,
  reliability_score,
  popularity_score
)
values (
  'c86b1f4d-cdd5-a77d-3514-b2a51e372c75',
  '200cda3c-65fd-efdb-c251-5c9e5416d471',
  'titan',
  'Titan',
  2018,
  2024,
  '{"2018","2019","2020","2021","2022","2023","2024"}'::int[],
  '["SUV","Crossover"]'::jsonb,
  '["Gasoline","Diesel","Hybrid"]'::jsonb,
  '["Automatic","Manual"]'::jsonb,
  8.8,
  9.5
)

insert into public.vehicle_generations (
  id,
  model_id,
  code,
  start_year,
  end_year,
  facelift,
  production_countries,
  body_types,
  fuel_types,
  transmission_types,
  summary
)
values (
  '58069fe4-e430-b580-342d-800799c5cfd6',
  'c86b1f4d-cdd5-a77d-3514-b2a51e372c75',
  'KRTN-G1',
  2018,
  2024,
  false,
  '{"Germany","Slovakia"}'::text[],
  null,
  null,
  null,
  'Flagship large SUV known for high safety standards and advanced tech features, targeting the premium family segment.'
)

insert into public.vehicle_insights (
  model_id,
  pros,
  cons,
  inspection_tips,
  notable_features,
  engine_examples,
  common_issues_by_engine,
  reliability_score,
  popularity_score
)
values (
  'c86b1f4d-cdd5-a77d-3514-b2a51e372c75',
  '["Комфортная подвеска","Просторный салон","Надежные дизельные двигатели"]'::jsonb,
  '["Высокая стоимость обслуживания","Проблемы с электроникой в ранних моделях","Чувствительность к качеству топлива"]'::jsonb,
  '["Проверить работу панорамного люка","Осмотреть на предмет коррозии задней двери","Проверить состояние пневмоподвески"]'::jsonb,
  '["Advanced Driver Assistance Systems (ADAS)","Acoustic Glass","Panoramic Glass Roof"]'::jsonb,
  '["2.0T Petrol","2.2L Diesel KRD22"]'::jsonb,
  '[{"engine_code":"KP20","common_issues_ru":["Преждевременный износ цепи ГРМ","Проблемы с турбонагнетателем"]},{"engine_code":"KRD22","common_issues_ru":["Засорение клапана EGR","Выход из строя сажевого фильтра (DPF)"]}]'::jsonb,
  null,
  null
)

insert into public.vehicle_models (
  id,
  make_id,
  slug,
  name_en,
  first_model_year,
  last_model_year,
  years_available,
  body_types_available,
  fuel_types_available,
  transmission_available,
  reliability_score,
  popularity_score
)
values (
  'd54b60c7-ca4b-38eb-9e37-79fb60d94a4f',
  '200cda3c-65fd-efdb-c251-5c9e5416d471',
  'zenith',
  'Zenith',
  2015,
  2023,
  '{"2015","2016","2017","2018","2019","2020","2021","2022","2023"}'::int[],
  '["Hatchback 5-door"]'::jsonb,
  '["Gasoline"]'::jsonb,
  '["Manual","CVT"]'::jsonb,
  9.2,
  9.8
)

insert into public.vehicle_generations (
  id,
  model_id,
  code,
  start_year,
  end_year,
  facelift,
  production_countries,
  body_types,
  fuel_types,
  transmission_types,
  summary
)
values (
  '7c4c69fc-ed64-ab92-8eb8-2a35cfc5d616',
  'd54b60c7-ca4b-38eb-9e37-79fb60d94a4f',
  'KRZN-G2',
  2015,
  2020,
  false,
  '{"Czech Republic"}'::text[],
  null,
  null,
  null,
  'Reliable and fuel-efficient compact car, popular in Eastern European cities due to low running costs.'
)

insert into public.vehicle_generations (
  id,
  model_id,
  code,
  start_year,
  end_year,
  facelift,
  production_countries,
  body_types,
  fuel_types,
  transmission_types,
  summary
)
values (
  'd4961013-d7fb-08ec-0d30-612eccc9672c',
  'd54b60c7-ca4b-38eb-9e37-79fb60d94a4f',
  'KRZN-G2.5',
  2021,
  2023,
  true,
  '{"Czech Republic"}'::text[],
  null,
  null,
  null,
  'Mid-cycle refresh improving infotainment system and exterior styling.'
)

insert into public.vehicle_insights (
  model_id,
  pros,
  cons,
  inspection_tips,
  notable_features,
  engine_examples,
  common_issues_by_engine,
  reliability_score,
  popularity_score
)
values (
  'd54b60c7-ca4b-38eb-9e37-79fb60d94a4f',
  '["Низкий расход топлива","Дешевые запчасти","Простая конструкция"]'::jsonb,
  '["Плохая шумоизоляция","Тесный задний ряд","Слабый лакокрасочный слой"]'::jsonb,
  '["Проверить состояние вариатора (если CVT)","Осмотреть пороги на предмет ржавчины","Диагностировать стуки в передней подвеске"]'::jsonb,
  '["Small turning radius","Standard Apple CarPlay/Android Auto (post-2018)"]'::jsonb,
  '["1.6L Petrol (K16)","1.0T EcoBoost"]'::jsonb,
  '[{"engine_code":"K16","common_issues_ru":["Повышенный расход масла после 150,000 км","Проблемы с модулем зажигания"]}]'::jsonb,
  null,
  null
)

insert into public.vehicle_models (
  id,
  make_id,
  slug,
  name_en,
  first_model_year,
  last_model_year,
  years_available,
  body_types_available,
  fuel_types_available,
  transmission_available,
  reliability_score,
  popularity_score
)
values (
  'bbc501fa-78fd-37e1-1b86-95a183a67c26',
  '200cda3c-65fd-efdb-c251-5c9e5416d471',
  'astraios',
  'Astraios',
  2019,
  2024,
  '{"2019","2020","2021","2022","2023","2024"}'::int[],
  '["Sedan","Wagon"]'::jsonb,
  '["Gasoline","Diesel"]'::jsonb,
  '["Automatic (DCT)"]'::jsonb,
  8,
  8.5
)

insert into public.vehicle_generations (
  id,
  model_id,
  code,
  start_year,
  end_year,
  facelift,
  production_countries,
  body_types,
  fuel_types,
  transmission_types,
  summary
)
values (
  '97d09aa8-0139-50f3-17e8-300f923baa0d',
  'bbc501fa-78fd-37e1-1b86-95a183a67c26',
  'KRAI-G1',
  2019,
  2024,
  false,
  '{"Turkey"}'::text[],
  null,
  null,
  null,
  'Mid-size sedan offering comfort and competitive pricing, popular among fleet and family buyers in the CIS market.'
)

insert into public.vehicle_insights (
  model_id,
  pros,
  cons,
  inspection_tips,
  notable_features,
  engine_examples,
  common_issues_by_engine,
  reliability_score,
  popularity_score
)
values (
  'bbc501fa-78fd-37e1-1b86-95a183a67c26',
  '["Большой багажник","Отличный крутящий момент у дизелей","Современный интерьер"]'::jsonb,
  '["Жесткая подвеска на плохих дорогах","Сложности с DCT коробкой","Дороговизна оригинальных кузовных запчастей"]'::jsonb,
  '["Проверить коробку передач DCT на рывки при переключении","Оценить состояние тормозных дисков","Проверить работу системы климат-контроля (частые отказы)"]'::jsonb,
  '["Optional massage seats","High-definition digital cockpit","Standard LED lighting"]'::jsonb,
  '["1.5L Turbo K15T","1.9L Diesel"]'::jsonb,
  '[{"engine_code":"K15T","common_issues_ru":["Потеря мощности из-за загрязнения впускного коллектора","Сбои в работе топливного насоса высокого давления"]},{"engine_code":"KRDT","common_issues_ru":["Проблемы с турбиной после 180,000 км","Необходимость регулярной чистки топливной системы"]}]'::jsonb,
  null,
  null
)

insert into public.vehicle_makes (id, slug, name_en, country, segment_class, is_active, category_path)
values (
  '5277ef57-72ee-c3d2-b52b-3be2805d1ce2',
  'lada',
  'Lada',
  'Russia',
  'Mass Market',
  true,
  '/passenger-cars/mass-market'
)

insert into public.vehicle_models (
  id,
  make_id,
  slug,
  name_en,
  first_model_year,
  last_model_year,
  years_available,
  body_types_available,
  fuel_types_available,
  transmission_available,
  reliability_score,
  popularity_score
)
values (
  'f66cb72e-ddc8-a69d-57b8-308009c69e9f',
  '5277ef57-72ee-c3d2-b52b-3be2805d1ce2',
  'vesta',
  'Vesta',
  2015,
  2024,
  '{"2015","2016","2017","2018","2019","2020","2021","2022","2023","2024"}'::int[],
  '["Sedan","SW","SW Cross"]'::jsonb,
  '["Gasoline","CNG"]'::jsonb,
  '["Manual","AMT","CVT"]'::jsonb,
  7.5,
  9
)

insert into public.vehicle_generations (
  id,
  model_id,
  code,
  start_year,
  end_year,
  facelift,
  production_countries,
  body_types,
  fuel_types,
  transmission_types,
  summary
)
values (
  '6e185707-0012-5ccd-9ee7-d4a49997a677',
  'f66cb72e-ddc8-a69d-57b8-308009c69e9f',
  'G1',
  2015,
  2022,
  false,
  '{"Russia","Kazakhstan"}'::text[],
  null,
  null,
  null,
  'The first modern Lada model, built on the Lada B/C platform, establishing the X-style design language.'
)

insert into public.vehicle_generations (
  id,
  model_id,
  code,
  start_year,
  end_year,
  facelift,
  production_countries,
  body_types,
  fuel_types,
  transmission_types,
  summary
)
values (
  '0e13d08f-c6f0-0d2c-e0d4-7acb31395340',
  'f66cb72e-ddc8-a69d-57b8-308009c69e9f',
  'G1FL',
  2022,
  2024,
  true,
  '{"Russia"}'::text[],
  null,
  null,
  null,
  'Deep modernization (Vesta NG) focusing on interior quality, electronics, and localizing components.'
)

insert into public.vehicle_insights (
  model_id,
  pros,
  cons,
  inspection_tips,
  notable_features,
  engine_examples,
  common_issues_by_engine,
  reliability_score,
  popularity_score
)
values (
  'f66cb72e-ddc8-a69d-57b8-308009c69e9f',
  '["Доступная цена","Высокий дорожный просвет","Легко ремонтируется","Экономичность"]'::jsonb,
  '["Плохая шумоизоляция","Ненадежная АМТ (на ранних моделях)","Низкое качество пластика салона"]'::jsonb,
  '["Проверить состояние радиатора и термостата.","Осмотреть надежность актуатора роботизированной трансмиссии.","Искать очаги коррозии на крышке багажника и порогах."]'::jsonb,
  '["X-style design language","Availability of factory CNG version","Relatively modern platform"]'::jsonb,
  '["1.6L (VAZ-21129)","1.8L (VAZ-21179)","1.6L (Renault K4M)"]'::jsonb,
  '[{"engine_code":"21129","common_issues_ru":["Течи масла из-под клапанной крышки","Нестабильный холостой ход","Быстрый износ ремня ГРМ"]},{"engine_code":"21179","common_issues_ru":["Высокий расход масла (масложор)","Проблемы с фазовращателем","Шумность работы"]}]'::jsonb,
  null,
  null
)

insert into public.vehicle_models (
  id,
  make_id,
  slug,
  name_en,
  first_model_year,
  last_model_year,
  years_available,
  body_types_available,
  fuel_types_available,
  transmission_available,
  reliability_score,
  popularity_score
)
values (
  '5d4e6584-be57-611a-ca7f-47159d1ea159',
  '5277ef57-72ee-c3d2-b52b-3be2805d1ce2',
  'granta',
  'Granta',
  2011,
  2024,
  '{"2011","2012","2013","2014","2015","2016","2017","2018","2019","2020","2021","2022","2023","2024"}'::int[],
  '["Sedan","Liftback","Hatchback","SW"]'::jsonb,
  '["Gasoline"]'::jsonb,
  '["Manual","Automatic","AMT"]'::jsonb,
  8,
  9.5
)

insert into public.vehicle_generations (
  id,
  model_id,
  code,
  start_year,
  end_year,
  facelift,
  production_countries,
  body_types,
  fuel_types,
  transmission_types,
  summary
)
values (
  'f18d3e52-c797-86ba-f88d-2bfa011e8dc9',
  '5d4e6584-be57-611a-ca7f-47159d1ea159',
  '2190',
  2011,
  2018,
  false,
  '{"Russia"}'::text[],
  null,
  null,
  null,
  'Ultra-budget sedan based on the Kalina platform, positioned as the successor to Samara.'
)

insert into public.vehicle_generations (
  id,
  model_id,
  code,
  start_year,
  end_year,
  facelift,
  production_countries,
  body_types,
  fuel_types,
  transmission_types,
  summary
)
values (
  '18ae2ec4-b248-5ce4-f41b-0a637616b710',
  '5d4e6584-be57-611a-ca7f-47159d1ea159',
  'FL',
  2018,
  2024,
  true,
  '{"Russia"}'::text[],
  null,
  null,
  null,
  'Facelifted version with the unified Vesta-style front fascia; consolidated lineup after phasing out Kalina.'
)

insert into public.vehicle_insights (
  model_id,
  pros,
  cons,
  inspection_tips,
  notable_features,
  engine_examples,
  common_issues_by_engine,
  reliability_score,
  popularity_score
)
values (
  '5d4e6584-be57-611a-ca7f-47159d1ea159',
  '["Чрезвычайно низкая стоимость эксплуатации","Доступность и дешевизна запчастей","Простая и ремонтопригодная конструкция двигателя","Лидер продаж на внутреннем рынке"]'::jsonb,
  '["Очень плохой контроль качества сборки","Минимальный комфорт","Сильная подверженность коррозии","Устаревшие компоненты"]'::jsonb,
  '["Тщательно проверить состояние кузова на предмет ржавчины, особенно края дверей и капота.","Прослушать коробку передач на наличие посторонних шумов.","Проверить износ передних стоек подвески."]'::jsonb,
  '["The most affordable new car in Russia","Simplicity of design","High fuel efficiency"]'::jsonb,
  '["1.6L 8V (VAZ-11186)","1.6L 16V (VAZ-21126)"]'::jsonb,
  '[{"engine_code":"11186","common_issues_ru":["Вибрации и плавающие обороты","Ненадежный модуль зажигания","Стучащие гидрокомпенсаторы"]},{"engine_code":"21126","common_issues_ru":["Гнет клапана при обрыве ремня ГРМ","Течи масла через сальники","Быстрый выход из строя датчиков"]}]'::jsonb,
  null,
  null
)

insert into public.vehicle_models (
  id,
  make_id,
  slug,
  name_en,
  first_model_year,
  last_model_year,
  years_available,
  body_types_available,
  fuel_types_available,
  transmission_available,
  reliability_score,
  popularity_score
)
values (
  'ff78e6a7-4d22-9804-8196-1d29c0a351d2',
  '5277ef57-72ee-c3d2-b52b-3be2805d1ce2',
  'niva-legend',
  'Niva Legend / 4x4',
  1977,
  2024,
  '{"1977","1985","1994","2000","2010","2020","2024"}'::int[],
  '["SUV 3-door","SUV 5-door"]'::jsonb,
  '["Gasoline"]'::jsonb,
  '["Manual"]'::jsonb,
  7,
  8.5
)

insert into public.vehicle_generations (
  id,
  model_id,
  code,
  start_year,
  end_year,
  facelift,
  production_countries,
  body_types,
  fuel_types,
  transmission_types,
  summary
)
values (
  'd3655920-aa1b-8f6a-aa68-f51c47744d19',
  'ff78e6a7-4d22-9804-8196-1d29c0a351d2',
  '2121',
  1977,
  1993,
  false,
  '{"Russia"}'::text[],
  null,
  null,
  null,
  'Original design (VAZ-2121), iconic compact off-roader with permanent AWD.'
)

insert into public.vehicle_generations (
  id,
  model_id,
  code,
  start_year,
  end_year,
  facelift,
  production_countries,
  body_types,
  fuel_types,
  transmission_types,
  summary
)
values (
  '1a0cb2e3-cdeb-e890-243f-db9d0f578a31',
  'ff78e6a7-4d22-9804-8196-1d29c0a351d2',
  '21213',
  1993,
  2020,
  true,
  '{"Russia"}'::text[],
  null,
  null,
  null,
  'Major update (21213/4), featuring a new engine, revised interior, and larger vertical tailgate. Known as Lada 4x4.'
)

insert into public.vehicle_generations (
  id,
  model_id,
  code,
  start_year,
  end_year,
  facelift,
  production_countries,
  body_types,
  fuel_types,
  transmission_types,
  summary
)
values (
  '971cbeac-3ef7-0ebb-8c8e-cd7173919b47',
  'ff78e6a7-4d22-9804-8196-1d29c0a351d2',
  'Legend',
  2021,
  2024,
  false,
  '{"Russia"}'::text[],
  null,
  null,
  null,
  'Renamed Niva Legend following minor technical updates and branding separation.'
)

insert into public.vehicle_insights (
  model_id,
  pros,
  cons,
  inspection_tips,
  notable_features,
  engine_examples,
  common_issues_by_engine,
  reliability_score,
  popularity_score
)
values (
  'ff78e6a7-4d22-9804-8196-1d29c0a351d2',
  '["Выдающаяся проходимость","Компактные размеры","Простота и дешевизна обслуживания","Культовый статус"]'::jsonb,
  '["Высокий расход топлива","Крайне низкая пассивная безопасность","Очень шумная и вибрирующая трансмиссия","Сильные проблемы с коррозией"]'::jsonb,
  '["Проверить раздаточную коробку и сальники переднего моста на предмет течи.","Осмотреть лонжероны и места стыков кузова на наличие сквозной ржавчины.","Проверить люфт в рулевом управлении и трансмиссии."]'::jsonb,
  '["Permanent all-wheel drive and low range gearbox","Excellent off-road performance","Independent front suspension"]'::jsonb,
  '["1.7L (VAZ-21214)"]'::jsonb,
  '[{"engine_code":"21214","common_issues_ru":["Нестабильная работа инжектора","Быстрый износ цепи ГРМ","Повышенный шум и вибрации трансмиссии"]}]'::jsonb,
  null,
  null
)

insert into public.vehicle_makes (id, slug, name_en, country, segment_class, is_active, category_path)
values (
  '09720b0a-be1d-1c16-c0e2-094b008c379f',
  'lamborghini',
  'Lamborghini',
  'Italy',
  'S/J',
  true,
  'Supercars/Luxury SUVs'
)

insert into public.vehicle_models (
  id,
  make_id,
  slug,
  name_en,
  first_model_year,
  last_model_year,
  years_available,
  body_types_available,
  fuel_types_available,
  transmission_available,
  reliability_score,
  popularity_score
)
values (
  '38545bdf-1104-6994-bc2a-5f292e5c4fba',
  '09720b0a-be1d-1c16-c0e2-094b008c379f',
  'aventador',
  'Aventador',
  2011,
  2022,
  '{"2011","2012","2013","2014","2015","2016","2017","2018","2019","2020","2021","2022"}'::int[],
  '["Coupe","Roadster"]'::jsonb,
  '["Gasoline"]'::jsonb,
  '["Automated Manual (ISR)"]'::jsonb,
  7.5,
  9
)

insert into public.vehicle_generations (
  id,
  model_id,
  code,
  start_year,
  end_year,
  facelift,
  production_countries,
  body_types,
  fuel_types,
  transmission_types,
  summary
)
values (
  '6e77c5b5-8e99-afc7-9197-62eb71736c3b',
  '38545bdf-1104-6994-bc2a-5f292e5c4fba',
  'LP 700-4',
  2011,
  2016,
  false,
  '{"Italy"}'::text[],
  null,
  null,
  null,
  'Original Aventador generation with 700 hp V12 engine.'
)

insert into public.vehicle_generations (
  id,
  model_id,
  code,
  start_year,
  end_year,
  facelift,
  production_countries,
  body_types,
  fuel_types,
  transmission_types,
  summary
)
values (
  '152a043c-ba81-c99d-d488-a6745bccb5dd',
  '38545bdf-1104-6994-bc2a-5f292e5c4fba',
  'S',
  2017,
  2022,
  true,
  '{"Italy"}'::text[],
  null,
  null,
  null,
  'Updated version with four-wheel steering and increased power.'
)

insert into public.vehicle_insights (
  model_id,
  pros,
  cons,
  inspection_tips,
  notable_features,
  engine_examples,
  common_issues_by_engine,
  reliability_score,
  popularity_score
)
values (
  '38545bdf-1104-6994-bc2a-5f292e5c4fba',
  '["Мощность и звук V12","Эксклюзивность","Вневременной дизайн"]'::jsonb,
  '["Высокая стоимость обслуживания","Низкий клиренс","Сложности с роботизированной коробкой ISR"]'::jsonb,
  '["Проверить состояние сцепления (дорогостоящая замена)","Осмотреть подвеску на предмет износа","Проверить электронику и работу ISR"]'::jsonb,
  '["V12 Engine","Carbon Fiber Monocoque","Scissor Doors"]'::jsonb,
  '["L539 (6.5L V12)"]'::jsonb,
  '[{"engine_code":"L539 (6.5L V12)","common_issues_ru":["Перегрев в городском режиме","Выход из строя катушек зажигания","Проблемы с топливной системой"]}]'::jsonb,
  null,
  null
)

insert into public.vehicle_models (
  id,
  make_id,
  slug,
  name_en,
  first_model_year,
  last_model_year,
  years_available,
  body_types_available,
  fuel_types_available,
  transmission_available,
  reliability_score,
  popularity_score
)
values (
  'b7566165-9bda-d32c-9640-95c0f6d4acb5',
  '09720b0a-be1d-1c16-c0e2-094b008c379f',
  'huracan',
  'Huracán',
  2014,
  2024,
  '{"2014","2015","2016","2017","2018","2019","2020","2021","2022","2023","2024"}'::int[],
  '["Coupe","Spyder"]'::jsonb,
  '["Gasoline"]'::jsonb,
  '["Dual Clutch (LDF)"]'::jsonb,
  8,
  9.5
)

insert into public.vehicle_generations (
  id,
  model_id,
  code,
  start_year,
  end_year,
  facelift,
  production_countries,
  body_types,
  fuel_types,
  transmission_types,
  summary
)
values (
  '5ab72013-9ae6-1cc9-a03a-0fcefcf30131',
  'b7566165-9bda-d32c-9640-95c0f6d4acb5',
  'LP 610-4 / LP 580-2',
  2014,
  2019,
  false,
  '{"Italy"}'::text[],
  null,
  null,
  null,
  'First generation using 5.2L V10 engine, available in AWD and RWD versions.'
)

insert into public.vehicle_generations (
  id,
  model_id,
  code,
  start_year,
  end_year,
  facelift,
  production_countries,
  body_types,
  fuel_types,
  transmission_types,
  summary
)
values (
  'e8c1b455-6fc0-5704-a830-83e6e19fd9a7',
  'b7566165-9bda-d32c-9640-95c0f6d4acb5',
  'Evo / Tecnica / STO',
  2019,
  2024,
  true,
  '{"Italy"}'::text[],
  null,
  null,
  null,
  'Updated generation with improved aerodynamics and connectivity.'
)

insert into public.vehicle_insights (
  model_id,
  pros,
  cons,
  inspection_tips,
  notable_features,
  engine_examples,
  common_issues_by_engine,
  reliability_score,
  popularity_score
)
values (
  'b7566165-9bda-d32c-9640-95c0f6d4acb5',
  '["Фантастическая управляемость","Надежный двигатель V10 (от Audi)","Отличная динамика"]'::jsonb,
  '["Жесткая подвеска","Ограниченное пространство для багажа","Высокий расход топлива"]'::jsonb,
  '["Проверить трансмиссию DCT (LDF)","Обратить внимание на состояние карбон-керамических тормозов","Проверить отсутствие коррозии на кузове"]'::jsonb,
  '["Naturally Aspirated V10 Engine","Dual Clutch Transmission","Aluminum/Carbon Fiber Chassis"]'::jsonb,
  '["5.2L V10"]'::jsonb,
  '[{"engine_code":"5.2L V10","common_issues_ru":["Износ насоса ГУР (на ранних моделях)","Проблемы с клапаном изменения фаз газораспределения","Потенциальный жор масла при агрессивной езде"]}]'::jsonb,
  null,
  null
)

insert into public.vehicle_models (
  id,
  make_id,
  slug,
  name_en,
  first_model_year,
  last_model_year,
  years_available,
  body_types_available,
  fuel_types_available,
  transmission_available,
  reliability_score,
  popularity_score
)
values (
  'fc37f281-f3f3-cc88-85ee-f4b72da09ec0',
  '09720b0a-be1d-1c16-c0e2-094b008c379f',
  'urus',
  'Urus',
  2018,
  2024,
  '{"2018","2019","2020","2021","2022","2023","2024"}'::int[],
  '["SUV"]'::jsonb,
  '["Gasoline"]'::jsonb,
  '["Automatic (ZF 8HP)"]'::jsonb,
  8.5,
  9.8
)

insert into public.vehicle_generations (
  id,
  model_id,
  code,
  start_year,
  end_year,
  facelift,
  production_countries,
  body_types,
  fuel_types,
  transmission_types,
  summary
)
values (
  '6d5bb1a4-c278-19fa-f203-b5c7c6a102cb',
  'fc37f281-f3f3-cc88-85ee-f4b72da09ec0',
  'Urus',
  2018,
  2022,
  false,
  '{"Italy"}'::text[],
  null,
  null,
  null,
  'Initial generation of the Super Sport Utility Vehicle (SSUV).'
)

insert into public.vehicle_generations (
  id,
  model_id,
  code,
  start_year,
  end_year,
  facelift,
  production_countries,
  body_types,
  fuel_types,
  transmission_types,
  summary
)
values (
  '2558a94b-d9b4-0828-5a46-7a1871a17981',
  'fc37f281-f3f3-cc88-85ee-f4b72da09ec0',
  'S / Performante',
  2023,
  2024,
  true,
  '{"Italy"}'::text[],
  null,
  null,
  null,
  'Refreshed models with enhanced performance and styling.'
)

insert into public.vehicle_insights (
  model_id,
  pros,
  cons,
  inspection_tips,
  notable_features,
  engine_examples,
  common_issues_by_engine,
  reliability_score,
  popularity_score
)
values (
  'fc37f281-f3f3-cc88-85ee-f4b72da09ec0',
  '["Повседневная практичность (SUV)","Впечатляющая мощность для кроссовера","Роскошный интерьер"]'::jsonb,
  '["Очень высокая цена","Высокие налоги и страховка","Сложность в обслуживании пневмоподвески"]'::jsonb,
  '["Проверить работу пневматической подвески (на предмет утечек)","Осмотреть тормозные диски (особенно керамику)","Проверить состояние турбин"]'::jsonb,
  '["4.0L Twin-Turbo V8 Engine","Adaptive Air Suspension","Torque Vectoring AWD"]'::jsonb,
  '["4.0L V8 TT"]'::jsonb,
  '[{"engine_code":"4.0L V8 TT","common_issues_ru":["Течи масла через прокладки","Проблемы с системой охлаждения","Повышенный износ тормозов при активной езде"]}]'::jsonb,
  null,
  null
)

insert into public.vehicle_makes (id, slug, name_en, country, segment_class, is_active, category_path)
values (
  '35ae0c2d-c3ff-3ac4-026c-e583235b4a0f',
  'lancia',
  'Lancia',
  'Italy',
  'Premium Compact',
  true,
  'Passenger Vehicles/Premium'
)

insert into public.vehicle_models (
  id,
  make_id,
  slug,
  name_en,
  first_model_year,
  last_model_year,
  years_available,
  body_types_available,
  fuel_types_available,
  transmission_available,
  reliability_score,
  popularity_score
)
values (
  '748948a0-de72-b782-21a1-4d9f966a8087',
  '35ae0c2d-c3ff-3ac4-026c-e583235b4a0f',
  'delta',
  'Delta',
  2008,
  2014,
  '{"2008","2009","2010","2011","2012","2013","2014"}'::int[],
  '["Hatchback"]'::jsonb,
  '["Gasoline","Diesel"]'::jsonb,
  '["Manual","Automatic"]'::jsonb,
  6,
  7.5
)

insert into public.vehicle_generations (
  id,
  model_id,
  code,
  start_year,
  end_year,
  facelift,
  production_countries,
  body_types,
  fuel_types,
  transmission_types,
  summary
)
values (
  '83f95125-8b95-bc72-4e5c-2a5495e95f35',
  '748948a0-de72-b782-21a1-4d9f966a8087',
  '844',
  2008,
  2014,
  false,
  '{"Italy"}'::text[],
  null,
  null,
  null,
  'The third generation Lancia Delta was marketed as a premium C-segment hatchback, sharing platform components with the Fiat Bravo.'
)

insert into public.vehicle_insights (
  model_id,
  pros,
  cons,
  inspection_tips,
  notable_features,
  engine_examples,
  common_issues_by_engine,
  reliability_score,
  popularity_score
)
values (
  '748948a0-de72-b782-21a1-4d9f966a8087',
  '["Стильный, необычный дизайн","Комфортная подвеска","Хорошая комплектация"]'::jsonb,
  '["Высокая стоимость обслуживания","Проблемы с электроникой","Низкая ликвидность"]'::jsonb,
  '["Проверить состояние турбины на бензиновых моторах","Оценить работу роботизированной коробки (если установлена)","Внимательно осмотреть кузов на предмет коррозии (особенно арки)"]'::jsonb,
  '["Magic Parking System","LED lighting","Premium interior materials"]'::jsonb,
  '["1.4 T-Jet (Gasoline)","1.6 MultiJet (Diesel)","1.8 Di Turbo (Gasoline)"]'::jsonb,
  '[{"engine_code":"198A4000","common_issues_ru":["Проблемы с системой охлаждения","Выход из строя актуатора турбины"]},{"engine_code":"350A2000","common_issues_ru":["Сбои в работе сажевого фильтра (DPF)","Проблемы с двухмассовым маховиком"]}]'::jsonb,
  null,
  null
)

insert into public.vehicle_models (
  id,
  make_id,
  slug,
  name_en,
  first_model_year,
  last_model_year,
  years_available,
  body_types_available,
  fuel_types_available,
  transmission_available,
  reliability_score,
  popularity_score
)
values (
  'b0e4bdd5-84c7-5392-1e35-7dbebb269423',
  '35ae0c2d-c3ff-3ac4-026c-e583235b4a0f',
  'ypsilon',
  'Ypsilon',
  2003,
  2011,
  '{"2003","2004","2005","2006","2007","2008","2009","2010","2011"}'::int[],
  '["Hatchback"]'::jsonb,
  '["Gasoline","Diesel"]'::jsonb,
  '["Manual","Automatic (Robotic)"]'::jsonb,
  7,
  8
)

insert into public.vehicle_generations (
  id,
  model_id,
  code,
  start_year,
  end_year,
  facelift,
  production_countries,
  body_types,
  fuel_types,
  transmission_types,
  summary
)
values (
  '76e05c2e-eab9-522f-af34-74d5f63dd418',
  'b0e4bdd5-84c7-5392-1e35-7dbebb269423',
  '843',
  2003,
  2011,
  false,
  '{"Italy"}'::text[],
  null,
  null,
  null,
  'A successful premium supermini based on the Fiat Punto platform, known for its fashionable interior.'
)

insert into public.vehicle_insights (
  model_id,
  pros,
  cons,
  inspection_tips,
  notable_features,
  engine_examples,
  common_issues_by_engine,
  reliability_score,
  popularity_score
)
values (
  'b0e4bdd5-84c7-5392-1e35-7dbebb269423',
  '["Компактность для города","Экономичность","Стильный салон"]'::jsonb,
  '["Недостаточная шумоизоляция","Дорогие запчасти для класса","Проблемы с роботизированной КПП D.F.N."]'::jsonb,
  '["Обязательно проверить состояние рулевой рейки","Тщательно проверить электрику, особенно климат-контроль","Износ задней балки"]'::jsonb,
  '["City steering mode","Sliding rear seats","High level of interior customization"]'::jsonb,
  '["1.2 Fire (Gasoline)","1.4 Fire (Gasoline)","1.3 MultiJet (Diesel)"]'::jsonb,
  '[{"engine_code":"188A4000","common_issues_ru":["Проблемы с прокладкой ГБЦ при перегреве","Слабый термостат"]},{"engine_code":"199A3000","common_issues_ru":["Растяжение цепи ГРМ","Засорение клапана EGR"]}]'::jsonb,
  null,
  null
)

insert into public.vehicle_models (
  id,
  make_id,
  slug,
  name_en,
  first_model_year,
  last_model_year,
  years_available,
  body_types_available,
  fuel_types_available,
  transmission_available,
  reliability_score,
  popularity_score
)
values (
  '586258b9-f3c0-aa42-8e67-c9aae9dcf41c',
  '35ae0c2d-c3ff-3ac4-026c-e583235b4a0f',
  'lybra',
  'Lybra',
  1999,
  2005,
  '{"1999","2000","2001","2002","2003","2004","2005"}'::int[],
  '["Sedan","Wagon"]'::jsonb,
  '["Gasoline","Diesel"]'::jsonb,
  '["Manual","Automatic"]'::jsonb,
  6.5,
  5.5
)

insert into public.vehicle_generations (
  id,
  model_id,
  code,
  start_year,
  end_year,
  facelift,
  production_countries,
  body_types,
  fuel_types,
  transmission_types,
  summary
)
values (
  'fa99bc2f-db23-72eb-c9cf-997ad0dfaa93',
  '586258b9-f3c0-aa42-8e67-c9aae9dcf41c',
  '839',
  1999,
  2005,
  false,
  '{"Italy"}'::text[],
  null,
  null,
  null,
  'A compact executive car replacing the Dedra, known for its high comfort level and classic Italian styling.'
)

insert into public.vehicle_insights (
  model_id,
  pros,
  cons,
  inspection_tips,
  notable_features,
  engine_examples,
  common_issues_by_engine,
  reliability_score,
  popularity_score
)
values (
  '586258b9-f3c0-aa42-8e67-c9aae9dcf41c',
  '["Очень высокий уровень комфорта для своего класса","Надежные дизельные двигатели JTD","Качественный аудиокомплекс (Bose)"]'::jsonb,
  '["Сложная передняя подвеска (многорычажка)","Коррозия","Дорогой ремонт электроники (Body Computer)"]'::jsonb,
  '["Диагностика передней многорычажной подвески","Проверить состояние подрамника на коррозию","Работа всех датчиков и штатной навигации/климата"]'::jsonb,
  '["Multi-link front suspension","High-quality standard sound system (Bose option)","Integrated vehicle computer"]'::jsonb,
  '["1.8 16V (Gasoline)","2.4 JTD (Diesel)","2.0 20V (Gasoline)"]'::jsonb,
  '[{"engine_code":"839A5000","common_issues_ru":["Сбои в работе ТНВД","Проблемы с вихревыми заслонками во впускном коллекторе"]},{"engine_code":"182A2000","common_issues_ru":["Выход из строя вариатора фаз ГРМ","Повышенный расход масла"]}]'::jsonb,
  null,
  null
)

insert into public.vehicle_makes (id, slug, name_en, country, segment_class, is_active, category_path)
values (
  '675f007c-92f4-dd8a-9896-af400fa4eeeb',
  'land-rover',
  'Land Rover',
  'United Kingdom',
  'Luxury SUV',
  true,
  'Land Rover'
)

insert into public.vehicle_models (
  id,
  make_id,
  slug,
  name_en,
  first_model_year,
  last_model_year,
  years_available,
  body_types_available,
  fuel_types_available,
  transmission_available,
  reliability_score,
  popularity_score
)
values (
  '7caa6ccf-8c98-0d3e-e379-c356afce8475',
  '675f007c-92f4-dd8a-9896-af400fa4eeeb',
  'range-rover-sport',
  'Range Rover Sport',
  2013,
  2022,
  '{"2013","2014","2015","2016","2017","2018","2019","2020","2021","2022"}'::int[],
  '["SUV"]'::jsonb,
  '["Petrol","Diesel","Hybrid"]'::jsonb,
  '["Automatic"]'::jsonb,
  7.5,
  9
)

insert into public.vehicle_generations (
  id,
  model_id,
  code,
  start_year,
  end_year,
  facelift,
  production_countries,
  body_types,
  fuel_types,
  transmission_types,
  summary
)
values (
  '67eed839-e574-4477-3bce-1fe3d65f7374',
  '7caa6ccf-8c98-0d3e-e379-c356afce8475',
  'L494',
  2013,
  2022,
  false,
  '{"United Kingdom"}'::text[],
  null,
  null,
  null,
  'The second generation of the Range Rover Sport, built on a platform shared with the full-size Range Rover, offering a blend of luxury and dynamic performance.'
)

insert into public.vehicle_insights (
  model_id,
  pros,
  cons,
  inspection_tips,
  notable_features,
  engine_examples,
  common_issues_by_engine,
  reliability_score,
  popularity_score
)
values (
  '7caa6ccf-8c98-0d3e-e379-c356afce8475',
  '["High luxury level","Excellent off-road capability","Powerful engine options"]'::jsonb,
  '["High maintenance costs","Complex electronics","Air suspension reliability issues"]'::jsonb,
  '["Check air suspension function for leaks or sagging.","Inspect the integrity of the infotainment system.","Look for oil leaks, especially around the turbochargers on diesel engines."]'::jsonb,
  '["Terrain Response 2 system","Lightweight aluminum architecture","Pivi Pro infotainment"]'::jsonb,
  '["3.0L TDV6","5.0L Supercharged V8","2.0L Si4 Ingenium"]'::jsonb,
  '[{"engine_code":"3.0L TDV6","common_issues_ru":["Проблемы с коленвалом (до 2015 года)","Выход из строя ТНВД","Течи масла"]},{"engine_code":"5.0L Supercharged V8","common_issues_ru":["Износ нагнетателя","Проблемы с цепью ГРМ","Перегрев"]}]'::jsonb,
  null,
  null
)

insert into public.vehicle_models (
  id,
  make_id,
  slug,
  name_en,
  first_model_year,
  last_model_year,
  years_available,
  body_types_available,
  fuel_types_available,
  transmission_available,
  reliability_score,
  popularity_score
)
values (
  'bc0a4d93-b855-c0ef-8ea1-53a2faa568a9',
  '675f007c-92f4-dd8a-9896-af400fa4eeeb',
  'range-rover-evoque',
  'Range Rover Evoque',
  2019,
  2024,
  '{"2019","2020","2021","2022","2023","2024"}'::int[],
  '["SUV"]'::jsonb,
  '["Petrol","Diesel","Hybrid"]'::jsonb,
  '["Automatic"]'::jsonb,
  8,
  8.5
)

insert into public.vehicle_generations (
  id,
  model_id,
  code,
  start_year,
  end_year,
  facelift,
  production_countries,
  body_types,
  fuel_types,
  transmission_types,
  summary
)
values (
  '0327fe2e-a2ab-55e7-a169-3e890bc992d9',
  'bc0a4d93-b855-c0ef-8ea1-53a2faa568a9',
  'L551',
  2019,
  2024,
  false,
  '{"United Kingdom"}'::text[],
  null,
  null,
  null,
  'The second generation Evoque introduced new mild-hybrid powertrains, improved interior quality, and retained its distinctive coupe-like styling.'
)

insert into public.vehicle_insights (
  model_id,
  pros,
  cons,
  inspection_tips,
  notable_features,
  engine_examples,
  common_issues_by_engine,
  reliability_score,
  popularity_score
)
values (
  'bc0a4d93-b855-c0ef-8ea1-53a2faa568a9',
  '["Stylish design","High quality interior materials","Good maneuverability in city"]'::jsonb,
  '["Limited rear visibility","Small luggage space compared to rivals","High depreciation"]'::jsonb,
  '["Check for proper functioning of the retractable door handles.","Verify the operation of the AWD system.","Inspect for excessive oil consumption in early Ingenium engines."]'::jsonb,
  '["Ingenium engine family","ClearSight Ground View technology","Flush door handles"]'::jsonb,
  '["2.0L Ingenium P200","2.0L Ingenium D180"]'::jsonb,
  '[{"engine_code":"2.0L Ingenium (Diesel/Petrol)","common_issues_ru":["Повышенный расход масла (ранние версии)","Сбои в работе топливной аппаратуры","Проблемы с системой EGR"]}]'::jsonb,
  null,
  null
)

insert into public.vehicle_models (
  id,
  make_id,
  slug,
  name_en,
  first_model_year,
  last_model_year,
  years_available,
  body_types_available,
  fuel_types_available,
  transmission_available,
  reliability_score,
  popularity_score
)
values (
  '2f11fc05-b909-bdbd-fcba-52972ff3ec47',
  '675f007c-92f4-dd8a-9896-af400fa4eeeb',
  'land-rover-discovery',
  'Land Rover Discovery',
  2017,
  2024,
  '{"2017","2018","2019","2020","2021","2022","2023","2024"}'::int[],
  '["SUV"]'::jsonb,
  '["Petrol","Diesel"]'::jsonb,
  '["Automatic"]'::jsonb,
  7,
  7
)

insert into public.vehicle_generations (
  id,
  model_id,
  code,
  start_year,
  end_year,
  facelift,
  production_countries,
  body_types,
  fuel_types,
  transmission_types,
  summary
)
values (
  '88bd8c96-af31-faff-8241-04c19563eefc',
  '2f11fc05-b909-bdbd-fcba-52972ff3ec47',
  'L462',
  2017,
  2024,
  true,
  '{"United Kingdom"}'::text[],
  null,
  null,
  null,
  'The fifth-generation Discovery adopted a monocoque aluminum architecture for improved on-road dynamics while retaining 7-seat capacity and substantial off-road capability.'
)

insert into public.vehicle_insights (
  model_id,
  pros,
  cons,
  inspection_tips,
  notable_features,
  engine_examples,
  common_issues_by_engine,
  reliability_score,
  popularity_score
)
values (
  '2f11fc05-b909-bdbd-fcba-52972ff3ec47',
  '["Excellent 7-seater practicality","Superb towing capacity","Very comfortable ride quality"]'::jsonb,
  '["Controversial rear design (offset plate)","High fuel consumption with older V6 engines","Electrical gremlins"]'::jsonb,
  '["Check tailgate mechanism for proper operation.","Examine the condition of the air suspension components.","Ensure all folding seat mechanisms work smoothly."]'::jsonb,
  '["Intelligent Seat Fold technology","Standard Air Suspension","Advanced AWD systems"]'::jsonb,
  '["3.0L Si6 Petrol","3.0L Td6 Diesel","2.0L Ingenium D250"]'::jsonb,
  '[{"engine_code":"3.0L Td6","common_issues_ru":["Отказы турбокомпрессоров","Проблемы с сажевым фильтром (DPF)","Неисправности форсунок"]},{"engine_code":"3.0L Si6","common_issues_ru":["Течи охлаждающей жидкости","Износ приводных ремней","Проблемы с системой наддува"]}]'::jsonb,
  null,
  null
)

insert into public.vehicle_makes (id, slug, name_en, country, segment_class, is_active, category_path)
values (
  '8ebd353c-b5a4-0c1e-3a51-cb2af41f5e77',
  'leapmotor',
  'Leapmotor',
  'China',
  'EV Manufacturer',
  true,
  'Passenger Vehicles/Electric Vehicles'
)

insert into public.vehicle_models (
  id,
  make_id,
  slug,
  name_en,
  first_model_year,
  last_model_year,
  years_available,
  body_types_available,
  fuel_types_available,
  transmission_available,
  reliability_score,
  popularity_score
)
values (
  '273f8949-744e-5f66-7e36-452760d31efa',
  '8ebd353c-b5a4-0c1e-3a51-cb2af41f5e77',
  't03',
  'T03',
  2020,
  2024,
  '{"2020","2021","2022","2023","2024"}'::int[],
  '["Hatchback"]'::jsonb,
  '["Electric"]'::jsonb,
  '["Automatic (Single Speed)"]'::jsonb,
  7.5,
  8
)

insert into public.vehicle_generations (
  id,
  model_id,
  code,
  start_year,
  end_year,
  facelift,
  production_countries,
  body_types,
  fuel_types,
  transmission_types,
  summary
)
values (
  '1b885240-ed01-f4d4-05ce-3a803b8a0b30',
  '273f8949-744e-5f66-7e36-452760d31efa',
  'G1',
  2020,
  2024,
  false,
  '{"China"}'::text[],
  null,
  null,
  null,
  'Compact electric city car known for its range and technology features relative to its size, making it popular in emerging EV markets.'
)

insert into public.vehicle_insights (
  model_id,
  pros,
  cons,
  inspection_tips,
  notable_features,
  engine_examples,
  common_issues_by_engine,
  reliability_score,
  popularity_score
)
values (
  '273f8949-744e-5f66-7e36-452760d31efa',
  '["Высокий запас хода для городского электромобиля","Богатое оснащение даже в базовых версиях","Компактность и маневренность"]'::jsonb,
  '["Низкое качество материалов салона","Проблемы с русификацией и бортовым ПО","Ограниченная мощность для трассы"]'::jsonb,
  '["Проверить состояние батареи и системы охлаждения","Осмотреть кузов на предмет ржавчины (ранние модели)","Протестировать работу экрана и сенсорных элементов"]'::jsonb,
  '["Facial recognition start","L2 autonomous driving features available","Large central infotainment screen"]'::jsonb,
  '["TZ180X050 (55 kW)","TZ200X050 (70 kW)"]'::jsonb,
  '[{"engine_code":"TZ180X050 (55 kW)","common_issues_ru":["Сбои в работе системы управления питанием","Шумы от редуктора"]}]'::jsonb,
  null,
  null
)

insert into public.vehicle_models (
  id,
  make_id,
  slug,
  name_en,
  first_model_year,
  last_model_year,
  years_available,
  body_types_available,
  fuel_types_available,
  transmission_available,
  reliability_score,
  popularity_score
)
values (
  'e3199bf5-7a5d-6e79-b947-922d10611324',
  '8ebd353c-b5a4-0c1e-3a51-cb2af41f5e77',
  'c11',
  'C11',
  2021,
  2024,
  '{"2021","2022","2023","2024"}'::int[],
  '["SUV","Crossover"]'::jsonb,
  '["Electric","PHEV (Extended Range)"]'::jsonb,
  '["Automatic (Single Speed)"]'::jsonb,
  8,
  9
)

insert into public.vehicle_generations (
  id,
  model_id,
  code,
  start_year,
  end_year,
  facelift,
  production_countries,
  body_types,
  fuel_types,
  transmission_types,
  summary
)
values (
  '7bbf32d8-aef3-26d1-88f6-2efaa44926ad',
  'e3199bf5-7a5d-6e79-b947-922d10611324',
  'G1',
  2021,
  2024,
  true,
  '{"China"}'::text[],
  null,
  null,
  null,
  'Mid-size intelligent electric SUV offering impressive range, a three-screen cockpit, and high performance options (RWD/AWD).'
)

insert into public.vehicle_insights (
  model_id,
  pros,
  cons,
  inspection_tips,
  notable_features,
  engine_examples,
  common_issues_by_engine,
  reliability_score,
  popularity_score
)
values (
  'e3199bf5-7a5d-6e79-b947-922d10611324',
  '["Отличная динамика (особенно AWD)","Просторный салон и большой багажник","Богатое технологическое оснащение (автопилот, экраны)"]'::jsonb,
  '["Жестковатая подвеска на неровностях","Потенциальные проблемы с электрикой и датчиками","Высокая потеря стоимости на вторичном рынке"]'::jsonb,
  '["Проверить калибровку датчиков автопилота","Оценить состояние тройного экрана на предмет выгорания","Проверить работу зарядного порта и скорость зарядки"]'::jsonb,
  '["Three-screen layout cockpit","Leap Pilot 3.0 autonomous driving system","Frameless doors"]'::jsonb,
  '["E-Motor (200 kW RWD)","E-Motor (400 kW AWD)","Range Extender 1.5L"]'::jsonb,
  '[{"engine_code":"E-Motor (200 kW RWD)","common_issues_ru":["Перегрев при длительной высокой нагрузке","Сбои в системе рекуперации энергии"]},{"engine_code":"Range Extender 1.5L (PHEV)","common_issues_ru":["Вибрации от бензинового генератора","Некорректная работа переключения режимов (EV/EREV)"]}]'::jsonb,
  null,
  null
)

insert into public.vehicle_models (
  id,
  make_id,
  slug,
  name_en,
  first_model_year,
  last_model_year,
  years_available,
  body_types_available,
  fuel_types_available,
  transmission_available,
  reliability_score,
  popularity_score
)
values (
  '30067c73-7f2e-bbdd-7f55-ff6f26e546a5',
  '8ebd353c-b5a4-0c1e-3a51-cb2af41f5e77',
  'c01',
  'C01',
  2022,
  2024,
  '{"2022","2023","2024"}'::int[],
  '["Sedan"]'::jsonb,
  '["Electric","PHEV (Extended Range)"]'::jsonb,
  '["Automatic (Single Speed)"]'::jsonb,
  7.8,
  7
)

insert into public.vehicle_generations (
  id,
  model_id,
  code,
  start_year,
  end_year,
  facelift,
  production_countries,
  body_types,
  fuel_types,
  transmission_types,
  summary
)
values (
  '33360ccd-62fd-fd88-fc82-ea7e421303d1',
  '30067c73-7f2e-bbdd-7f55-ff6f26e546a5',
  'G1',
  2022,
  2024,
  false,
  '{"China"}'::text[],
  null,
  null,
  null,
  'Flagship executive electric sedan utilizing cell-to-chassis (CTC) technology for improved safety and space, positioned as a luxury alternative.'
)

insert into public.vehicle_insights (
  model_id,
  pros,
  cons,
  inspection_tips,
  notable_features,
  engine_examples,
  common_issues_by_engine,
  reliability_score,
  popularity_score
)
values (
  '30067c73-7f2e-bbdd-7f55-ff6f26e546a5',
  '["Роскошный и просторный салон","Большой запас хода","Инновационная конструкция (CTC)"]'::jsonb,
  '["Высокая стоимость обслуживания","Проблемы с качеством сборки (единичные случаи)","Сложность поиска запчастей вне крупных городов"]'::jsonb,
  '["Проверить работу адаптивной подвески (если установлена)","Внимательно осмотреть качество окраски","Проверить электронику заднего ряда сидений"]'::jsonb,
  '["Cell-to-Chassis (CTC) battery integration","Sleek coupe-like roofline","Premium Nappa leather interior options"]'::jsonb,
  '["E-Motor (200 kW)","E-Motor (400 kW Dual)","Range Extender 1.5L"]'::jsonb,
  '[{"engine_code":"E-Motor (200 kW)","common_issues_ru":["Нестабильность бортового напряжения","Шум при работе системы климат-контроля"]}]'::jsonb,
  null,
  null
)

insert into public.vehicle_makes (id, slug, name_en, country, segment_class, is_active, category_path)
values (
  '58c4915e-8aa4-1bc3-9a8e-e077ffa810a5',
  'lexus',
  'Lexus',
  'Japan',
  'Premium/Luxury',
  true,
  'Luxury Cars/Premium Sedans & SUVs'
)

insert into public.vehicle_models (
  id,
  make_id,
  slug,
  name_en,
  first_model_year,
  last_model_year,
  years_available,
  body_types_available,
  fuel_types_available,
  transmission_available,
  reliability_score,
  popularity_score
)
values (
  'a05f729b-ab26-e591-7512-fdfff8adbbdb',
  '58c4915e-8aa4-1bc3-9a8e-e077ffa810a5',
  'rx',
  'RX',
  1998,
  2024,
  '{"2015","2016","2017","2018","2019","2020","2021","2022","2023","2024"}'::int[],
  '["SUV"]'::jsonb,
  '["Petrol","Hybrid"]'::jsonb,
  '["Automatic","CVT"]'::jsonb,
  9,
  9.5
)

insert into public.vehicle_generations (
  id,
  model_id,
  code,
  start_year,
  end_year,
  facelift,
  production_countries,
  body_types,
  fuel_types,
  transmission_types,
  summary
)
values (
  '2bcf1f35-b05f-1a2f-367f-d026298688a6',
  'a05f729b-ab26-e591-7512-fdfff8adbbdb',
  'AL20',
  2015,
  2022,
  false,
  '{"Japan","Canada"}'::text[],
  null,
  null,
  null,
  'The fourth generation RX features polarizing design, advanced safety features, and continued focus on comfort and reliability, particularly popular in hybrid configuration.'
)

insert into public.vehicle_insights (
  model_id,
  pros,
  cons,
  inspection_tips,
  notable_features,
  engine_examples,
  common_issues_by_engine,
  reliability_score,
  popularity_score
)
values (
  'a05f729b-ab26-e591-7512-fdfff8adbbdb',
  '["Высокий уровень комфорта","Надежные гибридные установки (RX 450h)","Отличное качество сборки и отделки","Хорошая шумоизоляция"]'::jsonb,
  '["Спорный дизайн (для некоторых)","Дорогое обслуживание у дилера","Небольшой багажник в гибридных версиях","Высокий налог на мощные бензиновые версии"]'::jsonb,
  '["Проверить состояние радиаторов (особенно на гибридах).","Осмотреть трансмиссию CVT на предмет рывков.","Диагностировать электронику и мультимедиа."]'::jsonb,
  '["Spindle grille design","Lexus Safety System+","Hybrid powertrain (450h)"]'::jsonb,
  '["2.0L 8AR-FTS (RX 200t/300)","3.5L 2GR-FKS (RX 350)","3.5L 2GR-FXS (RX 450h)"]'::jsonb,
  '[{"engine_code":"8AR-FTS","common_issues_ru":["Повышенный расход масла","Проблемы с ТНВД после 100 тыс. км"]},{"engine_code":"2GR-FKS","common_issues_ru":["Течи масла из-под передней крышки","Износ водяной помпы"]}]'::jsonb,
  null,
  null
)

insert into public.vehicle_models (
  id,
  make_id,
  slug,
  name_en,
  first_model_year,
  last_model_year,
  years_available,
  body_types_available,
  fuel_types_available,
  transmission_available,
  reliability_score,
  popularity_score
)
values (
  '502b7da7-808e-8d63-067d-9481058b2b3c',
  '58c4915e-8aa4-1bc3-9a8e-e077ffa810a5',
  'es',
  'ES',
  1989,
  2024,
  '{"2018","2019","2020","2021","2022","2023","2024"}'::int[],
  '["Sedan"]'::jsonb,
  '["Petrol","Hybrid"]'::jsonb,
  '["Automatic","CVT"]'::jsonb,
  9.2,
  8.8
)

insert into public.vehicle_generations (
  id,
  model_id,
  code,
  start_year,
  end_year,
  facelift,
  production_countries,
  body_types,
  fuel_types,
  transmission_types,
  summary
)
values (
  '7b0e6b9c-826b-6a74-6d31-63b7384cb016',
  '502b7da7-808e-8d63-067d-9481058b2b3c',
  'XZ10',
  2018,
  2024,
  false,
  '{"Japan","United States"}'::text[],
  null,
  null,
  null,
  'Built on the GA-K platform, the ES seven generation transitioned to front-wheel drive, offering exceptional passenger space, comfort, and standard Lexus reliability.'
)

insert into public.vehicle_insights (
  model_id,
  pros,
  cons,
  inspection_tips,
  notable_features,
  engine_examples,
  common_issues_by_engine,
  reliability_score,
  popularity_score
)
values (
  '502b7da7-808e-8d63-067d-9481058b2b3c',
  '["Огромный салон сзади","Плавность хода и мягкая подвеска","Очень высокая надежность агрегатов","Богатое оснащение"]'::jsonb,
  '["Слабая динамика в базовых версиях","Устаревшая мультимедиа (до рестайлинга)","Не самый высокий клиренс"]'::jsonb,
  '["Проверить работу электроусилителя руля.","Убедиться в отсутствии вибраций при торможении.","Осмотреть состояние ЛКП на капоте и крыше."]'::jsonb,
  '["GA-K Platform","Extremely spacious interior","Smooth ride quality"]'::jsonb,
  '["2.0L M20A-FKS (ES 200)","2.5L A25A-FKS (ES 250)","2.5L A25A-FXS (ES 300h)"]'::jsonb,
  '[{"engine_code":"A25A-FKS","common_issues_ru":["Шумная работа на холодную (особенность)","Возможные проблемы с системой VVT-iE"]}]'::jsonb,
  null,
  null
)

insert into public.vehicle_models (
  id,
  make_id,
  slug,
  name_en,
  first_model_year,
  last_model_year,
  years_available,
  body_types_available,
  fuel_types_available,
  transmission_available,
  reliability_score,
  popularity_score
)
values (
  'f2eff1f9-0d3c-d4f4-fae9-198ea3bcb53d',
  '58c4915e-8aa4-1bc3-9a8e-e077ffa810a5',
  'is',
  'IS',
  1998,
  2024,
  '{"2013","2014","2015","2016","2017","2018","2019","2020","2021","2022","2023","2024"}'::int[],
  '["Sedan"]'::jsonb,
  '["Petrol","Hybrid"]'::jsonb,
  '["Automatic"]'::jsonb,
  8.5,
  7.5
)

insert into public.vehicle_generations (
  id,
  model_id,
  code,
  start_year,
  end_year,
  facelift,
  production_countries,
  body_types,
  fuel_types,
  transmission_types,
  summary
)
values (
  '7807ece2-e386-6abf-e565-bd6803401fd3',
  'f2eff1f9-0d3c-d4f4-fae9-198ea3bcb53d',
  'XE30',
  2013,
  2024,
  true,
  '{"Japan"}'::text[],
  null,
  null,
  null,
  'The third generation IS adopted the aggressive ''spindle grille'' design and focused on sharper handling to compete with German rivals, while maintaining Lexus quality standards.'
)

insert into public.vehicle_insights (
  model_id,
  pros,
  cons,
  inspection_tips,
  notable_features,
  engine_examples,
  common_issues_by_engine,
  reliability_score,
  popularity_score
)
values (
  'f2eff1f9-0d3c-d4f4-fae9-198ea3bcb53d',
  '["Отличная управляемость (особенно версии F Sport)","Стильный, узнаваемый дизайн","Высокая долговечность кузова","Надежная автоматическая коробка передач"]'::jsonb,
  '["Мало места на заднем ряду","Слабый выбор двигателей (до 2021 года)","Жестковатая подвеска на больших колесах"]'::jsonb,
  '["Проверить состояние тормозной системы (быстрый износ).","Оценить работу насоса высокого давления на двигателях GDI.","Проверить наличие стуков в рулевой рейке."]'::jsonb,
  '["Emphasis on sporty handling","F Sport package availability","High structural rigidity"]'::jsonb,
  '["2.5L 4GR-FSE (IS 250)","3.5L 2GR-FSE (IS 350)","2.0L 8AR-FTS (IS 200t/300)"]'::jsonb,
  '[{"engine_code":"4GR-FSE","common_issues_ru":["Проблемы с нагаром на впускных клапанах (требуется чистка)","Склонность к перегреву при агрессивной езде"]},{"engine_code":"8AR-FTS","common_issues_ru":["Повышенный расход масла","Проблемы с топливным насосом"]}]'::jsonb,
  null,
  null
)

insert into public.vehicle_makes (id, slug, name_en, country, segment_class, is_active, category_path)
values (
  '693651a7-58f2-1935-fe61-186f91aaf84c',
  'li-auto',
  'Li Auto',
  'China',
  'E (Executive SUV)',
  true,
  'passenger-car/suv'
)

insert into public.vehicle_models (
  id,
  make_id,
  slug,
  name_en,
  first_model_year,
  last_model_year,
  years_available,
  body_types_available,
  fuel_types_available,
  transmission_available,
  reliability_score,
  popularity_score
)
values (
  '770deb13-4070-85f7-f668-0ce3e053d363',
  '693651a7-58f2-1935-fe61-186f91aaf84c',
  'li-l9',
  'L9',
  2022,
  2024,
  '{"2022","2023","2024"}'::int[],
  '["SUV"]'::jsonb,
  '["Plug-in Hybrid (EREV)"]'::jsonb,
  '["Automatic (Single Speed)"]'::jsonb,
  8.5,
  9.5
)

insert into public.vehicle_generations (
  id,
  model_id,
  code,
  start_year,
  end_year,
  facelift,
  production_countries,
  body_types,
  fuel_types,
  transmission_types,
  summary
)
values (
  'a592659b-30c3-1269-aeb6-074f6808d488',
  '770deb13-4070-85f7-f668-0ce3e053d363',
  'Type 530',
  2022,
  2024,
  false,
  '{"China"}'::text[],
  null,
  null,
  null,
  'Flagship 6-seater full-size EREV SUV, known for its extensive technology and range capabilities.'
)

insert into public.vehicle_insights (
  model_id,
  pros,
  cons,
  inspection_tips,
  notable_features,
  engine_examples,
  common_issues_by_engine,
  reliability_score,
  popularity_score
)
values (
  '770deb13-4070-85f7-f668-0ce3e053d363',
  '["Огромный запас хода благодаря EREV системе","Просторный и роскошный салон с тремя рядами","Передовые технологии и большие экраны","Высокий уровень комфорта и шумоизоляции"]'::jsonb,
  '["Высокая цена","Большие габариты, усложняющие парковку в городе","Зависимость от китайских сервисов и ПО","Быстрый разряд батареи при движении на высокой скорости"]'::jsonb,
  '["Проверить состояние пневмоподвески и отсутствие утечек воздуха","Убедиться в корректной работе всех экранов и мультимедийной системы","Проверить работу зарядного порта и эффективность зарядки","Оценить износ шин, учитывая большой вес автомобиля"]'::jsonb,
  '["Four screens cockpit","Refrigerator","Air suspension","Advanced ADAS system (Li Auto AD Max)"]'::jsonb,
  '["1.5L Turbo EREV Generator (L2E15M)","Dual Electric Motors (AWD)"]'::jsonb,
  '[{"engine_code":"L2E15M","common_issues_ru":["Повышенный расход топлива генератором при интенсивной езде","Вибрации генератора на холостом ходу"]}]'::jsonb,
  null,
  null
)

insert into public.vehicle_models (
  id,
  make_id,
  slug,
  name_en,
  first_model_year,
  last_model_year,
  years_available,
  body_types_available,
  fuel_types_available,
  transmission_available,
  reliability_score,
  popularity_score
)
values (
  'b3b81072-f500-1d77-a882-dc9d7dff115a',
  '693651a7-58f2-1935-fe61-186f91aaf84c',
  'li-l8',
  'L8',
  2022,
  2024,
  '{"2022","2023","2024"}'::int[],
  '["SUV"]'::jsonb,
  '["Plug-in Hybrid (EREV)"]'::jsonb,
  '["Automatic (Single Speed)"]'::jsonb,
  8.7,
  9
)

insert into public.vehicle_generations (
  id,
  model_id,
  code,
  start_year,
  end_year,
  facelift,
  production_countries,
  body_types,
  fuel_types,
  transmission_types,
  summary
)
values (
  '70374ac4-cf7f-cb3a-cd8d-2f4e9e7c38fe',
  'b3b81072-f500-1d77-a882-dc9d7dff115a',
  'Type 520',
  2022,
  2024,
  false,
  '{"China"}'::text[],
  null,
  null,
  null,
  'Large 6-seater EREV SUV, positioned just below the flagship L9, offering a balance of size and functionality.'
)

insert into public.vehicle_insights (
  model_id,
  pros,
  cons,
  inspection_tips,
  notable_features,
  engine_examples,
  common_issues_by_engine,
  reliability_score,
  popularity_score
)
values (
  'b3b81072-f500-1d77-a882-dc9d7dff115a',
  '["Хороший баланс между размером и управляемостью","Высокая мощность и полный привод","Качественные материалы отделки салона","Большой запас хода на одном баке и заряде"]'::jsonb,
  '["Меньше пространства для ног в третьем ряду по сравнению с L9","Сложности с поиском запчастей вне крупных городов","Критическая зависимость от программного обеспечения"]'::jsonb,
  '["Осмотреть кузов на предмет повреждений, связанных с большими свесами","Проверить работу электропривода двери багажника (частые проблемы)","Диагностика системы EREV и генератора"]'::jsonb,
  '["Three large displays","Air suspension (Pro/Max trims)","Six seats configuration"]'::jsonb,
  '["1.5L Turbo EREV Generator (L2E15M)","Dual Electric Motors (AWD)"]'::jsonb,
  '[{"engine_code":"Dual Motors/Battery System","common_issues_ru":["Медленная скорость зарядки от бытовой сети","Сбои в работе GPS/навигации вне Китая"]}]'::jsonb,
  null,
  null
)

insert into public.vehicle_models (
  id,
  make_id,
  slug,
  name_en,
  first_model_year,
  last_model_year,
  years_available,
  body_types_available,
  fuel_types_available,
  transmission_available,
  reliability_score,
  popularity_score
)
values (
  '00a3cf4a-cd55-6904-6df9-c98ceadeb02c',
  '693651a7-58f2-1935-fe61-186f91aaf84c',
  'li-l7',
  'L7',
  2023,
  2024,
  '{"2023","2024"}'::int[],
  '["SUV"]'::jsonb,
  '["Plug-in Hybrid (EREV)"]'::jsonb,
  '["Automatic (Single Speed)"]'::jsonb,
  8.8,
  8.5
)

insert into public.vehicle_generations (
  id,
  model_id,
  code,
  start_year,
  end_year,
  facelift,
  production_countries,
  body_types,
  fuel_types,
  transmission_types,
  summary
)
values (
  'ed5eb45f-ccb9-907e-4670-c2158aa00e54',
  '00a3cf4a-cd55-6904-6df9-c98ceadeb02c',
  'Type 510',
  2023,
  2024,
  false,
  '{"China"}'::text[],
  null,
  null,
  null,
  '5-seater large EREV SUV, prioritizing comfort and luxury for the first two rows, and often referred to as a family flagship.'
)

insert into public.vehicle_insights (
  model_id,
  pros,
  cons,
  inspection_tips,
  notable_features,
  engine_examples,
  common_issues_by_engine,
  reliability_score,
  popularity_score
)
values (
  '00a3cf4a-cd55-6904-6df9-c98ceadeb02c',
  '["Оптимальный размер для ежедневного использования","Огромный панорамный люк","Комфорт для задних пассажиров (спальное место)","Отличная динамика при низком расходе топлива"]'::jsonb,
  '["Отсутствие третьего ряда (для семей)","Чувствительность к качеству дорожного покрытия (стандартная подвеска)","Быстрый износ тормозных колодок из-за веса"]'::jsonb,
  '["Проверить наличие ошибок в системе контроля заряда и разряда батареи","Осмотреть салон на предмет износа кожаных элементов (высокая нагрузка на сиденья)","Проверить настройки и функционирование ассистентов вождения"]'::jsonb,
  '["Five seats layout","Extensive entertainment system for rear passengers","Lounge mode with extended recline"]'::jsonb,
  '["1.5L Turbo EREV Generator (L2E15M)","Dual Electric Motors (AWD)"]'::jsonb,
  '[{"engine_code":"L2E15M","common_issues_ru":["Шумная работа генератора при необходимости быстрой подзарядки","Иногда возникают ошибки связи между силовыми блоками"]}]'::jsonb,
  null,
  null
)

insert into public.vehicle_makes (id, slug, name_en, country, segment_class, is_active, category_path)
values (
  '2ccdfa63-e920-9fa6-c8d8-8249b99165d3',
  'ligier',
  'Ligier',
  'France',
  'M',
  true,
  'Passenger Vehicles/Microcar'
)

insert into public.vehicle_models (
  id,
  make_id,
  slug,
  name_en,
  first_model_year,
  last_model_year,
  years_available,
  body_types_available,
  fuel_types_available,
  transmission_available,
  reliability_score,
  popularity_score
)
values (
  '1c60b69d-2c02-3ec5-9d97-265920ce3962',
  '2ccdfa63-e920-9fa6-c8d8-8249b99165d3',
  'js50',
  'JS50',
  2013,
  2024,
  '{"2013","2014","2015","2016","2017","2018","2019","2020","2021","2022","2023","2024"}'::int[],
  '["Hatchback (3 door)","Coupe"]'::jsonb,
  '["Diesel"]'::jsonb,
  '["Automatic (CVT)"]'::jsonb,
  7.5,
  9
)

insert into public.vehicle_generations (
  id,
  model_id,
  code,
  start_year,
  end_year,
  facelift,
  production_countries,
  body_types,
  fuel_types,
  transmission_types,
  summary
)
values (
  '3e96d5d3-d684-b415-f64a-97b445e3f9c7',
  '1c60b69d-2c02-3ec5-9d97-265920ce3962',
  'Phase 1',
  2013,
  2016,
  false,
  '{"France"}'::text[],
  null,
  null,
  null,
  'Initial release, replacing the Ixo series design.'
)

insert into public.vehicle_generations (
  id,
  model_id,
  code,
  start_year,
  end_year,
  facelift,
  production_countries,
  body_types,
  fuel_types,
  transmission_types,
  summary
)
values (
  '78604d3f-21a3-9872-cc3d-73c30980bbae',
  '1c60b69d-2c02-3ec5-9d97-265920ce3962',
  'Phase 2',
  2016,
  2020,
  true,
  '{"France"}'::text[],
  null,
  null,
  null,
  'Major external and internal restyling.'
)

insert into public.vehicle_generations (
  id,
  model_id,
  code,
  start_year,
  end_year,
  facelift,
  production_countries,
  body_types,
  fuel_types,
  transmission_types,
  summary
)
values (
  '92b7a281-20f6-0b1c-6c34-697915b2afaa',
  '1c60b69d-2c02-3ec5-9d97-265920ce3962',
  'Phase 3',
  2020,
  2024,
  true,
  '{"France"}'::text[],
  null,
  null,
  null,
  'Updated dashboard and engine choices (DCI Revolution).'
)

insert into public.vehicle_insights (
  model_id,
  pros,
  cons,
  inspection_tips,
  notable_features,
  engine_examples,
  common_issues_by_engine,
  reliability_score,
  popularity_score
)
values (
  '1c60b69d-2c02-3ec5-9d97-265920ce3962',
  '["Очень низкий расход топлива","Возможность управления без полной категории B (в Европе)","Компактность для города","Дешевое обслуживание двигателя"]'::jsonb,
  '["Низкая безопасность при столкновении","Очень маленький объем багажника","Высокая цена для квадроцикла","Проблемы с вариатором"]'::jsonb,
  '["Проверить состояние вариатора и ремней","Осмотреть кузов на предмет трещин в пластике","Проверить работу отопителя и электрики"]'::jsonb,
  '["Digital dashboard (later models)","Apple CarPlay/Android Auto (optional)"]'::jsonb,
  '["Lombardini DCI Revolution","Lombardini Progress"]'::jsonb,
  '[{"engine_code":"DCI (Lombardini)","common_issues_ru":["Проблемы с ТНВД (топливный насос высокого давления)","Вибрация на холостом ходу","Необходимость частой замены масла и фильтров"]},{"engine_code":"Progress (Lombardini)","common_issues_ru":["Быстрый износ ремня вариатора","Проблемы с запуском в холодную погоду"]}]'::jsonb,
  null,
  null
)

insert into public.vehicle_models (
  id,
  make_id,
  slug,
  name_en,
  first_model_year,
  last_model_year,
  years_available,
  body_types_available,
  fuel_types_available,
  transmission_available,
  reliability_score,
  popularity_score
)
values (
  'b19415be-40e3-8b05-3cec-5d99395c5033',
  '2ccdfa63-e920-9fa6-c8d8-8249b99165d3',
  'ixo',
  'IXO',
  2010,
  2014,
  '{"2010","2011","2012","2013","2014"}'::int[],
  '["Hatchback (3 door)"]'::jsonb,
  '["Diesel"]'::jsonb,
  '["Automatic (CVT)"]'::jsonb,
  7,
  6.5
)

insert into public.vehicle_generations (
  id,
  model_id,
  code,
  start_year,
  end_year,
  facelift,
  production_countries,
  body_types,
  fuel_types,
  transmission_types,
  summary
)
values (
  '53b392c5-e852-f323-1a05-9edee77a8958',
  'b19415be-40e3-8b05-3cec-5d99395c5033',
  'Phase 1',
  2010,
  2014,
  false,
  '{"France"}'::text[],
  null,
  null,
  null,
  'Successor to the X-TOO R, known for its rounded styling.'
)

insert into public.vehicle_insights (
  model_id,
  pros,
  cons,
  inspection_tips,
  notable_features,
  engine_examples,
  common_issues_by_engine,
  reliability_score,
  popularity_score
)
values (
  'b19415be-40e3-8b05-3cec-5d99395c5033',
  '["Просторный салон по меркам микрокаров","Хорошая управляемость","Низкие эксплуатационные расходы"]'::jsonb,
  '["Слабый двигатель","Качество пластика салона","Сложности с поиском запчастей за пределами ЕС"]'::jsonb,
  '["Осмотреть раму на предмет коррозии (если эксплуатировался в соленом климате)","Проверить люфт рулевого управления"]'::jsonb,
  '["Relatively large windows for visibility"]'::jsonb,
  '["Lombardini Progress ACT"]'::jsonb,
  '[{"engine_code":"Progress ACT","common_issues_ru":["Выход из строя сальников коленвала","Перегрев при длительной нагрузке","Проблемы с системой охлаждения"]}]'::jsonb,
  null,
  null
)

insert into public.vehicle_models (
  id,
  make_id,
  slug,
  name_en,
  first_model_year,
  last_model_year,
  years_available,
  body_types_available,
  fuel_types_available,
  transmission_available,
  reliability_score,
  popularity_score
)
values (
  '5398a20d-51a9-6727-9d34-02378890c0fd',
  '2ccdfa63-e920-9fa6-c8d8-8249b99165d3',
  'js60',
  'J.S. 60',
  2018,
  2024,
  '{"2018","2019","2020","2021","2022","2023","2024"}'::int[],
  '["SUV (Micro-Crossover)"]'::jsonb,
  '["Diesel"]'::jsonb,
  '["Automatic (CVT)"]'::jsonb,
  7.8,
  8
)

insert into public.vehicle_generations (
  id,
  model_id,
  code,
  start_year,
  end_year,
  facelift,
  production_countries,
  body_types,
  fuel_types,
  transmission_types,
  summary
)
values (
  '06a0a293-1eed-f207-7928-1d7a3c1a4398',
  '5398a20d-51a9-6727-9d34-02378890c0fd',
  'SUV',
  2018,
  2024,
  false,
  '{"France"}'::text[],
  null,
  null,
  null,
  'Modern crossover styling applied to a quadricycle platform, targeting premium microcar buyers.'
)

insert into public.vehicle_insights (
  model_id,
  pros,
  cons,
  inspection_tips,
  notable_features,
  engine_examples,
  common_issues_by_engine,
  reliability_score,
  popularity_score
)
values (
  '5398a20d-51a9-6727-9d34-02378890c0fd',
  '["Современный внешний вид кроссовера","Улучшенная звукоизоляция по сравнению со старыми моделями","Оснащение мультимедиа (планшет)"]'::jsonb,
  '["Очень высокая цена","Ограниченная мощность","Чувствительность к боковому ветру"]'::jsonb,
  '["Проверить электроусилитель руля (если установлен)","Убедиться в отсутствии люфтов в подвеске (нагрузка выше из-за веса)","Тщательно проверить качество сборки пластиковых панелей"]'::jsonb,
  '["10-inch Touchscreen tablet","LED running lights","Increased ride height"]'::jsonb,
  '["Lombardini DCI Revolution 498 cc"]'::jsonb,
  '[{"engine_code":"DCI 498","common_issues_ru":["Требует высококачественного дизельного топлива","Сложности с электронной педалью газа","Редкие сбои в системе Start/Stop"]}]'::jsonb,
  null,
  null
)

insert into public.vehicle_makes (id, slug, name_en, country, segment_class, is_active, category_path)
values (
  'ac35d0ee-9e7c-03cd-8cd5-070b2bdc6aa6',
  'lincoln',
  'Lincoln',
  'USA',
  'Luxury',
  true,
  'Luxury Vehicles'
)

insert into public.vehicle_models (
  id,
  make_id,
  slug,
  name_en,
  first_model_year,
  last_model_year,
  years_available,
  body_types_available,
  fuel_types_available,
  transmission_available,
  reliability_score,
  popularity_score
)
values (
  'feaae5be-7d33-0c46-daaa-51423920d45d',
  'ac35d0ee-9e7c-03cd-8cd5-070b2bdc6aa6',
  'navigator',
  'Navigator',
  1998,
  2024,
  '{"2018","2019","2020","2021","2022","2023","2024"}'::int[],
  '["SUV","Long-Wheelbase SUV"]'::jsonb,
  '["Gasoline"]'::jsonb,
  '["Automatic"]'::jsonb,
  7.5,
  8.5
)

insert into public.vehicle_generations (
  id,
  model_id,
  code,
  start_year,
  end_year,
  facelift,
  production_countries,
  body_types,
  fuel_types,
  transmission_types,
  summary
)
values (
  'a112795b-3dfc-c9f1-ca5e-78b1dedbd6e0',
  'feaae5be-7d33-0c46-daaa-51423920d45d',
  'U554',
  2018,
  2024,
  false,
  '{"USA"}'::text[],
  null,
  null,
  null,
  'The fourth generation is known for its aluminum body, powerful twin-turbo V6, and advanced luxury features, offering a spacious and imposing presence.'
)

insert into public.vehicle_insights (
  model_id,
  pros,
  cons,
  inspection_tips,
  notable_features,
  engine_examples,
  common_issues_by_engine,
  reliability_score,
  popularity_score
)
values (
  'feaae5be-7d33-0c46-daaa-51423920d45d',
  '["Высокий уровень комфорта и роскоши","Мощный двигатель Twin-Turbo V6","Вместительный салон и багажник"]'::jsonb,
  '["Высокий расход топлива","Сложности с обслуживанием из-за больших габаритов","Дорогое обслуживание и запчасти"]'::jsonb,
  '["Проверить работу пневмоподвески","Осмотреть раму на предмет коррозии (особенно на старых моделях)","Оценить состояние турбин V6"]'::jsonb,
  '["Perfect Position 30-way adjustable seats","Revel Ultima Audio System"]'::jsonb,
  '["3.5L EcoBoost V6"]'::jsonb,
  '[{"engine_code":"3.5L EcoBoost","common_issues_ru":["Проблемы с цепью ГРМ (на ранних моделях)","Утечки масла из клапанных крышек","Выход из строя катушек зажигания"]}]'::jsonb,
  null,
  null
)

insert into public.vehicle_models (
  id,
  make_id,
  slug,
  name_en,
  first_model_year,
  last_model_year,
  years_available,
  body_types_available,
  fuel_types_available,
  transmission_available,
  reliability_score,
  popularity_score
)
values (
  'c7c31927-32e3-8ab9-dc69-cfa43aa960bc',
  'ac35d0ee-9e7c-03cd-8cd5-070b2bdc6aa6',
  'continental',
  'Continental',
  1940,
  2020,
  '{"2017","2018","2019","2020"}'::int[],
  '["Sedan"]'::jsonb,
  '["Gasoline"]'::jsonb,
  '["Automatic"]'::jsonb,
  7,
  6
)

insert into public.vehicle_generations (
  id,
  model_id,
  code,
  start_year,
  end_year,
  facelift,
  production_countries,
  body_types,
  fuel_types,
  transmission_types,
  summary
)
values (
  '93d3699e-3f3b-7fa8-9f9b-ee0f17c1d80a',
  'c7c31927-32e3-8ab9-dc69-cfa43aa960bc',
  'D544',
  2017,
  2020,
  false,
  '{"USA"}'::text[],
  null,
  null,
  null,
  'The return of the flagship sedan (10th generation), emphasizing quietness, advanced seating options, and smooth ride quality.'
)

insert into public.vehicle_insights (
  model_id,
  pros,
  cons,
  inspection_tips,
  notable_features,
  engine_examples,
  common_issues_by_engine,
  reliability_score,
  popularity_score
)
values (
  'c7c31927-32e3-8ab9-dc69-cfa43aa960bc',
  '["Исключительная шумоизоляция","Комфортабельные сиденья с множеством регулировок","Классический, элегантный дизайн"]'::jsonb,
  '["Спорная управляемость","Быстрая потеря стоимости","Небольшой дорожный просвет"]'::jsonb,
  '["Проверить состояние электроники и дисплеев","Осмотреть трансмиссию (особенно 3.0T)","Убедиться в отсутствии люфтов в подвеске"]'::jsonb,
  '["E-Latch door handles","Available AWD system"]'::jsonb,
  '["3.0L GTDI V6","3.7L Ti-VCT V6"]'::jsonb,
  '[{"engine_code":"3.0L GTDI","common_issues_ru":["Возможные перегревы турбин","Проблемы с топливным насосом высокого давления","Течи антифриза"]}]'::jsonb,
  null,
  null
)

insert into public.vehicle_models (
  id,
  make_id,
  slug,
  name_en,
  first_model_year,
  last_model_year,
  years_available,
  body_types_available,
  fuel_types_available,
  transmission_available,
  reliability_score,
  popularity_score
)
values (
  '8fcbacad-5d57-0eee-affd-b804a8d16fb6',
  'ac35d0ee-9e7c-03cd-8cd5-070b2bdc6aa6',
  'nautilus',
  'Nautilus',
  2007,
  2024,
  '{"2019","2020","2021","2022","2023","2024"}'::int[],
  '["Crossover"]'::jsonb,
  '["Gasoline"]'::jsonb,
  '["Automatic"]'::jsonb,
  8,
  7.8
)

insert into public.vehicle_generations (
  id,
  model_id,
  code,
  start_year,
  end_year,
  facelift,
  production_countries,
  body_types,
  fuel_types,
  transmission_types,
  summary
)
values (
  '519158af-ad40-369d-0747-d65b41b83e49',
  '8fcbacad-5d57-0eee-affd-b804a8d16fb6',
  'U611',
  2019,
  2023,
  true,
  '{"Canada","China"}'::text[],
  null,
  null,
  null,
  'The Nautilus nameplate was introduced as a facelifted and revised version of the second-generation MKX, bringing updated styling and new standard technology.'
)

insert into public.vehicle_insights (
  model_id,
  pros,
  cons,
  inspection_tips,
  notable_features,
  engine_examples,
  common_issues_by_engine,
  reliability_score,
  popularity_score
)
values (
  '8fcbacad-5d57-0eee-affd-b804a8d16fb6',
  '["Надежные базовые двигатели","Качественная отделка салона","Плавный ход"]'::jsonb,
  '["Скучноватый дизайн интерьера (до рестайлинга)","Недостаточная динамика у базовых версий","Чувствительность к качеству масла"]'::jsonb,
  '["Проверить на стуки в рулевой рейке","Осмотреть на предмет износа тормозных дисков (характерно для тяжелых кроссоверов)","Диагностика системы полного привода"]'::jsonb,
  '["Standard 13.2-inch infotainment screen (2021+)","Road Preview suspension system"]'::jsonb,
  '["2.0L EcoBoost I4","2.7L EcoBoost V6"]'::jsonb,
  '[{"engine_code":"2.0L EcoBoost","common_issues_ru":["Повышенный расход масла","Проблемы с системой охлаждения","Шумность на холостом ходу"]}]'::jsonb,
  null,
  null
)

insert into public.vehicle_makes (id, slug, name_en, country, segment_class, is_active, category_path)
values (
  'a23caea2-1f47-d594-fee0-6bb1bac295a0',
  'lotus',
  'Lotus',
  'UK',
  'Sports Car',
  true,
  'Sportscars/Exotic'
)

insert into public.vehicle_models (
  id,
  make_id,
  slug,
  name_en,
  first_model_year,
  last_model_year,
  years_available,
  body_types_available,
  fuel_types_available,
  transmission_available,
  reliability_score,
  popularity_score
)
values (
  '88446b07-7fa0-0273-320b-875746d8a0fe',
  'a23caea2-1f47-d594-fee0-6bb1bac295a0',
  'elise',
  'Elise',
  1996,
  2021,
  '{"1996","1997","1998","1999","2000","2001","2002","2003","2004","2005","2006","2007","2008","2009","2010","2011","2012","2013","2014","2015","2016","2017","2018","2019","2020","2021"}'::int[],
  '["Roadster","Coupe"]'::jsonb,
  '["Gasoline"]'::jsonb,
  '["Manual"]'::jsonb,
  8.5,
  9
)

insert into public.vehicle_generations (
  id,
  model_id,
  code,
  start_year,
  end_year,
  facelift,
  production_countries,
  body_types,
  fuel_types,
  transmission_types,
  summary
)
values (
  '29dea388-abfa-9857-73e4-abf53ce3faba',
  '88446b07-7fa0-0273-320b-875746d8a0fe',
  'S1',
  1996,
  2001,
  false,
  '{"UK"}'::text[],
  null,
  null,
  null,
  'The original lightweight Elise, known for its bonded aluminium chassis.'
)

insert into public.vehicle_generations (
  id,
  model_id,
  code,
  start_year,
  end_year,
  facelift,
  production_countries,
  body_types,
  fuel_types,
  transmission_types,
  summary
)
values (
  '6ce22dc4-3f1a-697e-7321-6d8f171dc1cd',
  '88446b07-7fa0-0273-320b-875746d8a0fe',
  'S2',
  2001,
  2011,
  true,
  '{"UK"}'::text[],
  null,
  null,
  null,
  'Revised design, incorporated Rover and later Toyota engines.'
)

insert into public.vehicle_generations (
  id,
  model_id,
  code,
  start_year,
  end_year,
  facelift,
  production_countries,
  body_types,
  fuel_types,
  transmission_types,
  summary
)
values (
  '77240d44-f5a5-73a5-97fd-b6046034b1d0',
  '88446b07-7fa0-0273-320b-875746d8a0fe',
  'S3',
  2011,
  2021,
  true,
  '{"UK"}'::text[],
  null,
  null,
  null,
  'Final iteration focusing on efficiency and performance, often using supercharged Toyota units.'
)

insert into public.vehicle_insights (
  model_id,
  pros,
  cons,
  inspection_tips,
  notable_features,
  engine_examples,
  common_issues_by_engine,
  reliability_score,
  popularity_score
)
values (
  '88446b07-7fa0-0273-320b-875746d8a0fe',
  '["Отличная динамика и управляемость","Низкий расход топлива","Надежность благодаря двигателям Toyota"]'::jsonb,
  '["Спартанский интерьер","Сложность входа и выхода из салона","Высокая стоимость обслуживания"]'::jsonb,
  '["Проверить состояние алюминиевого шасси на предмет повреждений","Осмотреть на наличие утечек масла в задней части двигателя"]'::jsonb,
  '["Феноменальная управляемость","Минимальный вес (ниже 900 кг)"]'::jsonb,
  '["Toyota 1.8L (1ZZ/2ZZ variants)","Rover K-Series 1.8L"]'::jsonb,
  '[{"engine_code":"2ZZ-GE","common_issues_ru":["Проблемы с системой VVT-iL (переключатель профиля кулачка)","Перегрев при интенсивном трековом использовании"]},{"engine_code":"K-Series","common_issues_ru":["Выход из строя прокладки головки блока цилиндров (HGF) на ранних моделях"]}]'::jsonb,
  null,
  null
)

insert into public.vehicle_models (
  id,
  make_id,
  slug,
  name_en,
  first_model_year,
  last_model_year,
  years_available,
  body_types_available,
  fuel_types_available,
  transmission_available,
  reliability_score,
  popularity_score
)
values (
  'e8298c73-2568-1393-1dc1-e327ffb5a2d7',
  'a23caea2-1f47-d594-fee0-6bb1bac295a0',
  'exige',
  'Exige',
  2000,
  2021,
  '{"2000","2001","2004","2005","2006","2007","2008","2009","2010","2011","2012","2013","2014","2015","2016","2017","2018","2019","2020","2021"}'::int[],
  '["Coupe"]'::jsonb,
  '["Gasoline"]'::jsonb,
  '["Manual"]'::jsonb,
  8.3,
  8
)

insert into public.vehicle_generations (
  id,
  model_id,
  code,
  start_year,
  end_year,
  facelift,
  production_countries,
  body_types,
  fuel_types,
  transmission_types,
  summary
)
values (
  'f4368ec7-ab5d-67b3-5854-bb215e5b0b12',
  'e8298c73-2568-1393-1dc1-e327ffb5a2d7',
  'S1',
  2000,
  2001,
  false,
  '{"UK"}'::text[],
  null,
  null,
  null,
  'Track-focused derivative of the Elise S1.'
)

insert into public.vehicle_generations (
  id,
  model_id,
  code,
  start_year,
  end_year,
  facelift,
  production_countries,
  body_types,
  fuel_types,
  transmission_types,
  summary
)
values (
  '7ffc3a74-c4c9-6df3-73b5-b052d58d2166',
  'e8298c73-2568-1393-1dc1-e327ffb5a2d7',
  'S2',
  2004,
  2011,
  true,
  '{"UK"}'::text[],
  null,
  null,
  null,
  'Introduced forced induction (supercharging), significantly boosting performance.'
)

insert into public.vehicle_generations (
  id,
  model_id,
  code,
  start_year,
  end_year,
  facelift,
  production_countries,
  body_types,
  fuel_types,
  transmission_types,
  summary
)
values (
  'b09ebc80-cac9-90be-45ac-328f8471bab8',
  'e8298c73-2568-1393-1dc1-e327ffb5a2d7',
  'S3',
  2012,
  2021,
  true,
  '{"UK"}'::text[],
  null,
  null,
  null,
  'Switched to 3.5L V6 engines (supercharged) for high-performance track models.'
)

insert into public.vehicle_insights (
  model_id,
  pros,
  cons,
  inspection_tips,
  notable_features,
  engine_examples,
  common_issues_by_engine,
  reliability_score,
  popularity_score
)
values (
  'e8298c73-2568-1393-1dc1-e327ffb5a2d7',
  '["Невероятная мощность/вес","Исключительная обратная связь","Высокая надежность двигателя (при должном обслуживании)"]'::jsonb,
  '["Крайне непрактичен для дорог общего пользования","Очень жесткая подвеска","Ограниченная обзорность"]'::jsonb,
  '["Проверить состояние гоночных компонентов (если установлены)","Внимательно оценить состояние шин и тормозных дисков (высокие нагрузки)"]'::jsonb,
  '["Гоночная динамика","Интегрированный каркас безопасности (в некоторых версиях)"]'::jsonb,
  '["Toyota 1.8L Supercharged","Toyota 3.5L V6 Supercharged"]'::jsonb,
  '[{"engine_code":"V6 Supercharged","common_issues_ru":["Повышенный износ сцепления из-за высокого крутящего момента","Требовательность к качеству топлива и масла"]}]'::jsonb,
  null,
  null
)

insert into public.vehicle_models (
  id,
  make_id,
  slug,
  name_en,
  first_model_year,
  last_model_year,
  years_available,
  body_types_available,
  fuel_types_available,
  transmission_available,
  reliability_score,
  popularity_score
)
values (
  'd80e7392-72b6-9dd7-b330-22e4b9a263bb',
  'a23caea2-1f47-d594-fee0-6bb1bac295a0',
  'evora',
  'Evora',
  2009,
  2021,
  '{"2009","2010","2011","2012","2013","2014","2015","2016","2017","2018","2019","2020","2021"}'::int[],
  '["Coupe"]'::jsonb,
  '["Gasoline"]'::jsonb,
  '["Manual","Automatic"]'::jsonb,
  8,
  7.5
)

insert into public.vehicle_generations (
  id,
  model_id,
  code,
  start_year,
  end_year,
  facelift,
  production_countries,
  body_types,
  fuel_types,
  transmission_types,
  summary
)
values (
  '59594fec-cc6d-42b3-4f3c-ee478c7f2499',
  'd80e7392-72b6-9dd7-b330-22e4b9a263bb',
  'Mk1',
  2009,
  2015,
  false,
  '{"UK"}'::text[],
  null,
  null,
  null,
  'The initial Evora, aimed at a more comfortable GT market.'
)

insert into public.vehicle_generations (
  id,
  model_id,
  code,
  start_year,
  end_year,
  facelift,
  production_countries,
  body_types,
  fuel_types,
  transmission_types,
  summary
)
values (
  '79d5b597-53d9-8e94-82f9-933f68e1610b',
  'd80e7392-72b6-9dd7-b330-22e4b9a263bb',
  '400/GT',
  2015,
  2021,
  true,
  '{"UK"}'::text[],
  null,
  null,
  null,
  'Performance update with significantly more power and revised styling.'
)

insert into public.vehicle_insights (
  model_id,
  pros,
  cons,
  inspection_tips,
  notable_features,
  engine_examples,
  common_issues_by_engine,
  reliability_score,
  popularity_score
)
values (
  'd80e7392-72b6-9dd7-b330-22e4b9a263bb',
  '["Мощный и надежный двигатель V6 от Toyota","Комфортнее для дальних поездок, чем другие модели Lotus","Отличный баланс между GT и спорткаром"]'::jsonb,
  '["Высокая цена","Тесный задний ряд (2+2 конфигурация)","Проблемы с электроникой салона на ранних моделях"]'::jsonb,
  '["Проверить работу информационно-развлекательной системы (часто глючит)","Оценить состояние сальников приводов (возможны утечки)"]'::jsonb,
  '["Среднемоторная компоновка","Более высокое качество отделки салона, чем у Elise/Exige"]'::jsonb,
  '["Toyota 3.5L V6 (NA)","Toyota 3.5L V6 Supercharged"]'::jsonb,
  '[{"engine_code":"2GR-FE (SC)","common_issues_ru":["Проблемы с проводкой к датчикам кислорода","Необходимость замены ремня нагнетателя","Дорогостоящее обслуживание в официальных сервисах"]}]'::jsonb,
  null,
  null
)

insert into public.vehicle_makes (id, slug, name_en, country, segment_class, is_active, category_path)
values (
  '5e0718bc-b238-0b5a-e559-83864a020109',
  'lucid',
  'Lucid',
  'USA',
  'Luxury EV',
  true,
  'Passenger Car'
)

insert into public.vehicle_models (
  id,
  make_id,
  slug,
  name_en,
  first_model_year,
  last_model_year,
  years_available,
  body_types_available,
  fuel_types_available,
  transmission_available,
  reliability_score,
  popularity_score
)
values (
  '0ec04bb8-f83b-a039-b620-a0352b47e290',
  '5e0718bc-b238-0b5a-e559-83864a020109',
  'air',
  'Air',
  2021,
  2024,
  '{"2021","2022","2023","2024"}'::int[],
  '["Sedan"]'::jsonb,
  '["Electric"]'::jsonb,
  '["Automatic (Single Speed)"]'::jsonb,
  8,
  7.5
)

insert into public.vehicle_generations (
  id,
  model_id,
  code,
  start_year,
  end_year,
  facelift,
  production_countries,
  body_types,
  fuel_types,
  transmission_types,
  summary
)
values (
  'dd1199dc-647f-e378-9eb9-31c8b36fc2fe',
  '0ec04bb8-f83b-a039-b620-a0352b47e290',
  'P1',
  2021,
  2024,
  false,
  '{"USA"}'::text[],
  null,
  null,
  null,
  'First generation of Lucid''s flagship sedan, focusing on maximizing range and efficiency.'
)

insert into public.vehicle_insights (
  model_id,
  pros,
  cons,
  inspection_tips,
  notable_features,
  engine_examples,
  common_issues_by_engine,
  reliability_score,
  popularity_score
)
values (
  '0ec04bb8-f83b-a039-b620-a0352b47e290',
  '["Выдающийся запас хода среди всех электромобилей","Превосходная динамика и управляемость","Роскошный и просторный салон"]'::jsonb,
  '["Высокая начальная цена и стоимость обслуживания","Ограниченная сеть дилеров и сервисных центров","Сложная система инфотейнмента требует частых обновлений"]'::jsonb,
  '["Проверить работу всех сенсорных экранов и обновления ПО","Осмотреть качество сборки кузова, особенно зазоры дверей и капота","Проверить состояние пневматической подвески на наличие утечек при разной высоте"]'::jsonb,
  '["Record-breaking EPA range (up to 520 miles)","Extremely fast charging capability (up to 300 kW)","Spacious ''Glass Canopy'' roof design"]'::jsonb,
  '["Single-Motor RWD (480 hp)","Dual-Motor AWD (819 hp)"]'::jsonb,
  '[{"engine_code":"EV-LMC-AWD","common_issues_ru":["Проблемы с программным обеспечением и системой инфотейнмента (частые сбои)","Неравномерные зазоры панелей кузова (характерно для ранних сборок)","Медленная скорость зарядки на некоторых станциях третьего уровня (DC)"]}]'::jsonb,
  null,
  null
)

insert into public.vehicle_models (
  id,
  make_id,
  slug,
  name_en,
  first_model_year,
  last_model_year,
  years_available,
  body_types_available,
  fuel_types_available,
  transmission_available,
  reliability_score,
  popularity_score
)
values (
  'cc26c8b6-f8ae-b6ac-5843-78ba79f02441',
  '5e0718bc-b238-0b5a-e559-83864a020109',
  'air-grand-touring',
  'Air Grand Touring',
  2022,
  2024,
  '{"2022","2023","2024"}'::int[],
  '["Sedan"]'::jsonb,
  '["Electric"]'::jsonb,
  '["Automatic (Single Speed)"]'::jsonb,
  7.8,
  7
)

insert into public.vehicle_generations (
  id,
  model_id,
  code,
  start_year,
  end_year,
  facelift,
  production_countries,
  body_types,
  fuel_types,
  transmission_types,
  summary
)
values (
  '5b0fe5f7-69d9-43cc-b42b-42843aad2146',
  'cc26c8b6-f8ae-b6ac-5843-78ba79f02441',
  'P1-GT',
  2022,
  2024,
  false,
  '{"USA"}'::text[],
  null,
  null,
  null,
  'High-performance trim of the Air sedan featuring increased power output and advanced features.'
)

insert into public.vehicle_insights (
  model_id,
  pros,
  cons,
  inspection_tips,
  notable_features,
  engine_examples,
  common_issues_by_engine,
  reliability_score,
  popularity_score
)
values (
  'cc26c8b6-f8ae-b6ac-5843-78ba79f02441',
  '["Один из самых быстрых серийных автомобилей в мире","Исключительный уровень отделки салона","Передовые технологии безопасности и помощи водителю"]'::jsonb,
  '["Очень высокая стоимость владения","Реализация заявленной максимальной мощности требует идеальных условий","Дорогие запчасти и кузовной ремонт"]'::jsonb,
  '["Проверить тормозную систему и колодки (высокий износ)","Убедиться в отсутствии ошибок в системе управления теплообменом батареи","Проверить функциональность всех режимов движения, включая DreamDrive Pro"]'::jsonb,
  '["Three-motor setup (Sapphire trim)","Extreme acceleration capabilities (0-60 mph in under 2 seconds)","Advanced carbon ceramic braking system (on Sapphire/GT trims)"]'::jsonb,
  '["Dual-Motor AWD (1050 hp)"]'::jsonb,
  '[{"engine_code":"EV-LMC-GT","common_issues_ru":["Высокий износ шин из-за мощности","Перегрев батареи при частой эксплуатации в режиме максимальной мощности","Сложности с калибровкой ADAS систем"]}]'::jsonb,
  null,
  null
)

insert into public.vehicle_models (
  id,
  make_id,
  slug,
  name_en,
  first_model_year,
  last_model_year,
  years_available,
  body_types_available,
  fuel_types_available,
  transmission_available,
  reliability_score,
  popularity_score
)
values (
  '78c18df2-0f90-44a8-9167-35c6a2e13e1a',
  '5e0718bc-b238-0b5a-e559-83864a020109',
  'gravity',
  'Gravity',
  2025,
  2028,
  '{"2025","2026","2027","2028"}'::int[],
  '["SUV"]'::jsonb,
  '["Electric"]'::jsonb,
  '["Automatic (Single Speed)"]'::jsonb,
  7.5,
  8.5
)

insert into public.vehicle_generations (
  id,
  model_id,
  code,
  start_year,
  end_year,
  facelift,
  production_countries,
  body_types,
  fuel_types,
  transmission_types,
  summary
)
values (
  'fc1b571c-1689-f811-d758-21fed7e32305',
  '78c18df2-0f90-44a8-9167-35c6a2e13e1a',
  'G1',
  2025,
  2028,
  false,
  '{"USA"}'::text[],
  null,
  null,
  null,
  'Lucid''s first luxury electric SUV, promising Air''s efficiency and range characteristics in a larger, 3-row package.'
)

insert into public.vehicle_insights (
  model_id,
  pros,
  cons,
  inspection_tips,
  notable_features,
  engine_examples,
  common_issues_by_engine,
  reliability_score,
  popularity_score
)
values (
  '78c18df2-0f90-44a8-9167-35c6a2e13e1a',
  '["Просторный салон и три ряда сидений","Высокая эффективность и ожидаемый большой запас хода","Премиальный дизайн и новейшие технологии Lucid"]'::jsonb,
  '["Предполагаемая высокая цена","Ограниченная грузоподъемность при полной загрузке пассажирами","Длительные сроки ожидания и поставки на старте продаж"]'::jsonb,
  '["Проверить функционирование всех сидений третьего ряда","Оценить работу системы теплового насоса (если установлена)","Проверить вместимость багажника и наличие ''frunk'' (переднего багажника)"]'::jsonb,
  '["7-seat configuration available","High aerodynamic efficiency for an SUV","Expected class-leading range"]'::jsonb,
  '["Dual-Motor AWD (Projected 800+ hp)"]'::jsonb,
  '[{"engine_code":"EV-LMC-SUV","common_issues_ru":["Возможные проблемы с управляемостью из-за веса и габаритов (в сравнении с Air)","Особенности работы третьего ряда сидений (механизмы складывания)","Потенциальные проблемы с клиренсом и пневмоподвеской при эксплуатации вне дорог"]}]'::jsonb,
  null,
  null
)

insert into public.vehicle_makes (id, slug, name_en, country, segment_class, is_active, category_path)
values (
  'e61eda51-75c8-05f8-5935-9d007338b866',
  'lynk-co',
  'Lynk & Co',
  'Sweden',
  'Crossover/SUV/Sedan',
  true,
  '/passenger-cars/crossovers-and-suvs/'
)

insert into public.vehicle_models (
  id,
  make_id,
  slug,
  name_en,
  first_model_year,
  last_model_year,
  years_available,
  body_types_available,
  fuel_types_available,
  transmission_available,
  reliability_score,
  popularity_score
)
values (
  'c04b2374-3c38-a7ef-f4a8-930b328e81f2',
  'e61eda51-75c8-05f8-5935-9d007338b866',
  '01',
  '01',
  2017,
  2024,
  '{"2017","2018","2019","2020","2021","2022","2023","2024"}'::int[],
  '["SUV"]'::jsonb,
  '["Petrol","Hybrid","PHEV"]'::jsonb,
  '["Automatic"]'::jsonb,
  8,
  8.5
)

insert into public.vehicle_generations (
  id,
  model_id,
  code,
  start_year,
  end_year,
  facelift,
  production_countries,
  body_types,
  fuel_types,
  transmission_types,
  summary
)
values (
  'c99d2382-58e5-0f56-c276-4e76c513b5cb',
  'c04b2374-3c38-a7ef-f4a8-930b328e81f2',
  'G1',
  2017,
  2024,
  false,
  '{"China","Belgium"}'::text[],
  null,
  null,
  null,
  'The debut model, a compact SUV based on the CMA platform (shared with Volvo XC40).'
)

insert into public.vehicle_insights (
  model_id,
  pros,
  cons,
  inspection_tips,
  notable_features,
  engine_examples,
  common_issues_by_engine,
  reliability_score,
  popularity_score
)
values (
  'c04b2374-3c38-a7ef-f4a8-930b328e81f2',
  '["Стильный современный дизайн","Высокое качество салона","Богатая базовая комплектация","Низкий расход топлива (PHEV)"]'::jsonb,
  '["Высокая стоимость обслуживания у неофициальных дилеров","Сложности с поиском запчастей в СНГ","Информационно-развлекательная система иногда глючит"]'::jsonb,
  '["Проверить состояние аккумуляторной батареи в гибридных версиях","Осмотреть ЛКП на предмет коррозии (ранние модели)","Проверить работу всех электронных помощников"]'::jsonb,
  '["CMA platform sharing with Volvo","Unique subscription model availability","Integrated digital connectivity"]'::jsonb,
  '["1.5L T3","2.0L T4","1.5L PHEV"]'::jsonb,
  '[{"engine_code":"1.5L T3","common_issues_ru":["Проблемы с датчиком положения распредвала","Повышенный расход масла при активной езде"]}]'::jsonb,
  null,
  null
)

insert into public.vehicle_models (
  id,
  make_id,
  slug,
  name_en,
  first_model_year,
  last_model_year,
  years_available,
  body_types_available,
  fuel_types_available,
  transmission_available,
  reliability_score,
  popularity_score
)
values (
  'a0629f43-274a-b91f-c412-05baf9937ed9',
  'e61eda51-75c8-05f8-5935-9d007338b866',
  '02',
  '02',
  2018,
  2023,
  '{"2018","2019","2020","2021","2022","2023"}'::int[],
  '["Hatchback","Crossover"]'::jsonb,
  '["Petrol"]'::jsonb,
  '["Manual","Automatic"]'::jsonb,
  7.8,
  7
)

insert into public.vehicle_generations (
  id,
  model_id,
  code,
  start_year,
  end_year,
  facelift,
  production_countries,
  body_types,
  fuel_types,
  transmission_types,
  summary
)
values (
  'daad20f8-9b90-33f4-0d9f-23e76b0fa8aa',
  'a0629f43-274a-b91f-c412-05baf9937ed9',
  'G1',
  2018,
  2023,
  false,
  '{"China"}'::text[],
  null,
  null,
  null,
  'A lower-slung crossover/hatchback sibling to the 01, also using the CMA platform.'
)

insert into public.vehicle_insights (
  model_id,
  pros,
  cons,
  inspection_tips,
  notable_features,
  engine_examples,
  common_issues_by_engine,
  reliability_score,
  popularity_score
)
values (
  'a0629f43-274a-b91f-c412-05baf9937ed9',
  '["Спортивный внешний вид","Отличная управляемость","Мощные турбированные двигатели","Компактные размеры для города"]'::jsonb,
  '["Ограниченное пространство на задних сиденьях","Жестковатая подвеска","Небольшой багажник"]'::jsonb,
  '["Проверить трансмиссию, особенно на моделях с двойным сцеплением","Обратить внимание на износ тормозных дисков из-за агрессивной езды","Проверить работу панорамной крыши (если есть)"]'::jsonb,
  '["Sporty stance and handling","Frameless door design (on some trims)","AWD availability"]'::jsonb,
  '["1.5L T3","2.0L T4"]'::jsonb,
  '[{"engine_code":"2.0L T4","common_issues_ru":["Вибрации на холостом ходу","Потенциальный выход из строя ТНВД (топливного насоса высокого давления)"]}]'::jsonb,
  null,
  null
)

insert into public.vehicle_models (
  id,
  make_id,
  slug,
  name_en,
  first_model_year,
  last_model_year,
  years_available,
  body_types_available,
  fuel_types_available,
  transmission_available,
  reliability_score,
  popularity_score
)
values (
  '78458168-6dee-d548-de0d-95b7fac196b3',
  'e61eda51-75c8-05f8-5935-9d007338b866',
  '05',
  '05',
  2020,
  2024,
  '{"2020","2021","2022","2023","2024"}'::int[],
  '["SUV Coupe"]'::jsonb,
  '["Petrol","Hybrid"]'::jsonb,
  '["Automatic"]'::jsonb,
  8.2,
  7.5
)

insert into public.vehicle_generations (
  id,
  model_id,
  code,
  start_year,
  end_year,
  facelift,
  production_countries,
  body_types,
  fuel_types,
  transmission_types,
  summary
)
values (
  'ca6caf0f-d8f1-a854-eb33-7ce65c8a0d57',
  '78458168-6dee-d548-de0d-95b7fac196b3',
  'G1',
  2020,
  2024,
  false,
  '{"China"}'::text[],
  null,
  null,
  null,
  'A premium coupe SUV based on the CMA platform, featuring a distinctive fastback design.'
)

insert into public.vehicle_insights (
  model_id,
  pros,
  cons,
  inspection_tips,
  notable_features,
  engine_examples,
  common_issues_by_engine,
  reliability_score,
  popularity_score
)
values (
  '78458168-6dee-d548-de0d-95b7fac196b3',
  '["Премиальный интерьер и отделка","Агрессивный купе-кроссовер дизайн","Отличная шумоизоляция","Высокий уровень безопасности и технологий"]'::jsonb,
  '["Ограниченный обзор назад из-за формы кузова","Высокая цена","Расход топлива выше, чем у 01"]'::jsonb,
  '["Проверить работу адаптивного круиз-контроля","Оценить состояние задних амортизаторов, особенно при большой загрузке","Проверить электронику багажника"]'::jsonb,
  '["High-end interior materials","Fastback SUV styling","Performance-oriented tuning"]'::jsonb,
  '["2.0L T5"]'::jsonb,
  '[{"engine_code":"2.0L T5","common_issues_ru":["Чувствительность к качеству топлива","Случаи незначительных утечек масла из-под клапанной крышки"]}]'::jsonb,
  null,
  null
)

insert into public.vehicle_makes (id, slug, name_en, country, segment_class, is_active, category_path)
values (
  'c19fa4cb-f211-6a52-5d6a-a444c78ea146',
  'mg',
  'MG',
  'China',
  'Crossover/Hatchback',
  true,
  'Passenger Cars'
)

insert into public.vehicle_models (
  id,
  make_id,
  slug,
  name_en,
  first_model_year,
  last_model_year,
  years_available,
  body_types_available,
  fuel_types_available,
  transmission_available,
  reliability_score,
  popularity_score
)
values (
  'fb3659f9-ebc7-3e98-f6d6-021215966df7',
  'c19fa4cb-f211-6a52-5d6a-a444c78ea146',
  'zs',
  'ZS',
  2017,
  2024,
  '{"2017","2018","2019","2020","2021","2022","2023","2024"}'::int[],
  '["SUV"]'::jsonb,
  '["Gasoline","Electric"]'::jsonb,
  '["Manual","Automatic","CVT"]'::jsonb,
  7.5,
  8.5
)

insert into public.vehicle_generations (
  id,
  model_id,
  code,
  start_year,
  end_year,
  facelift,
  production_countries,
  body_types,
  fuel_types,
  transmission_types,
  summary
)
values (
  '4bfa0b42-621e-0f8c-081f-eb4c20e08a2a',
  'fb3659f9-ebc7-3e98-f6d6-021215966df7',
  'First Gen',
  2017,
  2020,
  false,
  '{"China","Thailand"}'::text[],
  null,
  null,
  null,
  'Initial release model focusing on value and compact SUV segment entry.'
)

insert into public.vehicle_generations (
  id,
  model_id,
  code,
  start_year,
  end_year,
  facelift,
  production_countries,
  body_types,
  fuel_types,
  transmission_types,
  summary
)
values (
  'c8ec5487-8e1f-ac4c-f5a7-4700cd00aa9c',
  'fb3659f9-ebc7-3e98-f6d6-021215966df7',
  'Facelift',
  2020,
  2024,
  true,
  '{"China","Thailand"}'::text[],
  null,
  null,
  null,
  'Mid-cycle refresh with updated styling, technology, and improved interior quality.'
)

insert into public.vehicle_insights (
  model_id,
  pros,
  cons,
  inspection_tips,
  notable_features,
  engine_examples,
  common_issues_by_engine,
  reliability_score,
  popularity_score
)
values (
  'fb3659f9-ebc7-3e98-f6d6-021215966df7',
  '["Affordable price","Spacious cabin for the size","Long warranty period"]'::jsonb,
  '["Poor handling dynamics","Cheap interior materials (pre-facelift)","Engine lacks power"]'::jsonb,
  '["Проверьте работу вариатора (CVT) на предмет рывков.","Осмотрите кузов на предмет коррозии, особенно после зимней эксплуатации.","Проверьте электронику, часто бывают сбои в мультимедиа."]'::jsonb,
  '["MG Pilot ADAS system","Trophy trim luxury features"]'::jsonb,
  '["1.5L VTi-tech (114 hp)","1.0L Turbo (111 hp)"]'::jsonb,
  '[{"engine_code":"15S4C (1.5L VTi-tech)","common_issues_ru":["Проблемы с датчиком кислорода","Невысокий ресурс цепи ГРМ","Перегрев при интенсивных нагрузках"]}]'::jsonb,
  null,
  null
)

insert into public.vehicle_models (
  id,
  make_id,
  slug,
  name_en,
  first_model_year,
  last_model_year,
  years_available,
  body_types_available,
  fuel_types_available,
  transmission_available,
  reliability_score,
  popularity_score
)
values (
  '9db246a2-4c8a-e43a-7c3e-4fd4b3f7e1c0',
  'c19fa4cb-f211-6a52-5d6a-a444c78ea146',
  'hs',
  'HS',
  2018,
  2024,
  '{"2018","2019","2020","2021","2022","2023","2024"}'::int[],
  '["SUV"]'::jsonb,
  '["Gasoline","PHEV"]'::jsonb,
  '["Manual","DCT"]'::jsonb,
  8,
  7
)

insert into public.vehicle_generations (
  id,
  model_id,
  code,
  start_year,
  end_year,
  facelift,
  production_countries,
  body_types,
  fuel_types,
  transmission_types,
  summary
)
values (
  '3d418f47-6cb4-3e5f-5385-f8f7d9fca6a2',
  '9db246a2-4c8a-e43a-7c3e-4fd4b3f7e1c0',
  'First Gen',
  2018,
  2024,
  false,
  '{"China"}'::text[],
  null,
  null,
  null,
  'C-segment SUV offering relative luxury, space, and powerful engine options.'
)

insert into public.vehicle_insights (
  model_id,
  pros,
  cons,
  inspection_tips,
  notable_features,
  engine_examples,
  common_issues_by_engine,
  reliability_score,
  popularity_score
)
values (
  '9db246a2-4c8a-e43a-7c3e-4fd4b3f7e1c0',
  '["Comfortable suspension","High-quality interior trim (looks more expensive than its price)","Generous equipment list"]'::jsonb,
  '["High fuel consumption for 1.5T engine","Slow infotainment system response","Vague steering feedback"]'::jsonb,
  '["Особое внимание уделите работе коробки DCT (робот), проверьте плавность переключений.","У PHEV моделей проверьте состояние высоковольтной батареи и зарядного порта.","Иногда встречается повышенный износ тормозных дисков."]'::jsonb,
  '["High-quality interior materials","Available AWD in certain markets (2.0T)"]'::jsonb,
  '["1.5L Turbo (162 hp)","2.0L Turbo (231 hp)","1.5L PHEV (258 hp combined)"]'::jsonb,
  '[{"engine_code":"15E4E (1.5L Turbo)","common_issues_ru":["Потенциальные проблемы с турбонагнетателем на ранних моделях","Утечки охлаждающей жидкости","Вибрация на холостом ходу"]}]'::jsonb,
  null,
  null
)

insert into public.vehicle_models (
  id,
  make_id,
  slug,
  name_en,
  first_model_year,
  last_model_year,
  years_available,
  body_types_available,
  fuel_types_available,
  transmission_available,
  reliability_score,
  popularity_score
)
values (
  '5b443b14-6797-0f76-ef10-ea675ece8e41',
  'c19fa4cb-f211-6a52-5d6a-a444c78ea146',
  '4-ev',
  '4 EV',
  2022,
  2024,
  '{"2022","2023","2024"}'::int[],
  '["Hatchback"]'::jsonb,
  '["Electric"]'::jsonb,
  '["Automatic"]'::jsonb,
  8.5,
  9
)

insert into public.vehicle_generations (
  id,
  model_id,
  code,
  start_year,
  end_year,
  facelift,
  production_countries,
  body_types,
  fuel_types,
  transmission_types,
  summary
)
values (
  'ed9ec729-e16c-e50e-2e2f-50dd97d88946',
  '5b443b14-6797-0f76-ef10-ea675ece8e41',
  'EH32',
  2022,
  2024,
  false,
  '{"China"}'::text[],
  null,
  null,
  null,
  'Dedicated electric hatchback built on the modular scaleable platform (MSP), known for RWD handling.'
)

insert into public.vehicle_insights (
  model_id,
  pros,
  cons,
  inspection_tips,
  notable_features,
  engine_examples,
  common_issues_by_engine,
  reliability_score,
  popularity_score
)
values (
  '5b443b14-6797-0f76-ef10-ea675ece8e41',
  '["Excellent range and fast charging capability","Sporty and attractive design","Superb handling (RWD)"]'::jsonb,
  '["Interior plastics quality","Some software issues (requires updates)","Limited rear headroom"]'::jsonb,
  '["Проверьте состояние высоковольтной батареи (SOH) через диагностическое оборудование.","Убедитесь в работоспособности всех систем помощи водителю (ADAS), особенно после OTA обновлений.","Осмотрите днище на предмет повреждений защитного кожуха батареи."]'::jsonb,
  '["Rear-wheel drive layout","Vehicle-to-Load (V2L) capability"]'::jsonb,
  '["Standard Range (51 kWh)","Long Range (64 kWh)","Extended Range (77 kWh)"]'::jsonb,
  '[{"engine_code":"EV Powertrain","common_issues_ru":["Сбои в работе теплового насоса в холодную погоду","Проблемы с активацией быстрого заряда DC","Шум от редуктора на высоких скоростях (редко)"]}]'::jsonb,
  null,
  null
)

insert into public.vehicle_makes (id, slug, name_en, country, segment_class, is_active, category_path)
values (
  'c6fe4572-9db1-d798-bc05-2f51e549dd13',
  'mahindra',
  'Mahindra',
  'India',
  'SUV',
  true,
  'SUV'
)

insert into public.vehicle_models (
  id,
  make_id,
  slug,
  name_en,
  first_model_year,
  last_model_year,
  years_available,
  body_types_available,
  fuel_types_available,
  transmission_available,
  reliability_score,
  popularity_score
)
values (
  'adc4ec12-69b9-308d-6ae5-b4d7895b0b2e',
  'c6fe4572-9db1-d798-bc05-2f51e549dd13',
  'mahindra-scorpio',
  'Scorpio',
  2002,
  2024,
  '{"2018","2019","2020","2021","2022","2023","2024"}'::int[],
  '["SUV"]'::jsonb,
  '["Diesel","Petrol"]'::jsonb,
  '["Manual","Automatic"]'::jsonb,
  7,
  6.5
)

insert into public.vehicle_generations (
  id,
  model_id,
  code,
  start_year,
  end_year,
  facelift,
  production_countries,
  body_types,
  fuel_types,
  transmission_types,
  summary
)
values (
  '97406559-b58c-10e4-2c8e-839b6c3e5762',
  'adc4ec12-69b9-308d-6ae5-b4d7895b0b2e',
  'S11/Classic',
  2014,
  2024,
  true,
  '{"India"}'::text[],
  null,
  null,
  null,
  'A rugged, body-on-frame SUV known for reliability and off-road capability.'
)

insert into public.vehicle_insights (
  model_id,
  pros,
  cons,
  inspection_tips,
  notable_features,
  engine_examples,
  common_issues_by_engine,
  reliability_score,
  popularity_score
)
values (
  'adc4ec12-69b9-308d-6ae5-b4d7895b0b2e',
  '["Affordable maintenance","Robust body-on-frame construction","Good ground clearance"]'::jsonb,
  '["Rough ride quality","Outdated interior ergonomics","High fuel consumption in city driving"]'::jsonb,
  '["Проверить состояние рамы на наличие ржавчины","Оценить работу 4WD (если есть), особенно включение понижающего ряда","Обратить внимание на шум в трансмиссии при переключении передач"]'::jsonb,
  '["mHawk Diesel Engine","Shift-on-the-fly 4WD system"]'::jsonb,
  '["2.2L mHawk Diesel (140 HP)","2.0L mStallion Petrol"]'::jsonb,
  '[{"engine_code":"2.2L mHawk","common_issues_ru":["Проблемы с датчиком распредвала и коленвала","Быстрый износ сцепления при интенсивном использовании","Утечки масла из турбокомпрессора"]}]'::jsonb,
  null,
  null
)

insert into public.vehicle_models (
  id,
  make_id,
  slug,
  name_en,
  first_model_year,
  last_model_year,
  years_available,
  body_types_available,
  fuel_types_available,
  transmission_available,
  reliability_score,
  popularity_score
)
values (
  'faf31802-c0e8-8e02-1039-ffdcb9d4ddad',
  'c6fe4572-9db1-d798-bc05-2f51e549dd13',
  'mahindra-xuv500',
  'XUV500',
  2011,
  2021,
  '{"2015","2016","2017","2018","2019","2020"}'::int[],
  '["Crossover SUV"]'::jsonb,
  '["Diesel"]'::jsonb,
  '["Manual","Automatic"]'::jsonb,
  6,
  5.5
)

insert into public.vehicle_generations (
  id,
  model_id,
  code,
  start_year,
  end_year,
  facelift,
  production_countries,
  body_types,
  fuel_types,
  transmission_types,
  summary
)
values (
  'f8e5dfce-2429-82e9-6b38-1053a8e563b0',
  'faf31802-c0e8-8e02-1039-ffdcb9d4ddad',
  'W601',
  2011,
  2021,
  false,
  '{"India"}'::text[],
  null,
  null,
  null,
  'Mahindra''s first monocoque chassis SUV, offering 7 seats and modern features for its time.'
)

insert into public.vehicle_insights (
  model_id,
  pros,
  cons,
  inspection_tips,
  notable_features,
  engine_examples,
  common_issues_by_engine,
  reliability_score,
  popularity_score
)
values (
  'faf31802-c0e8-8e02-1039-ffdcb9d4ddad',
  '["Spacious 7-seater interior","Competitive price point","Standard feature set (AWD optional)"]'::jsonb,
  '["Suspension noise issues","Inconsistent quality of interior plastics","High cost of specific spare parts"]'::jsonb,
  '["Проверить переднюю подвеску на стуки и вибрации, характерные для этой модели","Убедиться в отсутствии проблем с электроникой, особенно с информационно-развлекательной системой","Проверить состояние ремня ГРМ (если не цепь) и сопутствующих роликов"]'::jsonb,
  '["Cheetah inspired design","Monocoque chassis","All Wheel Drive (AWD) option"]'::jsonb,
  '["2.2L mHawk Diesel (155 HP)"]'::jsonb,
  '[{"engine_code":"2.2L mHawk VVT","common_issues_ru":["Проблемы с креплениями подушек двигателя","Частые отказы датчиков ABS","Выход из строя клапана EGR"]}]'::jsonb,
  null,
  null
)

insert into public.vehicle_models (
  id,
  make_id,
  slug,
  name_en,
  first_model_year,
  last_model_year,
  years_available,
  body_types_available,
  fuel_types_available,
  transmission_available,
  reliability_score,
  popularity_score
)
values (
  '63500dbd-3882-9e5e-71f1-0f36059a19b4',
  'c6fe4572-9db1-d798-bc05-2f51e549dd13',
  'mahindra-xuv300',
  'XUV300',
  2019,
  2024,
  '{"2019","2020","2021","2022","2023","2024"}'::int[],
  '["Subcompact SUV"]'::jsonb,
  '["Petrol","Diesel"]'::jsonb,
  '["Manual","AMT"]'::jsonb,
  7.5,
  5
)

insert into public.vehicle_generations (
  id,
  model_id,
  code,
  start_year,
  end_year,
  facelift,
  production_countries,
  body_types,
  fuel_types,
  transmission_types,
  summary
)
values (
  '8abed2a6-21b0-54b0-bff0-cd2aad2e1f0c',
  '63500dbd-3882-9e5e-71f1-0f36059a19b4',
  'W201',
  2019,
  2024,
  false,
  '{"India"}'::text[],
  null,
  null,
  null,
  'A compact SUV based on the SsangYong Tivoli platform, known for safety and good performance.'
)

insert into public.vehicle_insights (
  model_id,
  pros,
  cons,
  inspection_tips,
  notable_features,
  engine_examples,
  common_issues_by_engine,
  reliability_score,
  popularity_score
)
values (
  '63500dbd-3882-9e5e-71f1-0f36059a19b4',
  '["Excellent safety ratings (GNCAP)","Powerful engines for its class","Compact and maneuverable for city use"]'::jsonb,
  '["Small boot space compared to rivals","Unrefined automated manual transmission (AMT)","High maintenance cost for turbo variants"]'::jsonb,
  '["Проверить состояние турбины на бензиновых и дизельных двигателях","Внимательно протестировать коробку передач AMT на предмет рывков и задержек","Убедиться в работоспособности всех электронных систем безопасности (ABS, ESP)"]'::jsonb,
  '["7 airbags (top trim)","Dual-zone automatic climate control"]'::jsonb,
  '["1.2L Turbo Petrol (mStallion)","1.5L Turbo Diesel (mHawk)"]'::jsonb,
  '[{"engine_code":"1.2L mStallion","common_issues_ru":["Проблемы с топливными насосами высокого давления","Перегрев при интенсивном движении в жарком климате","Вибрации на холостом ходу"]}]'::jsonb,
  null,
  null
)

insert into public.vehicle_makes (id, slug, name_en, country, segment_class, is_active, category_path)
values (
  'e89d7f85-3f0a-16ee-160a-a262a8b326d8',
  'marussia',
  'Marussia',
  'Russia',
  'Sports Car / Niche Manufacturer',
  false,
  'Sports Cars / Niche Manufacturers'
)

insert into public.vehicle_models (
  id,
  make_id,
  slug,
  name_en,
  first_model_year,
  last_model_year,
  years_available,
  body_types_available,
  fuel_types_available,
  transmission_available,
  reliability_score,
  popularity_score
)
values (
  '2f100715-e629-976d-90fb-3189f0f196f6',
  'e89d7f85-3f0a-16ee-160a-a262a8b326d8',
  'b1',
  'B1',
  2008,
  2014,
  '{"2008","2009","2010","2011","2012","2013","2014"}'::int[],
  '["Coupe"]'::jsonb,
  '["Gasoline"]'::jsonb,
  '["Automatic","Manual"]'::jsonb,
  3,
  10
)

insert into public.vehicle_generations (
  id,
  model_id,
  code,
  start_year,
  end_year,
  facelift,
  production_countries,
  body_types,
  fuel_types,
  transmission_types,
  summary
)
values (
  'd1c9d39d-12b9-393e-e49b-2dc33a7736b3',
  '2f100715-e629-976d-90fb-3189f0f196f6',
  'B1 Gen 1',
  2008,
  2014,
  false,
  '{"Russia"}'::text[],
  null,
  null,
  null,
  'The first series-produced prototype sports car from Marussia Motors, featuring a mid-engine layout and high-performance turbocharged engines sourced primarily from Cosworth.'
)

insert into public.vehicle_insights (
  model_id,
  pros,
  cons,
  inspection_tips,
  notable_features,
  engine_examples,
  common_issues_by_engine,
  reliability_score,
  popularity_score
)
values (
  '2f100715-e629-976d-90fb-3189f0f196f6',
  '["Уникальный и смелый дизайн","Отличные динамические характеристики","Эксклюзивность и редкость"]'::jsonb,
  '["Очень высокая стоимость обслуживания","Ограниченный тираж и отсутствие оригинальных запчастей","Недоработанная электроника и мультимедиа"]'::jsonb,
  '["Проверить состояние рамы и кузовных панелей (композитные материалы)","Тщательно проверить работу турбин и системы охлаждения","Диагностика подвески и тормозной системы"]'::jsonb,
  '["Lightweight carbon fiber body panels","Unique chassis design","Rear-wheel drive"]'::jsonb,
  '["Cosworth 2.8L V6 Turbo (360-420 hp)","Nissan VQ35DE 3.5L V6 (300 hp)"]'::jsonb,
  '[{"engine_code":"Cosworth 2.8L V6 Turbo","common_issues_ru":["Проблемы с перегревом двигателя из-за сложной компоновки","Ненадежность электрики и датчиков","Быстрый износ турбокомпрессора"]}]'::jsonb,
  null,
  null
)

insert into public.vehicle_models (
  id,
  make_id,
  slug,
  name_en,
  first_model_year,
  last_model_year,
  years_available,
  body_types_available,
  fuel_types_available,
  transmission_available,
  reliability_score,
  popularity_score
)
values (
  '11976fcf-463c-d5f4-e1af-14dbaf56b291',
  'e89d7f85-3f0a-16ee-160a-a262a8b326d8',
  'b2',
  'B2',
  2010,
  2014,
  '{"2010","2011","2012","2013","2014"}'::int[],
  '["Coupe"]'::jsonb,
  '["Gasoline"]'::jsonb,
  '["Automatic","Manual"]'::jsonb,
  4,
  1.5
)

insert into public.vehicle_generations (
  id,
  model_id,
  code,
  start_year,
  end_year,
  facelift,
  production_countries,
  body_types,
  fuel_types,
  transmission_types,
  summary
)
values (
  '6a74f3c3-266d-2695-6698-145cc1d0eaf6',
  '11976fcf-463c-d5f4-e1af-14dbaf56b291',
  'B2 Gen 1',
  2010,
  2014,
  false,
  '{"Russia"}'::text[],
  null,
  null,
  null,
  'The successor to the B1, featuring an even more aggressive, angular, and ''space-age'' design, sharing most mechanical components with its predecessor.'
)

insert into public.vehicle_insights (
  model_id,
  pros,
  cons,
  inspection_tips,
  notable_features,
  engine_examples,
  common_issues_by_engine,
  reliability_score,
  popularity_score
)
values (
  '11976fcf-463c-d5f4-e1af-14dbaf56b291',
  '["Футуристический и уникальный внешний вид","Отличная управляемость","Мощные двигатели"]'::jsonb,
  '["Сложность ремонта из-за специфических кузовных элементов","Некачественная сборка интерьера на ранних моделях","Очень низкая ликвидность на вторичном рынке"]'::jsonb,
  '["Проверка аэродинамических элементов на предмет повреждений","Осмотр на предмет утечек масла из турбированного двигателя","Тщательная проверка состояния электрических жгутов"]'::jsonb,
  '["Extreme, polarizing design language","Performance comparable to Italian supercars of the era"]'::jsonb,
  '["Cosworth 2.8L V6 Turbo (360-420 hp)","Nissan VQ35DE 3.5L V6 (300 hp)"]'::jsonb,
  '[{"engine_code":"Nissan VQ35DE (Marussia spec)","common_issues_ru":["Повышенный расход масла","Проблемы с цепью ГРМ (при агрессивной эксплуатации)","Вибрации на холостом ходу"]}]'::jsonb,
  null,
  null
)

insert into public.vehicle_models (
  id,
  make_id,
  slug,
  name_en,
  first_model_year,
  last_model_year,
  years_available,
  body_types_available,
  fuel_types_available,
  transmission_available,
  reliability_score,
  popularity_score
)
values (
  'dfd09788-d7c7-d5e0-bf2e-b8c873226b63',
  'e89d7f85-3f0a-16ee-160a-a262a8b326d8',
  'f2',
  'F2',
  2011,
  2011,
  '{"2011"}'::int[],
  '["SUV"]'::jsonb,
  '["Gasoline"]'::jsonb,
  '["Automatic"]'::jsonb,
  0,
  5
)

insert into public.vehicle_generations (
  id,
  model_id,
  code,
  start_year,
  end_year,
  facelift,
  production_countries,
  body_types,
  fuel_types,
  transmission_types,
  summary
)
values (
  '9b99ad33-5174-c6e5-d0c5-187fcbcfa4f5',
  'dfd09788-d7c7-d5e0-bf2e-b8c873226b63',
  'F2 Concept',
  2011,
  2011,
  false,
  '{"Russia"}'::text[],
  null,
  null,
  null,
  'A large concept SUV/Crossover prototype developed by Marussia, intended for potential mass production using a mixed chassis (likely SsangYong components).'
)

insert into public.vehicle_insights (
  model_id,
  pros,
  cons,
  inspection_tips,
  notable_features,
  engine_examples,
  common_issues_by_engine,
  reliability_score,
  popularity_score
)
values (
  'dfd09788-d7c7-d5e0-bf2e-b8c873226b63',
  '["Смелый и необычный дизайн для сегмента SUV"]'::jsonb,
  '["Проект был закрыт и не дошел до серийного производства","Неизвестная надежность"]'::jsonb,
  '["Не применимо, поскольку модель является концептом"]'::jsonb,
  '["Large utility concept design","Used foreign donor chassis components"]'::jsonb,
  '["Prototype V6/V8"]'::jsonb,
  '[]'::jsonb,
  null,
  null
)

insert into public.vehicle_makes (id, slug, name_en, country, segment_class, is_active, category_path)
values (
  '585dc165-f03d-3b84-d7de-ffb7de5065b5',
  'maserati',
  'Maserati',
  'Italy',
  'Luxury',
  true,
  'Luxury/Performance'
)

insert into public.vehicle_models (
  id,
  make_id,
  slug,
  name_en,
  first_model_year,
  last_model_year,
  years_available,
  body_types_available,
  fuel_types_available,
  transmission_available,
  reliability_score,
  popularity_score
)
values (
  '72bc94bf-6eac-0276-f314-6dd63f78f9f2',
  '585dc165-f03d-3b84-d7de-ffb7de5065b5',
  'ghibli',
  'Ghibli',
  2013,
  2024,
  '{"2013","2014","2015","2016","2017","2018","2019","2020","2021","2022","2023","2024"}'::int[],
  '["Sedan"]'::jsonb,
  '["Petrol","Diesel","Hybrid"]'::jsonb,
  '["Automatic"]'::jsonb,
  6,
  7.5
)

insert into public.vehicle_generations (
  id,
  model_id,
  code,
  start_year,
  end_year,
  facelift,
  production_countries,
  body_types,
  fuel_types,
  transmission_types,
  summary
)
values (
  'ad7c7572-6902-7f62-f3b7-e18450815292',
  '72bc94bf-6eac-0276-f314-6dd63f78f9f2',
  'M157',
  2013,
  2024,
  true,
  '{"Italy"}'::text[],
  null,
  null,
  null,
  'The third generation Ghibli introduced a smaller, more accessible luxury sports sedan format, crucial for Maserati''s modern sales volume.'
)

insert into public.vehicle_insights (
  model_id,
  pros,
  cons,
  inspection_tips,
  notable_features,
  engine_examples,
  common_issues_by_engine,
  reliability_score,
  popularity_score
)
values (
  '72bc94bf-6eac-0276-f314-6dd63f78f9f2',
  '["Стильный, агрессивный дизайн","Престиж марки и статусность","Отличная управляемость и динамика"]'::jsonb,
  '["Высокая стоимость владения и запчастей","Качество интерьера и электроники иногда не дотягивает до конкурентов","Склонность к коррозии тормозных дисков"]'::jsonb,
  '["Проверить состояние пневмоподвески (если установлена)","Тщательно оценить работу мультимедийной системы и электроники","Проверить следы утечек масла из турбин"]'::jsonb,
  '["Exclusive engine sound (Ferrari derived)","Skyhook electronic damping system","Q4 All-Wheel Drive system option"]'::jsonb,
  '["3.0L V6 Twin-Turbo (350 hp)","3.8L V8 Twin-Turbo (Trofeo)"]'::jsonb,
  '[{"engine_code":"F160 (3.0 V6)","common_issues_ru":["Проблемы с системой охлаждения (термостат, помпы)","Износ цепей ГРМ на ранних моделях","Утечки масла из-под клапанных крышек"]}]'::jsonb,
  null,
  null
)

insert into public.vehicle_models (
  id,
  make_id,
  slug,
  name_en,
  first_model_year,
  last_model_year,
  years_available,
  body_types_available,
  fuel_types_available,
  transmission_available,
  reliability_score,
  popularity_score
)
values (
  'e1c17ddd-08ec-6cff-6875-f3802b4df99c',
  '585dc165-f03d-3b84-d7de-ffb7de5065b5',
  'levante',
  'Levante',
  2016,
  2024,
  '{"2016","2017","2018","2019","2020","2021","2022","2023","2024"}'::int[],
  '["SUV"]'::jsonb,
  '["Petrol","Diesel"]'::jsonb,
  '["Automatic"]'::jsonb,
  6.5,
  8
)

insert into public.vehicle_generations (
  id,
  model_id,
  code,
  start_year,
  end_year,
  facelift,
  production_countries,
  body_types,
  fuel_types,
  transmission_types,
  summary
)
values (
  '8d42d30d-5532-802e-32b9-8299a731297e',
  'e1c17ddd-08ec-6cff-6875-f3802b4df99c',
  'M161',
  2016,
  2024,
  false,
  '{"Italy"}'::text[],
  null,
  null,
  null,
  'Levante was Maserati''s first venture into the SUV segment, bringing Maserati performance and luxury to the highly competitive crossover market.'
)

insert into public.vehicle_insights (
  model_id,
  pros,
  cons,
  inspection_tips,
  notable_features,
  engine_examples,
  common_issues_by_engine,
  reliability_score,
  popularity_score
)
values (
  'e1c17ddd-08ec-6cff-6875-f3802b4df99c',
  '["Роскошный и эксклюзивный интерьер","Комфорт при дальних поездках","Отличный баланс между спортом и внедорожными возможностями"]'::jsonb,
  '["Высокий расход топлива (особенно V8)","Электроника и датчики могут давать сбои","Чувствительность пневматической подвески к плохим дорогам"]'::jsonb,
  '["Проверить герметичность пневматической системы, обратить внимание на работу компрессора","Проверить состояние карданных валов и редукторов (AWD)","Оценить состояние кожаной отделки салона (часто быстро изнашивается)"]'::jsonb,
  '["Standard adaptive air suspension","8-speed ZF automatic transmission","High ground clearance for an Italian sports SUV"]'::jsonb,
  '["3.0L V6 Diesel","3.8L V8 Twin-Turbo (Trofeo)"]'::jsonb,
  '[{"engine_code":"VM A630 HP (3.0L Diesel)","common_issues_ru":["Проблемы с системой SCR (AdBlue)","Ранний износ ремня ГРМ (требует строгого контроля)","Засорение сажевого фильтра (DPF)"]},{"engine_code":"F154 AM (3.8 V8)","common_issues_ru":["Перегрев V8 двигателей при агрессивной эксплуатации","Повышенный расход масла"]}]'::jsonb,
  null,
  null
)

insert into public.vehicle_models (
  id,
  make_id,
  slug,
  name_en,
  first_model_year,
  last_model_year,
  years_available,
  body_types_available,
  fuel_types_available,
  transmission_available,
  reliability_score,
  popularity_score
)
values (
  'b5baf312-7716-6089-c9b1-dd9231def229',
  '585dc165-f03d-3b84-d7de-ffb7de5065b5',
  'quattroporte',
  'Quattroporte',
  2013,
  2024,
  '{"2013","2014","2015","2016","2017","2018","2019","2020","2021","2022","2023","2024"}'::int[],
  '["Sedan"]'::jsonb,
  '["Petrol"]'::jsonb,
  '["Automatic"]'::jsonb,
  5.5,
  6.5
)

insert into public.vehicle_generations (
  id,
  model_id,
  code,
  start_year,
  end_year,
  facelift,
  production_countries,
  body_types,
  fuel_types,
  transmission_types,
  summary
)
values (
  'b449dbe8-0865-93f5-65ee-5155929ad3a4',
  'b5baf312-7716-6089-c9b1-dd9231def229',
  'M156',
  2013,
  2024,
  true,
  '{"Italy"}'::text[],
  null,
  null,
  null,
  'The sixth generation of the flagship Quattroporte, prioritizing size, luxury, and powerful Ferrari-derived engines.'
)

insert into public.vehicle_insights (
  model_id,
  pros,
  cons,
  inspection_tips,
  notable_features,
  engine_examples,
  common_issues_by_engine,
  reliability_score,
  popularity_score
)
values (
  'b5baf312-7716-6089-c9b1-dd9231def229',
  '["Исключительный комфорт для задних пассажиров","Мощные двигатели с уникальным звуком","Уникальность и эксклюзивность на дороге"]'::jsonb,
  '["Очень высокая стоимость обслуживания V8 версий","Сложности с поиском квалифицированного сервиса","Большая потеря стоимости со временем"]'::jsonb,
  '["Обязательная проверка состояния пневматики и амортизаторов Skyhook","Тщательная проверка тормозной системы (быстрый износ)","Проверка состояния салона (долговечность материалов)"]'::jsonb,
  '["Flagship model prestige","Extensive use of premium leather and silk interior trim (Ermenegildo Zegna)","Exceptional handling for a full-size sedan"]'::jsonb,
  '["3.0L V6 Twin-Turbo","3.8L V8 Twin-Turbo"]'::jsonb,
  '[{"engine_code":"F160 (3.0 V6)","common_issues_ru":["Проблемы с давлением масла","Сбои в работе топливной системы высокого давления"]},{"engine_code":"F154 AM (3.8 V8)","common_issues_ru":["Высокая стоимость замены свечей и катушек","Проблемы с турбокомпрессорами из-за высокой температуры"]}]'::jsonb,
  null,
  null
)

insert into public.vehicle_makes (id, slug, name_en, country, segment_class, is_active, category_path)
values (
  '31273b89-f59d-854c-2391-7d634d288671',
  'matra',
  'Matra',
  'France',
  'Niche Manufacturer',
  false,
  'Historic Manufacturers/France'
)

insert into public.vehicle_models (
  id,
  make_id,
  slug,
  name_en,
  first_model_year,
  last_model_year,
  years_available,
  body_types_available,
  fuel_types_available,
  transmission_available,
  reliability_score,
  popularity_score
)
values (
  '48124c8e-d6db-2957-c589-844a4ab3fbbd',
  '31273b89-f59d-854c-2391-7d634d288671',
  'matra-rancho',
  'Rancho',
  1977,
  1984,
  '{"1977","1978","1979","1980","1981","1982","1983","1984"}'::int[],
  '["SUV","Crossover"]'::jsonb,
  '["Petrol"]'::jsonb,
  '["Manual"]'::jsonb,
  7,
  6.5
)

insert into public.vehicle_generations (
  id,
  model_id,
  code,
  start_year,
  end_year,
  facelift,
  production_countries,
  body_types,
  fuel_types,
  transmission_types,
  summary
)
values (
  'bce78dbc-070b-b170-5143-fa8293a419cc',
  '48124c8e-d6db-2957-c589-844a4ab3fbbd',
  '',
  1977,
  1984,
  false,
  '{"France"}'::text[],
  null,
  null,
  null,
  'A leisure activity vehicle based on the Simca 1100 pickup chassis, pioneering the crossover concept.'
)

insert into public.vehicle_insights (
  model_id,
  pros,
  cons,
  inspection_tips,
  notable_features,
  engine_examples,
  common_issues_by_engine,
  reliability_score,
  popularity_score
)
values (
  '48124c8e-d6db-2957-c589-844a4ab3fbbd',
  '["Уникальный дизайн","Просторный салон для своего класса","Хорошая обзорность"]'::jsonb,
  '["Слабый двигатель","Склонность к коррозии","Только задний привод (несмотря на внешний вид)"]'::jsonb,
  '["Тщательно проверьте раму и структуру кузова на предмет ржавчины, особенно возле креплений подвески.","Осмотрите состояние и оригинальность электрической системы."]'::jsonb,
  '["Fiberglass body panels","High ground clearance"]'::jsonb,
  '["1.4 L Simca"]'::jsonb,
  '[{"engine_code":"Simca 6Y2","common_issues_ru":["Проблемы с карбюратором Solex","Перегрев при длительных нагрузках","Износ масляного насоса"]}]'::jsonb,
  null,
  null
)

insert into public.vehicle_models (
  id,
  make_id,
  slug,
  name_en,
  first_model_year,
  last_model_year,
  years_available,
  body_types_available,
  fuel_types_available,
  transmission_available,
  reliability_score,
  popularity_score
)
values (
  '86331f74-894f-a9f4-4450-fe12cb4bb36c',
  '31273b89-f59d-854c-2391-7d634d288671',
  'matra-murena',
  'Murena',
  1980,
  1983,
  '{"1980","1981","1982","1983"}'::int[],
  '["Coupe"]'::jsonb,
  '["Petrol"]'::jsonb,
  '["Manual"]'::jsonb,
  6,
  7.5
)

insert into public.vehicle_generations (
  id,
  model_id,
  code,
  start_year,
  end_year,
  facelift,
  production_countries,
  body_types,
  fuel_types,
  transmission_types,
  summary
)
values (
  '94f329f7-5b8e-c417-754b-d9f6b704297b',
  '86331f74-894f-a9f4-4450-fe12cb4bb36c',
  '',
  1980,
  1983,
  false,
  '{"France"}'::text[],
  null,
  null,
  null,
  'A mid-engined sports car featuring a unique three-abreast seating layout. Successor to the Bagheera.'
)

insert into public.vehicle_insights (
  model_id,
  pros,
  cons,
  inspection_tips,
  notable_features,
  engine_examples,
  common_issues_by_engine,
  reliability_score,
  popularity_score
)
values (
  '86331f74-894f-a9f4-4450-fe12cb4bb36c',
  '["Отличная управляемость (среднемоторная компоновка)","Оцинкованное шасси (улучшенная коррозионная стойкость)","Уникальный трехместный салон"]'::jsonb,
  '["Сложности с доступностью запчастей","Относительно низкая выходная мощность","Сложные гидравлические системы в некоторых комплектациях"]'::jsonb,
  '["Проверьте оригинальность тканей и пластика салона, так как их трудно заменить.","Осмотрите среднемоторный двигатель на предмет признаков запущенного обслуживания.","Проверьте исправность выдвижных фар."]'::jsonb,
  '["Fully galvanized chassis","Three-seater configuration","Mid-engine layout"]'::jsonb,
  '["1.6 L Poissy","2.2 L Type 180"]'::jsonb,
  '[{"engine_code":"Poissy 1.6L","common_issues_ru":["Утечки масла из-под сальников","Проблемы с синхронизаторами КПП","Сложности с настройкой карбюратора"]}]'::jsonb,
  null,
  null
)

insert into public.vehicle_models (
  id,
  make_id,
  slug,
  name_en,
  first_model_year,
  last_model_year,
  years_available,
  body_types_available,
  fuel_types_available,
  transmission_available,
  reliability_score,
  popularity_score
)
values (
  '5b1f9d5c-da30-d54d-4980-9c2a8b403416',
  '31273b89-f59d-854c-2391-7d634d288671',
  'matra-bagheera',
  'Bagheera',
  1973,
  1980,
  '{"1973","1974","1975","1976","1977","1978","1979","1980"}'::int[],
  '["Coupe"]'::jsonb,
  '["Petrol"]'::jsonb,
  '["Manual"]'::jsonb,
  5.5,
  6.8
)

insert into public.vehicle_generations (
  id,
  model_id,
  code,
  start_year,
  end_year,
  facelift,
  production_countries,
  body_types,
  fuel_types,
  transmission_types,
  summary
)
values (
  '55a1d7ef-695f-49fa-8157-72cba2171245',
  '5b1f9d5c-da30-d54d-4980-9c2a8b403416',
  'Series 1',
  1973,
  1976,
  false,
  '{"France"}'::text[],
  null,
  null,
  null,
  'Original design, mid-engined 3-seater sports car.'
)

insert into public.vehicle_generations (
  id,
  model_id,
  code,
  start_year,
  end_year,
  facelift,
  production_countries,
  body_types,
  fuel_types,
  transmission_types,
  summary
)
values (
  'b57c902d-4646-a264-a1ff-6b36a8e63f88',
  '5b1f9d5c-da30-d54d-4980-9c2a8b403416',
  'Series 2',
  1976,
  1980,
  true,
  '{"France"}'::text[],
  null,
  null,
  null,
  'Revised bumpers and dashboard.'
)

insert into public.vehicle_insights (
  model_id,
  pros,
  cons,
  inspection_tips,
  notable_features,
  engine_examples,
  common_issues_by_engine,
  reliability_score,
  popularity_score
)
values (
  '5b1f9d5c-da30-d54d-4980-9c2a8b403416',
  '["Отличная обзорность и малый вес","Хороший баланс управляемости","Инновационная концепция трехместного сиденья"]'::jsonb,
  '["Чрезвычайные проблемы с коррозией (неоцинкованное шасси)","Слабые двигатели по современным меркам","Трудно найти оригинальные кузовные панели"]'::jsonb,
  '["Уделите критическое внимание состоянию трубчатого шасси под стеклопластиковым кузовом.","Проверьте целостность тормозных магистралей из-за возраста.","Ищите следы попадания воды вокруг уплотнителей задней двери."]'::jsonb,
  '["3-abreast seating layout","Fiberglass body","Mid-mounted engine"]'::jsonb,
  '["1.3 L Simca Poissy","1.4 L Simca Poissy"]'::jsonb,
  '[{"engine_code":"Simca 6G4","common_issues_ru":["Быстрый износ цепи ГРМ","Ненадежная система охлаждения","Коррозия топливного бака"]}]'::jsonb,
  null,
  null
)

insert into public.vehicle_makes (id, slug, name_en, country, segment_class, is_active, category_path)
values (
  '6c22c83f-a84d-20c5-c314-254dcfbe5999',
  'maxus',
  'Maxus',
  'China',
  'LCV & SUV',
  true,
  'Passenger Vehicles/SUV & MPV'
)

insert into public.vehicle_models (
  id,
  make_id,
  slug,
  name_en,
  first_model_year,
  last_model_year,
  years_available,
  body_types_available,
  fuel_types_available,
  transmission_available,
  reliability_score,
  popularity_score
)
values (
  '6f4b2d0d-aa8e-55a3-8ee6-00edccff6011',
  '6c22c83f-a84d-20c5-c314-254dcfbe5999',
  'd90',
  'D90',
  2017,
  2024,
  '{"2017","2018","2019","2020","2021","2022","2023","2024"}'::int[],
  '["SUV"]'::jsonb,
  '["Gasoline","Diesel"]'::jsonb,
  '["Automatic","Manual"]'::jsonb,
  6.5,
  6.8
)

insert into public.vehicle_generations (
  id,
  model_id,
  code,
  start_year,
  end_year,
  facelift,
  production_countries,
  body_types,
  fuel_types,
  transmission_types,
  summary
)
values (
  '05aec7a1-a6e0-e1de-2f52-ba7933b06f1f',
  '6f4b2d0d-aa8e-55a3-8ee6-00edccff6011',
  'G10',
  2017,
  2021,
  false,
  '{"China"}'::text[],
  null,
  null,
  null,
  'First generation of the large, body-on-frame SUV.'
)

insert into public.vehicle_generations (
  id,
  model_id,
  code,
  start_year,
  end_year,
  facelift,
  production_countries,
  body_types,
  fuel_types,
  transmission_types,
  summary
)
values (
  'b004e6c6-385a-17d8-5699-d37e5828eeee',
  '6f4b2d0d-aa8e-55a3-8ee6-00edccff6011',
  'G10 Facelift',
  2021,
  2024,
  true,
  '{"China"}'::text[],
  null,
  null,
  null,
  'Major update focusing on interior technology and powertrain efficiency.'
)

insert into public.vehicle_insights (
  model_id,
  pros,
  cons,
  inspection_tips,
  notable_features,
  engine_examples,
  common_issues_by_engine,
  reliability_score,
  popularity_score
)
values (
  '6f4b2d0d-aa8e-55a3-8ee6-00edccff6011',
  '["Просторный салон","Высокий клиренс и внедорожные качества","Богатое оснащение даже в базовых версиях"]'::jsonb,
  '["High fuel consumption (gasoline)","Interior plastics feel cheap","Uncertain long-term reliability of electronics"]'::jsonb,
  '["Проверить состояние рамных элементов на предмет коррозии, особенно в местах крепления подвески","Оценить работу системы полного привода и раздаточной коробки","Проверить функционирование всех электронных помощников"]'::jsonb,
  '["Seven-seat configuration standard","True off-road capability (AWD versions)","Large digital infotainment screens"]'::jsonb,
  '["2.0T Gasoline (224 hp)","2.0 TD Diesel (163 hp)"]'::jsonb,
  '[{"engine_code":"SC20M (2.0T Gasoline)","common_issues_ru":["Проблемы с датчиками давления наддува","Склонность к перегреву при высоких нагрузках"]},{"engine_code":"SC20M DPF (2.0TD Diesel)","common_issues_ru":["Засорение сажевого фильтра (DPF) при коротких поездках","Быстрый износ турбины при использовании некачественного масла"]}]'::jsonb,
  null,
  null
)

insert into public.vehicle_models (
  id,
  make_id,
  slug,
  name_en,
  first_model_year,
  last_model_year,
  years_available,
  body_types_available,
  fuel_types_available,
  transmission_available,
  reliability_score,
  popularity_score
)
values (
  '305dc18a-6d16-9a52-15a1-21c3adf4a384',
  '6c22c83f-a84d-20c5-c314-254dcfbe5999',
  't90',
  'T90',
  2021,
  2024,
  '{"2021","2022","2023","2024"}'::int[],
  '["Pickup"]'::jsonb,
  '["Diesel","Electric"]'::jsonb,
  '["Automatic","Manual"]'::jsonb,
  6.7,
  7.5
)

insert into public.vehicle_generations (
  id,
  model_id,
  code,
  start_year,
  end_year,
  facelift,
  production_countries,
  body_types,
  fuel_types,
  transmission_types,
  summary
)
values (
  'ea2e1021-a269-4bbc-5b3c-bab3da61bfaa',
  '305dc18a-6d16-9a52-15a1-21c3adf4a384',
  'T90',
  2021,
  2024,
  false,
  '{"China"}'::text[],
  null,
  null,
  null,
  'Modern generation pickup, succeeding the T60, focusing on technology and powerful bi-turbo diesel engines.'
)

insert into public.vehicle_insights (
  model_id,
  pros,
  cons,
  inspection_tips,
  notable_features,
  engine_examples,
  common_issues_by_engine,
  reliability_score,
  popularity_score
)
values (
  '305dc18a-6d16-9a52-15a1-21c3adf4a384',
  '["Современный дизайн салона","Мощные дизельные двигатели","Хорошая грузоподъемность"]'::jsonb,
  '["Stiff rear suspension when unloaded","High initial depreciation outside core markets","Heavy steering feel"]'::jsonb,
  '["Внимательно осмотреть кузов грузового отсека на предмет повреждений и коррозии","Проверить состояние рессор и амортизаторов, особенно если использовался для тяжелых нагрузок","Убедиться в отсутствии ошибок по системе AdBlue"]'::jsonb,
  '["Large digital cockpit displays","High towing capacity","Available in electric version (ET90)"]'::jsonb,
  '["2.0 Bi-Turbo Diesel (218 hp)","Electric 130 kW"]'::jsonb,
  '[{"engine_code":"2.0 Bi-Turbo Diesel","common_issues_ru":["Чувствительность к качеству дизельного топлива","Потенциальные проблемы с системой EGR и AdBlue","Вибрации на холостом ходу"]}]'::jsonb,
  null,
  null
)

insert into public.vehicle_models (
  id,
  make_id,
  slug,
  name_en,
  first_model_year,
  last_model_year,
  years_available,
  body_types_available,
  fuel_types_available,
  transmission_available,
  reliability_score,
  popularity_score
)
values (
  '3c19df71-2627-d32c-9308-e7c4a7385dff',
  '6c22c83f-a84d-20c5-c314-254dcfbe5999',
  'mifa-9',
  'MIFA 9',
  2022,
  2024,
  '{"2022","2023","2024"}'::int[],
  '["Minivan"]'::jsonb,
  '["Electric"]'::jsonb,
  '["Automatic (Single Speed)"]'::jsonb,
  7,
  6
)

insert into public.vehicle_generations (
  id,
  model_id,
  code,
  start_year,
  end_year,
  facelift,
  production_countries,
  body_types,
  fuel_types,
  transmission_types,
  summary
)
values (
  '67bf339a-3c20-ceea-9554-cd019b9af6a3',
  '3c19df71-2627-d32c-9308-e7c4a7385dff',
  'EV',
  2022,
  2024,
  false,
  '{"China"}'::text[],
  null,
  null,
  null,
  'A large, luxury all-electric MPV designed for executive transport and large families.'
)

insert into public.vehicle_insights (
  model_id,
  pros,
  cons,
  inspection_tips,
  notable_features,
  engine_examples,
  common_issues_by_engine,
  reliability_score,
  popularity_score
)
values (
  '3c19df71-2627-d32c-9308-e7c4a7385dff',
  '["Исключительный комфорт и шумоизоляция","Огромное внутреннее пространство","Богатое технологическое оснащение"]'::jsonb,
  '["Very high purchase price","Large physical size makes maneuvers difficult","High weight leads to faster tire wear"]'::jsonb,
  '["Обязательно проверить состояние высоковольтной батареи через дилерскую диагностику","Убедиться в корректной работе электрических сдвижных дверей и функций второго ряда","Проверить зарядный порт на отсутствие повреждений"]'::jsonb,
  '["Electric drivetrain only","Zero-gravity second-row seats (in luxury trims)","Long electric range (up to 440 km WLTP)"]'::jsonb,
  '["180 kW Electric Motor"]'::jsonb,
  '[{"engine_code":"EV180 (180 kW)","common_issues_ru":["Ограниченная эффективность обогрева салона в сильный мороз (влияние на запас хода)","Сбои в работе сложной мультимедийной системы","Медленная скорость обновления ПО"]}]'::jsonb,
  null,
  null
)

insert into public.vehicle_makes (id, slug, name_en, country, segment_class, is_active, category_path)
values (
  'a9b5da27-6138-52c9-17d3-75932dfc9aea',
  'maybach',
  'Maybach',
  'Germany',
  'F (Luxury Car)',
  true,
  'Automotive/Passenger Cars/Luxury'
)

insert into public.vehicle_models (
  id,
  make_id,
  slug,
  name_en,
  first_model_year,
  last_model_year,
  years_available,
  body_types_available,
  fuel_types_available,
  transmission_available,
  reliability_score,
  popularity_score
)
values (
  '54050a8a-65f7-d126-405a-f7c1d757e645',
  'a9b5da27-6138-52c9-17d3-75932dfc9aea',
  'maybach-57-62',
  'Maybach 57/62',
  2002,
  2013,
  '{"2002","2003","2004","2005","2006","2007","2008","2009","2010","2011","2012","2013"}'::int[],
  '["Sedan","Limousine"]'::jsonb,
  '["Gasoline"]'::jsonb,
  '["Automatic"]'::jsonb,
  7,
  8
)

insert into public.vehicle_generations (
  id,
  model_id,
  code,
  start_year,
  end_year,
  facelift,
  production_countries,
  body_types,
  fuel_types,
  transmission_types,
  summary
)
values (
  '116dac35-409d-3b8d-dab0-bd37e160403c',
  '54050a8a-65f7-d126-405a-f7c1d757e645',
  'W240/V240',
  2002,
  2013,
  false,
  '{"Germany"}'::text[],
  null,
  null,
  null,
  'The first modern iteration of the standalone Maybach brand, available in two lengths (57 and 62).'
)

insert into public.vehicle_insights (
  model_id,
  pros,
  cons,
  inspection_tips,
  notable_features,
  engine_examples,
  common_issues_by_engine,
  reliability_score,
  popularity_score
)
values (
  '54050a8a-65f7-d126-405a-f7c1d757e645',
  '["Непревзойденный комфорт и изоляция от внешнего мира","Эксклюзивность и статус","Мощный и тихий двигатель V12"]'::jsonb,
  '["Чрезвычайно дорогое обслуживание и ремонт","Высокий расход топлива","Сложности с поиском запчастей"]'::jsonb,
  '["Тщательно проверить состояние пневмоподвески","Проверить работу всех электронных систем и климат-контроля","Оценить состояние салона, особенно кожаной обивки и деревянных вставок"]'::jsonb,
  '["Electrotransparent partition","Reclining rear seats","Air suspension"]'::jsonb,
  '["M285 (5.5L V12 Bi-turbo)"]'::jsonb,
  '[{"engine_code":"M285","common_issues_ru":["Проблемы с турбокомпрессорами после 100-150 тыс. км","Течи масла из-под крышек клапанов","Выход из строя блока управления двигателем (ECU)"]}]'::jsonb,
  null,
  null
)

insert into public.vehicle_models (
  id,
  make_id,
  slug,
  name_en,
  first_model_year,
  last_model_year,
  years_available,
  body_types_available,
  fuel_types_available,
  transmission_available,
  reliability_score,
  popularity_score
)
values (
  'dd55b9a5-adfb-d514-355e-8fb4d084e279',
  'a9b5da27-6138-52c9-17d3-75932dfc9aea',
  'mercedes-maybach-s-class-x222',
  'S-Class (X222)',
  2015,
  2020,
  '{"2015","2016","2017","2018","2019","2020"}'::int[],
  '["Sedan"]'::jsonb,
  '["Gasoline","Diesel"]'::jsonb,
  '["Automatic"]'::jsonb,
  8.5,
  9
)

insert into public.vehicle_generations (
  id,
  model_id,
  code,
  start_year,
  end_year,
  facelift,
  production_countries,
  body_types,
  fuel_types,
  transmission_types,
  summary
)
values (
  '358fb69a-bdbc-7854-090a-1644b186c6e9',
  'dd55b9a5-adfb-d514-355e-8fb4d084e279',
  'X222',
  2015,
  2020,
  false,
  '{"Germany"}'::text[],
  null,
  null,
  null,
  'The ultra-luxury sub-brand model based on the long-wheelbase Mercedes-Benz S-Class (W222).'
)

insert into public.vehicle_insights (
  model_id,
  pros,
  cons,
  inspection_tips,
  notable_features,
  engine_examples,
  common_issues_by_engine,
  reliability_score,
  popularity_score
)
values (
  'dd55b9a5-adfb-d514-355e-8fb4d084e279',
  '["Роскошь и передовые технологии Mercedes-Benz","Высокий уровень безопасности","Отличная динамика при любых двигателях"]'::jsonb,
  '["Очень высокая стоимость владения","Электроника требует квалифицированного обслуживания","Быстрая потеря стоимости (амортизация)"]'::jsonb,
  '["Проверить работу системы Magic Body Control (если установлена)","Диагностика активных систем помощи водителю","Внимательно осмотреть ЛКП и диски на предмет повреждений, типичных для крупного седана"]'::jsonb,
  '["Extended wheelbase","Executive rear seating package","Unique Maybach grille and badging"]'::jsonb,
  '["M279 (6.0L V12 Bi-turbo)","M278 (4.7L V8 Bi-turbo)"]'::jsonb,
  '[{"engine_code":"M279","common_issues_ru":["Сложности с системой зажигания и катушками","Требовательность к качеству топлива и масла","Проблемы с герметичностью системы охлаждения"]}]'::jsonb,
  null,
  null
)

insert into public.vehicle_models (
  id,
  make_id,
  slug,
  name_en,
  first_model_year,
  last_model_year,
  years_available,
  body_types_available,
  fuel_types_available,
  transmission_available,
  reliability_score,
  popularity_score
)
values (
  '71a2872f-a354-f959-f342-4bc3b1e50441',
  'a9b5da27-6138-52c9-17d3-75932dfc9aea',
  'mercedes-maybach-gls-x167',
  'GLS (X167)',
  2020,
  2024,
  '{"2020","2021","2022","2023","2024"}'::int[],
  '["SUV"]'::jsonb,
  '["Gasoline"]'::jsonb,
  '["Automatic"]'::jsonb,
  8,
  9.5
)

insert into public.vehicle_generations (
  id,
  model_id,
  code,
  start_year,
  end_year,
  facelift,
  production_countries,
  body_types,
  fuel_types,
  transmission_types,
  summary
)
values (
  'bb496489-60b2-c1b6-f3a2-de6cc43c5ec1',
  '71a2872f-a354-f959-f342-4bc3b1e50441',
  'X167',
  2020,
  2024,
  false,
  '{"USA"}'::text[],
  null,
  null,
  null,
  'The ultra-luxury SUV offering from the Mercedes-Maybach line, based on the Mercedes-Benz GLS platform.'
)

insert into public.vehicle_insights (
  model_id,
  pros,
  cons,
  inspection_tips,
  notable_features,
  engine_examples,
  common_issues_by_engine,
  reliability_score,
  popularity_score
)
values (
  '71a2872f-a354-f959-f342-4bc3b1e50441',
  '["Уникальное сочетание внедорожного потенциала и лимузинной роскоши","Современная мультимедиа MBUX","Плавность хода благодаря E-Active Body Control"]'::jsonb,
  '["Огромные габариты затрудняют маневрирование в городе","Высокий налог и страховка","Ограниченный доступ к багажнику из-за задних сидений"]'::jsonb,
  '["Проверить целостность панорамной крыши и отсутствие скрипов","Осмотр днища на предмет внедорожной эксплуатации (хотя это маловероятно)","Убедиться в исправности выдвижных подножек"]'::jsonb,
  '["E-Active Body Control suspension","Maybach driving mode","Exclusive 4-seat configuration"]'::jsonb,
  '["M177 (4.0L V8 Bi-turbo, GLS 600)"]'::jsonb,
  '[{"engine_code":"M177","common_issues_ru":["Проблемы с натяжителем цепи ГРМ на ранних версиях","Потенциальный износ турбин при агрессивной эксплуатации","Чувствительность к перегреву"]}]'::jsonb,
  null,
  null
)

insert into public.vehicle_makes (id, slug, name_en, country, segment_class, is_active, category_path)
values (
  'dcaf3241-2de5-e588-5087-bfcb0df7f680',
  'mazda',
  'Mazda',
  'Japan',
  'Mass Market',
  true,
  'Passenger Cars'
)

insert into public.vehicle_models (
  id,
  make_id,
  slug,
  name_en,
  first_model_year,
  last_model_year,
  years_available,
  body_types_available,
  fuel_types_available,
  transmission_available,
  reliability_score,
  popularity_score
)
values (
  '2a16df1e-7a8f-8c1d-0eed-b4bde0cc21fa',
  'dcaf3241-2de5-e588-5087-bfcb0df7f680',
  'mazda-3',
  'Mazda3',
  2003,
  2024,
  '{"2003","2004","2005","2006","2007","2008","2009","2010","2011","2012","2013","2014","2015","2016","2017","2018","2019","2020","2021","2022","2023","2024"}'::int[],
  '["Sedan","Hatchback"]'::jsonb,
  '["Gasoline","Diesel"]'::jsonb,
  '["Automatic","Manual"]'::jsonb,
  8.5,
  9
)

insert into public.vehicle_generations (
  id,
  model_id,
  code,
  start_year,
  end_year,
  facelift,
  production_countries,
  body_types,
  fuel_types,
  transmission_types,
  summary
)
values (
  'fa8170f6-ad23-530b-cf97-af5133f8970e',
  '2a16df1e-7a8f-8c1d-0eed-b4bde0cc21fa',
  'BM/BN',
  2013,
  2019,
  false,
  '{"Japan","Mexico","Thailand"}'::text[],
  null,
  null,
  null,
  'The third generation introduced Skyactiv technology, focusing on efficiency and driving dynamics.'
)

insert into public.vehicle_generations (
  id,
  model_id,
  code,
  start_year,
  end_year,
  facelift,
  production_countries,
  body_types,
  fuel_types,
  transmission_types,
  summary
)
values (
  'd4bcfead-a267-402b-c0de-e92ec997a203',
  '2a16df1e-7a8f-8c1d-0eed-b4bde0cc21fa',
  'BP',
  2019,
  2024,
  false,
  '{"Japan"}'::text[],
  null,
  null,
  null,
  'The current generation emphasizes premium design and handling, integrating Mild-Hybrid and optional AWD.'
)

insert into public.vehicle_insights (
  model_id,
  pros,
  cons,
  inspection_tips,
  notable_features,
  engine_examples,
  common_issues_by_engine,
  reliability_score,
  popularity_score
)
values (
  '2a16df1e-7a8f-8c1d-0eed-b4bde0cc21fa',
  '["Надежные и экономичные двигатели Skyactiv","Отличная управляемость","Качественный интерьер"]'::jsonb,
  '["Низкий клиренс","Дороговизна оригинальных запчастей","Шумоизоляция"]'::jsonb,
  '["Проверить состояние кузова на предмет ржавчины (особенно арки и пороги)","Оценить работу автоматической коробки передач (АКПП) на рывки","Проверить подвеску на стуки"]'::jsonb,
  '["Skyactiv Technology","KODO Design"]'::jsonb,
  '["2.0L Skyactiv-G (PE)","2.5L Skyactiv-G (PY)","2.2L Skyactiv-D"]'::jsonb,
  '[{"engine_code":"PE","common_issues_ru":["Неисправности системы Start/Stop (i-ELOOP)","Износ свечей и катушек зажигания","Проблемы с герметичностью клапанной крышки"]}]'::jsonb,
  null,
  null
)

insert into public.vehicle_models (
  id,
  make_id,
  slug,
  name_en,
  first_model_year,
  last_model_year,
  years_available,
  body_types_available,
  fuel_types_available,
  transmission_available,
  reliability_score,
  popularity_score
)
values (
  '3057fd09-3a89-3eb5-a928-b381b2c2d0c2',
  'dcaf3241-2de5-e588-5087-bfcb0df7f680',
  'mazda-6',
  'Mazda6',
  2002,
  2024,
  '{"2002","2003","2004","2005","2006","2007","2008","2009","2010","2011","2012","2013","2014","2015","2016","2017","2018","2019","2020","2021","2022","2023","2024"}'::int[],
  '["Sedan","Wagon"]'::jsonb,
  '["Gasoline","Diesel"]'::jsonb,
  '["Automatic","Manual"]'::jsonb,
  8.7,
  8.8
)

insert into public.vehicle_generations (
  id,
  model_id,
  code,
  start_year,
  end_year,
  facelift,
  production_countries,
  body_types,
  fuel_types,
  transmission_types,
  summary
)
values (
  'fc53fcde-c967-ee47-bfb1-8196730aa069',
  '3057fd09-3a89-3eb5-a928-b381b2c2d0c2',
  'GJ/GL',
  2012,
  2024,
  true,
  '{"Japan","China"}'::text[],
  null,
  null,
  null,
  'The flagship sedan/wagon utilizing KODO design language and the full Skyactiv suite, known for its sleek design.'
)

insert into public.vehicle_insights (
  model_id,
  pros,
  cons,
  inspection_tips,
  notable_features,
  engine_examples,
  common_issues_by_engine,
  reliability_score,
  popularity_score
)
values (
  '3057fd09-3a89-3eb5-a928-b381b2c2d0c2',
  '["Стильный внешний вид и дизайн","Комфортный салон","Надежные агрегаты Skyactiv"]'::jsonb,
  '["Слабое лакокрасочное покрытие","Необходимость частой чистки клапанов EGR на дизелях","Шумный салон на высоких скоростях"]'::jsonb,
  '["Проверить стойки стабилизатора","Внимательно осмотреть ЛКП на сколы","Проверить герметичность масляного поддона"]'::jsonb,
  '["Premium interior finishing (post-facelift)","i-Activsense Safety Suite"]'::jsonb,
  '["2.5L Skyactiv-G","2.0L Skyactiv-G","2.2L Skyactiv-D"]'::jsonb,
  '[{"engine_code":"PY","common_issues_ru":["Возможен повышенный расход масла на ранних моделях Skyactiv-G 2.5","Проблемы с вакуумным насосом (у дизелей)","Накопление нагара на впускных клапанах"]}]'::jsonb,
  null,
  null
)

insert into public.vehicle_models (
  id,
  make_id,
  slug,
  name_en,
  first_model_year,
  last_model_year,
  years_available,
  body_types_available,
  fuel_types_available,
  transmission_available,
  reliability_score,
  popularity_score
)
values (
  'd0653471-feef-467d-ac86-f3ef00843251',
  'dcaf3241-2de5-e588-5087-bfcb0df7f680',
  'mazda-cx-5',
  'Mazda CX-5',
  2012,
  2024,
  '{"2012","2013","2014","2015","2016","2017","2018","2019","2020","2021","2022","2023","2024"}'::int[],
  '["SUV"]'::jsonb,
  '["Gasoline","Diesel"]'::jsonb,
  '["Automatic","Manual"]'::jsonb,
  9,
  9.5
)

insert into public.vehicle_generations (
  id,
  model_id,
  code,
  start_year,
  end_year,
  facelift,
  production_countries,
  body_types,
  fuel_types,
  transmission_types,
  summary
)
values (
  'd6d26bdf-bb36-260b-85b9-269cf5646fb8',
  'd0653471-feef-467d-ac86-f3ef00843251',
  'KE',
  2012,
  2017,
  true,
  '{"Japan","China"}'::text[],
  null,
  null,
  null,
  'The first CX-5 model to fully incorporate both KODO design and Skyactiv technology.'
)

insert into public.vehicle_generations (
  id,
  model_id,
  code,
  start_year,
  end_year,
  facelift,
  production_countries,
  body_types,
  fuel_types,
  transmission_types,
  summary
)
values (
  '8682570a-7b57-c8c8-f88e-23e571ceb541',
  'd0653471-feef-467d-ac86-f3ef00843251',
  'KF',
  2017,
  2024,
  false,
  '{"Japan","China","Malaysia"}'::text[],
  null,
  null,
  null,
  'The second generation refined the KODO design, improved interior quality, and further optimized the Skyactiv platform.'
)

insert into public.vehicle_insights (
  model_id,
  pros,
  cons,
  inspection_tips,
  notable_features,
  engine_examples,
  common_issues_by_engine,
  reliability_score,
  popularity_score
)
values (
  'd0653471-feef-467d-ac86-f3ef00843251',
  '["Отличный баланс управляемости и комфорта для кроссовера","Высокая надежность двигателей","Привлекательный дизайн"]'::jsonb,
  '["Маленький багажник для своего класса","Слабые тормозные диски","Жестковатая подвеска"]'::jsonb,
  '["Проверить работу полного привода (если есть)","Осмотреть сальники трансмиссии на предмет утечек","Проверить состояние задних суппортов"]'::jsonb,
  '["Standard AWD availability","G-Vectoring Control (GVC)"]'::jsonb,
  '["2.0L Skyactiv-G","2.5L Skyactiv-G AWD","2.5L Turbo Skyactiv-G"]'::jsonb,
  '[{"engine_code":"PY-VPPS","common_issues_ru":["Незначительный износ муфт VVTi","Иногда требуется замена прокладки крышки клапанов","Проблемы с герметичностью топливных форсунок (на дизелях)"]}]'::jsonb,
  null,
  null
)

insert into public.vehicle_makes (id, slug, name_en, country, segment_class, is_active, category_path)
values (
  'e54e21ae-a030-9d43-c6f7-7d0c335a39a4',
  'mazzanti',
  'Mazzanti',
  'Italy',
  'Hypercar',
  true,
  'Luxury Cars/Hypercars'
)

insert into public.vehicle_models (
  id,
  make_id,
  slug,
  name_en,
  first_model_year,
  last_model_year,
  years_available,
  body_types_available,
  fuel_types_available,
  transmission_available,
  reliability_score,
  popularity_score
)
values (
  '2eb99179-1fa5-9cdc-fc30-fad6623b027d',
  'e54e21ae-a030-9d43-c6f7-7d0c335a39a4',
  'evantra-v8',
  'Evantra V8',
  2013,
  2017,
  '{"2013","2014","2015","2016","2017"}'::int[],
  '["Coupe"]'::jsonb,
  '["Gasoline"]'::jsonb,
  '["Automated Manual"]'::jsonb,
  7,
  4.5
)

insert into public.vehicle_generations (
  id,
  model_id,
  code,
  start_year,
  end_year,
  facelift,
  production_countries,
  body_types,
  fuel_types,
  transmission_types,
  summary
)
values (
  'bac1d725-3569-5f61-5b20-95a5a6d5d86a',
  '2eb99179-1fa5-9cdc-fc30-fad6623b027d',
  'EV1',
  2013,
  2017,
  false,
  '{"Italy"}'::text[],
  null,
  null,
  null,
  'Original version of the Evantra hypercar, hand-built in Tuscany, featuring the naturally aspirated V8 engine.'
)

insert into public.vehicle_insights (
  model_id,
  pros,
  cons,
  inspection_tips,
  notable_features,
  engine_examples,
  common_issues_by_engine,
  reliability_score,
  popularity_score
)
values (
  '2eb99179-1fa5-9cdc-fc30-fad6623b027d',
  '["Высокая эксклюзивность","Отличные динамические характеристики","Ручная сборка"]'::jsonb,
  '["Чрезвычайно высокая стоимость обслуживания","Очень ограниченная доступность запчастей","Низкая практичность"]'::jsonb,
  '["Проверить историю обслуживания (только у производителя)","Оценка состояния карбонового кузова","Диагностика сложной электроники"]'::jsonb,
  '["Carbon fiber chassis and body panels","Mid-engine layout","Bespoke interior customization"]'::jsonb,
  '["7.0L Naturally Aspirated V8 (approx 700 hp)"]'::jsonb,
  '[{"engine_code":"V8-LSR","common_issues_ru":["Проблемы с перегревом трансмиссии при трековой эксплуатации","Быстрый износ тормозных дисков","Отказы датчиков давления масла"]}]'::jsonb,
  null,
  null
)

insert into public.vehicle_models (
  id,
  make_id,
  slug,
  name_en,
  first_model_year,
  last_model_year,
  years_available,
  body_types_available,
  fuel_types_available,
  transmission_available,
  reliability_score,
  popularity_score
)
values (
  'a663671e-3ba2-4108-c609-39ed86e99142',
  'e54e21ae-a030-9d43-c6f7-7d0c335a39a4',
  'evantra-millecavalli',
  'Evantra Millecavalli',
  2016,
  2021,
  '{"2016","2017","2018","2019","2020","2021"}'::int[],
  '["Coupe"]'::jsonb,
  '["Gasoline"]'::jsonb,
  '["Automated Manual"]'::jsonb,
  6.5,
  5.5
)

insert into public.vehicle_generations (
  id,
  model_id,
  code,
  start_year,
  end_year,
  facelift,
  production_countries,
  body_types,
  fuel_types,
  transmission_types,
  summary
)
values (
  '09461bea-759b-56a8-9289-165f6d9d88c2',
  'a663671e-3ba2-4108-c609-39ed86e99142',
  'EV2',
  2016,
  2021,
  false,
  '{"Italy"}'::text[],
  null,
  null,
  null,
  'Extreme performance version of the Evantra, featuring over 1000 horsepower (Millecavalli means ''A Thousand Horses'').'
)

insert into public.vehicle_insights (
  model_id,
  pros,
  cons,
  inspection_tips,
  notable_features,
  engine_examples,
  common_issues_by_engine,
  reliability_score,
  popularity_score
)
values (
  'a663671e-3ba2-4108-c609-39ed86e99142',
  '["Одна из самых мощных серийных машин","Уникальность","Невероятная скорость и динамика"]'::jsonb,
  '["Требует специализированного обслуживания","Агрессивный характер управления","Очень высокий расход топлива"]'::jsonb,
  '["Тщательная проверка системы охлаждения","Оценка состояния высокопроизводительных турбокомпрессоров","Проверка подвески (особенно после трек-дней)"]'::jsonb,
  '["Race-spec aerodynamics","Extreme power output","Enhanced carbon-ceramic braking system"]'::jsonb,
  '["7.2L Twin-Turbo V8 (1000+ hp)"]'::jsonb,
  '[{"engine_code":"V8-TT-1K","common_issues_ru":["Чувствительность топливной системы к качеству бензина","Потенциальный люфт в турбинах после пробега","Сложности с поиском оригинальных шин"]}]'::jsonb,
  null,
  null
)

insert into public.vehicle_models (
  id,
  make_id,
  slug,
  name_en,
  first_model_year,
  last_model_year,
  years_available,
  body_types_available,
  fuel_types_available,
  transmission_available,
  reliability_score,
  popularity_score
)
values (
  '2e890d8d-983c-ce0a-566b-1a1fe011a8c0',
  'e54e21ae-a030-9d43-c6f7-7d0c335a39a4',
  'evantra-771',
  'Evantra 771',
  2017,
  2020,
  '{"2017","2018","2019","2020"}'::int[],
  '["Coupe"]'::jsonb,
  '["Gasoline"]'::jsonb,
  '["Automated Manual"]'::jsonb,
  7.2,
  4
)

insert into public.vehicle_generations (
  id,
  model_id,
  code,
  start_year,
  end_year,
  facelift,
  production_countries,
  body_types,
  fuel_types,
  transmission_types,
  summary
)
values (
  '4cbfd2e9-3052-10c8-401f-8fa3dc65a031',
  '2e890d8d-983c-ce0a-566b-1a1fe011a8c0',
  'EV3',
  2017,
  2020,
  true,
  '{"Italy"}'::text[],
  null,
  null,
  null,
  'Performance upgrade package offering slightly increased power (771 PS) and revised aerodynamics over the standard Evantra V8.'
)

insert into public.vehicle_insights (
  model_id,
  pros,
  cons,
  inspection_tips,
  notable_features,
  engine_examples,
  common_issues_by_engine,
  reliability_score,
  popularity_score
)
values (
  '2e890d8d-983c-ce0a-566b-1a1fe011a8c0',
  '["Оптимизированная аэродинамика","Исключительное внимание к деталям","Стабильность на высоких скоростях"]'::jsonb,
  '["Сложность ремонта кузовных панелей из карбона","Ограниченный обзор","Жесткая подвеска, некомфортная для города"]'::jsonb,
  '["Проверка состояния гидравлики дверей","Осмотр днища на предмет повреждений от низкого клиренса","Детальный анализ тормозной системы"]'::jsonb,
  '["Optimized external lighting design","Increased downforce","Luxurious hand-stitched leather interior"]'::jsonb,
  '["7.0L V8 (771 hp)"]'::jsonb,
  '[{"engine_code":"V8-771","common_issues_ru":["Быстрый износ сцепления (зависит от стиля вождения)","Проблемы с центральным информационным дисплеем","Необходимость частой замены технических жидкостей"]}]'::jsonb,
  null,
  null
)

insert into public.vehicle_makes (id, slug, name_en, country, segment_class, is_active, category_path)
values (
  '50c45289-aa27-823b-d273-91ea982bfab2',
  'mclaren',
  'McLaren',
  'UK',
  'Supercar',
  true,
  '/supercars'
)

insert into public.vehicle_models (
  id,
  make_id,
  slug,
  name_en,
  first_model_year,
  last_model_year,
  years_available,
  body_types_available,
  fuel_types_available,
  transmission_available,
  reliability_score,
  popularity_score
)
values (
  '74e0820f-b8bd-c910-9bc4-a9c712aba311',
  '50c45289-aa27-823b-d273-91ea982bfab2',
  '720s',
  '720S',
  2017,
  2023,
  '{"2017","2018","2019","2020","2021","2022","2023"}'::int[],
  '["Coupe","Convertible (Spider)"]'::jsonb,
  '["Gasoline"]'::jsonb,
  '["Automatic (DCT)"]'::jsonb,
  8,
  9
)

insert into public.vehicle_generations (
  id,
  model_id,
  code,
  start_year,
  end_year,
  facelift,
  production_countries,
  body_types,
  fuel_types,
  transmission_types,
  summary
)
values (
  '76acfe37-4f18-13af-1012-814248a5f4e4',
  '74e0820f-b8bd-c910-9bc4-a9c712aba311',
  'P14',
  2017,
  2023,
  false,
  '{"UK"}'::text[],
  null,
  null,
  null,
  'The second generation of the Super Series, featuring the Monocage II carbon fiber tub and the powerful M840T engine.'
)

insert into public.vehicle_insights (
  model_id,
  pros,
  cons,
  inspection_tips,
  notable_features,
  engine_examples,
  common_issues_by_engine,
  reliability_score,
  popularity_score
)
values (
  '74e0820f-b8bd-c910-9bc4-a9c712aba311',
  '["Extreme performance","Lightweight design","Excellent handling and braking","Striking looks"]'::jsonb,
  '["High maintenance costs","Complex electronics","Limited practicality","Road noise"]'::jsonb,
  '["Check the active aerodynamics system for proper function.","Inspect the condition of the carbon ceramic brakes and tires.","Ensure the infotainment system and display retraction mechanism work correctly."]'::jsonb,
  '["Monocage II carbon fiber chassis","Proactive Chassis Control II","Folding Driver Display"]'::jsonb,
  '["M840T (4.0L V8 Twin-Turbo)"]'::jsonb,
  '[{"engine_code":"M840T","common_issues_ru":["Перегрев в экстремальных условиях","Утечки масла из турбин (редко)","Проблемы с датчиками давления"]}]'::jsonb,
  null,
  null
)

insert into public.vehicle_models (
  id,
  make_id,
  slug,
  name_en,
  first_model_year,
  last_model_year,
  years_available,
  body_types_available,
  fuel_types_available,
  transmission_available,
  reliability_score,
  popularity_score
)
values (
  '5bfd3d35-253e-e687-b5a9-55892db51661',
  '50c45289-aa27-823b-d273-91ea982bfab2',
  '570s',
  '570S',
  2015,
  2021,
  '{"2015","2016","2017","2018","2019","2020","2021"}'::int[],
  '["Coupe","Convertible (Spider)","GT"]'::jsonb,
  '["Gasoline"]'::jsonb,
  '["Automatic (DCT)"]'::jsonb,
  7,
  8
)

insert into public.vehicle_generations (
  id,
  model_id,
  code,
  start_year,
  end_year,
  facelift,
  production_countries,
  body_types,
  fuel_types,
  transmission_types,
  summary
)
values (
  '8ce2ff2d-8a21-6c72-2510-6c2fb175eb7f',
  '5bfd3d35-253e-e687-b5a9-55892db51661',
  'P13',
  2015,
  2021,
  false,
  '{"UK"}'::text[],
  null,
  null,
  null,
  'The core model of the Sport Series, designed to be a more accessible, everyday supercar. Utilizes the MonoCell II chassis.'
)

insert into public.vehicle_insights (
  model_id,
  pros,
  cons,
  inspection_tips,
  notable_features,
  engine_examples,
  common_issues_by_engine,
  reliability_score,
  popularity_score
)
values (
  '5bfd3d35-253e-e687-b5a9-55892db51661',
  '["Relatively practical for a supercar","Exceptional power-to-weight ratio","Incredible steering feedback"]'::jsonb,
  '["Interior quality slightly lags rivals","Visibility issues","High depreciation compared to rivals"]'::jsonb,
  '["Inspect door struts for correct operation (common wear item).","Check electronics, especially HVAC and display operation.","Look for signs of track use or harsh driving."]'::jsonb,
  '["MonoCell II carbon fiber chassis","Dihedral doors","Everyday usability modes"]'::jsonb,
  '["M838TE (3.8L V8 Twin-Turbo)"]'::jsonb,
  '[{"engine_code":"M838TE","common_issues_ru":["Проблемы с системой охлаждения в жарком климате","Вибрация и шум от креплений двигателя","Сбои в работе топливной системы высокого давления"]}]'::jsonb,
  null,
  null
)

insert into public.vehicle_models (
  id,
  make_id,
  slug,
  name_en,
  first_model_year,
  last_model_year,
  years_available,
  body_types_available,
  fuel_types_available,
  transmission_available,
  reliability_score,
  popularity_score
)
values (
  '0aee6b6b-02f7-9d3e-35b6-87f69a0b487d',
  '50c45289-aa27-823b-d273-91ea982bfab2',
  '650s',
  '650S',
  2014,
  2017,
  '{"2014","2015","2016","2017"}'::int[],
  '["Coupe","Convertible (Spider)"]'::jsonb,
  '["Gasoline"]'::jsonb,
  '["Automatic (DCT)"]'::jsonb,
  6,
  7
)

insert into public.vehicle_generations (
  id,
  model_id,
  code,
  start_year,
  end_year,
  facelift,
  production_countries,
  body_types,
  fuel_types,
  transmission_types,
  summary
)
values (
  '7e495aa5-0169-7ffc-1049-e0eb555a6d84',
  '0aee6b6b-02f7-9d3e-35b6-87f69a0b487d',
  'P11M',
  2014,
  2017,
  true,
  '{"UK"}'::text[],
  null,
  null,
  null,
  'A heavily revised version of the 12C, inheriting styling cues from the P1 and featuring improved dynamics and power output.'
)

insert into public.vehicle_insights (
  model_id,
  pros,
  cons,
  inspection_tips,
  notable_features,
  engine_examples,
  common_issues_by_engine,
  reliability_score,
  popularity_score
)
values (
  '0aee6b6b-02f7-9d3e-35b6-87f69a0b487d',
  '["Stunning performance for its era","PCC suspension provides excellent ride comfort","Strong heritage from the 12C"]'::jsonb,
  '["Ageing electronics compared to newer models","Higher risk of component failure (older generation)","Expensive parts"]'::jsonb,
  '["Pay close attention to hydraulic fluid levels for the suspension.","Check the operation of the airbrake mechanism.","Verify service history carefully, especially focusing on gearbox and turbo maintenance."]'::jsonb,
  '["ProActive Chassis Control (PCC)","Carbon fiber MonoCell chassis"]'::jsonb,
  '["M838T (3.8L V8 Twin-Turbo)"]'::jsonb,
  '[{"engine_code":"M838T","common_issues_ru":["Выход из строя цилиндров гидроподвески PCC","Проблемы с турбокомпрессорами (утечки)","Неисправности системы Start/Stop"]}]'::jsonb,
  null,
  null
)

insert into public.vehicle_makes (id, slug, name_en, country, segment_class, is_active, category_path)
values (
  '598f082a-2b15-24d4-2bb6-374bd223679f',
  'mercedes-benz',
  'Mercedes-Benz',
  'Germany',
  'Luxury',
  true,
  'Luxury Cars / Premium'
)

insert into public.vehicle_models (
  id,
  make_id,
  slug,
  name_en,
  first_model_year,
  last_model_year,
  years_available,
  body_types_available,
  fuel_types_available,
  transmission_available,
  reliability_score,
  popularity_score
)
values (
  'ef91cbd6-2cbc-4b82-6f1a-4f47aaf0ce60',
  '598f082a-2b15-24d4-2bb6-374bd223679f',
  'c-class-w205',
  'C-Class',
  2014,
  2021,
  '{"2014","2015","2016","2017","2018","2019","2020","2021"}'::int[],
  '["Sedan","Wagon","Coupe","Convertible"]'::jsonb,
  '["Petrol","Diesel","Hybrid"]'::jsonb,
  '["Automatic","Manual"]'::jsonb,
  8,
  9.5
)

insert into public.vehicle_generations (
  id,
  model_id,
  code,
  start_year,
  end_year,
  facelift,
  production_countries,
  body_types,
  fuel_types,
  transmission_types,
  summary
)
values (
  'd0f4b4c2-7ccc-121b-daeb-781457cfe2f6',
  'ef91cbd6-2cbc-4b82-6f1a-4f47aaf0ce60',
  'W205',
  2014,
  2018,
  false,
  '{"Germany","USA","South Africa"}'::text[],
  null,
  null,
  null,
  'The fourth generation of the C-Class, adopting the new Mercedes design language reminiscent of the S-Class.'
)

insert into public.vehicle_generations (
  id,
  model_id,
  code,
  start_year,
  end_year,
  facelift,
  production_countries,
  body_types,
  fuel_types,
  transmission_types,
  summary
)
values (
  '4e50d8bb-a861-89c9-9b6f-5aecfd9b28d4',
  'ef91cbd6-2cbc-4b82-6f1a-4f47aaf0ce60',
  'W205 Facelift',
  2018,
  2021,
  true,
  '{"Germany","USA","South Africa"}'::text[],
  null,
  null,
  null,
  'Mid-cycle refresh introducing new engines, updated headlights, and modern MBUX system upgrades.'
)

insert into public.vehicle_insights (
  model_id,
  pros,
  cons,
  inspection_tips,
  notable_features,
  engine_examples,
  common_issues_by_engine,
  reliability_score,
  popularity_score
)
values (
  'ef91cbd6-2cbc-4b82-6f1a-4f47aaf0ce60',
  '["Высокий уровень комфорта и шумоизоляции","Качественный и престижный интерьер","Хорошая управляемость и динамика"]'::jsonb,
  '["Дорогое обслуживание и запчасти","Проблемы с электроникой и мультимедиа","Низкий клиренс для региона СНГ"]'::jsonb,
  '["Check suspension noise, especially air suspension (Airmatic) components.","Проверить работу 9G-Tronic на плавность переключений.","Inspect the condition of the main battery and starter/alternator system."]'::jsonb,
  '["Airmatic suspension option","Advanced driver assistance systems","High quality interior materials"]'::jsonb,
  '["C 180 (M274 1.6L)","C 220 d (OM651 2.1L)","C 300 (M274 2.0L)"]'::jsonb,
  '[{"engine_code":"M274 (Petrol)","common_issues_ru":["Износ цепи ГРМ на ранних пробегах","Проблемы с топливным насосом высокого давления (ТНВД)"]},{"engine_code":"OM651 (Diesel)","common_issues_ru":["Сбои в работе форсунок","Течи масла из теплообменника"]}]'::jsonb,
  null,
  null
)

insert into public.vehicle_models (
  id,
  make_id,
  slug,
  name_en,
  first_model_year,
  last_model_year,
  years_available,
  body_types_available,
  fuel_types_available,
  transmission_available,
  reliability_score,
  popularity_score
)
values (
  '45a067b1-f8ab-d03c-021f-ec37c268033a',
  '598f082a-2b15-24d4-2bb6-374bd223679f',
  'e-class-w213',
  'E-Class',
  2016,
  2023,
  '{"2016","2017","2018","2019","2020","2021","2022","2023"}'::int[],
  '["Sedan","Wagon","Coupe","Convertible"]'::jsonb,
  '["Petrol","Diesel","Hybrid"]'::jsonb,
  '["Automatic"]'::jsonb,
  8.5,
  9.2
)

insert into public.vehicle_generations (
  id,
  model_id,
  code,
  start_year,
  end_year,
  facelift,
  production_countries,
  body_types,
  fuel_types,
  transmission_types,
  summary
)
values (
  '882be188-3148-628a-4028-d7a2b5509b14',
  '45a067b1-f8ab-d03c-021f-ec37c268033a',
  'W213',
  2016,
  2020,
  false,
  '{"Germany"}'::text[],
  null,
  null,
  null,
  'The tenth generation of the E-Class, featuring a highly digital cockpit (Widescreen Cockpit) and advanced semi-autonomous driving features.'
)

insert into public.vehicle_generations (
  id,
  model_id,
  code,
  start_year,
  end_year,
  facelift,
  production_countries,
  body_types,
  fuel_types,
  transmission_types,
  summary
)
values (
  '076850f8-c7f3-130f-caae-f7d267464fb6',
  '45a067b1-f8ab-d03c-021f-ec37c268033a',
  'W213 Facelift',
  2020,
  2023,
  true,
  '{"Germany"}'::text[],
  null,
  null,
  null,
  'Mid-cycle refresh introducing the MBUX system, redesigned headlights/taillights, and updated steering wheel controls.'
)

insert into public.vehicle_insights (
  model_id,
  pros,
  cons,
  inspection_tips,
  notable_features,
  engine_examples,
  common_issues_by_engine,
  reliability_score,
  popularity_score
)
values (
  '45a067b1-f8ab-d03c-021f-ec37c268033a',
  '["Престиж, статус и высокий комфорт","Отличная шумоизоляция и плавность хода","Просторный салон и большой багажник"]'::jsonb,
  '["Очень высокая стоимость ремонта сложной подвески","Дороговизна опций и ремонта электроники","Уязвимость лакокрасочного покрытия"]'::jsonb,
  '["Проверить работу цифровой приборной панели на наличие ''зависаний''.","Осмотреть состояние пневмобаллонов (если установлена многокамерная подвеска).","Убедиться в отсутствии запотевания фар (известная проблема с конденсатом)."]'::jsonb,
  '["Widescreen Cockpit","Drive Pilot autonomous features","Multibeam LED Headlights"]'::jsonb,
  '["E 200 (M274 / M264)","E 220 d (OM654)","E 400 (M276)"]'::jsonb,
  '[{"engine_code":"M264 (Petrol)","common_issues_ru":["Проблемы с системой вентиляции картера","Повышенный расход масла на ранних версиях"]},{"engine_code":"OM654 (Diesel)","common_issues_ru":["Сбои в работе сажевого фильтра при коротких поездках","Необходимость регулярного обновления ПО для корректной работы"]}]'::jsonb,
  null,
  null
)

insert into public.vehicle_models (
  id,
  make_id,
  slug,
  name_en,
  first_model_year,
  last_model_year,
  years_available,
  body_types_available,
  fuel_types_available,
  transmission_available,
  reliability_score,
  popularity_score
)
values (
  '905a257d-5821-6b4c-91b7-b97ccff92802',
  '598f082a-2b15-24d4-2bb6-374bd223679f',
  'glc-x253',
  'GLC',
  2015,
  2022,
  '{"2015","2016","2017","2018","2019","2020","2021","2022"}'::int[],
  '["SUV","Coupe SUV"]'::jsonb,
  '["Petrol","Diesel","Hybrid"]'::jsonb,
  '["Automatic"]'::jsonb,
  8.2,
  9
)

insert into public.vehicle_generations (
  id,
  model_id,
  code,
  start_year,
  end_year,
  facelift,
  production_countries,
  body_types,
  fuel_types,
  transmission_types,
  summary
)
values (
  '6f82c990-a2d1-7a3d-2210-e9b1181c8be9',
  '905a257d-5821-6b4c-91b7-b97ccff92802',
  'X253',
  2015,
  2019,
  false,
  '{"Germany","China","Finland"}'::text[],
  null,
  null,
  null,
  'Compact luxury SUV succeeding the GLK-Class, based on the C-Class platform (W205).'
)

insert into public.vehicle_generations (
  id,
  model_id,
  code,
  start_year,
  end_year,
  facelift,
  production_countries,
  body_types,
  fuel_types,
  transmission_types,
  summary
)
values (
  '14cec11a-063e-ec5e-68d2-2dd9c736ac21',
  '905a257d-5821-6b4c-91b7-b97ccff92802',
  'X253 Facelift',
  2019,
  2022,
  true,
  '{"Germany","China","Finland"}'::text[],
  null,
  null,
  null,
  'Updated with MBUX infotainment, new headlights, and updated engine lineup (including M264).'
)

insert into public.vehicle_insights (
  model_id,
  pros,
  cons,
  inspection_tips,
  notable_features,
  engine_examples,
  common_issues_by_engine,
  reliability_score,
  popularity_score
)
values (
  '905a257d-5821-6b4c-91b7-b97ccff92802',
  '["Комфорт и управляемость легкового автомобиля","Качественный салон","Экономичность дизельных версий (OM654)"]'::jsonb,
  '["Склонность к коррозии на задних арках (ранние годы)","Проблемы с пневмоподвеской Airmatic","Дорогой ремонт коробки передач 9G-Tronic вне гарантии"]'::jsonb,
  '["Проверить работу 9G-Tronic на рывки при переключении.","Внимательно осмотреть состояние передних рычагов и втулок стабилизатора.","Диагностика пневмоподвески и ее компрессора (если установлена)."]'::jsonb,
  '["High ground clearance (for a luxury crossover)","Optional Air Body Control suspension","4MATIC all-wheel drive standard on most models"]'::jsonb,
  '["GLC 250 (M274 2.0L)","GLC 220 d (OM651 / OM654)","GLC 43 AMG (M276)"]'::jsonb,
  '[{"engine_code":"M274 (Petrol)","common_issues_ru":["Отказ термостата и системы охлаждения","Вибрации на холостом ходу из-за подушек двигателя"]},{"engine_code":"OM651 (Diesel)","common_issues_ru":["Стук при холодном пуске","Утечки антифриза"]}]'::jsonb,
  null,
  null
)

insert into public.vehicle_makes (id, slug, name_en, country, segment_class, is_active, category_path)
values (
  '195a2785-466d-58b2-68ca-73203a4d7e78',
  'mercury',
  'Mercury',
  'USA',
  'E',
  false,
  'Passenger Cars'
)

insert into public.vehicle_models (
  id,
  make_id,
  slug,
  name_en,
  first_model_year,
  last_model_year,
  years_available,
  body_types_available,
  fuel_types_available,
  transmission_available,
  reliability_score,
  popularity_score
)
values (
  'e6be7a76-3ef8-bd9e-a371-4c29cb60750a',
  '195a2785-466d-58b2-68ca-73203a4d7e78',
  'grand-marquis',
  'Grand Marquis',
  1983,
  2011,
  '{"1998","1999","2000","2001","2002","2003","2004","2005","2006","2007","2008","2009","2010","2011"}'::int[],
  '["Sedan","Wagon"]'::jsonb,
  '["Gasoline"]'::jsonb,
  '["Automatic"]'::jsonb,
  7.5,
  4
)

insert into public.vehicle_generations (
  id,
  model_id,
  code,
  start_year,
  end_year,
  facelift,
  production_countries,
  body_types,
  fuel_types,
  transmission_types,
  summary
)
values (
  '11a7725f-a6f2-97d6-5956-f9d58f6a7ac4',
  'e6be7a76-3ef8-bd9e-a371-4c29cb60750a',
  'Panther Platform (4th Gen)',
  1998,
  2002,
  false,
  '{"Canada"}'::text[],
  null,
  null,
  null,
  'Full-size, body-on-frame sedan, renowned for reliability and comfort, popular among fleet operators and taxi services.'
)

insert into public.vehicle_generations (
  id,
  model_id,
  code,
  start_year,
  end_year,
  facelift,
  production_countries,
  body_types,
  fuel_types,
  transmission_types,
  summary
)
values (
  'db3dae82-9f3d-16c4-ac07-148dd2864a38',
  'e6be7a76-3ef8-bd9e-a371-4c29cb60750a',
  'Panther Platform (5th Gen facelift)',
  2003,
  2011,
  true,
  '{"Canada"}'::text[],
  null,
  null,
  null,
  'Received major chassis and suspension revisions for improved handling characteristics.'
)

insert into public.vehicle_insights (
  model_id,
  pros,
  cons,
  inspection_tips,
  notable_features,
  engine_examples,
  common_issues_by_engine,
  reliability_score,
  popularity_score
)
values (
  'e6be7a76-3ef8-bd9e-a371-4c29cb60750a',
  '["Невероятная надежность и долговечность","Комфортная, мягкая подвеска","Простой и недорогой в обслуживании двигатель V8","Огромный салон и багажник"]'::jsonb,
  '["Высокий расход топлива","Плохая управляемость на высоких скоростях","Устаревший дизайн и интерьер","Проблемы с коррозией рамы"]'::jsonb,
  '["Проверить состояние рамы на предмет сильной коррозии","Оценить работу автоматической коробки передач (особенно 4R70W)","Проверить состояние пневмоподвески, если установлена"]'::jsonb,
  '["Body-on-frame construction","Rear-wheel drive","Bench seating"]'::jsonb,
  '["4.6L V8 SOHC (Modular Engine)"]'::jsonb,
  '[{"engine_code":"4.6L SOHC V8","common_issues_ru":["Выход из строя пластикового впускного коллектора (до 2002 года)","Проблемы с катушками зажигания (COP)","Износ цепи ГРМ при больших пробегах"]}]'::jsonb,
  null,
  null
)

insert into public.vehicle_models (
  id,
  make_id,
  slug,
  name_en,
  first_model_year,
  last_model_year,
  years_available,
  body_types_available,
  fuel_types_available,
  transmission_available,
  reliability_score,
  popularity_score
)
values (
  'b1ae01c2-1e46-47c3-8498-711153fb1b3a',
  '195a2785-466d-58b2-68ca-73203a4d7e78',
  'cougar',
  'Cougar',
  1967,
  2002,
  '{"1999","2000","2001","2002"}'::int[],
  '["Coupe"]'::jsonb,
  '["Gasoline"]'::jsonb,
  '["Manual","Automatic"]'::jsonb,
  6.5,
  5.5
)

insert into public.vehicle_generations (
  id,
  model_id,
  code,
  start_year,
  end_year,
  facelift,
  production_countries,
  body_types,
  fuel_types,
  transmission_types,
  summary
)
values (
  '91f6dc1c-68b9-0fce-46ae-dbaa6d9eb1b5',
  'b1ae01c2-1e46-47c3-8498-711153fb1b3a',
  'EC (8th Gen)',
  1999,
  2002,
  false,
  '{"USA"}'::text[],
  null,
  null,
  null,
  'The final generation. A sporty, front-wheel-drive coupe based on the European Ford Mondeo platform.'
)

insert into public.vehicle_insights (
  model_id,
  pros,
  cons,
  inspection_tips,
  notable_features,
  engine_examples,
  common_issues_by_engine,
  reliability_score,
  popularity_score
)
values (
  'b1ae01c2-1e46-47c3-8498-711153fb1b3a',
  '["Стильный, необычный внешний вид","Хорошая управляемость для своего класса","Доступные запчасти от Ford Mondeo"]'::jsonb,
  '["Тесный задний ряд и плохая обзорность","Проблемы с электроникой","Сложности с ремонтом из-за плотной компоновки"]'::jsonb,
  '["Проверить состояние задней подвески (она сложная)","Оценить работу V6 двигателя, особенно на предмет утечек масла","Проверить целостность кузова и отсутствие следов ДТП"]'::jsonb,
  '["Edgy ''New Edge'' styling","Independent rear suspension"]'::jsonb,
  '["2.0L I4 Zetec","2.5L V6 Duratec"]'::jsonb,
  '[{"engine_code":"2.5L V6 Duratec","common_issues_ru":["Требуется частая замена свечей и проводов","Поломка клапана холостого хода (IAC)","Утечки охлаждающей жидкости из-под термостата"]}]'::jsonb,
  null,
  null
)

insert into public.vehicle_models (
  id,
  make_id,
  slug,
  name_en,
  first_model_year,
  last_model_year,
  years_available,
  body_types_available,
  fuel_types_available,
  transmission_available,
  reliability_score,
  popularity_score
)
values (
  '9a17d0fa-cb2f-e766-4ff8-8bccf9e0b6aa',
  '195a2785-466d-58b2-68ca-73203a4d7e78',
  'sable',
  'Sable',
  1986,
  2009,
  '{"1996","1997","1998","1999","2000","2001","2002","2003"}'::int[],
  '["Sedan","Wagon"]'::jsonb,
  '["Gasoline"]'::jsonb,
  '["Automatic"]'::jsonb,
  7,
  5
)

insert into public.vehicle_generations (
  id,
  model_id,
  code,
  start_year,
  end_year,
  facelift,
  production_countries,
  body_types,
  fuel_types,
  transmission_types,
  summary
)
values (
  '78738e7b-985a-1641-db9d-a28be7512995',
  '9a17d0fa-cb2f-e766-4ff8-8bccf9e0b6aa',
  'D186 (3rd Gen)',
  1996,
  1999,
  false,
  '{"USA"}'::text[],
  null,
  null,
  null,
  'Featured a radical, oval aerodynamic design, mechanically similar to the Ford Taurus.'
)

insert into public.vehicle_generations (
  id,
  model_id,
  code,
  start_year,
  end_year,
  facelift,
  production_countries,
  body_types,
  fuel_types,
  transmission_types,
  summary
)
values (
  '090c7cf9-9150-d43f-5d66-9fe2d58a864b',
  '9a17d0fa-cb2f-e766-4ff8-8bccf9e0b6aa',
  'D186 (4th Gen)',
  2000,
  2003,
  true,
  '{"USA"}'::text[],
  null,
  null,
  null,
  'A redesign moving away from the oval styling toward a more conservative look.'
)

insert into public.vehicle_insights (
  model_id,
  pros,
  cons,
  inspection_tips,
  notable_features,
  engine_examples,
  common_issues_by_engine,
  reliability_score,
  popularity_score
)
values (
  '9a17d0fa-cb2f-e766-4ff8-8bccf9e0b6aa',
  '["Просторный и комфортный салон","Мягкая подвеска, подходит для плохих дорог","Простота ремонта благодаря унификации с Ford Taurus"]'::jsonb,
  '["Проблемы с коробкой передач AX4N","Быстрый износ элементов подвески","Нестабильная электрика"]'::jsonb,
  '["Тщательно проверить состояние АКПП (наличие рывков при переключениях)","Осмотреть переднюю ось на предмет износа ШРУСов","Проверить работу всех электрических компонентов, особенно климат-контроля"]'::jsonb,
  '["Spacious cabin","Optional front bench seat"]'::jsonb,
  '["3.0L V6 Vulcan","3.0L V6 DOHC Duratec"]'::jsonb,
  '[{"engine_code":"3.0L DOHC V6","common_issues_ru":["Дорогостоящая замена цепи ГРМ","Утечки масла из-под клапанных крышек","Выход из строя генератора"]}]'::jsonb,
  null,
  null
)

insert into public.vehicle_makes (id, slug, name_en, country, segment_class, is_active, category_path)
values (
  '8e753d13-b684-a8cf-0477-717bc934cde5',
  'mini',
  'Mini',
  'UK',
  'Premium Subcompact',
  true,
  'Passenger Cars/Premium Subcompact'
)

insert into public.vehicle_models (
  id,
  make_id,
  slug,
  name_en,
  first_model_year,
  last_model_year,
  years_available,
  body_types_available,
  fuel_types_available,
  transmission_available,
  reliability_score,
  popularity_score
)
values (
  '9e76350f-df9c-1cc2-6c09-ecee0db2fd7a',
  '8e753d13-b684-a8cf-0477-717bc934cde5',
  'cooper-hatch',
  'Cooper (Hatch)',
  2006,
  2024,
  '{"2006","2007","2008","2009","2010","2011","2012","2013","2014","2015","2016","2017","2018","2019","2020","2021","2022","2023","2024"}'::int[],
  '["Hatchback 3-door","Hatchback 5-door","Convertible"]'::jsonb,
  '["Gasoline","Diesel","Electric"]'::jsonb,
  '["Manual","Automatic","DCT"]'::jsonb,
  8,
  9.5
)

insert into public.vehicle_generations (
  id,
  model_id,
  code,
  start_year,
  end_year,
  facelift,
  production_countries,
  body_types,
  fuel_types,
  transmission_types,
  summary
)
values (
  '2cd19f07-bed8-d74c-e8d8-563e25fadd14',
  '9e76350f-df9c-1cc2-6c09-ecee0db2fd7a',
  'R56',
  2006,
  2013,
  false,
  '{"UK"}'::text[],
  null,
  null,
  null,
  'Second generation under BMW ownership, introduced the Prince engine family (N14/N18).'
)

insert into public.vehicle_generations (
  id,
  model_id,
  code,
  start_year,
  end_year,
  facelift,
  production_countries,
  body_types,
  fuel_types,
  transmission_types,
  summary
)
values (
  '60c693be-6ebe-2746-3fbb-1b60eca5230d',
  '9e76350f-df9c-1cc2-6c09-ecee0db2fd7a',
  'F56',
  2014,
  2024,
  true,
  '{"UK","Netherlands"}'::text[],
  null,
  null,
  null,
  'Third generation, switched to the BMW UKL platform and reliable B-series engines (B38/B48).'
)

insert into public.vehicle_insights (
  model_id,
  pros,
  cons,
  inspection_tips,
  notable_features,
  engine_examples,
  common_issues_by_engine,
  reliability_score,
  popularity_score
)
values (
  '9e76350f-df9c-1cc2-6c09-ecee0db2fd7a',
  '["Отличная управляемость и маневренность","Стильный, узнаваемый дизайн","Качественный и продуманный интерьер (особенно в F56)"]'::jsonb,
  '["Жесткая подвеска, чувствительность к плохим дорогам","Дорогое обслуживание и запчасти","Тесный задний ряд и маленький багажник"]'::jsonb,
  '["Обязательно проверить состояние цепи ГРМ на двигателях Prince (R56)","Проверить работу электрики, особенно в кабриолетах","Осмотреть кузов на предмет ржавчины под уплотнителями дверей"]'::jsonb,
  '["Go-kart handling","Customizable interior and exterior","Strong resale value"]'::jsonb,
  '["1.6L N14/N18 Turbo","1.5L B38 (3-cylinder)","2.0L B48 (4-cylinder)"]'::jsonb,
  '[{"engine_code":"N14 (1.6T, Pre-2010)","common_issues_ru":["Проблемы с цепью ГРМ и натяжителем","Высокий расход масла","Сбои топливного насоса высокого давления (ТНВД)"]},{"engine_code":"N18 (1.6T, Post-2010)","common_issues_ru":["Накопление нагара на впускных клапанах","Неисправности водяной помпы"]}]'::jsonb,
  null,
  null
)

insert into public.vehicle_models (
  id,
  make_id,
  slug,
  name_en,
  first_model_year,
  last_model_year,
  years_available,
  body_types_available,
  fuel_types_available,
  transmission_available,
  reliability_score,
  popularity_score
)
values (
  '90298f54-20c5-7703-3df1-e51ce540b2de',
  '8e753d13-b684-a8cf-0477-717bc934cde5',
  'countryman',
  'Countryman',
  2010,
  2024,
  '{"2010","2011","2012","2013","2014","2015","2016","2017","2018","2019","2020","2021","2022","2023","2024"}'::int[],
  '["SUV 5-door"]'::jsonb,
  '["Gasoline","Diesel","Hybrid"]'::jsonb,
  '["Manual","Automatic"]'::jsonb,
  8.5,
  8.8
)

insert into public.vehicle_generations (
  id,
  model_id,
  code,
  start_year,
  end_year,
  facelift,
  production_countries,
  body_types,
  fuel_types,
  transmission_types,
  summary
)
values (
  '7cc1c160-9367-668e-60f2-c787dda23df1',
  '90298f54-20c5-7703-3df1-e51ce540b2de',
  'R60',
  2010,
  2016,
  true,
  '{"Austria"}'::text[],
  null,
  null,
  null,
  'First generation of the compact crossover, offering optional ALL4 all-wheel drive.'
)

insert into public.vehicle_generations (
  id,
  model_id,
  code,
  start_year,
  end_year,
  facelift,
  production_countries,
  body_types,
  fuel_types,
  transmission_types,
  summary
)
values (
  '5f107c92-e607-aac9-ad92-f26afad9a802',
  '90298f54-20c5-7703-3df1-e51ce540b2de',
  'F60',
  2017,
  2024,
  false,
  '{"Netherlands","UK"}'::text[],
  null,
  null,
  null,
  'Second, larger generation, based on the BMW X1 platform (UKL2).'
)

insert into public.vehicle_insights (
  model_id,
  pros,
  cons,
  inspection_tips,
  notable_features,
  engine_examples,
  common_issues_by_engine,
  reliability_score,
  popularity_score
)
values (
  '90298f54-20c5-7703-3df1-e51ce540b2de',
  '["Практичность и вместительность для Mini","Удобен для города и легкого бездорожья","Высокий уровень безопасности"]'::jsonb,
  '["Высокая стоимость (премиальный ценник)","Не самый экономичный в классе","Шумоизоляция на высоких скоростях"]'::jsonb,
  '["Проверить работу полного привода ALL4 и отсутствие вибраций","Осмотреть подвеску (сайлентблоки) из-за повышенного веса","Проверить электронику и систему навигации"]'::jsonb,
  '["Optional All-Wheel Drive (ALL4)","Increased ground clearance","Practical family size"]'::jsonb,
  '["1.5L B38","2.0L B47 Diesel","2.0L B48"]'::jsonb,
  '[{"engine_code":"N47 (2.0D, R60)","common_issues_ru":["Проблемы с цепью ГРМ (требует снятия двигателя для замены)","Износ демпфера коленвала"]},{"engine_code":"All ALL4 models","common_issues_ru":["Выход из строя муфты Haldex при отсутствии обслуживания","Стук в карданном валу"]}]'::jsonb,
  null,
  null
)

insert into public.vehicle_models (
  id,
  make_id,
  slug,
  name_en,
  first_model_year,
  last_model_year,
  years_available,
  body_types_available,
  fuel_types_available,
  transmission_available,
  reliability_score,
  popularity_score
)
values (
  '53589d3b-3ee4-0751-032c-c4f65c3a527c',
  '8e753d13-b684-a8cf-0477-717bc934cde5',
  'clubman',
  'Clubman',
  2007,
  2024,
  '{"2007","2008","2009","2010","2011","2012","2013","2014","2015","2016","2017","2018","2019","2020","2021","2022","2023","2024"}'::int[],
  '["Estate 6-door"]'::jsonb,
  '["Gasoline","Diesel"]'::jsonb,
  '["Manual","Automatic"]'::jsonb,
  8.2,
  7.5
)

insert into public.vehicle_generations (
  id,
  model_id,
  code,
  start_year,
  end_year,
  facelift,
  production_countries,
  body_types,
  fuel_types,
  transmission_types,
  summary
)
values (
  'defe5933-1c1f-3064-da5a-c2cccb053c37',
  '53589d3b-3ee4-0751-032c-c4f65c3a527c',
  'R55',
  2007,
  2014,
  false,
  '{"UK"}'::text[],
  null,
  null,
  null,
  'First generation Clubman, featuring the unique side clubdoor (suicide door) and rear barn doors.'
)

insert into public.vehicle_generations (
  id,
  model_id,
  code,
  start_year,
  end_year,
  facelift,
  production_countries,
  body_types,
  fuel_types,
  transmission_types,
  summary
)
values (
  '2fdef9e6-1585-c1ea-0a45-e9b7faeb48e5',
  '53589d3b-3ee4-0751-032c-c4f65c3a527c',
  'F54',
  2015,
  2024,
  true,
  '{"Netherlands"}'::text[],
  null,
  null,
  null,
  'Second generation, becoming a larger, conventional four-door station wagon while retaining the signature barn doors.'
)

insert into public.vehicle_insights (
  model_id,
  pros,
  cons,
  inspection_tips,
  notable_features,
  engine_examples,
  common_issues_by_engine,
  reliability_score,
  popularity_score
)
values (
  '53589d3b-3ee4-0751-032c-c4f65c3a527c',
  '["Стильный и уникальный кузов типа универсал","Комфортнее и тише, чем Cooper Hatch","Качественные материалы отделки"]'::jsonb,
  '["Ограниченная обзорность из-за двух задних дверей","Спортивный, но иногда неудобный дизайн салона","Низкая ликвидность по сравнению с хэтчбеком"]'::jsonb,
  '["Осмотреть состояние петель и уплотнителей задних распашных дверей","Проверить работу электроники и датчиков парковки","Убедиться в отсутствии люфтов в рулевом управлении"]'::jsonb,
  '["Signature split rear ''Barn Doors''","More practical interior space than the Hatch","All-wheel drive available (ALL4)"]'::jsonb,
  '["1.5L B38","2.0L B47 Diesel"]'::jsonb,
  '[{"engine_code":"N14/N18 (R55)","common_issues_ru":["Течи масла из-под клапанной крышки и турбины","Сложности с заменой свечей накаливания на дизелях"]},{"engine_code":"F54 General","common_issues_ru":["Сбои в работе электронного стояночного тормоза","Запотевание задних фонарей из-за особенностей конструкции дверей"]}]'::jsonb,
  null,
  null
)

insert into public.vehicle_makes (id, slug, name_en, country, segment_class, is_active, category_path)
values (
  'f4bd3e7c-0776-f319-26ab-9f68ed7b358a',
  'mitsubishi',
  'Mitsubishi',
  'Japan',
  'Mass Market',
  true,
  'Cars / SUV'
)

insert into public.vehicle_models (
  id,
  make_id,
  slug,
  name_en,
  first_model_year,
  last_model_year,
  years_available,
  body_types_available,
  fuel_types_available,
  transmission_available,
  reliability_score,
  popularity_score
)
values (
  'a1302c9e-86ae-7c59-cf4a-86569150502c',
  'f4bd3e7c-0776-f319-26ab-9f68ed7b358a',
  'outlander',
  'Outlander',
  2001,
  2024,
  '{"2001","2002","2003","2004","2005","2006","2007","2008","2009","2010","2011","2012","2013","2014","2015","2016","2017","2018","2019","2020","2021","2022","2023","2024"}'::int[],
  '["SUV"]'::jsonb,
  '["Gasoline","Diesel","Hybrid"]'::jsonb,
  '["Manual","Automatic","CVT"]'::jsonb,
  7.5,
  8.5
)

insert into public.vehicle_generations (
  id,
  model_id,
  code,
  start_year,
  end_year,
  facelift,
  production_countries,
  body_types,
  fuel_types,
  transmission_types,
  summary
)
values (
  '71bf6bee-9be9-263a-36ad-0c3fae4f0402',
  'a1302c9e-86ae-7c59-cf4a-86569150502c',
  'CU',
  2001,
  2008,
  false,
  '{"Japan"}'::text[],
  null,
  null,
  null,
  'First generation, based on the Mitsubishi Airtrek concept.'
)

insert into public.vehicle_generations (
  id,
  model_id,
  code,
  start_year,
  end_year,
  facelift,
  production_countries,
  body_types,
  fuel_types,
  transmission_types,
  summary
)
values (
  '758e84ec-db2e-6b8b-62de-6b08c58f941a',
  'a1302c9e-86ae-7c59-cf4a-86569150502c',
  'GF/GG/ZJ/ZK/ZL',
  2012,
  2021,
  true,
  '{"Japan","Russia"}'::text[],
  null,
  null,
  null,
  'Third generation, known for its focus on comfort and available PHEV version.'
)

insert into public.vehicle_insights (
  model_id,
  pros,
  cons,
  inspection_tips,
  notable_features,
  engine_examples,
  common_issues_by_engine,
  reliability_score,
  popularity_score
)
values (
  'a1302c9e-86ae-7c59-cf4a-86569150502c',
  '["Надежное шасси","Просторный салон","Доступная система полного привода"]'::jsonb,
  '["Слабое лакокрасочное покрытие","Проблемы с шумоизоляцией","Вопросы к ресурсу вариатора"]'::jsonb,
  '["Проверить состояние радиатора вариатора","Осмотреть кузов на предмет ржавчины под пластиковыми накладками","Обратить внимание на стуки в передней подвеске"]'::jsonb,
  '["Super All-Wheel Control (S-AWC)","Plug-in Hybrid Electric Vehicle (PHEV) availability"]'::jsonb,
  '["2.0L 4B11 MIVEC","2.4L 4B12 MIVEC","2.2L 4N14 Diesel"]'::jsonb,
  '[{"engine_code":"4B11","common_issues_ru":["Течь масла через сальники","Ненадежный фазовращатель"]},{"engine_code":"4B12","common_issues_ru":["Повышенный расход масла после 150 тыс. км","Проблемы с натяжителем цепи"]}]'::jsonb,
  null,
  null
)

insert into public.vehicle_models (
  id,
  make_id,
  slug,
  name_en,
  first_model_year,
  last_model_year,
  years_available,
  body_types_available,
  fuel_types_available,
  transmission_available,
  reliability_score,
  popularity_score
)
values (
  '34a965c5-6400-17fd-c4be-ab6e16c215cc',
  'f4bd3e7c-0776-f319-26ab-9f68ed7b358a',
  'lancer',
  'Lancer',
  1973,
  2017,
  '{"2000","2001","2002","2003","2004","2005","2006","2007","2008","2009","2010","2011","2012","2013","2014","2015","2016","2017"}'::int[],
  '["Sedan","Hatchback"]'::jsonb,
  '["Gasoline"]'::jsonb,
  '["Manual","Automatic","CVT"]'::jsonb,
  8,
  9
)

insert into public.vehicle_generations (
  id,
  model_id,
  code,
  start_year,
  end_year,
  facelift,
  production_countries,
  body_types,
  fuel_types,
  transmission_types,
  summary
)
values (
  '24592fe6-e66b-dd6f-badd-d61d0b150cfa',
  '34a965c5-6400-17fd-c4be-ab6e16c215cc',
  'CS/CT',
  2000,
  2010,
  false,
  '{"Japan"}'::text[],
  null,
  null,
  null,
  'Ninth generation (Lancer IX), known for simplicity, reliability, and low cost of ownership.'
)

insert into public.vehicle_generations (
  id,
  model_id,
  code,
  start_year,
  end_year,
  facelift,
  production_countries,
  body_types,
  fuel_types,
  transmission_types,
  summary
)
values (
  'f32bd9bc-6c46-4f12-35ac-cd38de18490c',
  '34a965c5-6400-17fd-c4be-ab6e16c215cc',
  'CY/CZ',
  2007,
  2017,
  true,
  '{"Japan"}'::text[],
  null,
  null,
  null,
  'Tenth generation (Lancer X), featuring a sportier design and shared platform with Outlander.'
)

insert into public.vehicle_insights (
  model_id,
  pros,
  cons,
  inspection_tips,
  notable_features,
  engine_examples,
  common_issues_by_engine,
  reliability_score,
  popularity_score
)
values (
  '34a965c5-6400-17fd-c4be-ab6e16c215cc',
  '["Спортивная управляемость (X)","Простые и надежные двигатели (IX)","Долговечное шасси"]'::jsonb,
  '["Дешевые материалы интерьера","Слабая шумоизоляция","Потенциал ржавчины на старых моделях"]'::jsonb,
  '["Проверить состояние задних арок на IX поколении","Оценить работу вариатора на X поколении","Проверить состояние ремня ГРМ (на моторах 1.6L)"]'::jsonb,
  '["Evolution high-performance variants","Durable platform (Lancer IX)"]'::jsonb,
  '["1.6L 4G18","1.8L 4B10","2.0L 4B11"]'::jsonb,
  '[{"engine_code":"4G18","common_issues_ru":["Высокий расход масла","Вибрации на холостом ходу","Засорение дроссельной заслонки"]},{"engine_code":"4B10","common_issues_ru":["Стук клапанов","Требует регулярной регулировки зазоров"]}]'::jsonb,
  null,
  null
)

insert into public.vehicle_models (
  id,
  make_id,
  slug,
  name_en,
  first_model_year,
  last_model_year,
  years_available,
  body_types_available,
  fuel_types_available,
  transmission_available,
  reliability_score,
  popularity_score
)
values (
  'ac5783bb-f0d4-07dd-9a55-1c7ad833d436',
  'f4bd3e7c-0776-f319-26ab-9f68ed7b358a',
  'asx',
  'ASX',
  2010,
  2024,
  '{"2010","2011","2012","2013","2014","2015","2016","2017","2018","2019","2020","2021","2022","2023","2024"}'::int[],
  '["SUV"]'::jsonb,
  '["Gasoline","Diesel"]'::jsonb,
  '["Manual","CVT"]'::jsonb,
  7,
  7.8
)

insert into public.vehicle_generations (
  id,
  model_id,
  code,
  start_year,
  end_year,
  facelift,
  production_countries,
  body_types,
  fuel_types,
  transmission_types,
  summary
)
values (
  '45f1ff32-95b4-f427-d035-e8ae01890210',
  'ac5783bb-f0d4-07dd-9a55-1c7ad833d436',
  'GA',
  2010,
  2024,
  true,
  '{"Japan","USA"}'::text[],
  null,
  null,
  null,
  'First generation (with numerous facelifts), a compact crossover sharing architecture with the Lancer and Outlander.'
)

insert into public.vehicle_insights (
  model_id,
  pros,
  cons,
  inspection_tips,
  notable_features,
  engine_examples,
  common_issues_by_engine,
  reliability_score,
  popularity_score
)
values (
  'ac5783bb-f0d4-07dd-9a55-1c7ad833d436',
  '["Экономичный расход топлива","Хороший дорожный просвет","Простота в обслуживании"]'::jsonb,
  '["Тесный задний ряд","Слабая динамика с базовыми двигателями","Чувствительность вариатора"]'::jsonb,
  '["Осмотреть состояние задней части подрамника на наличие коррозии","Проверить работу кондиционера (часто выходит из строя)","Обратить внимание на шум в передних ступичных подшипниках"]'::jsonb,
  '["Good city maneuverability","Reliable naturally aspirated engines"]'::jsonb,
  '["1.6L 4A92 MIVEC","2.0L 4B11 MIVEC","1.8L 4N13 Diesel"]'::jsonb,
  '[{"engine_code":"4A92","common_issues_ru":["Необходимость регулярной регулировки клапанов","Чувствительность к качеству топлива"]},{"engine_code":"4B11","common_issues_ru":["Слабые сальники коленвала","Повышенный шум цепи ГРМ"]}]'::jsonb,
  null,
  null
)

insert into public.vehicle_makes (id, slug, name_en, country, segment_class, is_active, category_path)
values (
  'ab8224b6-0f2b-3fea-0374-c97d7ace0fe8',
  'monteverdi',
  'Monteverdi',
  'Switzerland',
  'Luxury/Performance',
  false,
  'Cars / Luxury Sports'
)

insert into public.vehicle_models (
  id,
  make_id,
  slug,
  name_en,
  first_model_year,
  last_model_year,
  years_available,
  body_types_available,
  fuel_types_available,
  transmission_available,
  reliability_score,
  popularity_score
)
values (
  'cd7d99e9-6175-afd3-00f7-988b32212e68',
  'ab8224b6-0f2b-3fea-0374-c97d7ace0fe8',
  'safari',
  'Safari',
  1976,
  1982,
  '{"1976","1977","1978","1979","1980","1981","1982"}'::int[],
  '["SUV","Off-road"]'::jsonb,
  '["Gasoline"]'::jsonb,
  '["Automatic","Manual"]'::jsonb,
  5,
  2
)

insert into public.vehicle_generations (
  id,
  model_id,
  code,
  start_year,
  end_year,
  facelift,
  production_countries,
  body_types,
  fuel_types,
  transmission_types,
  summary
)
values (
  'a305f0d7-a1b6-7f50-b772-067073db3803',
  'cd7d99e9-6175-afd3-00f7-988b32212e68',
  '1st Gen',
  1976,
  1982,
  false,
  '{"Switzerland","Italy"}'::text[],
  null,
  null,
  null,
  'High-end luxury SUV based on International Harvester Scout components, but heavily modified. Used powerful Chrysler V8 engines.'
)

insert into public.vehicle_insights (
  model_id,
  pros,
  cons,
  inspection_tips,
  notable_features,
  engine_examples,
  common_issues_by_engine,
  reliability_score,
  popularity_score
)
values (
  'cd7d99e9-6175-afd3-00f7-988b32212e68',
  '["Powerful V8 engines","Exclusive, rare design","High build quality"]'::jsonb,
  '["Extremely rare parts","High running costs","Chassis prone to rust"]'::jsonb,
  '["Check for originality of interior fittings","Examine chassis for rust damage","Verify engine history due to modifications"]'::jsonb,
  '["Luxury interior","Robust American drivetrain"]'::jsonb,
  '["7.2L V8 (Chrysler)"]'::jsonb,
  '[{"engine_code":"440 V8 (Chrysler)","common_issues_ru":["Проблемы с карбюратором","Перегрев в тяжелых условиях","Износ автоматической коробки передач TorqueFlite"]}]'::jsonb,
  null,
  null
)

insert into public.vehicle_models (
  id,
  make_id,
  slug,
  name_en,
  first_model_year,
  last_model_year,
  years_available,
  body_types_available,
  fuel_types_available,
  transmission_available,
  reliability_score,
  popularity_score
)
values (
  '9fba42cd-c318-b539-f7b7-f06bf0f715f3',
  'ab8224b6-0f2b-3fea-0374-c97d7ace0fe8',
  'sierra',
  'Sierra',
  1977,
  1980,
  '{"1977","1978","1979","1980"}'::int[],
  '["Sedan","Estate"]'::jsonb,
  '["Gasoline"]'::jsonb,
  '["Automatic"]'::jsonb,
  5.5,
  1.5
)

insert into public.vehicle_generations (
  id,
  model_id,
  code,
  start_year,
  end_year,
  facelift,
  production_countries,
  body_types,
  fuel_types,
  transmission_types,
  summary
)
values (
  '565b9a84-88cb-f599-ebda-de4eeddea24e',
  '9fba42cd-c318-b539-f7b7-f06bf0f715f3',
  '1st Gen',
  1977,
  1980,
  false,
  '{"Switzerland","Italy"}'::text[],
  null,
  null,
  null,
  'Luxury sedan designed to compete with the Mercedes S-Class. Built using heavily modified components from the Dodge Aspen.'
)

insert into public.vehicle_insights (
  model_id,
  pros,
  cons,
  inspection_tips,
  notable_features,
  engine_examples,
  common_issues_by_engine,
  reliability_score,
  popularity_score
)
values (
  '9fba42cd-c318-b539-f7b7-f06bf0f715f3',
  '["Unique styling","Comfortable ride","Strong American V8 power"]'::jsonb,
  '["Rarer than the Safari","Chassis corrosion issues","Specialist maintenance required"]'::jsonb,
  '["Inspect body panels for signs of filler/rust repair","Check suspension components (shared with budget cars)","Ensure electrical systems function"]'::jsonb,
  '["Unique styling by Fissore","High comfort level"]'::jsonb,
  '["5.9L V8 (Chrysler)"]'::jsonb,
  '[{"engine_code":"318 V8 (Chrysler)","common_issues_ru":["Нестабильная работа на холостом ходу","Утечки масла","Проблемы с системой зажигания"]}]'::jsonb,
  null,
  null
)

insert into public.vehicle_models (
  id,
  make_id,
  slug,
  name_en,
  first_model_year,
  last_model_year,
  years_available,
  body_types_available,
  fuel_types_available,
  transmission_available,
  reliability_score,
  popularity_score
)
values (
  'c6870536-987e-f116-c4f5-20265137ebc1',
  'ab8224b6-0f2b-3fea-0374-c97d7ace0fe8',
  '375-high-speed',
  '375 High Speed',
  1967,
  1977,
  '{"1967","1968","1969","1970","1971","1972","1973","1974","1975","1976","1977"}'::int[],
  '["Coupe","Convertible","Sedan"]'::jsonb,
  '["Gasoline"]'::jsonb,
  '["Manual","Automatic"]'::jsonb,
  4,
  2.5
)

insert into public.vehicle_generations (
  id,
  model_id,
  code,
  start_year,
  end_year,
  facelift,
  production_countries,
  body_types,
  fuel_types,
  transmission_types,
  summary
)
values (
  'fde3dbfc-b11d-a44b-25e4-0e45949ac371',
  'c6870536-987e-f116-c4f5-20265137ebc1',
  'Pietro Frua/Fissore',
  1967,
  1977,
  false,
  '{"Switzerland","Italy"}'::text[],
  null,
  null,
  null,
  'The original luxury grand tourer, known for its powerful Chrysler V8 and bespoke Italian coachwork.'
)

insert into public.vehicle_insights (
  model_id,
  pros,
  cons,
  inspection_tips,
  notable_features,
  engine_examples,
  common_issues_by_engine,
  reliability_score,
  popularity_score
)
values (
  'c6870536-987e-f116-c4f5-20265137ebc1',
  '["Exceptional performance for its era","Investment potential due to rarity","Luxurious handmade interior"]'::jsonb,
  '["Maintenance costs are astronomical","Finding specialist repair shops is difficult","Chassis fatigue over decades"]'::jsonb,
  '["Verify engine numbers match original specifications","Inspect brake system (often upgraded or failing)","Check all body gaps due to handmade nature"]'::jsonb,
  '["De Dion tube rear suspension","Chrysler big-block engines"]'::jsonb,
  '["7.2L V8 440 Magnum (Chrysler)"]'::jsonb,
  '[{"engine_code":"440 V8 Magnum","common_issues_ru":["Проблемы с системой охлаждения под нагрузкой","Трудности с настройкой тройного карбюратора (если установлен)","Естественный износ компонентов двигателя за длительный срок эксплуатации"]}]'::jsonb,
  null,
  null
)

insert into public.vehicle_makes (id, slug, name_en, country, segment_class, is_active, category_path)
values (
  '10ea96fd-f8fa-b883-2709-5650fcdf7725',
  'morgan',
  'Morgan',
  'United Kingdom',
  'Sports Car',
  true,
  'Sports Cars/Bespoke'
)

insert into public.vehicle_models (
  id,
  make_id,
  slug,
  name_en,
  first_model_year,
  last_model_year,
  years_available,
  body_types_available,
  fuel_types_available,
  transmission_available,
  reliability_score,
  popularity_score
)
values (
  'a0611c98-b480-2525-a65d-22ffc82a0ebf',
  '10ea96fd-f8fa-b883-2709-5650fcdf7725',
  'plus-4',
  'Plus 4',
  2005,
  2020,
  '{"2005","2006","2007","2008","2009","2010","2011","2012","2013","2014","2015","2016","2017","2018","2019","2020"}'::int[],
  '["Roadster","Coupe"]'::jsonb,
  '["Gasoline"]'::jsonb,
  '["Manual"]'::jsonb,
  8.5,
  7
)

insert into public.vehicle_generations (
  id,
  model_id,
  code,
  start_year,
  end_year,
  facelift,
  production_countries,
  body_types,
  fuel_types,
  transmission_types,
  summary
)
values (
  '151e6dc1-7d8e-f9c9-e94f-169128f30d1c',
  'a0611c98-b480-2525-a65d-22ffc82a0ebf',
  '5th Generation',
  2005,
  2020,
  false,
  '{"United Kingdom"}'::text[],
  null,
  null,
  null,
  'The classic Morgan design utilizing Ford/Mazda engines, offering traditional feel with modern reliability.'
)

insert into public.vehicle_insights (
  model_id,
  pros,
  cons,
  inspection_tips,
  notable_features,
  engine_examples,
  common_issues_by_engine,
  reliability_score,
  popularity_score
)
values (
  'a0611c98-b480-2525-a65d-22ffc82a0ebf',
  '["Классический дизайн, ручная сборка","Отличная управляемость","Высокая сохраняемость стоимости"]'::jsonb,
  '["Высокая стоимость обслуживания","Отсутствие современных удобств","Сложности с запчастями"]'::jsonb,
  '["Проверить состояние деревянного каркаса на предмет гниения","Осмотреть крепления кузова","Тщательно проверить электрику, особенно после мойки"]'::jsonb,
  '["Ash wood chassis frame","Hand-beaten aluminum panels","Long waiting lists"]'::jsonb,
  '["Ford 2.0L Duratec (2005-2019)"]'::jsonb,
  '[{"engine_code":"Ford 2.0 Duratec","common_issues_ru":["Проблемы с датчиком положения коленвала","Утечки масла из-под клапанной крышки","Износ цепи ГРМ при больших пробегах"]}]'::jsonb,
  null,
  null
)

insert into public.vehicle_models (
  id,
  make_id,
  slug,
  name_en,
  first_model_year,
  last_model_year,
  years_available,
  body_types_available,
  fuel_types_available,
  transmission_available,
  reliability_score,
  popularity_score
)
values (
  'c3fb6462-e0a9-e03c-4784-e65ab1655431',
  '10ea96fd-f8fa-b883-2709-5650fcdf7725',
  '3-wheeler',
  '3-Wheeler',
  2011,
  2021,
  '{"2011","2012","2013","2014","2015","2016","2017","2018","2019","2020","2021"}'::int[],
  '["Roadster (3-wheel)"]'::jsonb,
  '["Gasoline"]'::jsonb,
  '["Manual"]'::jsonb,
  7,
  7.5
)

insert into public.vehicle_generations (
  id,
  model_id,
  code,
  start_year,
  end_year,
  facelift,
  production_countries,
  body_types,
  fuel_types,
  transmission_types,
  summary
)
values (
  '7c2b0b42-8ea6-e147-a003-4e0ed11ca7dd',
  'c3fb6462-e0a9-e03c-4784-e65ab1655431',
  'M3W',
  2011,
  2021,
  false,
  '{"United Kingdom"}'::text[],
  null,
  null,
  null,
  'A nostalgic revival of the original 3-wheeled design, powered by a motorcycle V-twin engine mounted externally.'
)

insert into public.vehicle_insights (
  model_id,
  pros,
  cons,
  inspection_tips,
  notable_features,
  engine_examples,
  common_issues_by_engine,
  reliability_score,
  popularity_score
)
values (
  'c3fb6462-e0a9-e03c-4784-e65ab1655431',
  '["Уникальный опыт вождения","Высокое внимание общественности","Низкий вес и отличная динамика"]'::jsonb,
  '["Низкий комфорт","Чувствительность к боковому ветру","Специфическое обслуживание двигателя"]'::jsonb,
  '["Проверить натяжение ремня привода","Оценить состояние передней подвески (подвержена износу)","Проверить отсутствие трещин в шасси"]'::jsonb,
  '["S&S V-twin external engine","Exposed mechanicals","Motorcycle handling characteristics"]'::jsonb,
  '["S&S V-twin 1998cc"]'::jsonb,
  '[{"engine_code":"S&S V-twin","common_issues_ru":["Перегрев в городском цикле","Вибрации, приводящие к раскручиванию болтов","Проблемы с топливной системой"]}]'::jsonb,
  null,
  null
)

insert into public.vehicle_models (
  id,
  make_id,
  slug,
  name_en,
  first_model_year,
  last_model_year,
  years_available,
  body_types_available,
  fuel_types_available,
  transmission_available,
  reliability_score,
  popularity_score
)
values (
  'd5baa02c-5080-3512-a1fb-137334e88fec',
  '10ea96fd-f8fa-b883-2709-5650fcdf7725',
  'aero-8',
  'Aero 8',
  2000,
  2018,
  '{"2000","2001","2002","2003","2004","2005","2006","2007","2008","2009","2010","2011","2012","2013","2014","2015","2016","2017","2018"}'::int[],
  '["Roadster","Coupe"]'::jsonb,
  '["Gasoline"]'::jsonb,
  '["Manual","Automatic"]'::jsonb,
  8,
  6.5
)

insert into public.vehicle_generations (
  id,
  model_id,
  code,
  start_year,
  end_year,
  facelift,
  production_countries,
  body_types,
  fuel_types,
  transmission_types,
  summary
)
values (
  'ea7a47a2-082b-00d0-36d2-7ad06ad62c3e',
  'd5baa02c-5080-3512-a1fb-137334e88fec',
  'Series 1-5',
  2000,
  2018,
  true,
  '{"United Kingdom"}'::text[],
  null,
  null,
  null,
  'Morgan''s first completely new design since 1962, featuring an aluminum chassis and BMW V8 power.'
)

insert into public.vehicle_insights (
  model_id,
  pros,
  cons,
  inspection_tips,
  notable_features,
  engine_examples,
  common_issues_by_engine,
  reliability_score,
  popularity_score
)
values (
  'd5baa02c-5080-3512-a1fb-137334e88fec',
  '["Мощный двигатель BMW V8","Легкий алюминиевый кузов","Исключительная редкость и эксклюзивность"]'::jsonb,
  '["Спорный дизайн (ранние серии)","Дорогие запчасти BMW","Требовательность к качеству дорожного покрытия"]'::jsonb,
  '["Проверить состояние алюминиевого шасси на предмет коррозии (хотя алюминий, но крепления)","Убедиться в отсутствии проблем с электроникой BMW","Проверить работу мягкой крыши (если родстер)"]'::jsonb,
  '["Aluminum bonded and riveted chassis","BMW N62 V8 engine (later models)","Torsionally stiff structure"]'::jsonb,
  '["BMW M62 V8","BMW N62 V8"]'::jsonb,
  '[{"engine_code":"BMW M62 V8","common_issues_ru":["Течь прокладок клапанных крышек","Выход из строя системы VANOS","Проблемы с охлаждением"]},{"engine_code":"BMW N62 V8","common_issues_ru":["Повышенный расход масла","Утечки из-под трубки охлаждения в развале блока","Неисправности генератора"]}]'::jsonb,
  null,
  null
)

insert into public.vehicle_makes (id, slug, name_en, country, segment_class, is_active, category_path)
values (
  'a64dc32f-ebfb-1333-fb5a-1ece94445f34',
  'morris',
  'Morris',
  'United Kingdom',
  'Historical Classic Vehicle',
  false,
  '/classic/morris'
)

insert into public.vehicle_models (
  id,
  make_id,
  slug,
  name_en,
  first_model_year,
  last_model_year,
  years_available,
  body_types_available,
  fuel_types_available,
  transmission_available,
  reliability_score,
  popularity_score
)
values (
  '3d85fd99-41d6-140b-012a-95cf69e98164',
  'a64dc32f-ebfb-1333-fb5a-1ece94445f34',
  'minor',
  'Minor',
  1948,
  1972,
  '{"1948","1949","1950","1951","1952","1953","1954","1955","1956","1957","1958","1959","1960","1961","1962","1963","1964","1965","1966","1967","1968","1969","1970","1971","1972"}'::int[],
  '["Saloon","Convertible","Estate","Van"]'::jsonb,
  '["Petrol"]'::jsonb,
  '["Manual"]'::jsonb,
  6,
  7
)

insert into public.vehicle_generations (
  id,
  model_id,
  code,
  start_year,
  end_year,
  facelift,
  production_countries,
  body_types,
  fuel_types,
  transmission_types,
  summary
)
values (
  'c74e52fd-612f-e32f-ac8e-e8646614b589',
  '3d85fd99-41d6-140b-012a-95cf69e98164',
  'MM',
  1948,
  1953,
  false,
  '{"United Kingdom"}'::text[],
  null,
  null,
  null,
  'Original low-headlamp version with side-valve engine.'
)

insert into public.vehicle_generations (
  id,
  model_id,
  code,
  start_year,
  end_year,
  facelift,
  production_countries,
  body_types,
  fuel_types,
  transmission_types,
  summary
)
values (
  '651f47a8-2376-3cf7-fbef-9fda12590ee8',
  '3d85fd99-41d6-140b-012a-95cf69e98164',
  'Series II',
  1952,
  1956,
  true,
  '{"United Kingdom"}'::text[],
  null,
  null,
  null,
  'Introduced the OHV A-Series engine and higher headlamps.'
)

insert into public.vehicle_generations (
  id,
  model_id,
  code,
  start_year,
  end_year,
  facelift,
  production_countries,
  body_types,
  fuel_types,
  transmission_types,
  summary
)
values (
  '12697246-147d-0f95-14eb-c17eaba0cde9',
  '3d85fd99-41d6-140b-012a-95cf69e98164',
  '1000',
  1956,
  1972,
  true,
  '{"United Kingdom"}'::text[],
  null,
  null,
  null,
  'Further improvements, including the 948cc and 1098cc engines.'
)

insert into public.vehicle_insights (
  model_id,
  pros,
  cons,
  inspection_tips,
  notable_features,
  engine_examples,
  common_issues_by_engine,
  reliability_score,
  popularity_score
)
values (
  '3d85fd99-41d6-140b-012a-95cf69e98164',
  '["Robust, simple mechanics","Excellent parts availability","Charming, iconic design"]'::jsonb,
  '["Rust issues, especially in Traveller wood frames and chassis rails","Slow performance and high noise levels at speed","Braking system inadequate by modern standards"]'::jsonb,
  '["Check the front torsion bar mounts for corrosion","Inspect kingpin wear and steering box play","Verify the condition of the wood frame on Traveller models"]'::jsonb,
  '["Designed by Alec Issigonis","Torsion bar front suspension","First British car to exceed one million sales"]'::jsonb,
  '["918cc Side-Valve","948cc A-Series","1098cc A-Series"]'::jsonb,
  '[{"engine_code":"A-Series 948/1098","common_issues_ru":["Износ шатунных вкладышей и коленчатого вала","Утечки масла из-под крышек и сальников","Проблемы с водяным насосом и перегрев"]}]'::jsonb,
  null,
  null
)

insert into public.vehicle_models (
  id,
  make_id,
  slug,
  name_en,
  first_model_year,
  last_model_year,
  years_available,
  body_types_available,
  fuel_types_available,
  transmission_available,
  reliability_score,
  popularity_score
)
values (
  '4112360e-0782-5445-9352-60a8292f3862',
  'a64dc32f-ebfb-1333-fb5a-1ece94445f34',
  'mini-minor',
  'Mini-Minor (Classic Mini)',
  1959,
  2000,
  '{"1959","1960","1961","1962","1963","1964","1965","1966","1967","1968","1969","1970","1971","1972","1973","1974","1975","1976","1977","1978","1979","1980","1981","1982","1983","1984","1985","1986","1987","1988","1989","1990","1991","1992","1993","1994","1995","1996","1997","1998","1999","2000"}'::int[],
  '["Saloon","Van","Estate"]'::jsonb,
  '["Petrol"]'::jsonb,
  '["Manual","Automatic"]'::jsonb,
  5.5,
  8.5
)

insert into public.vehicle_generations (
  id,
  model_id,
  code,
  start_year,
  end_year,
  facelift,
  production_countries,
  body_types,
  fuel_types,
  transmission_types,
  summary
)
values (
  '038000c9-f150-3cbb-1e21-5ee5860e43d4',
  '4112360e-0782-5445-9352-60a8292f3862',
  'Mk I (ADO15)',
  1959,
  1967,
  false,
  '{"United Kingdom"}'::text[],
  null,
  null,
  null,
  'The original version, sold under both Austin and Morris badges.'
)

insert into public.vehicle_generations (
  id,
  model_id,
  code,
  start_year,
  end_year,
  facelift,
  production_countries,
  body_types,
  fuel_types,
  transmission_types,
  summary
)
values (
  '109b9461-0822-0f49-2e0c-731cbfba3687',
  '4112360e-0782-5445-9352-60a8292f3862',
  'Mk II',
  1967,
  1970,
  true,
  '{"United Kingdom"}'::text[],
  null,
  null,
  null,
  'Minor changes, including a redesigned grille and larger rear window.'
)

insert into public.vehicle_insights (
  model_id,
  pros,
  cons,
  inspection_tips,
  notable_features,
  engine_examples,
  common_issues_by_engine,
  reliability_score,
  popularity_score
)
values (
  '4112360e-0782-5445-9352-60a8292f3862',
  '["Revolutionary compact design","Unmatched maneuverability","Vast availability of aftermarket performance parts"]'::jsonb,
  '["Extreme susceptibility to rust, especially along seams and subframes","Very noisy cabin and rudimentary safety features","Stiff clutch and sometimes vague gear shift"]'::jsonb,
  '["Inspect the front and rear subframes for structural integrity","Check for water ingress around the windscreen and door seals","Ensure the electrical system (especially relays) is sound"]'::jsonb,
  '["Transverse engine layout with gearbox in sump","Wheels pushed out to corners for maximum interior space","Go-kart like handling"]'::jsonb,
  '["848cc A-Series","998cc A-Series","1275cc A-Series"]'::jsonb,
  '[{"engine_code":"A-Series (848-1275)","common_issues_ru":["Утечки масла из-за расположения коробки передач в поддоне","Сложности с обслуживанием из-за плотной компоновки","Проблемы с гидроэластичной подвеской Hydrolastic (если установлена)"]}]'::jsonb,
  null,
  null
)

insert into public.vehicle_models (
  id,
  make_id,
  slug,
  name_en,
  first_model_year,
  last_model_year,
  years_available,
  body_types_available,
  fuel_types_available,
  transmission_available,
  reliability_score,
  popularity_score
)
values (
  '04de3b14-5fa6-cd62-4c71-7ed2c57a6459',
  'a64dc32f-ebfb-1333-fb5a-1ece94445f34',
  'oxford-series-vi',
  'Oxford Series VI',
  1961,
  1971,
  '{"1961","1962","1963","1964","1965","1966","1967","1968","1969","1970","1971"}'::int[],
  '["Saloon","Estate"]'::jsonb,
  '["Petrol"]'::jsonb,
  '["Manual"]'::jsonb,
  6.5,
  5
)

insert into public.vehicle_generations (
  id,
  model_id,
  code,
  start_year,
  end_year,
  facelift,
  production_countries,
  body_types,
  fuel_types,
  transmission_types,
  summary
)
values (
  '9c49568f-3e2e-a71d-1d76-2bd651bbcbb1',
  '04de3b14-5fa6-cd62-4c71-7ed2c57a6459',
  'Series VI',
  1961,
  1971,
  false,
  '{"United Kingdom","India"}'::text[],
  null,
  null,
  null,
  'Farina-styled large family saloon, successor to the Series V, featured the 1.5L B-Series engine.'
)

insert into public.vehicle_insights (
  model_id,
  pros,
  cons,
  inspection_tips,
  notable_features,
  engine_examples,
  common_issues_by_engine,
  reliability_score,
  popularity_score
)
values (
  '04de3b14-5fa6-cd62-4c71-7ed2c57a6459',
  '["Very comfortable and soft ride","Spacious rear seats and large boot","Easy to maintain and repair"]'::jsonb,
  '["Heavy, non-assisted steering","Mediocre performance from the 1.5L engine","Susceptible to rust in sills and wheel arches"]'::jsonb,
  '["Check for excessive smoke (valve guide wear)","Inspect the condition of the leaf springs and rear axle","Look for play in the steering column linkage"]'::jsonb,
  '["Pininfarina designed body (Farina style)","Used extensively as a taxi and police car in various markets","Simple, reliable BMC B-Series mechanics"]'::jsonb,
  '["BMC B-Series 1489cc"]'::jsonb,
  '[{"engine_code":"B-Series 1.5L","common_issues_ru":["Износ коромысел и толкателей клапанов","Склонность к протечкам масла из-под крышек","Проблемы с топливным насосом"]}]'::jsonb,
  null,
  null
)

insert into public.vehicle_makes (id, slug, name_en, country, segment_class, is_active, category_path)
values (
  '3e0154a1-e689-7f31-65e4-ac5ef19aa0c7',
  'moskvich',
  'Moskvich',
  'USSR/Russia',
  'C - Compact',
  false,
  'Passenger Cars/Sedan'
)

insert into public.vehicle_models (
  id,
  make_id,
  slug,
  name_en,
  first_model_year,
  last_model_year,
  years_available,
  body_types_available,
  fuel_types_available,
  transmission_available,
  reliability_score,
  popularity_score
)
values (
  'a55fd896-466a-bcd8-c701-17cf0af525bd',
  '3e0154a1-e689-7f31-65e4-ac5ef19aa0c7',
  'moskvich-412',
  'Moskvich 412',
  1967,
  1977,
  '{"1967","1968","1969","1970","1971","1972","1973","1974","1975","1976","1977"}'::int[],
  '["Sedan","Wagon"]'::jsonb,
  '["Gasoline"]'::jsonb,
  '["Manual"]'::jsonb,
  7,
  8.5
)

insert into public.vehicle_generations (
  id,
  model_id,
  code,
  start_year,
  end_year,
  facelift,
  production_countries,
  body_types,
  fuel_types,
  transmission_types,
  summary
)
values (
  '18f66a4b-cc9f-be24-7295-b85332d7e17f',
  'a55fd896-466a-bcd8-c701-17cf0af525bd',
  '412/427',
  1967,
  1977,
  false,
  '{"USSR"}'::text[],
  null,
  null,
  null,
  'The second generation of Moskvich, featuring the new advanced UZAM-412 engine, making it popular both domestically and for export.'
)

insert into public.vehicle_insights (
  model_id,
  pros,
  cons,
  inspection_tips,
  notable_features,
  engine_examples,
  common_issues_by_engine,
  reliability_score,
  popularity_score
)
values (
  'a55fd896-466a-bcd8-c701-17cf0af525bd',
  '["Engine UZAM-412 is known for durability","High serviceability and low cost of parts","Good off-road capability (high clearance)"]'::jsonb,
  '["Poor rust protection of the body","Outdated steering mechanism (worm gear)","Weak drum brakes"]'::jsonb,
  '["Check the condition of the longitudinal spars due to rust.","Inspect steering linkages for excessive play.","Verify oil pressure, as engine components wear significantly over time."]'::jsonb,
  '["Advanced (for the time) overhead camshaft engine design","High ground clearance","Reliable and simple 4-speed manual gearbox"]'::jsonb,
  '["UZAM-412 (1.5L I4, 75 hp)"]'::jsonb,
  '[{"engine_code":"UZAM-412","common_issues_ru":["Течи масла из-под прокладок и сальников","Проблемы с карбюратором К-126Н (требует частой настройки)","Перегрев при длительной нагрузке и загрязнении радиатора"]}]'::jsonb,
  null,
  null
)

insert into public.vehicle_models (
  id,
  make_id,
  slug,
  name_en,
  first_model_year,
  last_model_year,
  years_available,
  body_types_available,
  fuel_types_available,
  transmission_available,
  reliability_score,
  popularity_score
)
values (
  '96ae887d-d838-9ba9-d280-e202922993e9',
  '3e0154a1-e689-7f31-65e4-ac5ef19aa0c7',
  'moskvich-2140',
  'Moskvich 2140',
  1976,
  1988,
  '{"1976","1977","1978","1979","1980","1981","1982","1983","1984","1985","1986","1987","1988"}'::int[],
  '["Sedan","Wagon"]'::jsonb,
  '["Gasoline"]'::jsonb,
  '["Manual"]'::jsonb,
  6.5,
  7.5
)

insert into public.vehicle_generations (
  id,
  model_id,
  code,
  start_year,
  end_year,
  facelift,
  production_countries,
  body_types,
  fuel_types,
  transmission_types,
  summary
)
values (
  'e9da8cca-91cd-5050-8adf-58559356775c',
  '96ae887d-d838-9ba9-d280-e202922993e9',
  '2140',
  1976,
  1988,
  true,
  '{"USSR"}'::text[],
  null,
  null,
  null,
  'A deep modernization of the 412 platform, featuring updated exterior styling, revised interior, and improved brakes (front discs on most models).'
)

insert into public.vehicle_insights (
  model_id,
  pros,
  cons,
  inspection_tips,
  notable_features,
  engine_examples,
  common_issues_by_engine,
  reliability_score,
  popularity_score
)
values (
  '96ae887d-d838-9ba9-d280-e202922993e9',
  '["Very simple and reliable mechanics","Durable under severe road conditions","Easy access to spare parts"]'::jsonb,
  '["Still fundamentally an outdated design by the late 70s","Poor quality interior plastics","High fuel consumption compared to competitors"]'::jsonb,
  '["Check condition of the rear leaf springs.","Inspect the operation of the vacuum brake booster.","Ensure the cooling system holds pressure."]'::jsonb,
  '["Introduction of front disc brakes","Improved dashboard design","Last mass-produced rear-wheel-drive Moskvich sedan"]'::jsonb,
  '["UZAM-412 (1.5L I4)"]'::jsonb,
  '[{"engine_code":"UZAM-412","common_issues_ru":["Коррозия вокруг фар и дверных проемов","Проблемы с электрикой, особенно окисление предохранителей","Требует частой регулировки зазоров клапанов"]}]'::jsonb,
  null,
  null
)

insert into public.vehicle_models (
  id,
  make_id,
  slug,
  name_en,
  first_model_year,
  last_model_year,
  years_available,
  body_types_available,
  fuel_types_available,
  transmission_available,
  reliability_score,
  popularity_score
)
values (
  '3ba8b948-8d13-85cf-dd13-6622baaec1a0',
  '3e0154a1-e689-7f31-65e4-ac5ef19aa0c7',
  'moskvich-2141-aleko',
  'Moskvich 2141 Aleko',
  1986,
  2001,
  '{"1986","1987","1988","1989","1990","1991","1992","1993","1994","1995","1996","1997","1998","1999","2000","2001"}'::int[],
  '["Hatchback"]'::jsonb,
  '["Gasoline","Diesel"]'::jsonb,
  '["Manual"]'::jsonb,
  5,
  8
)

insert into public.vehicle_generations (
  id,
  model_id,
  code,
  start_year,
  end_year,
  facelift,
  production_countries,
  body_types,
  fuel_types,
  transmission_types,
  summary
)
values (
  '55228bdc-4196-cdbb-2faa-5be172408849',
  '3ba8b948-8d13-85cf-dd13-6622baaec1a0',
  '2141',
  1986,
  1998,
  false,
  '{"USSR","Russia"}'::text[],
  null,
  null,
  null,
  'Also known as Aleko. The first front-wheel-drive Moskvich, representing a major technological leap for the company, although suffering from inconsistent build quality.'
)

insert into public.vehicle_insights (
  model_id,
  pros,
  cons,
  inspection_tips,
  notable_features,
  engine_examples,
  common_issues_by_engine,
  reliability_score,
  popularity_score
)
values (
  '3ba8b948-8d13-85cf-dd13-6622baaec1a0',
  '["Comfortable suspension for long distance travel","Excellent interior space for its class","Accepts a variety of engines, simplifying modification and repair"]'::jsonb,
  '["Extremely variable and often poor build quality (especially models produced after 1991)","Unreliable clutch cable system","Poor rust protection of key structural areas"]'::jsonb,
  '["Check for play in the front suspension ball joints.","Inspect the structural integrity of the front end, prone to rust near the headlights.","Verify gear linkage smoothness, often prone to jamming."]'::jsonb,
  '["Front-wheel drive layout","Spacious hatchback body and large trunk volume","Transverse engine placement"]'::jsonb,
  '["VAZ-2106 (1.6L I4)","UZAM-3317 (1.7L I4)","Ford Transit Diesel (1.8L)"]'::jsonb,
  '[{"engine_code":"VAZ-2106","common_issues_ru":["Проблемы с натяжителем цепи ГРМ","Неисправности системы зажигания"]},{"engine_code":"UZAM-3317","common_issues_ru":["Склонность к перегреву из-за некачественного радиатора","Повышенный расход топлива и масла","Шумная работа на высоких оборотах"]}]'::jsonb,
  null,
  null
)

insert into public.vehicle_makes (id, slug, name_en, country, segment_class, is_active, category_path)
values (
  '141f4b88-664d-dd8c-698d-c8cb3da36d64',
  'nevs',
  'NEVS',
  'Sweden',
  'M',
  false,
  'Passenger Cars'
)

insert into public.vehicle_models (
  id,
  make_id,
  slug,
  name_en,
  first_model_year,
  last_model_year,
  years_available,
  body_types_available,
  fuel_types_available,
  transmission_available,
  reliability_score,
  popularity_score
)
values (
  'b97fcc56-72d3-7d8b-0d02-e0bf19487177',
  '141f4b88-664d-dd8c-698d-c8cb3da36d64',
  'nevs-9-3-ev',
  '9-3 EV',
  2017,
  2019,
  '{"2017","2018","2019"}'::int[],
  '["Sedan"]'::jsonb,
  '["Electric"]'::jsonb,
  '["Automatic"]'::jsonb,
  7,
  4.5
)

insert into public.vehicle_generations (
  id,
  model_id,
  code,
  start_year,
  end_year,
  facelift,
  production_countries,
  body_types,
  fuel_types,
  transmission_types,
  summary
)
values (
  'd8311435-52cf-277e-20f5-e6a940bf6f0c',
  'b97fcc56-72d3-7d8b-0d02-e0bf19487177',
  'NG EV',
  2017,
  2019,
  false,
  '{"China","Sweden"}'::text[],
  null,
  null,
  null,
  'The first fully electric vehicle developed by NEVS based on the second-generation Saab 9-3 architecture. Focused primarily on the Chinese market fleet operations.'
)

insert into public.vehicle_insights (
  model_id,
  pros,
  cons,
  inspection_tips,
  notable_features,
  engine_examples,
  common_issues_by_engine,
  reliability_score,
  popularity_score
)
values (
  'b97fcc56-72d3-7d8b-0d02-e0bf19487177',
  '["Надежная и проверенная основа шасси Saab 9-3","Просторный салон и багажник (для седана)","Хорошие динамические характеристики электромобиля"]'::jsonb,
  '["Ограниченный запас хода по сравнению с современными конкурентами","Устаревший дизайн и эргономика салона","Низкая ликвидность на европейском рынке"]'::jsonb,
  '["Проверьте состояние высоковольтной батареи и наличие ошибок в блоке BMS","Оцените состояние адаптивной подвески Saab, которая может требовать внимания из-за дополнительного веса батарей","Убедитесь в корректной работе системы отопления и кондиционирования (зависит от ВВБ)"]'::jsonb,
  '["Inheritance of Saab''s safety cage structure","Developed in collaboration with Panasonic (battery technology)","Fast charging capability"]'::jsonb,
  '["Electric Motor 130 kW"]'::jsonb,
  '[{"engine_code":"EM130","common_issues_ru":["Проблемы с управлением температурным режимом батареи","Сбои в работе зарядного порта и контроллера","Потенциальные сложности с поиском специфических электрических компонентов"]}]'::jsonb,
  null,
  null
)

insert into public.vehicle_models (
  id,
  make_id,
  slug,
  name_en,
  first_model_year,
  last_model_year,
  years_available,
  body_types_available,
  fuel_types_available,
  transmission_available,
  reliability_score,
  popularity_score
)
values (
  'bd48bb12-d99e-7843-9786-f1e79427d589',
  '141f4b88-664d-dd8c-698d-c8cb3da36d64',
  'nevs-9-3x-ev',
  '9-3X EV',
  2017,
  2019,
  '{"2017","2018","2019"}'::int[],
  '["Wagon"]'::jsonb,
  '["Electric"]'::jsonb,
  '["Automatic"]'::jsonb,
  7.2,
  2.5
)

insert into public.vehicle_generations (
  id,
  model_id,
  code,
  start_year,
  end_year,
  facelift,
  production_countries,
  body_types,
  fuel_types,
  transmission_types,
  summary
)
values (
  '21feb6b7-8c8d-87fc-9b45-2ecfb0853c12',
  'bd48bb12-d99e-7843-9786-f1e79427d589',
  '9-3X EV',
  2017,
  2019,
  false,
  '{"China"}'::text[],
  null,
  null,
  null,
  'The electric wagon version of the 9-3, offering increased utility based on the 9-3X model platform, primarily intended for fleet buyers.'
)

insert into public.vehicle_insights (
  model_id,
  pros,
  cons,
  inspection_tips,
  notable_features,
  engine_examples,
  common_issues_by_engine,
  reliability_score,
  popularity_score
)
values (
  'bd48bb12-d99e-7843-9786-f1e79427d589',
  '["Универсальность кузова","Комфорт при длительных поездках"]'::jsonb,
  '["Высокая начальная стоимость","Ограниченная доступность на вторичном рынке СНГ и ЕС"]'::jsonb,
  '["Проверка состояния задней подвески, более нагруженной, чем у седана"]'::jsonb,
  '["Increased cargo volume","Crossover-like styling cues"]'::jsonb,
  '["Electric Motor 130 kW"]'::jsonb,
  '[]'::jsonb,
  null,
  null
)

insert into public.vehicle_models (
  id,
  make_id,
  slug,
  name_en,
  first_model_year,
  last_model_year,
  years_available,
  body_types_available,
  fuel_types_available,
  transmission_available,
  reliability_score,
  popularity_score
)
values (
  '5c69f4d2-45b5-83ab-1df9-c757e5c23244',
  '141f4b88-664d-dd8c-698d-c8cb3da36d64',
  'nevs-pons-concept',
  'PONS',
  2020,
  2020,
  '{"2020"}'::int[],
  '["Concept"]'::jsonb,
  '["Electric"]'::jsonb,
  '["Automatic"]'::jsonb,
  9,
  10
)

insert into public.vehicle_insights (
  model_id,
  pros,
  cons,
  inspection_tips,
  notable_features,
  engine_examples,
  common_issues_by_engine,
  reliability_score,
  popularity_score
)
values (
  '5c69f4d2-45b5-83ab-1df9-c757e5c23244',
  '["Инновационный дизайн","Представляет будущее видение мобильности NEVS"]'::jsonb,
  '["Недоступен для покупки"]'::jsonb,
  '[]'::jsonb,
  '["Autonomous driving capability (Level 4)","Shared mobility platform design","Modular interior"]'::jsonb,
  '[]'::jsonb,
  '[]'::jsonb,
  null,
  null
)

insert into public.vehicle_makes (id, slug, name_en, country, segment_class, is_active, category_path)
values (
  '1e7f4bf8-068e-1c53-3fc3-34eaff3d91aa',
  'nio',
  'NIO',
  'China',
  'Premium Electric',
  true,
  'Cars/Electric Vehicles'
)

insert into public.vehicle_models (
  id,
  make_id,
  slug,
  name_en,
  first_model_year,
  last_model_year,
  years_available,
  body_types_available,
  fuel_types_available,
  transmission_available,
  reliability_score,
  popularity_score
)
values (
  'bc6b256f-1320-40b0-b588-0eb3403a2b5f',
  '1e7f4bf8-068e-1c53-3fc3-34eaff3d91aa',
  'es8',
  'ES8',
  2018,
  2024,
  '{"2018","2019","2020","2021","2022","2023","2024"}'::int[],
  '["SUV"]'::jsonb,
  '["Electric"]'::jsonb,
  '["Automatic (Single Speed)"]'::jsonb,
  7.5,
  7.8
)

insert into public.vehicle_generations (
  id,
  model_id,
  code,
  start_year,
  end_year,
  facelift,
  production_countries,
  body_types,
  fuel_types,
  transmission_types,
  summary
)
values (
  '80df2ac4-2e96-8b68-c432-ed2c3ba9faac',
  'bc6b256f-1320-40b0-b588-0eb3403a2b5f',
  'NT1.0',
  2018,
  2022,
  false,
  '{"China"}'::text[],
  null,
  null,
  null,
  'First generation flagship electric SUV.'
)

insert into public.vehicle_generations (
  id,
  model_id,
  code,
  start_year,
  end_year,
  facelift,
  production_countries,
  body_types,
  fuel_types,
  transmission_types,
  summary
)
values (
  '3560f9f3-a4ce-0014-d44e-33e83296c7f5',
  'bc6b256f-1320-40b0-b588-0eb3403a2b5f',
  'NT2.0',
  2022,
  2024,
  false,
  '{"China"}'::text[],
  null,
  null,
  null,
  'Second generation ES8 built on the advanced NT 2.0 platform.'
)

insert into public.vehicle_insights (
  model_id,
  pros,
  cons,
  inspection_tips,
  notable_features,
  engine_examples,
  common_issues_by_engine,
  reliability_score,
  popularity_score
)
values (
  'bc6b256f-1320-40b0-b588-0eb3403a2b5f',
  '["Высокая производительность","Отличные технологии и функции автопилота","Просторный салон и комфорт"]'::jsonb,
  '["Высокая цена","Ограниченная сеть станций Power Swap вне Китая","Быстрая потеря заряда на высоких скоростях"]'::jsonb,
  '["Проверить состояние пневмоподвески","Диагностика системы управления батареей (BMS)","Осмотреть кронштейны крепления батареи после снегопадов"]'::jsonb,
  '["Battery Swap technology","NOMI AI System","Air Suspension"]'::jsonb,
  '["Dual Motor AWD (480 kW)","Dual Motor AWD (400 kW)"]'::jsonb,
  '[{"engine_code":"Dual Motor 480kW","common_issues_ru":["Мелкие сбои программного обеспечения NOMI","Шум от передней оси на ранних моделях"]}]'::jsonb,
  null,
  null
)

insert into public.vehicle_models (
  id,
  make_id,
  slug,
  name_en,
  first_model_year,
  last_model_year,
  years_available,
  body_types_available,
  fuel_types_available,
  transmission_available,
  reliability_score,
  popularity_score
)
values (
  '237e1a19-20cb-1bbe-c8f5-75c00015cbe2',
  '1e7f4bf8-068e-1c53-3fc3-34eaff3d91aa',
  'et5',
  'ET5',
  2022,
  2024,
  '{"2022","2023","2024"}'::int[],
  '["Sedan","Wagon (Touring)"]'::jsonb,
  '["Electric"]'::jsonb,
  '["Automatic (Single Speed)"]'::jsonb,
  8,
  8.5
)

insert into public.vehicle_generations (
  id,
  model_id,
  code,
  start_year,
  end_year,
  facelift,
  production_countries,
  body_types,
  fuel_types,
  transmission_types,
  summary
)
values (
  '9ba0519e-ea5d-45da-53ad-ae43ef22d009',
  '237e1a19-20cb-1bbe-c8f5-75c00015cbe2',
  'NT2.0',
  2022,
  2024,
  false,
  '{"China"}'::text[],
  null,
  null,
  null,
  'Mid-size sports sedan/wagon positioned for global volume markets.'
)

insert into public.vehicle_insights (
  model_id,
  pros,
  cons,
  inspection_tips,
  notable_features,
  engine_examples,
  common_issues_by_engine,
  reliability_score,
  popularity_score
)
values (
  '237e1a19-20cb-1bbe-c8f5-75c00015cbe2',
  '["Спортивная управляемость","Премиальный интерьер","Широкий выбор опций батареи"]'::jsonb,
  '["Ограниченное пространство над головой сзади","Сложный интерфейс infotainment","Высокие расходы на КАСКО"]'::jsonb,
  '["Проверить калибровку датчиков автопилота (радары на крыше)","Осмотреть стыки кузовных панелей (качество сборки)","Проверить износ шин (быстрый износ из-за веса)"]'::jsonb,
  '["PanoCinema Digital Cockpit","Aquila Super Sensing system"]'::jsonb,
  '["Dual Motor AWD (360 kW)"]'::jsonb,
  '[{"engine_code":"Dual Motor 360kW","common_issues_ru":["Проблемы с зарядкой в холодную погоду","Периодические ошибки системы бесключевого доступа"]}]'::jsonb,
  null,
  null
)

insert into public.vehicle_models (
  id,
  make_id,
  slug,
  name_en,
  first_model_year,
  last_model_year,
  years_available,
  body_types_available,
  fuel_types_available,
  transmission_available,
  reliability_score,
  popularity_score
)
values (
  '8df06d8d-1160-cf78-b65e-9fc0b8555f35',
  '1e7f4bf8-068e-1c53-3fc3-34eaff3d91aa',
  'et7',
  'ET7',
  2022,
  2024,
  '{"2022","2023","2024"}'::int[],
  '["Sedan"]'::jsonb,
  '["Electric"]'::jsonb,
  '["Automatic (Single Speed)"]'::jsonb,
  7.7,
  7.5
)

insert into public.vehicle_generations (
  id,
  model_id,
  code,
  start_year,
  end_year,
  facelift,
  production_countries,
  body_types,
  fuel_types,
  transmission_types,
  summary
)
values (
  'c2f5b029-a1ab-97e7-3d10-6129c75f9ed2',
  '8df06d8d-1160-cf78-b65e-9fc0b8555f35',
  'NT2.0',
  2022,
  2024,
  false,
  '{"China"}'::text[],
  null,
  null,
  null,
  'NIO''s large executive sedan, featuring advanced autonomous driving capabilities.'
)

insert into public.vehicle_insights (
  model_id,
  pros,
  cons,
  inspection_tips,
  notable_features,
  engine_examples,
  common_issues_by_engine,
  reliability_score,
  popularity_score
)
values (
  '8df06d8d-1160-cf78-b65e-9fc0b8555f35',
  '["Роскошный и тихий интерьер","Длительный запас хода (с 100/150 kWh батареей)","Инновационные технологии безопасности"]'::jsonb,
  '["Высокий коэффициент деградации батареи при частых Power Swap","Жесткость подвески на плохих дорогах","Дорогое обслуживание вне официальных дилеров"]'::jsonb,
  '["Проверить состояние дверных доводчиков (часто выходят из строя)","Удостовериться в работе всех функций массажа/вентиляции сидений","Проверить отсутствие коррозии на днище (учитывая эксплуатацию в СНГ)"]'::jsonb,
  '["1,000 km range option (CLTC)","Electrically adjustable seat belts"]'::jsonb,
  '["Dual Motor AWD (480 kW)"]'::jsonb,
  '[{"engine_code":"Dual Motor 480kW","common_issues_ru":["Нестабильная работа мультимедиа при использовании сторонних приложений","Проблемы с датчиками парковки после мойки"]}]'::jsonb,
  null,
  null
)

insert into public.vehicle_makes (id, slug, name_en, country, segment_class, is_active, category_path)
values (
  'ed71f94c-4fcb-189c-fc80-8f9f7bef14f5',
  'nsu',
  'NSU',
  'Germany',
  'Historical/Small Cars',
  false,
  'Historical Passenger Vehicles'
)

insert into public.vehicle_models (
  id,
  make_id,
  slug,
  name_en,
  first_model_year,
  last_model_year,
  years_available,
  body_types_available,
  fuel_types_available,
  transmission_available,
  reliability_score,
  popularity_score
)
values (
  '1f7fc550-e109-e6d5-37cc-438cf82929e9',
  'ed71f94c-4fcb-189c-fc80-8f9f7bef14f5',
  'prinz-4',
  'Prinz 4',
  1961,
  1973,
  '{"1961","1962","1963","1964","1965","1966","1967","1968","1969","1970","1971","1972","1973"}'::int[],
  '["Sedan"]'::jsonb,
  '["Gasoline"]'::jsonb,
  '["Manual"]'::jsonb,
  6.5,
  7
)

insert into public.vehicle_generations (
  id,
  model_id,
  code,
  start_year,
  end_year,
  facelift,
  production_countries,
  body_types,
  fuel_types,
  transmission_types,
  summary
)
values (
  '9dc783fb-2ebb-9ae2-d422-fc3125202a09',
  '1f7fc550-e109-e6d5-37cc-438cf82929e9',
  'Typ 47',
  1961,
  1973,
  false,
  '{"West Germany"}'::text[],
  null,
  null,
  null,
  'A small rear-engined economy car known for its reliable air-cooled two-cylinder engine and somewhat futuristic (for its time) boxy styling reminiscent of the Chevrolet Corvair.'
)

insert into public.vehicle_insights (
  model_id,
  pros,
  cons,
  inspection_tips,
  notable_features,
  engine_examples,
  common_issues_by_engine,
  reliability_score,
  popularity_score
)
values (
  '1f7fc550-e109-e6d5-37cc-438cf82929e9',
  '["Economical","Simple rear-engine design","Easy to repair","Good visibility"]'::jsonb,
  '["Poor rust resistance","Limited performance","Handling characteristics typical of rear-engined cars"]'::jsonb,
  '["Check the floor pans and sills for severe rust.","Inspect the condition of the rubber seals, especially around the engine bay.","Listen for excessive noise from the air-cooling fan."]'::jsonb,
  '["Air-cooled two-cylinder engine","Rear-engine layout","Compact size"]'::jsonb,
  '["0.6L I2 (30 hp)"]'::jsonb,
  '[{"engine_code":"0.6L I2","common_issues_ru":["Износ цепи привода ГРМ","Перегрев при длительной езде в жаркую погоду","Проблемы с карбюратором"]}]'::jsonb,
  null,
  null
)

insert into public.vehicle_models (
  id,
  make_id,
  slug,
  name_en,
  first_model_year,
  last_model_year,
  years_available,
  body_types_available,
  fuel_types_available,
  transmission_available,
  reliability_score,
  popularity_score
)
values (
  'ca45db56-66a7-7af0-a056-fc5e8f3a0eb4',
  'ed71f94c-4fcb-189c-fc80-8f9f7bef14f5',
  'ro-80',
  'Ro 80',
  1967,
  1977,
  '{"1967","1968","1969","1970","1971","1972","1973","1974","1975","1976","1977"}'::int[],
  '["Sedan"]'::jsonb,
  '["Gasoline"]'::jsonb,
  '["Semi-automatic (3-speed)"]'::jsonb,
  4,
  8.5
)

insert into public.vehicle_generations (
  id,
  model_id,
  code,
  start_year,
  end_year,
  facelift,
  production_countries,
  body_types,
  fuel_types,
  transmission_types,
  summary
)
values (
  '2d3a57e8-98ef-cc3a-89e7-364d0520a525',
  'ca45db56-66a7-7af0-a056-fc5e8f3a0eb4',
  'Type 48',
  1967,
  1977,
  false,
  '{"West Germany"}'::text[],
  null,
  null,
  null,
  'A revolutionary executive sedan famous for its aerodynamic styling and, controversially, being the first large-scale production car powered by a twin-rotor Wankel engine. Initial engine reliability issues nearly bankrupted NSU.'
)

insert into public.vehicle_insights (
  model_id,
  pros,
  cons,
  inspection_tips,
  notable_features,
  engine_examples,
  common_issues_by_engine,
  reliability_score,
  popularity_score
)
values (
  'ca45db56-66a7-7af0-a056-fc5e8f3a0eb4',
  '["Innovative Wankel engine smoothness","Advanced aerodynamics","Luxurious interior","Excellent ride comfort"]'::jsonb,
  '["High fuel and oil consumption","Notorious rotor tip seal wear (early models)","Expensive specialized maintenance"]'::jsonb,
  '["Check compression carefully, as rotor seal failure is common.","Look for evidence of engine rebuilds (post-1970 engines are generally better).","Test the functionality of the vacuum-operated clutch system."]'::jsonb,
  '["Twin-rotor Wankel engine (KKM 612)","Semi-automatic transmission","Disc brakes all around"]'::jsonb,
  '["1.0L (2x497.5 cc) Twin-Rotor Wankel (115 hp)"]'::jsonb,
  '[{"engine_code":"KKM 612","common_issues_ru":["Ранний износ апексных уплотнителей ротора","Высокий расход масла и утечки","Проблемы с зажиганием и синхронизацией роторов"]}]'::jsonb,
  null,
  null
)

insert into public.vehicle_models (
  id,
  make_id,
  slug,
  name_en,
  first_model_year,
  last_model_year,
  years_available,
  body_types_available,
  fuel_types_available,
  transmission_available,
  reliability_score,
  popularity_score
)
values (
  'c860ddd6-72d3-42f7-0797-be8ce3db0628',
  'ed71f94c-4fcb-189c-fc80-8f9f7bef14f5',
  'prinz-tt-tts',
  'Prinz TT/TTS',
  1964,
  1972,
  '{"1964","1965","1966","1967","1968","1969","1970","1971","1972"}'::int[],
  '["Coupe","Sedan"]'::jsonb,
  '["Gasoline"]'::jsonb,
  '["Manual"]'::jsonb,
  7.5,
  6.8
)

insert into public.vehicle_generations (
  id,
  model_id,
  code,
  start_year,
  end_year,
  facelift,
  production_countries,
  body_types,
  fuel_types,
  transmission_types,
  summary
)
values (
  '3aaad31b-0ee4-46b3-02f0-73c5b44035e3',
  'c860ddd6-72d3-42f7-0797-be8ce3db0628',
  'Typ 67/2',
  1964,
  1972,
  false,
  '{"West Germany"}'::text[],
  null,
  null,
  null,
  'Performance versions of the Prinz line, featuring larger, powerful air-cooled four-cylinder engines and improved handling, often used in amateur racing. The TTS model was particularly potent for its size.'
)

insert into public.vehicle_insights (
  model_id,
  pros,
  cons,
  inspection_tips,
  notable_features,
  engine_examples,
  common_issues_by_engine,
  reliability_score,
  popularity_score
)
values (
  'c860ddd6-72d3-42f7-0797-be8ce3db0628',
  '["Lively performance for a small car","Excellent handling characteristics (compared to Prinz 4)","Simple and accessible mechanicals"]'::jsonb,
  '["High demand leading to high prices for TTS models","Susceptibility to rust","Engine noise"]'::jsonb,
  '["Verify authenticity, especially for TTS models.","Check suspension mounting points, often stressed due to aggressive driving.","Ensure the cooling flaps around the engine function correctly."]'::jsonb,
  '["Air-cooled four-cylinder engine","Front oil cooler (TTS)","Dual carburetor options"]'::jsonb,
  '["1.0L I4 (55 hp) TT","1.0L I4 (70 hp) TTS"]'::jsonb,
  '[{"engine_code":"1.0L I4 (TTS)","common_issues_ru":["Утечки масла из картера","Проблемы с настройкой сдвоенных карбюраторов","Перегрев при интенсивных нагрузках"]}]'::jsonb,
  null,
  null
)

insert into public.vehicle_makes (id, slug, name_en, country, segment_class, is_active, category_path)
values (
  '1e7f4bf8-068e-1c53-3fc3-34eaff3d91aa',
  'nio',
  'Nio',
  'China',
  'Luxury/Premium Electric',
  true,
  'Passenger Cars/Electric Vehicles'
)

insert into public.vehicle_models (
  id,
  make_id,
  slug,
  name_en,
  first_model_year,
  last_model_year,
  years_available,
  body_types_available,
  fuel_types_available,
  transmission_available,
  reliability_score,
  popularity_score
)
values (
  '2ea730a4-f16e-baf3-c628-c7618ae17b6e',
  '1e7f4bf8-068e-1c53-3fc3-34eaff3d91aa',
  'nio-es8',
  'ES8',
  2018,
  2024,
  '{"2018","2019","2020","2021","2022","2023","2024"}'::int[],
  '["SUV"]'::jsonb,
  '["Electric"]'::jsonb,
  '["Automatic (Single-speed reduction gear)"]'::jsonb,
  7.5,
  8.5
)

insert into public.vehicle_generations (
  id,
  model_id,
  code,
  start_year,
  end_year,
  facelift,
  production_countries,
  body_types,
  fuel_types,
  transmission_types,
  summary
)
values (
  '3c4e36ae-77cb-bc84-2891-b65b9c724f5a',
  '2ea730a4-f16e-baf3-c628-c7618ae17b6e',
  'Gen1',
  2018,
  2022,
  false,
  '{"China"}'::text[],
  null,
  null,
  null,
  'First generation ES8 based on the NT1 platform.'
)

insert into public.vehicle_generations (
  id,
  model_id,
  code,
  start_year,
  end_year,
  facelift,
  production_countries,
  body_types,
  fuel_types,
  transmission_types,
  summary
)
values (
  'c0f4d377-e1f1-be29-b18f-c4b8093ffa1c',
  '2ea730a4-f16e-baf3-c628-c7618ae17b6e',
  'Gen2',
  2022,
  0,
  false,
  '{"China"}'::text[],
  null,
  null,
  null,
  'Second generation ES8, significantly updated and moved to the NT2 platform.'
)

insert into public.vehicle_insights (
  model_id,
  pros,
  cons,
  inspection_tips,
  notable_features,
  engine_examples,
  common_issues_by_engine,
  reliability_score,
  popularity_score
)
values (
  '2ea730a4-f16e-baf3-c628-c7618ae17b6e',
  '["Отличная динамика для большого SUV","Высокий уровень комфорта и качества интерьера","Инновационный подход к владению (BaaS)"]'::jsonb,
  '["Высокая цена и страховка","Ограниченная сеть зарядных станций BaaS за пределами Китая","Сложность ремонта у неофициальных дилеров"]'::jsonb,
  '["Проверить работу системы замены батарей (BaaS)","Оценить состояние пневмоподвески, особенно на моделях до 2022 года","Проверить наличие последних обновлений ПО"]'::jsonb,
  '["Nomi AI assistant","Battery Swap System (BaaS)","Premium interior quality"]'::jsonb,
  '["400kW Dual Motor AWD"]'::jsonb,
  '[{"engine_code":"400kWDM","common_issues_ru":["Сбои программного обеспечения при обновлении","Быстрый разряд батареи в холодную погоду","Проблемы с пневмоподвеской на ранних моделях"]}]'::jsonb,
  null,
  null
)

insert into public.vehicle_models (
  id,
  make_id,
  slug,
  name_en,
  first_model_year,
  last_model_year,
  years_available,
  body_types_available,
  fuel_types_available,
  transmission_available,
  reliability_score,
  popularity_score
)
values (
  'af717a5c-8bb6-a5af-f6de-b04ebc0d79d2',
  '1e7f4bf8-068e-1c53-3fc3-34eaff3d91aa',
  'nio-et7',
  'ET7',
  2022,
  2024,
  '{"2022","2023","2024"}'::int[],
  '["Sedan"]'::jsonb,
  '["Electric"]'::jsonb,
  '["Automatic (Single-speed reduction gear)"]'::jsonb,
  8,
  9
)

insert into public.vehicle_generations (
  id,
  model_id,
  code,
  start_year,
  end_year,
  facelift,
  production_countries,
  body_types,
  fuel_types,
  transmission_types,
  summary
)
values (
  'd08d4f35-05b9-4df2-4227-1c8e054e1208',
  'af717a5c-8bb6-a5af-f6de-b04ebc0d79d2',
  'Gen1',
  2022,
  0,
  false,
  '{"China"}'::text[],
  null,
  null,
  null,
  'Flagship electric luxury sedan based on the NT2 platform, focused on smart technology and long range.'
)

insert into public.vehicle_insights (
  model_id,
  pros,
  cons,
  inspection_tips,
  notable_features,
  engine_examples,
  common_issues_by_engine,
  reliability_score,
  popularity_score
)
values (
  'af717a5c-8bb6-a5af-f6de-b04ebc0d79d2',
  '["Исключительно высокий уровень технологического оснащения","Роскошный и тихий салон","Один из самых больших запасов хода среди серийных EV"]'::jsonb,
  '["Очень большие габариты, неудобные для узких европейских улиц","Высокая стоимость обслуживания за пределами официальной сети","Спорный дизайн задней части для консервативных покупателей"]'::jsonb,
  '["Проверить работоспособность всех датчиков системы ADAS","Оценить состояние шин, так как высокий крутящий момент приводит к быстрому износу","Убедиться в корректной работе доводчиков дверей"]'::jsonb,
  '["Air Suspension standard","LiDAR sensor array","Largest battery options (up to 150 kWh)"]'::jsonb,
  '["480kW Dual Motor AWD"]'::jsonb,
  '[{"engine_code":"480kWDM","common_issues_ru":["Проблемы с калибровкой датчиков автономного вождения (LiDAR)","Мелкие сбои мультимедийной системы при высоких нагрузках","Посторонний шум от панорамной крыши на высоких скоростях"]}]'::jsonb,
  null,
  null
)

insert into public.vehicle_models (
  id,
  make_id,
  slug,
  name_en,
  first_model_year,
  last_model_year,
  years_available,
  body_types_available,
  fuel_types_available,
  transmission_available,
  reliability_score,
  popularity_score
)
values (
  '1757a40e-3773-df45-5789-a60541ed8854',
  '1e7f4bf8-068e-1c53-3fc3-34eaff3d91aa',
  'nio-el7',
  'EL7',
  2022,
  2024,
  '{"2022","2023","2024"}'::int[],
  '["SUV","Crossover"]'::jsonb,
  '["Electric"]'::jsonb,
  '["Automatic (Single-speed reduction gear)"]'::jsonb,
  7.9,
  7.8
)

insert into public.vehicle_generations (
  id,
  model_id,
  code,
  start_year,
  end_year,
  facelift,
  production_countries,
  body_types,
  fuel_types,
  transmission_types,
  summary
)
values (
  '34efdfeb-0625-6eb0-fc02-f6891e898597',
  '1757a40e-3773-df45-5789-a60541ed8854',
  'Gen1',
  2022,
  0,
  false,
  '{"China"}'::text[],
  null,
  null,
  null,
  'Mid-to-large sized coupe-SUV, known as ES7 in China and EL7 in Europe, based on the NT2 platform.'
)

insert into public.vehicle_insights (
  model_id,
  pros,
  cons,
  inspection_tips,
  notable_features,
  engine_examples,
  common_issues_by_engine,
  reliability_score,
  popularity_score
)
values (
  '1757a40e-3773-df45-5789-a60541ed8854',
  '["Стильный, современный дизайн","Высокий уровень безопасности (краш-тесты)","Компромисс между динамикой и комфортом"]'::jsonb,
  '["Ограниченное пространство для головы на заднем ряду из-за купеобразного силуэта","Высокая потеря стоимости на вторичном рынке в СНГ","Интерфейс требует привыкания"]'::jsonb,
  '["Проверить корректность работы задней двери багажника","Осмотреть кузов на предмет ранней коррозии в местах стыков (хотя это редкость)","Проверить эффективность работы климат-контроля"]'::jsonb,
  '["Coupe-SUV styling","Hitch availability (unique for Nio)","Fast acceleration"]'::jsonb,
  '["360kW Dual Motor AWD"]'::jsonb,
  '[{"engine_code":"360kWDM","common_issues_ru":["Неполадки с открыванием/закрыванием зарядного порта","Слабые места в лакокрасочном покрытии (сколы)","Треск в элементах отделки салона при низких температурах"]}]'::jsonb,
  null,
  null
)

insert into public.vehicle_makes (id, slug, name_en, country, segment_class, is_active, category_path)
values (
  '8ac84637-3c81-6d6d-7862-edea1bfeb658',
  'nissan',
  'Nissan',
  'Japan',
  'Mass Market',
  true,
  'Passenger Vehicles / SUV / Crossover'
)

insert into public.vehicle_models (
  id,
  make_id,
  slug,
  name_en,
  first_model_year,
  last_model_year,
  years_available,
  body_types_available,
  fuel_types_available,
  transmission_available,
  reliability_score,
  popularity_score
)
values (
  '8f30e546-5e75-98f6-955a-5b9aadb4e013',
  '8ac84637-3c81-6d6d-7862-edea1bfeb658',
  'qashqai',
  'Qashqai',
  2007,
  2024,
  '{"2007","2008","2009","2010","2011","2012","2013","2014","2015","2016","2017","2018","2019","2020","2021","2022","2023","2024"}'::int[],
  '["SUV","Crossover"]'::jsonb,
  '["Gasoline","Diesel","Hybrid"]'::jsonb,
  '["Manual","Automatic (CVT)","DCT"]'::jsonb,
  7.5,
  9
)

insert into public.vehicle_generations (
  id,
  model_id,
  code,
  start_year,
  end_year,
  facelift,
  production_countries,
  body_types,
  fuel_types,
  transmission_types,
  summary
)
values (
  '88cd728b-c17e-cca5-d54b-228e463e5508',
  '8f30e546-5e75-98f6-955a-5b9aadb4e013',
  'J10',
  2007,
  2013,
  false,
  '{"Japan","UK","Russia"}'::text[],
  null,
  null,
  null,
  'First generation, defining the compact crossover segment.'
)

insert into public.vehicle_generations (
  id,
  model_id,
  code,
  start_year,
  end_year,
  facelift,
  production_countries,
  body_types,
  fuel_types,
  transmission_types,
  summary
)
values (
  'cfcabd12-f580-6af9-e25a-86963d9b7855',
  '8f30e546-5e75-98f6-955a-5b9aadb4e013',
  'J11',
  2013,
  2021,
  false,
  '{"Japan","UK"}'::text[],
  null,
  null,
  null,
  'Second generation, introducing better technology and materials.'
)

insert into public.vehicle_generations (
  id,
  model_id,
  code,
  start_year,
  end_year,
  facelift,
  production_countries,
  body_types,
  fuel_types,
  transmission_types,
  summary
)
values (
  '8dfdb0ae-76e2-4c92-01c3-8acab4403fa8',
  '8f30e546-5e75-98f6-955a-5b9aadb4e013',
  'J12',
  2021,
  2024,
  false,
  '{"UK"}'::text[],
  null,
  null,
  null,
  'Third generation, heavily featuring electrification (e-Power).'
)

insert into public.vehicle_insights (
  model_id,
  pros,
  cons,
  inspection_tips,
  notable_features,
  engine_examples,
  common_issues_by_engine,
  reliability_score,
  popularity_score
)
values (
  '8f30e546-5e75-98f6-955a-5b9aadb4e013',
  '["Comfortable and soft suspension for city driving","High ground clearance","Excellent fuel economy (especially diesel/e-Power)"]'::jsonb,
  '["Reliability concerns with the CVT transmission","Weak paint quality susceptible to scratches","Cramped rear space in first generation (J10)"]'::jsonb,
  '["Check for excessive noise or jerking in the CVT during acceleration","Inspect wheel arches and tailgate for signs of rust","Verify maintenance history, especially oil changes for CVT"]'::jsonb,
  '["High safety ratings","Good urban maneuverability","Optional AWD system"]'::jsonb,
  '["1.6 HR16DE","2.0 MR20DE","1.5 K9K dCi (Diesel)"]'::jsonb,
  '[{"engine_code":"MR20DE","common_issues_ru":["Растяжение цепи ГРМ после 150-200 тыс. км","Повышенный расход масла на больших пробегах"]},{"engine_code":"HR16DE","common_issues_ru":["Ненадежный катализатор, риск попадания керамической пыли в цилиндры","Вибрации на холостом ходу"]}]'::jsonb,
  null,
  null
)

insert into public.vehicle_models (
  id,
  make_id,
  slug,
  name_en,
  first_model_year,
  last_model_year,
  years_available,
  body_types_available,
  fuel_types_available,
  transmission_available,
  reliability_score,
  popularity_score
)
values (
  'd9bfdbac-eead-27e9-6bfc-65d42a67480f',
  '8ac84637-3c81-6d6d-7862-edea1bfeb658',
  'x-trail',
  'X-Trail',
  2007,
  2024,
  '{"2007","2008","2009","2010","2011","2012","2013","2014","2015","2016","2017","2018","2019","2020","2021","2022","2023","2024"}'::int[],
  '["SUV"]'::jsonb,
  '["Gasoline","Diesel"]'::jsonb,
  '["Manual","Automatic (CVT)"]'::jsonb,
  7,
  8.5
)

insert into public.vehicle_generations (
  id,
  model_id,
  code,
  start_year,
  end_year,
  facelift,
  production_countries,
  body_types,
  fuel_types,
  transmission_types,
  summary
)
values (
  'f3546608-5851-aa9b-c491-45f529abd5f1',
  'd9bfdbac-eead-27e9-6bfc-65d42a67480f',
  'T31',
  2007,
  2014,
  false,
  '{"Japan","Russia"}'::text[],
  null,
  null,
  null,
  'Second generation, robust design, known for off-road capability.'
)

insert into public.vehicle_generations (
  id,
  model_id,
  code,
  start_year,
  end_year,
  facelift,
  production_countries,
  body_types,
  fuel_types,
  transmission_types,
  summary
)
values (
  '6a4670b0-720d-4aa6-e86b-acd433aab296',
  'd9bfdbac-eead-27e9-6bfc-65d42a67480f',
  'T32',
  2013,
  2021,
  true,
  '{"Japan","Russia"}'::text[],
  null,
  null,
  null,
  'Third generation, switched to a more crossover-like, aerodynamic design.'
)

insert into public.vehicle_generations (
  id,
  model_id,
  code,
  start_year,
  end_year,
  facelift,
  production_countries,
  body_types,
  fuel_types,
  transmission_types,
  summary
)
values (
  '93c1dc8e-ec64-df9c-78ef-39d2b790ea0a',
  'd9bfdbac-eead-27e9-6bfc-65d42a67480f',
  'T33',
  2021,
  2024,
  false,
  '{"Japan"}'::text[],
  null,
  null,
  null,
  'Fourth generation, featuring e-Power technology.'
)

insert into public.vehicle_insights (
  model_id,
  pros,
  cons,
  inspection_tips,
  notable_features,
  engine_examples,
  common_issues_by_engine,
  reliability_score,
  popularity_score
)
values (
  'd9bfdbac-eead-27e9-6bfc-65d42a67480f',
  '["Spacious and comfortable interior","Robust and reliable chassis (T31)","Good off-road capability for its class"]'::jsonb,
  '["High fuel consumption for 2.5L engine","Relatively weak noise insulation","CVT durability issues, especially under heavy loads"]'::jsonb,
  '["Thoroughly inspect the CVT for proper operation (no delays or vibrations)","Check the underbody for corrosion, particularly around the rear subframe","Verify the operation of the AWD lock mechanism"]'::jsonb,
  '["Large, practical cargo area","Optional 7-seat configuration (T32/T33)","Capable AWD system"]'::jsonb,
  '["2.0 MR20DD","2.5 QR25DE","2.0 M9R dCi (Diesel)"]'::jsonb,
  '[{"engine_code":"QR25DE","common_issues_ru":["Склонность к повышенному расходу масла","Необходимость контроля за состоянием цепи ГРМ"]},{"engine_code":"M9R (Diesel)","common_issues_ru":["Проблемы с сажевым фильтром (DPF)","Чувствительность топливной аппаратуры к качеству ДТ"]}]'::jsonb,
  null,
  null
)

insert into public.vehicle_models (
  id,
  make_id,
  slug,
  name_en,
  first_model_year,
  last_model_year,
  years_available,
  body_types_available,
  fuel_types_available,
  transmission_available,
  reliability_score,
  popularity_score
)
values (
  '2d0c8dab-a50c-f2ea-06fd-4a24771fc6a2',
  '8ac84637-3c81-6d6d-7862-edea1bfeb658',
  'juke',
  'Juke',
  2010,
  2024,
  '{"2010","2011","2012","2013","2014","2015","2016","2017","2018","2019","2020","2021","2022","2023","2024"}'::int[],
  '["Crossover"]'::jsonb,
  '["Gasoline","Diesel"]'::jsonb,
  '["Manual","Automatic (CVT)"]'::jsonb,
  8,
  7.5
)

insert into public.vehicle_generations (
  id,
  model_id,
  code,
  start_year,
  end_year,
  facelift,
  production_countries,
  body_types,
  fuel_types,
  transmission_types,
  summary
)
values (
  'caa96302-b898-0451-eaae-9c7cf0d90a6c',
  '2d0c8dab-a50c-f2ea-06fd-4a24771fc6a2',
  'F15',
  2010,
  2019,
  false,
  '{"Japan","UK"}'::text[],
  null,
  null,
  null,
  'First generation, distinctive styling and compact dimensions.'
)

insert into public.vehicle_generations (
  id,
  model_id,
  code,
  start_year,
  end_year,
  facelift,
  production_countries,
  body_types,
  fuel_types,
  transmission_types,
  summary
)
values (
  '60c002b7-e784-8ff4-a33c-cccc9ab87ebf',
  '2d0c8dab-a50c-f2ea-06fd-4a24771fc6a2',
  'F16',
  2019,
  2024,
  false,
  '{"UK"}'::text[],
  null,
  null,
  null,
  'Second generation, modernized design and improved technology.'
)

insert into public.vehicle_insights (
  model_id,
  pros,
  cons,
  inspection_tips,
  notable_features,
  engine_examples,
  common_issues_by_engine,
  reliability_score,
  popularity_score
)
values (
  '2d0c8dab-a50c-f2ea-06fd-4a24771fc6a2',
  '["Excellent maneuverability and easy parking in urban environments","Low operating costs for naturally aspirated versions","High reliability score for the basic 1.6L engine"]'::jsonb,
  '["Very small boot space and limited rear visibility","Firm suspension setup can feel jarring on rough roads","CVT issues common, especially with the turbo engine"]'::jsonb,
  '["Check the CVT fluid color and look for signs of overheating or metallic noise","Inspect the turbocharger on 1.6T models for oil leaks","Check suspension bushings for premature wear"]'::jsonb,
  '["Unique, polarizing exterior design","Good handling for a compact crossover","Economical base engine"]'::jsonb,
  '["1.6 HR16DE","1.6 MR16DDT (Turbo)","1.5 K9K dCi (Diesel)"]'::jsonb,
  '[{"engine_code":"MR16DDT (Turbo)","common_issues_ru":["Склонность к закоксовыванию клапанов","Высокий расход масла при динамичной езде"]},{"engine_code":"K9K (Diesel)","common_issues_ru":["Выход из строя шатунных вкладышей при несвоевременной замене масла","Проблемы с системой EGR"]}]'::jsonb,
  null,
  null
)

insert into public.vehicle_makes (id, slug, name_en, country, segment_class, is_active, category_path)
values (
  'd5c3dfab-2699-b9cc-832c-afcf243dda22',
  'noble',
  'Noble',
  'UK',
  'Supercar',
  true,
  'High Performance Sports Cars'
)

insert into public.vehicle_models (
  id,
  make_id,
  slug,
  name_en,
  first_model_year,
  last_model_year,
  years_available,
  body_types_available,
  fuel_types_available,
  transmission_available,
  reliability_score,
  popularity_score
)
values (
  'd36069c6-9769-3112-5edd-1c29557b0d1b',
  'd5c3dfab-2699-b9cc-832c-afcf243dda22',
  'noble-m12',
  'M12',
  2000,
  2008,
  '{"2000","2001","2002","2003","2004","2005","2006","2007","2008"}'::int[],
  '["Coupe"]'::jsonb,
  '["Gasoline"]'::jsonb,
  '["Manual"]'::jsonb,
  6.5,
  5
)

insert into public.vehicle_generations (
  id,
  model_id,
  code,
  start_year,
  end_year,
  facelift,
  production_countries,
  body_types,
  fuel_types,
  transmission_types,
  summary
)
values (
  'eced055d-8404-e5d6-2558-f5340b7b8a58',
  'd36069c6-9769-3112-5edd-1c29557b0d1b',
  'M12 GTO/GTO-3R',
  2000,
  2008,
  false,
  '{"UK","South Africa"}'::text[],
  null,
  null,
  null,
  'Original lightweight mid-engined sports car based on a highly developed Ford Duratec V6 engine, offering exceptional handling.'
)

insert into public.vehicle_insights (
  model_id,
  pros,
  cons,
  inspection_tips,
  notable_features,
  engine_examples,
  common_issues_by_engine,
  reliability_score,
  popularity_score
)
values (
  'd36069c6-9769-3112-5edd-1c29557b0d1b',
  '["Фантастическая управляемость и сцепление","Очень легкий вес","Высокая производительность за свою цену"]'::jsonb,
  '["Жесткая подвеска для ежедневного использования","Сложность обслуживания из-за компоновки","Отсутствие дилерской сети"]'::jsonb,
  '["Проверить состояние турбин и системы охлаждения","Осмотреть раму на предмет повреждений (трековые авто)","Тщательно проверить состояние подвески и сайлентблоков"]'::jsonb,
  '["Mid-engine layout","Fiberglass body","Tube frame chassis","Twin-turbocharged V6"]'::jsonb,
  '["Ford Duratec 3.0L V6 Twin Turbo"]'::jsonb,
  '[{"engine_code":"Duratec 3.0 TT","common_issues_ru":["Утечки масла из турбин","Проблемы с датчиками положения дроссельной заслонки","Выход из строя катушек зажигания"]}]'::jsonb,
  null,
  null
)

insert into public.vehicle_models (
  id,
  make_id,
  slug,
  name_en,
  first_model_year,
  last_model_year,
  years_available,
  body_types_available,
  fuel_types_available,
  transmission_available,
  reliability_score,
  popularity_score
)
values (
  '47cafd0f-540d-7c9d-9c57-a06daf2af2de',
  'd5c3dfab-2699-b9cc-832c-afcf243dda22',
  'noble-m400',
  'M400',
  2004,
  2007,
  '{"2004","2005","2006","2007"}'::int[],
  '["Coupe"]'::jsonb,
  '["Gasoline"]'::jsonb,
  '["Manual"]'::jsonb,
  6,
  5.5
)

insert into public.vehicle_generations (
  id,
  model_id,
  code,
  start_year,
  end_year,
  facelift,
  production_countries,
  body_types,
  fuel_types,
  transmission_types,
  summary
)
values (
  'd6fbc602-36da-9f7c-df84-ac08983ae37d',
  '47cafd0f-540d-7c9d-9c57-a06daf2af2de',
  'M400',
  2004,
  2007,
  false,
  '{"UK"}'::text[],
  null,
  null,
  null,
  'Track-focused evolution of the M12, featuring a more powerful engine (425 hp) and revised suspension setup for superior circuit performance.'
)

insert into public.vehicle_insights (
  model_id,
  pros,
  cons,
  inspection_tips,
  notable_features,
  engine_examples,
  common_issues_by_engine,
  reliability_score,
  popularity_score
)
values (
  '47cafd0f-540d-7c9d-9c57-a06daf2af2de',
  '["Феноменальная динамика и мощность","Идеален для трека","Эксклюзивность"]'::jsonb,
  '["Крайне ограниченное количество","Очень высокая стоимость обслуживания","Не пригоден для дорог общего пользования"]'::jsonb,
  '["Проверить состояние сцепления и коробки передач (подвержены износу)","Осмотреть интеркулеры и систему впуска","Требуется проверка истории трекового использования"]'::jsonb,
  '["Increased power output (425 bhp)","Revised limited-slip differential","Track-oriented suspension"]'::jsonb,
  '["Ford Duratec 3.0L V6 Twin Turbo (425 hp)"]'::jsonb,
  '[{"engine_code":"Duratec 3.0 TT High Output","common_issues_ru":["Перегрев при агрессивном использовании","Быстрый износ тормозных дисков и колодок","Проблемы с давлением наддува"]}]'::jsonb,
  null,
  null
)

insert into public.vehicle_models (
  id,
  make_id,
  slug,
  name_en,
  first_model_year,
  last_model_year,
  years_available,
  body_types_available,
  fuel_types_available,
  transmission_available,
  reliability_score,
  popularity_score
)
values (
  '692915ea-b5b8-b96c-fb2c-23fdc700b25c',
  'd5c3dfab-2699-b9cc-832c-afcf243dda22',
  'noble-m600',
  'M600',
  2010,
  2018,
  '{"2010","2011","2012","2013","2014","2015","2016","2017","2018"}'::int[],
  '["Coupe","Speedster"]'::jsonb,
  '["Gasoline"]'::jsonb,
  '["Manual"]'::jsonb,
  7,
  4
)

insert into public.vehicle_generations (
  id,
  model_id,
  code,
  start_year,
  end_year,
  facelift,
  production_countries,
  body_types,
  fuel_types,
  transmission_types,
  summary
)
values (
  '121fd8b7-533a-2f32-470a-5aadfa46cd1d',
  '692915ea-b5b8-b96c-fb2c-23fdc700b25c',
  'M600',
  2010,
  2018,
  false,
  '{"UK"}'::text[],
  null,
  null,
  null,
  'Flagship supercar utilizing a Yamaha/Volvo twin-turbo V8 engine, known for its raw, unfiltered driving experience and highly analogue feel.'
)

insert into public.vehicle_insights (
  model_id,
  pros,
  cons,
  inspection_tips,
  notable_features,
  engine_examples,
  common_issues_by_engine,
  reliability_score,
  popularity_score
)
values (
  '692915ea-b5b8-b96c-fb2c-23fdc700b25c',
  '["Огромная мощность и скорость","Уникальное аналоговое ощущение вождения","Карбоновый кузов"]'::jsonb,
  '["Чрезвычайно высокая цена и эксклюзивность","Сложность в поиске запчастей","Отсутствие электронных помощников"]'::jsonb,
  '["Проверить работу регулируемой системы наддува","Осмотреть карбоновые элементы кузова на предмет повреждений","Проверить состояние масла и турбин V8"]'::jsonb,
  '["Volvo derived V8 engine","Carbon fiber bodywork","Manual gearbox only","Traction control override switch"]'::jsonb,
  '["Volvo B8444S 4.4L V8 Twin Turbo"]'::jsonb,
  '[{"engine_code":"B8444S TT","common_issues_ru":["Проблемы с системой смазки при высоких нагрузках","Сложности с настройкой топливной системы","Износ сальников коленвала (типично для базового Volvo V8)"]}]'::jsonb,
  null,
  null
)

insert into public.vehicle_makes (id, slug, name_en, country, segment_class, is_active, category_path)
values (
  'bfc6e023-0fee-6ccc-2dca-f90c4c9d1bec',
  'oldsmobile',
  'Oldsmobile',
  'USA',
  'Personal Luxury / Executive',
  false,
  'Passenger Cars'
)

insert into public.vehicle_models (
  id,
  make_id,
  slug,
  name_en,
  first_model_year,
  last_model_year,
  years_available,
  body_types_available,
  fuel_types_available,
  transmission_available,
  reliability_score,
  popularity_score
)
values (
  'ec622093-0cd6-7d37-d408-d62a5b5e46ce',
  'bfc6e023-0fee-6ccc-2dca-f90c4c9d1bec',
  'cutlass',
  'Cutlass',
  1961,
  1999,
  '{"1988","1989","1990","1991","1992","1993","1994","1995","1996","1997","1998","1999"}'::int[],
  '["Sedan","Coupe","Wagon"]'::jsonb,
  '["Gasoline"]'::jsonb,
  '["Automatic"]'::jsonb,
  6.8,
  7.5
)

insert into public.vehicle_generations (
  id,
  model_id,
  code,
  start_year,
  end_year,
  facelift,
  production_countries,
  body_types,
  fuel_types,
  transmission_types,
  summary
)
values (
  '27c8a933-a4a9-c5af-2868-1d2f83a1db30',
  'ec622093-0cd6-7d37-d408-d62a5b5e46ce',
  'G-Body',
  1978,
  1988,
  false,
  '{"USA"}'::text[],
  null,
  null,
  null,
  'Mid-size RWD model, iconic of the 80s American car scene.'
)

insert into public.vehicle_generations (
  id,
  model_id,
  code,
  start_year,
  end_year,
  facelift,
  production_countries,
  body_types,
  fuel_types,
  transmission_types,
  summary
)
values (
  '89f2ca1c-d560-77a4-3ad2-6de93baa6351',
  'ec622093-0cd6-7d37-d408-d62a5b5e46ce',
  'W-Body',
  1988,
  1997,
  false,
  '{"USA"}'::text[],
  null,
  null,
  null,
  'Switched to FWD platform, popular mid-90s sedan and coupe.'
)

insert into public.vehicle_insights (
  model_id,
  pros,
  cons,
  inspection_tips,
  notable_features,
  engine_examples,
  common_issues_by_engine,
  reliability_score,
  popularity_score
)
values (
  'ec622093-0cd6-7d37-d408-d62a5b5e46ce',
  '["Плавный ход и комфорт","Надежные двигатели V6 GM","Доступные запчасти","Просторный салон"]'::jsonb,
  '["Мягкая подвеска и валкое управление","Высокая склонность к коррозии (особенно старые модели)","Устаревшая эргономика салона","Высокий расход топлива"]'::jsonb,
  '["Проверьте автоматическую трансмиссию на предмет жестких переключений (4T60-E).","Осмотрите задние крепления моста и компоненты подвески на износ.","Ищите утечки вакуума, вызывающие нестабильный холостой ход.","Проверьте состояние электрики, особенно работу стеклоподъемников."]'::jsonb,
  '["Comfortable, spacious interior","Powerful V8 option (in older models)","Durable GM platforms"]'::jsonb,
  '["3.1L V6 (L82)","3.4L V6 (LGO)","5.0L V8 (LG8)"]'::jsonb,
  '[{"engine_code":"3.1L V6 (L82)","common_issues_ru":["Проблемы с прокладкой головки блока цилиндров (ГБЦ)","Утечки масла через переднюю крышку двигателя","Выход из строя датчиков положения коленвала"]}]'::jsonb,
  null,
  null
)

insert into public.vehicle_models (
  id,
  make_id,
  slug,
  name_en,
  first_model_year,
  last_model_year,
  years_available,
  body_types_available,
  fuel_types_available,
  transmission_available,
  reliability_score,
  popularity_score
)
values (
  'aeabbd63-ca91-8979-3b7a-c91431b9dcc2',
  'bfc6e023-0fee-6ccc-2dca-f90c4c9d1bec',
  'aurora',
  'Aurora',
  1995,
  2003,
  '{"1995","1996","1997","1998","1999","2000","2001","2002","2003"}'::int[],
  '["Sedan"]'::jsonb,
  '["Gasoline"]'::jsonb,
  '["Automatic"]'::jsonb,
  5.5,
  6
)

insert into public.vehicle_generations (
  id,
  model_id,
  code,
  start_year,
  end_year,
  facelift,
  production_countries,
  body_types,
  fuel_types,
  transmission_types,
  summary
)
values (
  'fcc23ac8-3c87-d7a7-06de-a1f7ae429e90',
  'aeabbd63-ca91-8979-3b7a-c91431b9dcc2',
  'G-Body',
  1995,
  1999,
  false,
  '{"USA"}'::text[],
  null,
  null,
  null,
  'Flagship luxury sedan, introduced the highly complex Northstar V8 derivative (L47).'
)

insert into public.vehicle_generations (
  id,
  model_id,
  code,
  start_year,
  end_year,
  facelift,
  production_countries,
  body_types,
  fuel_types,
  transmission_types,
  summary
)
values (
  'fcc23ac8-3c87-d7a7-06de-a1f7ae429e90',
  'aeabbd63-ca91-8979-3b7a-c91431b9dcc2',
  'G-Body',
  2000,
  2003,
  false,
  '{"USA"}'::text[],
  null,
  null,
  null,
  'Updated design, offered both V8 and a standard V6 option.'
)

insert into public.vehicle_insights (
  model_id,
  pros,
  cons,
  inspection_tips,
  notable_features,
  engine_examples,
  common_issues_by_engine,
  reliability_score,
  popularity_score
)
values (
  'aeabbd63-ca91-8979-3b7a-c91431b9dcc2',
  '["Мощный двигатель V8","Роскошная и тихая езда","Выразительный дизайн","Высокий уровень стандартного оборудования"]'::jsonb,
  '["Сложное и дорогое обслуживание (особенно V8 Northstar)","Низкая надежность автоматической коробки передач (4T80-E)","Высокая потеря стоимости","Трудный доступ к двигателю"]'::jsonb,
  '["Проверьте наличие утечек охлаждающей жидкости — признак отказа прокладки ГБЦ.","Убедитесь, что система климат-контроля работает корректно.","Проверьте, чтобы трансмиссия переключалась плавно, особенно 1-2 передачи.","Проверьте состояние передней подвески и люфт в рулевом управлении."]'::jsonb,
  '["Unique styling (no visible grille)","High safety ratings for its era","Top-tier luxury features for Oldsmobile"]'::jsonb,
  '["4.0L V8 (L47)","3.5L V6 (LX5)"]'::jsonb,
  '[{"engine_code":"4.0L V8 (L47)","common_issues_ru":["Отказ прокладок ГБЦ и необходимость установки резьбовых вставок","Проблемы с системой охлаждения и перегревом","Течи масла из-под крышек клапанов"]}]'::jsonb,
  null,
  null
)

insert into public.vehicle_models (
  id,
  make_id,
  slug,
  name_en,
  first_model_year,
  last_model_year,
  years_available,
  body_types_available,
  fuel_types_available,
  transmission_available,
  reliability_score,
  popularity_score
)
values (
  'd9cc6703-de4b-b5b9-8d6a-1167a315150e',
  'bfc6e023-0fee-6ccc-2dca-f90c4c9d1bec',
  'alero',
  'Alero',
  1999,
  2004,
  '{"1999","2000","2001","2002","2003","2004"}'::int[],
  '["Sedan","Coupe"]'::jsonb,
  '["Gasoline"]'::jsonb,
  '["Automatic","Manual"]'::jsonb,
  7,
  7.2
)

insert into public.vehicle_generations (
  id,
  model_id,
  code,
  start_year,
  end_year,
  facelift,
  production_countries,
  body_types,
  fuel_types,
  transmission_types,
  summary
)
values (
  '702d9b07-4562-182b-558f-7fa58d4fa375',
  'd9cc6703-de4b-b5b9-8d6a-1167a315150e',
  'N-Body',
  1999,
  2004,
  false,
  '{"USA"}'::text[],
  null,
  null,
  null,
  'Compact sedan/coupe, shared platform with Pontiac Grand Am. One of the last Oldsmobile models produced.'
)

insert into public.vehicle_insights (
  model_id,
  pros,
  cons,
  inspection_tips,
  notable_features,
  engine_examples,
  common_issues_by_engine,
  reliability_score,
  popularity_score
)
values (
  'd9cc6703-de4b-b5b9-8d6a-1167a315150e',
  '["Простота обслуживания (двигатели Ecotec/3400 V6)","Удовлетворительная управляемость для своего класса","Надежные тормоза","Хорошее соотношение цены и качества на вторичном рынке"]'::jsonb,
  '["Дешевый пластик в салоне","Сильная склонность к коррозии (колесные арки, пороги)","Чувствительность к проблемам с электрикой (блок BCM)","Слабая остаточная стоимость"]'::jsonb,
  '["Проверьте на наличие ржавчины, особенно под дверями.","Прислушайтесь к шуму цепи ГРМ (на моделях Ecotec).","Проверьте работоспособность замка зажигания, который часто выходит из строя.","Осмотрите радиатор и шланги на предмет утечек антифриза."]'::jsonb,
  '["Sporty appearance packages","Available V6 power","Decent safety features (ABS standard)"]'::jsonb,
  '["2.4L I4 Twin Cam (LD9)","2.2L I4 Ecotec (L61)","3.4L V6 (LA1)"]'::jsonb,
  '[{"engine_code":"3.4L V6 (LA1)","common_issues_ru":["Утечки масла из-под впускного коллектора","Выход из строя прокладок ГБЦ","Проблемы с датчиком давления масла"]}]'::jsonb,
  null,
  null
)

insert into public.vehicle_makes (id, slug, name_en, country, segment_class, is_active, category_path)
values (
  '5902364a-9717-ed37-1188-85a599b037b2',
  'omoda',
  'Omoda',
  'China',
  'Compact/Mid-size',
  true,
  'Passenger Vehicles/SUV-Crossover'
)

insert into public.vehicle_models (
  id,
  make_id,
  slug,
  name_en,
  first_model_year,
  last_model_year,
  years_available,
  body_types_available,
  fuel_types_available,
  transmission_available,
  reliability_score,
  popularity_score
)
values (
  'a44184e4-9835-a24a-f554-b25f47493fcc',
  '5902364a-9717-ed37-1188-85a599b037b2',
  'omoda-c5',
  'C5',
  2022,
  2024,
  '{"2022","2023","2024"}'::int[],
  '["SUV","Crossover"]'::jsonb,
  '["Gasoline"]'::jsonb,
  '["CVT","DCT"]'::jsonb,
  6.5,
  9
)

insert into public.vehicle_generations (
  id,
  model_id,
  code,
  start_year,
  end_year,
  facelift,
  production_countries,
  body_types,
  fuel_types,
  transmission_types,
  summary
)
values (
  '901ee2ca-edb6-ed64-30fd-6daab89af77e',
  'a44184e4-9835-a24a-f554-b25f47493fcc',
  'C5 (T19C)',
  2022,
  2024,
  false,
  '{"China"}'::text[],
  null,
  null,
  null,
  'The initial generation of Omoda''s compact crossover, known for its futuristic styling and standard turbo engine.'
)

insert into public.vehicle_insights (
  model_id,
  pros,
  cons,
  inspection_tips,
  notable_features,
  engine_examples,
  common_issues_by_engine,
  reliability_score,
  popularity_score
)
values (
  'a44184e4-9835-a24a-f554-b25f47493fcc',
  '["Динамичный и привлекательный дизайн","Богатое оснащение даже в базовых версиях","Длительная заводская гарантия","Хорошие динамические характеристики (особенно 1.6T)"]'::jsonb,
  '["Questionable long-term reliability of the CVT transmission (1.5T)","Stiff suspension setup suitable for smooth roads only","High fuel consumption relative to claimed figures","Limited rear visibility"]'::jsonb,
  '["Проверить работу вариатора на отсутствие рывков и шумов","Осмотреть кузов на предмет зазоров (качество сборки)","Проверить работоспособность всех электронных систем и ассистентов"]'::jsonb,
  '["Futuristic ''Star Diamond'' grille design","Dual 10.25-inch integrated display screens","Advanced driver assistance systems (ADAS)"]'::jsonb,
  '["1.5L Turbo (147 hp)","1.6L TGDI (150 hp)"]'::jsonb,
  '[{"engine_code":"SQRE4T15C (1.5T)","common_issues_ru":["Перегрев вариатора (CVT) при динамичной езде","Возможный ранний выход из строя катушек зажигания","Повышенный расход масла на некоторых экземплярах","Сбои в работе электроники и датчиков"]},{"engine_code":"SQRF4J16 (1.6T)","common_issues_ru":["Требовательность к качеству топлива","Проблемы с прошивкой (TCM) и толчки АКПП"]}]'::jsonb,
  null,
  null
)

insert into public.vehicle_models (
  id,
  make_id,
  slug,
  name_en,
  first_model_year,
  last_model_year,
  years_available,
  body_types_available,
  fuel_types_available,
  transmission_available,
  reliability_score,
  popularity_score
)
values (
  '655bb241-e5f9-73bc-d1bc-159349bef0db',
  '5902364a-9717-ed37-1188-85a599b037b2',
  'omoda-s5',
  'S5',
  2023,
  2024,
  '{"2023","2024"}'::int[],
  '["Sedan"]'::jsonb,
  '["Gasoline"]'::jsonb,
  '["CVT"]'::jsonb,
  7,
  7.5
)

insert into public.vehicle_generations (
  id,
  model_id,
  code,
  start_year,
  end_year,
  facelift,
  production_countries,
  body_types,
  fuel_types,
  transmission_types,
  summary
)
values (
  '9a179b1d-78b7-7f04-85bd-d888d4fbaffd',
  '655bb241-e5f9-73bc-d1bc-159349bef0db',
  'S5 (A13L)',
  2023,
  2024,
  false,
  '{"China"}'::text[],
  null,
  null,
  null,
  'Omoda''s entry into the compact sedan segment, aimed at budget-conscious buyers seeking a modern design.'
)

insert into public.vehicle_insights (
  model_id,
  pros,
  cons,
  inspection_tips,
  notable_features,
  engine_examples,
  common_issues_by_engine,
  reliability_score,
  popularity_score
)
values (
  '655bb241-e5f9-73bc-d1bc-159349bef0db',
  '["Привлекательная цена и хорошее соотношение \"цена-качество\"","Просторный салон для B/C-сегмента","Современный внешний вид"]'::jsonb,
  '["Soft suspension tuning leading to body roll","Cheap interior materials in lower trims","Lack of sound insulation, noticeable road noise","Limited engine choices"]'::jsonb,
  '["Оценить качество окраски кузова","Проверить работу усилителя руля","Убедиться в отсутствии люфтов в салоне и скрипов"]'::jsonb,
  '["Standard LED optics","Large trunk capacity for the segment","Integrated large screen infotainment"]'::jsonb,
  '["1.5L Naturally Aspirated (113 hp)","1.5L Turbo (147 hp)"]'::jsonb,
  '[{"engine_code":"SQRE4T15C (1.5T)","common_issues_ru":["Жалобы на вибрацию двигателя на холостых оборотах","Нестабильная работа климат-контроля","Посторонние шумы из подвески"]}]'::jsonb,
  null,
  null
)

insert into public.vehicle_models (
  id,
  make_id,
  slug,
  name_en,
  first_model_year,
  last_model_year,
  years_available,
  body_types_available,
  fuel_types_available,
  transmission_available,
  reliability_score,
  popularity_score
)
values (
  '4d23b626-d561-f836-b9bb-ee1f91212c29',
  '5902364a-9717-ed37-1188-85a599b037b2',
  'omoda-e5',
  'E5',
  2024,
  2024,
  '{"2024"}'::int[],
  '["SUV","Crossover"]'::jsonb,
  '["Electric"]'::jsonb,
  '["Single-Speed"]'::jsonb,
  8,
  6
)

insert into public.vehicle_generations (
  id,
  model_id,
  code,
  start_year,
  end_year,
  facelift,
  production_countries,
  body_types,
  fuel_types,
  transmission_types,
  summary
)
values (
  '0c160fd7-e748-2d54-2131-f3b9ed8edfec',
  '4d23b626-d561-f836-b9bb-ee1f91212c29',
  'E5 (T19C EV)',
  2024,
  2024,
  false,
  '{"China"}'::text[],
  null,
  null,
  null,
  'The fully electric version of the C5, featuring significant design changes and focusing on zero-emission urban commuting.'
)

insert into public.vehicle_insights (
  model_id,
  pros,
  cons,
  inspection_tips,
  notable_features,
  engine_examples,
  common_issues_by_engine,
  reliability_score,
  popularity_score
)
values (
  '4d23b626-d561-f836-b9bb-ee1f91212c29',
  '["Нулевые выбросы и низкие эксплуатационные расходы","Мгновенный крутящий момент и быстрый разгон","Тихий ход и комфорт в городе"]'::jsonb,
  '["High purchase price compared to gasoline variants","Infrastructure limitations in the CIS market","Limited cruising range compared to key electric competitors","Heavy curb weight affecting handling"]'::jsonb,
  '["Проверить состояние высоковольтной батареи и ее остаточную емкость","Протестировать работу быстрой зарядки (DC)","Осмотреть днище на предмет повреждений защитного кожуха батареи"]'::jsonb,
  '["One-pedal driving capability","Dedicated EV platform structure","Improved interior materials over the gasoline C5"]'::jsonb,
  '["150 kW Electric Motor (204 hp)"]'::jsonb,
  '[{"engine_code":"Permanent Magnet Synchronous Motor","common_issues_ru":["Значительное снижение запаса хода в зимний период","Медленная скорость зарядки на обычных станциях (AC)","Программные сбои в системе управления батареей (BMS)"]}]'::jsonb,
  null,
  null
)

insert into public.vehicle_makes (id, slug, name_en, country, segment_class, is_active, category_path)
values (
  '240b70ee-650e-da98-d50e-11f0df10fd38',
  'opel',
  'Opel',
  'Germany',
  'Mass Market',
  true,
  'Automotive/Passenger Cars/European'
)

insert into public.vehicle_models (
  id,
  make_id,
  slug,
  name_en,
  first_model_year,
  last_model_year,
  years_available,
  body_types_available,
  fuel_types_available,
  transmission_available,
  reliability_score,
  popularity_score
)
values (
  '0a4805ad-a166-9af8-3c51-69607118f88c',
  '240b70ee-650e-da98-d50e-11f0df10fd38',
  'astra',
  'Astra',
  1991,
  2024,
  '{"2015","2016","2017","2018","2019","2020","2021","2022","2023","2024"}'::int[],
  '["Hatchback","Sedan","Wagon"]'::jsonb,
  '["Gasoline","Diesel","Hybrid"]'::jsonb,
  '["Manual","Automatic"]'::jsonb,
  7.5,
  9
)

insert into public.vehicle_generations (
  id,
  model_id,
  code,
  start_year,
  end_year,
  facelift,
  production_countries,
  body_types,
  fuel_types,
  transmission_types,
  summary
)
values (
  'd9399564-19d1-5869-2a45-073a4cf515cc',
  '0a4805ad-a166-9af8-3c51-69607118f88c',
  'K',
  2015,
  2021,
  false,
  '{"Poland","Germany"}'::text[],
  null,
  null,
  null,
  'Fifth generation Astra, significantly lighter than its predecessor (J), built on GM''s D2XX platform.'
)

insert into public.vehicle_insights (
  model_id,
  pros,
  cons,
  inspection_tips,
  notable_features,
  engine_examples,
  common_issues_by_engine,
  reliability_score,
  popularity_score
)
values (
  '0a4805ad-a166-9af8-3c51-69607118f88c',
  '["Отличная управляемость","Экономичные двигатели","Хороший дизайн"]'::jsonb,
  '["Жесткая подвеска","Дорогие запчасти","Слабый головной свет (у ранних K)"]'::jsonb,
  '["Проверить состояние цепи ГРМ (на 1.4Т)","Осмотреть кузов на предмет коррозии (особенно пороги и арки у старых поколений)","Диагностировать работу АКПП"]'::jsonb,
  '["IntelliLux LED Matrix Light","Lightweight construction"]'::jsonb,
  '["1.4 Turbo (B14XFL/T)","1.6 CDTI (B16DTH)"]'::jsonb,
  '[{"engine_code":"B14XFT","common_issues_ru":["Проблемы с герметичностью системы охлаждения","Износ цепи ГРМ","Отказ маслонасоса"]},{"engine_code":"B16DTH","common_issues_ru":["Отложения сажи в системе EGR","Шумность работы","Требовательность к качеству топлива"]}]'::jsonb,
  null,
  null
)

insert into public.vehicle_models (
  id,
  make_id,
  slug,
  name_en,
  first_model_year,
  last_model_year,
  years_available,
  body_types_available,
  fuel_types_available,
  transmission_available,
  reliability_score,
  popularity_score
)
values (
  '14a0a77f-c6ca-7cc8-892a-a0fa06c543bf',
  '240b70ee-650e-da98-d50e-11f0df10fd38',
  'corsa',
  'Corsa',
  1982,
  2024,
  '{"2019","2020","2021","2022","2023","2024"}'::int[],
  '["Hatchback"]'::jsonb,
  '["Gasoline","Diesel","Electric"]'::jsonb,
  '["Manual","Automatic"]'::jsonb,
  8,
  8.5
)

insert into public.vehicle_generations (
  id,
  model_id,
  code,
  start_year,
  end_year,
  facelift,
  production_countries,
  body_types,
  fuel_types,
  transmission_types,
  summary
)
values (
  'fdb8e725-10cb-92ac-2057-f7c1cc6ce9e1',
  '14a0a77f-c6ca-7cc8-892a-a0fa06c543bf',
  'F',
  2019,
  2024,
  false,
  '{"Spain"}'::text[],
  null,
  null,
  null,
  'Sixth generation Corsa, developed under PSA ownership, sharing the CMP platform with the Peugeot 208.'
)

insert into public.vehicle_insights (
  model_id,
  pros,
  cons,
  inspection_tips,
  notable_features,
  engine_examples,
  common_issues_by_engine,
  reliability_score,
  popularity_score
)
values (
  '14a0a77f-c6ca-7cc8-892a-a0fa06c543bf',
  '["Компактный и маневренный","Высокая топливная экономичность","Современный интерьер"]'::jsonb,
  '["Маленький багажник","Жесткий пластик в салоне (базовые комплектации)","Высокая цена на электрическую версию"]'::jsonb,
  '["Проверить работу электроники и мультимедийной системы","Оценить состояние тормозных дисков (быстрый износ)","Проверить отсутствие течей масла на 1.2 PureTech"]'::jsonb,
  '["Digital Cockpit","Electric variant (Corsa-e)"]'::jsonb,
  '["1.2 PureTech","1.5 Diesel"]'::jsonb,
  '[{"engine_code":"EB2","common_issues_ru":["Растяжение ремня ГРМ в масляной ванне (для 1.2 PureTech)","Проблемы с вакуумным насосом","Повышенный расход масла"]}]'::jsonb,
  null,
  null
)

insert into public.vehicle_models (
  id,
  make_id,
  slug,
  name_en,
  first_model_year,
  last_model_year,
  years_available,
  body_types_available,
  fuel_types_available,
  transmission_available,
  reliability_score,
  popularity_score
)
values (
  '946cc309-b8bf-d7f5-0fbf-6418da7cdf06',
  '240b70ee-650e-da98-d50e-11f0df10fd38',
  'insignia',
  'Insignia',
  2008,
  2022,
  '{"2017","2018","2019","2020","2021","2022"}'::int[],
  '["Liftback","Wagon","Sedan"]'::jsonb,
  '["Gasoline","Diesel"]'::jsonb,
  '["Manual","Automatic"]'::jsonb,
  6.5,
  7
)

insert into public.vehicle_generations (
  id,
  model_id,
  code,
  start_year,
  end_year,
  facelift,
  production_countries,
  body_types,
  fuel_types,
  transmission_types,
  summary
)
values (
  '024e7dfb-7aa4-3662-f8dd-9554c3f6fbf0',
  '946cc309-b8bf-d7f5-0fbf-6418da7cdf06',
  'B',
  2017,
  2022,
  true,
  '{"Germany"}'::text[],
  null,
  null,
  null,
  'Second generation Insignia (also known as Insignia Grand Sport), significantly larger and lighter than the previous Insignia A.'
)

insert into public.vehicle_insights (
  model_id,
  pros,
  cons,
  inspection_tips,
  notable_features,
  engine_examples,
  common_issues_by_engine,
  reliability_score,
  popularity_score
)
values (
  '946cc309-b8bf-d7f5-0fbf-6418da7cdf06',
  '["Просторный салон","Отличный комфорт на трассе","Богатая комплектация"]'::jsonb,
  '["Высокий расход топлива (старые двигатели)","Проблемы с электроникой","Сложное обслуживание"]'::jsonb,
  '["Проверить работу системы FlexRide (если установлена)","Диагностировать турбину на предмет утечек","Осмотреть салон на предмет износа материалов"]'::jsonb,
  '["Adaptive chassis control (FlexRide)","Matrix LED headlights","Excellent highway comfort"]'::jsonb,
  '["2.0 Turbo (B20NHT)","1.5 Turbo"]'::jsonb,
  '[{"engine_code":"A20DTH","common_issues_ru":["Проблемы с теплообменником","Отказ датчика давления масла","Засорение сажевого фильтра"]},{"engine_code":"B20NHT","common_issues_ru":["Высокий расход масла","Неисправности системы зажигания"]}]'::jsonb,
  null,
  null
)

insert into public.vehicle_makes (id, slug, name_en, country, segment_class, is_active, category_path)
values (
  '112bd166-3803-0adb-f549-d3eaa6aadd98',
  'ora-gwm-ev-brand-group-car-company-of-china-electric-vehicles-manufacturer-great-wall-motor-co-ltd-products-ora-good-cat-ora-lightning-cat-ora-ballet-cat-ora-r1-black-cat-ora-r2-white-cat-ora-r3-punk-cat-ora-r4-ugly-cat-ora-r5-punk-cat-ora-r6-big-cat-ora-r7-lightning-cat-ora-r8-ballet-cat-ora-r9-flash-cat-ora-r10-big-cat-ora-r11-ugly-cat-ora-r12-punk-cat-ora-r13-flash-cat-ora-r14-big-cat-ora-r15-ugly-cat-ora-r16-punk-cat-ora-r17-flash-cat-ora-r18-big-cat-ora-r19-ugly-cat-ora-r20-punk-cat-ora-r21-flash-cat-ora-r22-big-cat-ora-r23-ugly-cat-ora-r24-punk-cat-ora-r25-flash-cat-ora-r26-big-cat-ora-r27-ugly-cat-ora-r28-punk-cat-ora-r29-flash-cat-ora-r30-big-cat-ora-r31-ugly-cat-ora-r32-punk-cat-ora-r33-flash-cat-ora-r34-big-cat-ora-r35-ugly-cat-ora-r36-punk-cat-ora-r37-flash-cat-ora-r38-big-cat-ora-r39-ugly-cat-ora-r40-punk-cat-ora-r41-flash-cat-ora-r42-big-cat-ora-r43-ugly-cat-ora-r44-punk-cat-ora-r45-flash-cat-ora-r46-big-cat-ora-r47-ugly-cat-ora-r48-punk-cat-ora-r49-flash-cat-ora-r50-big-cat-ora-r51-ugly-cat-ora-r52-punk-cat-ora-r53-flash-cat-ora-r54-big-cat-ora-r55-ugly-cat-ora-r56-punk-cat-ora-r57-flash-cat-ora-r58-big-cat-ora-r59-ugly-cat-ora-r60-punk-cat-ora-r61-flash-cat-ora-r62-big-cat-ora-r63-ugly-cat-ora-r64-punk-cat-ora-r65-flash-cat-ora-r66-big-cat-ora-r67-ugly-cat-ora-r68-punk-cat-ora-r69-flash-cat-ora-r70-big-cat-ora-r71-ugly-cat-ora-r72-punk-cat-ora-r73-flash-cat-ora-r74-big-cat-ora-r75-ugly-cat-ora-r76-punk-cat-ora-r77-flash-cat-ora-r78-big-cat-ora-r79-ugly-cat-ora-r80-punk-cat-ora-r81-flash-cat-ora-r82-big-cat-ora-r83-ugly-cat-ora-r84-punk-cat-ora-r85-flash-cat-ora-r86-big-cat-ora-r87-ugly-cat-ora-r88-punk-cat-ora-r89-flash-cat-ora-r90-big-cat-ora-r91-ugly-cat-ora-r92-punk-cat-ora-r93-flash-cat-ora-r94-big-cat-ora-r95-ugly-cat-ora-r96-punk-cat-ora-r97-flash-cat-ora-r98-big-cat-ora-r99-ugly-cat-ora-r100-punk-cat-ora-r101-flash-cat-ora-r102-big-cat-ora-r103-ugly-cat-ora-r104-punk-cat-ora-r105-flash-cat-ora-r106-big-cat-ora-r107-ugly-cat-ora-r108-punk-cat-ora-r109-flash-cat-ora-r110-big-cat-ora-r111-ugly-cat-ora-r112-punk-cat-ora-r113-flash-cat-ora-r114-big-cat-ora-r115-ugly-cat-ora-r116-punk-cat-ora-r117-flash-cat-ora-r118-big-cat-ora-r119-ugly-cat-ora-r120-punk-cat-ora-r121-flash-cat-ora-r122-big-cat-ora-r123-ugly-cat-ora-r124-punk-cat-ora-r125-flash-cat-ora-r126-big-cat-ora-r127-ugly-cat-ora-r128-punk-cat-ora-r129-flash-cat-ora-r130-big-cat-ora-r131-ugly-cat-ora-r132-punk-cat-ora-r133-flash-cat-ora-r134-big-cat-ora-r135-ugly-cat-ora-r136-punk-cat-ora-r137-flash-cat-ora-r138-big-cat-ora-r139-ugly-cat-ora-r140-punk-cat-ora-r141-flash-cat-ora-r142-big-cat-ora-r143-ugly-cat-ora-r144-punk-cat-ora-r145-flash-cat-ora-r146-big-cat-ora-r147-ugly-cat-ora-r148-punk-cat-ora-r149-flash-cat-ora-r150-big-cat-ora-r151-ugly-cat-ora-r152-punk-cat-ora-r153-flash-cat-ora-r154-big-cat-ora-r155-ugly-cat-ora-r156-punk-cat-ora-r157-flash-cat-ora-r158-big-cat-ora-r159-ugly-cat-ora-r160-punk-cat-ora-r161-flash-cat-ora-r162-big-cat-ora-r163-ugly-cat-ora-r164-punk-cat-ora-r165-flash-cat-ora-r166-big-cat-ora-r167-ugly-cat-ora-r168-punk-cat-ora-r169-flash-cat-ora-r170-big-cat-ora-r171-ugly-cat-ora-r172-punk-cat-ora-r173-flash-cat-ora-r174-big-cat-ora-r175-ugly-cat-ora-r176-punk-cat-ora-r177-flash-cat-ora-r178-big-cat-ora-r179-ugly-cat-ora-r180-punk-cat-ora-r181-flash-cat-ora-r182-big-cat-ora-r183-ugly-cat-ora-r184-punk-cat-ora-r185-flash-cat-ora-r186-big-cat-ora-r187-ugly-cat-ora-r188-punk-cat-ora-r189-flash-cat-ora-r190-big-cat-ora-r191-ugly-cat-ora-r192-punk-cat-ora-r193-flash-cat-ora-r194-big-cat-ora-r195-ugly-cat-ora-r196-punk-cat-ora-r197-flash-cat-ora-r198-big-cat-ora-r199-ugly-cat-ora-r200-punk-cat-ora-r201-flash-cat-ora-r202-big-cat-ora-r203-ugly-cat-ora-r204-punk-cat-ora-r205-flash-cat-ora-r206-big-cat-ora-r207-ugly-cat-ora-r208-punk-cat-ora-r209-flash-cat-ora-r210-big-cat-ora-r211-ugly-cat-ora-r212-punk-cat-ora-r213-flash-cat-ora-r214-big-cat-ora-r215-ugly-cat-ora-r216-punk-cat-ora-r217-flash-cat-ora-r218-big-cat-ora-r219-ugly-cat-ora-r220-punk-cat-ora-r221-flash-cat-ora-r222-big-cat-ora-r223-ugly-cat-ora-r224-punk-cat-ora-r225-flash-cat-ora-r226-big-cat-ora-r227-ugly-cat-ora-r228-punk-cat-ora-r229-flash-cat-ora-r230-big-cat-ora-r231-ugly-cat-ora-r232-punk-cat-ora-r233-flash-cat-ora-r234-big-cat-ora-r235-ugly-cat-ora-r236-punk-cat-ora-r237-flash-cat-ora-r238-big-cat-ora-r239-ugly-cat-ora-r240-punk-cat-ora-r241-flash-cat-ora-r242-big-cat-ora-r243-ugly-cat-ora-r244-punk-cat-ora-r245-flash-cat-ora-r246-big-cat-ora-r247-ugly-cat-ora-r248-punk-cat-ora-r249-flash-cat-ora-r250-big-cat-ora-r251-ugly-cat-ora-r252-punk-cat-ora-r253-flash-cat-ora-r254-big-cat-ora-r255-ugly-cat-ora-r256-punk-cat-ora-r257-flash-cat-ora-r258-big-cat-ora-r259-ugly-cat-ora-r260-punk-cat-ora-r261-flash-cat-ora-r262-big-cat-ora-r263-ugly-cat-ora-r264-punk-cat-ora-r265-flash-cat-ora-r266-big-cat-ora-r267-ugly-cat-ora-r268-punk-cat-ora-r269-flash-cat-ora-r270-big-cat-ora-r271-ugly-cat-ora-r272-punk-cat-ora-r273-flash-cat-ora-r274-big-cat-ora-r275-ugly-cat-ora-r276-punk-cat-ora-r277-flash-cat-ora-r278-big-cat-ora-r279-ugly-cat-ora-r280-punk-cat-ora-r281-flash-cat-ora-r282-big-cat-ora-r283-ugly-cat-ora-r284-punk-cat-ora-r285-flash-cat-ora-r286-big-cat-ora-r287-ugly-cat-ora-r288-punk-cat-ora-r289-flash-cat-ora-r290-big-cat-ora-r291-ugly-cat-ora-r292-punk-cat-ora-r293-flash-cat-ora-r294-big-cat-ora-r295-ugly-cat-ora-r296-punk-cat-ora-r297-flash-cat-ora-r298-big-cat-ora-r299-ugly-cat-ora-r300-punk-cat-ora-r301-flash-cat-ora-r302-big-cat-ora-r303-ugly-cat-ora-r304-punk-cat-ora-r305-flash-cat-ora-r306-big-cat-ora-r307-ugly-cat-ora-r308-punk-cat-ora-r309-flash-cat-ora-r310-big-cat-ora-r311-ugly-cat-ora-r312-punk-cat-ora-r313-flash-cat-ora-r314-big-cat-ora-r315-ugly-cat-ora-r316-punk-cat-ora-r317-flash-cat-ora-r318-big-cat-ora-r319-ugly-cat-ora-r320-punk-cat-ora-r321-flash-cat-ora-r322-big-cat-ora-r323-ugly-cat-ora-r324-punk-cat-ora-r325-flash-cat-ora-r326-big-cat-ora-r327-ugly-cat-ora-r328-punk-cat-ora-r329-flash-cat-ora-r330-big-cat-ora-r331-ugly-cat-ora-r332-punk-cat-ora-r333-flash-cat-ora-r334-big-cat-ora-r335-ugly-cat-ora-r336-punk-cat-ora-r337-flash-cat-ora-r338-big-cat-ora-r339-ugly-cat-ora-r340-punk-cat-ora-r341-flash-cat-ora-r342-big-cat-ora-r343-ugly-cat-ora-r344-punk-cat-ora-r345-flash-cat-ora-r346-big-cat-ora-r347-ugly-cat-ora-r348-punk-cat-ora-r349-flash-cat-ora-r350-big-cat-ora-r351-ugly-cat-ora-r352-punk-cat-ora-r353-flash-cat-ora-r354-big-cat-ora-r355-ugly-cat-ora-r356-punk-cat-ora-r357-flash-cat-ora-r358-big-cat-ora-r359-ugly-cat-ora-r360-punk-cat-ora-r361-flash-cat-ora-r362-big-cat-ora-r363-ugly-cat-ora-r364-punk-cat-ora-r365-flash-cat-ora-r366-big-cat-ora-r367-ugly-cat-ora-r368-punk-cat-ora-r369-flash-cat-ora-r370-big-cat-ora-r371-ugly-cat-ora-r372-punk-cat-ora-r373-flash-cat-ora-r374-big-cat-ora-r375-ugly-cat-ora-r376-punk-cat-ora-r377-flash-cat-ora-r378-big-cat-ora-r379-ugly-cat-ora-r380-punk-cat-ora-r381-flash-cat-ora-r382-big-cat-ora-r383-ugly-cat-ora-r384-punk-cat-ora-r385-flash-cat-ora-r386-big-cat-ora-r387-ugly-cat-ora-r388-punk-cat-ora-r389-flash-cat-ora-r390-big-cat-ora-r391-ugly-cat-ora-r392-punk-cat-ora-r393-flash-cat-ora-r394-big-cat-ora-r395-ugly-cat-ora-r396-punk-cat-ora-r397-flash-cat-ora-r398-big-cat-ora-r399-ugly-cat-ora-r400-punk-cat-ora-r401-flash-cat-ora-r402-big-cat-ora-r403-ugly-cat-ora-r404-punk-cat-ora-r405-flash-cat-ora-r406-big-cat-ora-r407-ugly-cat-ora-r408-punk-cat-ora-r409-flash-cat-ora-r410-big-cat-ora-r411-ugly-cat-ora-r412-punk-cat-ora-r413-flash-cat-ora-r414-big-cat-ora-r415-ugly-cat-ora-r416-punk-cat-ora-r417-flash-cat-ora-r418-big-cat-ora-r419-ugly-cat-ora-r420-punk-cat-ora-r421-flash-cat-ora-r422-big-cat-ora-r423-ugly-cat-ora-r424-punk-cat-ora-r425-flash-cat-ora-r426-big-cat-ora-r427-ugly-cat-ora-r428-punk-cat-ora-r429-flash-cat-ora-r430-big-cat-ora-r431-ugly-cat-ora-r432-punk-cat-ora-r433-flash-cat-ora-r434-big-cat-ora-r435-ugly-cat-ora-r436-punk-cat-ora-r437-flash-cat-ora-r438-big-cat-ora-r439-ugly-cat-ora-r440-punk-cat-ora-r441-flash-cat-ora-r442-big-cat-ora-r443-ugly-cat-ora-r444-punk-cat-ora-r445-flash-cat-ora-r446-big-cat-ora-r447-ugly-cat-ora-r448-punk-cat-ora-r449-flash-cat-ora-r450-big-cat-ora-r451-ugly-cat-ora-r452-punk-cat-ora-r453-flash-cat-ora-r454-big-cat-ora-r455-ugly-cat-ora-r456-punk-cat-ora-r457-flash-cat-ora-r458-big-cat-ora-r459-ugly-cat-ora-r460-punk-cat-ora-r461-flash-cat-ora-r462-big-cat-ora-r463-ugly-cat-ora-r464-punk-cat-ora-r465-flash-cat-ora-r466-big-cat-ora-r467-ugly-cat-ora-r468-punk-cat-ora-r469-flash-cat-ora-r470-big-cat-ora-r471-ugly-cat-ora-r472-punk-cat-ora-r473-flash-cat-ora-r474-big-cat-ora-r475-ugly-cat-ora-r476-punk-cat-ora-r477-flash-cat-ora-r478-big-cat-ora-r479-ugly-cat-ora-r480-punk-cat-ora-r481-flash-cat-ora-r482-big-cat-ora-r483-ugly-cat-ora-r484-punk-cat-ora-r485-flash-cat-ora-r486-big-cat-ora-r487-ugly-cat-ora-r488-punk-cat-ora-r489-flash-cat-ora-r490-big-cat-ora-r491-ugly-cat-ora-r492-punk-cat-ora-r493-flash-cat-ora-r494-big-cat-ora-r495-ugly-cat-ora-r496-punk-cat-ora-r497-flash-cat-ora-r498-big-cat-ora-r499-ugly-cat-ora-r500-punk-cat-ora-r501-flash-cat-ora-r502-big-cat-ora-r503-ugly-cat-ora-r504-punk-cat-ora-r505-flash-cat-ora-r506-big-cat-ora-r507-ugly-cat-ora-r508-punk-cat-ora-r509-flash-cat-ora-r510-big-cat-ora-r511-ugly-cat-ora-r512-punk-cat-ora-r513-flash-cat-ora-r514-big-cat-ora-r515-ugly-cat-ora-r516-punk-cat-ora-r517-flash-cat-ora-r518-big-cat-ora-r519-ugly-cat-ora-r520-punk-cat-ora-r521-flash-cat-ora-r522-big-cat-ora-r523-ugly-cat-ora-r524-punk-cat-ora-r525-flash-cat-ora-r526-big-cat-ora-r527-ugly-cat-ora-r528-punk-cat-ora-r529-flash-cat-ora-r530-big-cat-ora-r531-ugly-cat-ora-r532-punk-cat-ora-r533-flash-cat-ora-r534-big-cat-ora-r535-ugly-cat-ora-r536-punk-cat-ora-r537-flash-cat-ora-r538-big-cat-ora-r539-ugly-cat-ora-r540-punk-cat-ora-r541-flash-cat-ora-r542-big-cat-ora-r543-ugly-cat-ora-r544-punk-cat-ora-r545-flash-cat-ora-r546-big-cat-ora-r547-ugly-cat-ora-r548-punk-cat-ora-r549-flash-cat-ora-r550-big-cat-ora-r551-ugly-cat-ora-r552-punk-cat-ora-r553-flash-cat-ora-r554-big-cat-ora-r555-ugly-cat-ora-r556-punk-cat-ora-r557-flash-cat-ora-r558-big-cat-ora-r559-ugly-cat-ora-r560-punk-cat-ora-r561-flash-cat-ora-r562-big-cat-ora-r563-ugly-cat-ora-r564-punk-cat-ora-r565-flash-cat-ora-r566-big-cat-ora-r567-ugly-cat-ora-r568-punk-cat-ora-r569-flash-cat-ora-r570-big-cat-ora-r571-ugly-cat-ora-r572-punk-cat-ora-r573-flash-cat-ora-r574-big-cat-ora-r575-ugly-cat-ora-r576-punk-cat-ora-r577-flash-cat-ora-r578-big-cat-ora-r579-ugly-cat-ora-r580-punk-cat-ora-r581-flash-cat-ora-r582-big-cat-ora-r583-ugly-cat-ora-r584-punk-cat-ora-r585-flash-cat-ora-r586-big-cat-ora-r587-ugly-cat-ora-r588-punk-cat-ora-r589-flash-cat-ora-r590-big-cat-ora-r591-ugly-cat-ora-r592-punk-cat-ora-r593-flash-cat-ora-r594-big-cat-ora-r595-ugly-cat-ora-r596-punk-cat-ora-r597-flash-cat-ora-r598-big-cat-ora-r599-ugly-cat-ora-r600-punk-cat-ora-r601-flash-cat-ora-r602-big-cat-ora-r603-ugly-cat-ora-r604-punk-cat-ora-r605-flash-cat-ora-r606-big-cat-ora-r607-ugly-cat-ora-r608-punk-cat-ora-r609-flash-cat-ora-r610-big-cat-ora-r611-ugly-cat-ora-r612-punk-cat-ora-r613-flash-cat-ora-r614-big-cat-ora-r615-ugly-cat-ora-r616-punk-cat-ora-r617-flash-cat-ora-r618-big-cat-ora-r619-ugly-cat-ora-r620-punk-cat-ora-r621-flash-cat-ora-r622-big-cat-ora-r623-ugly-cat-ora-r624-punk-cat-ora-r625-flash-cat-ora-r626-big-cat-ora-r627-ugly-cat-ora-r628-punk-cat-ora-r629-flash-cat-ora-r630-big-cat-ora-r631-ugly-cat-ora-r632-punk-cat-ora-r633-flash-cat-ora-r634-big-cat-ora-r635-ugly-cat-ora-r636-punk-cat-ora-r637-flash-cat-ora-r638-big-cat-ora-r639-ugly-cat-ora-r640-punk-cat-ora-r641-flash-cat-ora-r642-big-cat-ora-r643-ugly-cat-ora-r644-punk-cat-ora-r645-flash-cat-ora-r646-big-cat-ora-r647-ugly-cat-ora-r648-punk-cat-ora-r649-flash-cat-ora-r650-big-cat-ora-r651-ugly-cat-ora-r652-punk-cat-ora-r653-flash-cat-ora-r654-big-cat-ora-r655-ugly-cat-ora-r656-punk-cat-ora-r657-flash-cat-ora-r658-big-cat-ora-r659-ugly-cat-ora-r660-punk-cat-ora-r661-flash-cat-ora-r662-big-cat-ora-r663-ugly-cat-ora-r664-punk-cat-ora-r665-flash-cat-ora-r666-big-cat-ora-r667-ugly-cat-ora-r668-punk-cat-ora-r669-flash-cat-ora-r670-big-cat-ora-r671-ugly-cat-ora-r672-punk-cat-ora-r673-flash-cat-ora-r674-big-cat-ora-r675-ugly-cat-ora-r676-punk-cat-ora-r677-flash-cat-ora-r678-big-cat-ora-r679-ugly-cat-ora-r680-punk-cat-ora-r681-flash-cat-ora-r682-big-cat-ora-r683-ugly-cat-ora-r684-punk-cat-ora-r685-flash-cat-ora-r686-big-cat-ora-r687-ugly-cat-ora-r688-punk-cat-ora-r689-flash-cat-ora-r690-big-cat-ora-r691-ugly-cat-ora-r692-punk-cat-ora-r693-flash-cat-ora-r694-big-cat-ora-r695-ugly-cat-ora-r696-punk-cat-ora-r697-flash-cat-ora-r698-big-cat-ora-r699-ugly-cat-ora-r700-punk-cat-ora-r701-flash-cat-ora-r702-big-cat-ora-r703-ugly-cat-ora-r704-punk-cat-ora-r705-flash-cat-ora-r706-big-cat-ora-r707-ugly-cat-ora-r708-punk-cat-ora-r709-flash-cat-ora-r710-big-cat-ora-r711-ugly-cat-ora-r712-punk-cat-ora-r713-flash-cat-ora-r714-big-cat-ora-r715-ugly-cat-ora-r716-punk-cat-ora-r717-flash-cat-ora-r718-big-cat-ora-r719-ugly-cat-ora-r720-punk-cat-ora-r721-flash-cat-ora-r722-big-cat-ora-r723-ugly-cat-ora-r724-punk-cat-ora-r725-flash-cat-ora-r726-big-cat-ora-r727-ugly-cat-ora-r728-punk-cat-ora-r729-flash-cat-ora-r730-big-cat-ora-r731-ugly-cat-ora-r732-punk-cat-ora-r733-flash-cat-ora-r734-big-cat-ora-r735-ugly-cat-ora-r736-punk-cat-ora-r737-flash-cat-ora-r738-big-cat-ora-r739-ugly-cat-ora-r740-punk-cat-ora-r741-flash-cat-ora-r742-big-cat-ora-r743-ugly-cat-ora-r744-punk-cat-ora-r745-flash-cat-ora-r746-big-cat-ora-r747-ugly-cat-ora-r748-punk-cat-ora-r749-flash-cat-ora-r750-big-cat-ora-r751-ugly-cat-ora-r752-punk-cat-ora-r753-flash-cat-ora-r754-big-cat-ora-r755-ugly-cat-ora-r756-punk-cat-ora-r757-flash-cat-ora-r758-big-cat-ora-r759-ugly-cat-ora-r760-punk-cat-ora-r761-flash-cat-ora-r762-big-cat-ora-r763-ugly-cat-ora-r764-punk-cat-ora-r765-flash-cat-ora-r766-big-cat-ora-r767-ugly-cat-ora-r768-punk-cat-ora-r769-flash-cat-ora-r770-big-cat-ora-r771-ugly-cat-ora-r772-punk-cat-ora-r773-flash-cat-ora-r774-big-cat-ora-r775-ugly-cat-ora-r776-punk-cat-ora-r777-flash-cat-ora-r778-big-cat-ora-r779-ugly-cat-ora-r780-punk-cat-ora-r781-flash-cat-ora-r782-big-cat-ora-r783-ugly-cat-ora-r784-punk-cat-ora-r785-flash-cat-ora-r786-big-cat-ora-r787-ugly-cat-ora-r788-punk-cat-ora-r789-flash-cat-ora-r790-big-cat-ora-r791-ugly-cat-ora-r792-punk-cat-ora-r793-flash-cat-ora-r794-big-cat-ora-r795-ugly-cat-ora-r796-punk-cat-ora-r797-flash-cat-ora-r798-big-cat-ora-r799-ugly-cat-ora-r800-punk-cat-ora-r801-flash-cat-ora-r802-big-cat-ora-r803-ugly-cat-ora-r804-punk-cat-ora-r805-flash-cat-ora-r806-big-cat-ora-r807-ugly-cat-ora-r808-punk-cat-ora-r809-flash-cat-ora-r810-big-cat-ora-r811-ugly-cat-ora-r812-punk-cat-ora-r813-flash-cat-ora-r814-big-cat-ora-r815-ugly-cat-ora-r816-punk-cat-ora-r817-flash-cat-ora-r818-big-cat-ora-r819-ugly-cat-ora-r820-punk-cat-ora-r821-flash-cat-ora-r822-big-cat-ora-r823-ugly-cat-ora-r824-punk-cat-ora-r825-flash-cat-ora-r826-big-cat-ora-r827-ugly-cat-ora-r828-punk-cat-ora-r829-flash-cat-ora-r830-big-cat-ora-r831-ugly-cat-ora-r832-punk-cat-ora-r833-flash-cat-ora-r834-big-cat-ora-r835-ugly-cat-ora-r836-punk-cat-ora-r837-flash-cat-ora-r838-big-cat-ora-r839-ugly-cat-ora-r840-punk-cat-ora-r841-flash-cat-ora-r842-big-cat-ora-r843-ugly-cat-ora-r844-punk-cat-ora-r845-flash-cat-ora-r846-big-cat-ora-r847-ugly-cat-ora-r848-punk-cat-ora-r849-flash-cat-ora-r850-big-cat-ora-r851-ugly-cat-ora-r852-punk-cat-ora-r853-flash-cat-ora-r854-big-cat-ora-r855-ugly-cat-ora-r856-punk-cat-ora-r857-flash-cat-ora-r858-big-cat-ora-r859-ugly-cat-ora-r860-punk-cat-ora-r861-flash-cat-ora-r862-big-cat-ora-r863-ugly-cat-ora-r864-punk-cat-ora-r865-flash-cat-ora-r866-big-cat-ora-r867-ugly-cat-ora-r868-punk-cat-ora-r869-flash-cat-ora-r870-big-cat-ora-r871-ugly-cat-ora-r872-punk-cat-ora-r873-flash-cat-ora-r874-big-cat-ora-r875-ugly-cat-ora-r876-punk-cat-ora-r877-flash-cat-ora-r878-big-cat-ora-r879-ugly-cat-ora-r880-punk-cat-ora-r881-flash-cat-ora-r882-big-cat-ora-r883-ugly-cat-ora-r884-punk-cat-ora-r885-flash-cat-ora-r886-big-cat-ora-r887-ugly-cat-ora-r888-punk-cat-ora-r889-flash-cat-ora-r890-big-cat-ora-r891-ugly-cat-ora-r892-punk-cat-ora-r893-flash-cat-ora-r894-big-cat-ora-r895-ugly-cat-ora-r896-punk-cat-ora-r897-flash-cat-ora-r898-big-cat-ora-r899-ugly-cat-ora-r900-punk-cat-ora-r901-flash-cat-ora-r902-big-cat-ora-r903-ugly-cat-ora-r904-punk-cat-ora-r905-flash-cat-ora-r906-big-cat-ora-r907-ugly-cat-ora-r908-punk-cat-ora-r909-flash-cat-ora-r910-big-cat-ora-r911-ugly-cat-ora-r912-punk-cat-ora-r913-flash-cat-ora-r914-big-cat-ora-r915-ugly-cat-ora-r916-punk-cat-ora-r917-flash-cat-ora-r918-big-cat-ora-r919-ugly-cat-ora-r920-punk-cat-ora-r921-flash-cat-ora-r922-big-cat-ora-r923-ugly-cat-ora-r924-punk-cat-ora-r925-flash-cat-ora-r926-big-cat-ora-r927-ugly-cat-ora-r928-punk-cat-ora-r929-flash-cat-ora-r930-big-cat-ora-r931-ugly-cat-cat-ora-r932-punk-cat-ora-r933-flash-cat-ora-r934-big-cat-ora-r935-ugly-cat-ora-r936-punk-cat-ora-r937-flash-cat-ora-r938-big-cat-ora-r939-ugly-cat-ora-r940-punk-cat-ora-r941-flash-cat-ora-r942-big-cat-ora-r943-ugly-cat-ora-r944-punk-cat-ora-r945-flash-cat-ora-r946-big-cat-ora-r947-ugly-cat-ora-r948-punk-cat-ora-r949-flash-cat-ora-r950-big-cat-ora-r951-ugly-cat-ora-r952-punk-cat-ora-r953-flash-cat-ora-r954-big-cat-ora-r955-ugly-cat-ora-r956-punk-cat-ora-r957-flash-cat-ora-r958-big-cat-ora-r959-ugly-cat-ora-r960-punk-cat-ora-r961-flash-cat-ora-r962-big-cat-ora-r963-ugly-cat-ora-r964-punk-cat-ora-r965-flash-cat-ora-r966-big-cat-ora-r967-ugly-cat-ora-r968-punk-cat-ora-r969-flash-cat-ora-r970-big-cat-ora-r971-ugly-cat-ora-r972-punk-cat-ora-r973-flash-cat-ora-r974-big-cat-ora-r975-ugly-cat-ora-r976-punk-cat-ora-r977-flash-cat-ora-r978-big-cat-ora-r979-ugly-cat-ora-r980-punk-cat-ora-r981-flash-cat-ora-r982-big-cat-ora-r983-ugly-cat-ora-r984-punk-cat-ora-r985-flash-cat-ora-r986-big-cat-ora-r987-ugly-cat-ora-r988-punk-cat-ora-r989-flash-cat-ora-r990-big-cat-ora-r991-ugly-cat-ora-r992-punk-cat-ora-r993-flash-cat-ora-r994-big-cat-ora-r995-ugly-cat-ora-r996-punk-cat-ora-r997-flash-cat-ora-r998-big-cat-ora-r999-ugly-cat-ora-r1000-punk-cat',
  'Ora',
  'China',
  'B/C Segment Hatchbacks, C Segment Sedans (EV)',
  true,
  'Passenger Cars/Sedans & Hatchbacks/Electric Vehicles'
)

insert into public.vehicle_makes (id, slug, name_en, country, segment_class, is_active, category_path)
values (
  '1db0f6bf-956e-a996-051c-86b74593c11f',
  'pagani',
  'Pagani',
  'Italy',
  'S - Sports Car/Hypercar',
  true,
  'Hypercars'
)

insert into public.vehicle_models (
  id,
  make_id,
  slug,
  name_en,
  first_model_year,
  last_model_year,
  years_available,
  body_types_available,
  fuel_types_available,
  transmission_available,
  reliability_score,
  popularity_score
)
values (
  'f17d7eee-0805-844c-e6b9-b29de32f226f',
  '1db0f6bf-956e-a996-051c-86b74593c11f',
  'zonda',
  'Zonda',
  1999,
  2019,
  '{"1999","2000","2001","2002","2003","2004","2005","2006","2007","2008","2009","2010","2011","2012","2013","2014","2015","2016","2017","2018","2019"}'::int[],
  '["Coupe","Roadster"]'::jsonb,
  '["Gasoline"]'::jsonb,
  '["Manual","Automated Manual"]'::jsonb,
  7.5,
  9
)

insert into public.vehicle_generations (
  id,
  model_id,
  code,
  start_year,
  end_year,
  facelift,
  production_countries,
  body_types,
  fuel_types,
  transmission_types,
  summary
)
values (
  'ff89e554-584b-0b9c-eeb9-6903c614f810',
  'f17d7eee-0805-844c-e6b9-b29de32f226f',
  'C12',
  1999,
  2005,
  false,
  '{"Italy"}'::text[],
  null,
  null,
  null,
  'Original production series, featuring AMG V12 engines derived from Mercedes-Benz.'
)

insert into public.vehicle_generations (
  id,
  model_id,
  code,
  start_year,
  end_year,
  facelift,
  production_countries,
  body_types,
  fuel_types,
  transmission_types,
  summary
)
values (
  '35e31dcb-a5c7-1f7a-648d-3d1bd0219424',
  'f17d7eee-0805-844c-e6b9-b29de32f226f',
  'F',
  2005,
  2011,
  true,
  '{"Italy"}'::text[],
  null,
  null,
  null,
  'Significant redesign and power upgrade, leading to the Zonda Cinque and R variants.'
)

insert into public.vehicle_insights (
  model_id,
  pros,
  cons,
  inspection_tips,
  notable_features,
  engine_examples,
  common_issues_by_engine,
  reliability_score,
  popularity_score
)
values (
  'f17d7eee-0805-844c-e6b9-b29de32f226f',
  '["Exceptional performance","Iconic design","Exclusivity and high resale value"]'::jsonb,
  '["Extremely high running costs","Challenging to service outside authorized dealers","Loud cabin at high speeds"]'::jsonb,
  '["Check the carbon fiber monocoque for micro-cracks, especially after track use.","Assess wear on carbon-ceramic brakes.","Thoroughly verify the maintenance history of the V12 AMG engine."]'::jsonb,
  '["Iconic design","Mercedes-AMG naturally aspirated V12 engine","Exceptional handling purity"]'::jsonb,
  '["Mercedes-AMG M120 (6.0L V12)","Mercedes-AMG M297 (7.3L V12)"]'::jsonb,
  '[{"engine_code":"M297 7.3L V12","common_issues_ru":["Проблемы с датчиками положения дроссельной заслонки","Высокий расход масла при агрессивном вождении","Износ сцепления на ранних моделях"]}]'::jsonb,
  null,
  null
)

insert into public.vehicle_models (
  id,
  make_id,
  slug,
  name_en,
  first_model_year,
  last_model_year,
  years_available,
  body_types_available,
  fuel_types_available,
  transmission_available,
  reliability_score,
  popularity_score
)
values (
  '2f303f1d-9d17-b96d-32ec-1a809f981237',
  '1db0f6bf-956e-a996-051c-86b74593c11f',
  'huayra',
  'Huayra',
  2012,
  2023,
  '{"2012","2013","2014","2015","2016","2017","2018","2019","2020","2021","2022","2023"}'::int[],
  '["Coupe","Roadster","BC Coupe"]'::jsonb,
  '["Gasoline"]'::jsonb,
  '["Automated Manual (Sequential)","Manual"]'::jsonb,
  8,
  8.5
)

insert into public.vehicle_generations (
  id,
  model_id,
  code,
  start_year,
  end_year,
  facelift,
  production_countries,
  body_types,
  fuel_types,
  transmission_types,
  summary
)
values (
  'bf1f8f24-7ae5-024e-4223-8368dfd674fa',
  '2f303f1d-9d17-b96d-32ec-1a809f981237',
  'C9',
  2012,
  2017,
  false,
  '{"Italy"}'::text[],
  null,
  null,
  null,
  'Original coupe, featuring a bespoke Mercedes-AMG twin-turbo V12 M158 engine.'
)

insert into public.vehicle_generations (
  id,
  model_id,
  code,
  start_year,
  end_year,
  facelift,
  production_countries,
  body_types,
  fuel_types,
  transmission_types,
  summary
)
values (
  '2a85ddb5-fd26-c76c-208a-292a621b414f',
  '2f303f1d-9d17-b96d-32ec-1a809f981237',
  'BC/Roadster',
  2017,
  2023,
  true,
  '{"Italy"}'::text[],
  null,
  null,
  null,
  'Open-top version and lightweight, track-focused evolution (BC), with increased power.'
)

insert into public.vehicle_insights (
  model_id,
  pros,
  cons,
  inspection_tips,
  notable_features,
  engine_examples,
  common_issues_by_engine,
  reliability_score,
  popularity_score
)
values (
  '2f303f1d-9d17-b96d-32ec-1a809f981237',
  '["Active aerodynamics","Incredible power output","Superior quality and attention to detail"]'::jsonb,
  '["Limited visibility","Extremely high depreciation/insurance costs in initial years","Complex hydraulic and active aero systems"]'::jsonb,
  '["Verify the functionality of active aerodynamic elements and hydraulics.","Ensure regular replacement of specialized, costly tires.","Pay close attention to the condition of the M158 turbochargers."]'::jsonb,
  '["Active aerodynamics (flaps)","Carbotanium construction","Hand-built quality"]'::jsonb,
  '["Mercedes-AMG M158 (6.0L V12 Bi-Turbo)"]'::jsonb,
  '[{"engine_code":"M158 V12 Bi-Turbo","common_issues_ru":["Перегрев интеркулеров в экстремальных условиях","Неисправности в работе электронного блока управления турбиной","Сложности с обслуживанием сложных гидравлических систем активной аэродинамики"]}]'::jsonb,
  null,
  null
)

insert into public.vehicle_models (
  id,
  make_id,
  slug,
  name_en,
  first_model_year,
  last_model_year,
  years_available,
  body_types_available,
  fuel_types_available,
  transmission_available,
  reliability_score,
  popularity_score
)
values (
  'f0e0a147-1f92-edc1-5c1e-d282a833b404',
  '1db0f6bf-956e-a996-051c-86b74593c11f',
  'utopia',
  'Utopia',
  2023,
  2024,
  '{"2023","2024"}'::int[],
  '["Coupe"]'::jsonb,
  '["Gasoline"]'::jsonb,
  '["Manual","Automated Manual"]'::jsonb,
  9,
  9.5
)

insert into public.vehicle_generations (
  id,
  model_id,
  code,
  start_year,
  end_year,
  facelift,
  production_countries,
  body_types,
  fuel_types,
  transmission_types,
  summary
)
values (
  'e1452bbe-b9ab-92d0-6e84-18cdec5682a4',
  'f0e0a147-1f92-edc1-5c1e-d282a833b404',
  'C10',
  2023,
  9999,
  false,
  '{"Italy"}'::text[],
  null,
  null,
  null,
  'The third major chapter in Pagani''s history, focusing on lightness and driving purity, offering a manual transmission option.'
)

insert into public.vehicle_insights (
  model_id,
  pros,
  cons,
  inspection_tips,
  notable_features,
  engine_examples,
  common_issues_by_engine,
  reliability_score,
  popularity_score
)
values (
  'f0e0a147-1f92-edc1-5c1e-d282a833b404',
  '["Available 7-speed manual transmission","Extreme lightweight construction","Latest Mercedes-AMG twin-turbo V12"]'::jsonb,
  '["Limited production run","Price is significantly higher than predecessors","Waiting list is years long"]'::jsonb,
  '["Verify the warranty status and originality of all components.","Ensure the mileage matches the declared amount (typically very low).","Inspect the unique forged aluminum wheels for damage."]'::jsonb,
  '["Focus on manual transmission availability","Extreme lightweight construction","Simplified aesthetic compared to Huayra"]'::jsonb,
  '["Mercedes-AMG V12 Bi-Turbo (6.0L)"]'::jsonb,
  '[{"engine_code":"M158 Gen 2","common_issues_ru":["Пока неизвестно из-за новизны модели и ограниченного использования"]}]'::jsonb,
  null,
  null
)

insert into public.vehicle_makes (id, slug, name_en, country, segment_class, is_active, category_path)
values (
  'ecccca70-0109-ab6d-49c9-232f4b8f7614',
  'panhard',
  'Panhard',
  'France',
  'Classic/Historical',
  false,
  'Historic/Passenger Cars'
)

insert into public.vehicle_models (
  id,
  make_id,
  slug,
  name_en,
  first_model_year,
  last_model_year,
  years_available,
  body_types_available,
  fuel_types_available,
  transmission_available,
  reliability_score,
  popularity_score
)
values (
  '3280e208-c60c-03df-65e7-d0c0d66ee563',
  'ecccca70-0109-ab6d-49c9-232f4b8f7614',
  'dyna-z',
  'Dyna Z',
  1954,
  1959,
  '{"1954","1955","1956","1957","1958","1959"}'::int[],
  '["Sedan","Coupe","Wagon"]'::jsonb,
  '["Gasoline"]'::jsonb,
  '["Manual"]'::jsonb,
  6.5,
  4
)

insert into public.vehicle_generations (
  id,
  model_id,
  code,
  start_year,
  end_year,
  facelift,
  production_countries,
  body_types,
  fuel_types,
  transmission_types,
  summary
)
values (
  '19096697-dbbd-fe5c-ede5-36161c264969',
  '3280e208-c60c-03df-65e7-d0c0d66ee563',
  'Z',
  1954,
  1959,
  false,
  '{"France"}'::text[],
  null,
  null,
  null,
  'Innovative lightweight aluminum-bodied car, later switched to steel. Known for its small, efficient flat-twin engine.'
)

insert into public.vehicle_insights (
  model_id,
  pros,
  cons,
  inspection_tips,
  notable_features,
  engine_examples,
  common_issues_by_engine,
  reliability_score,
  popularity_score
)
values (
  '3280e208-c60c-03df-65e7-d0c0d66ee563',
  '["Lightweight construction","Excellent fuel economy for the period","Spacious interior (for its size)"]'::jsonb,
  '["Complex maintenance for the flat-twin engine","Rust issues on steel-bodied versions","Slower performance"]'::jsonb,
  '["Check body panels carefully for rust, especially on later steel models.","Verify the condition of the air-cooled engine cooling fins."]'::jsonb,
  '["Lightweight construction (early aluminum models)","Front-wheel drive","Aerodynamic design"]'::jsonb,
  '["851cc Flat-Twin M5"]'::jsonb,
  '[{"engine_code":"Boxer M5","common_issues_ru":["Проблемы с масляным насосом","Износ подшипников коленвала","Сложности с регулировкой клапанов"]}]'::jsonb,
  null,
  null
)

insert into public.vehicle_models (
  id,
  make_id,
  slug,
  name_en,
  first_model_year,
  last_model_year,
  years_available,
  body_types_available,
  fuel_types_available,
  transmission_available,
  reliability_score,
  popularity_score
)
values (
  '98121ec0-5101-f0a6-3639-233c71ce45ec',
  'ecccca70-0109-ab6d-49c9-232f4b8f7614',
  'pl-17',
  'PL 17',
  1959,
  1965,
  '{"1959","1960","1961","1962","1963","1964","1965"}'::int[],
  '["Sedan","Wagon","Convertible"]'::jsonb,
  '["Gasoline"]'::jsonb,
  '["Manual"]'::jsonb,
  6,
  3.5
)

insert into public.vehicle_generations (
  id,
  model_id,
  code,
  start_year,
  end_year,
  facelift,
  production_countries,
  body_types,
  fuel_types,
  transmission_types,
  summary
)
values (
  'c9c61399-8980-0478-b3dd-68784047732a',
  '98121ec0-5101-f0a6-3639-233c71ce45ec',
  'PL17',
  1959,
  1965,
  false,
  '{"France"}'::text[],
  null,
  null,
  null,
  'An evolution of the Dyna Z design, featuring improved styling and performance, including the higher-output Tigre engine option.'
)

insert into public.vehicle_insights (
  model_id,
  pros,
  cons,
  inspection_tips,
  notable_features,
  engine_examples,
  common_issues_by_engine,
  reliability_score,
  popularity_score
)
values (
  '98121ec0-5101-f0a6-3639-233c71ce45ec',
  '["Distinctive aerodynamic design","Good handling","Improved engine reliability (Tigre versions)"]'::jsonb,
  '["Dated technology by the mid-1960s","Difficulty sourcing specialized parts","High noise levels at speed"]'::jsonb,
  '["Проверьте состояние передней подвески (торсионные балки).","Обратите внимание на работу вакуумного усилителя тормозов."]'::jsonb,
  '["Distinctive ''fish-mouth'' grille","Advanced aerodynamics","Torsion bar suspension"]'::jsonb,
  '["848cc Flat-Twin M8","848cc Flat-Twin Tigre"]'::jsonb,
  '[{"engine_code":"Boxer M8 Tigre","common_issues_ru":["Быстрый износ синхронизаторов коробки передач","Утечки масла из картера двигателя","Необходимость частой регулировки карбюратора"]}]'::jsonb,
  null,
  null
)

insert into public.vehicle_models (
  id,
  make_id,
  slug,
  name_en,
  first_model_year,
  last_model_year,
  years_available,
  body_types_available,
  fuel_types_available,
  transmission_available,
  reliability_score,
  popularity_score
)
values (
  '79202961-dd9f-b166-ae5c-3beaa0219fb8',
  'ecccca70-0109-ab6d-49c9-232f4b8f7614',
  '24',
  '24',
  1964,
  1967,
  '{"1964","1965","1966","1967"}'::int[],
  '["Coupe"]'::jsonb,
  '["Gasoline"]'::jsonb,
  '["Manual"]'::jsonb,
  7,
  5
)

insert into public.vehicle_generations (
  id,
  model_id,
  code,
  start_year,
  end_year,
  facelift,
  production_countries,
  body_types,
  fuel_types,
  transmission_types,
  summary
)
values (
  '69804569-1e75-299d-6e5e-e2529bfc290f',
  '79202961-dd9f-b166-ae5c-3beaa0219fb8',
  'B/C',
  1964,
  1967,
  false,
  '{"France"}'::text[],
  null,
  null,
  null,
  'The final passenger car model produced by Panhard. A stylish, modern coupe that shared mechanics with Citroën, known for its futuristic styling and comfort.'
)

insert into public.vehicle_insights (
  model_id,
  pros,
  cons,
  inspection_tips,
  notable_features,
  engine_examples,
  common_issues_by_engine,
  reliability_score,
  popularity_score
)
values (
  '79202961-dd9f-b166-ae5c-3beaa0219fb8',
  '["Excellent visibility and ergonomic design","Comfortable ride (Torsion bar suspension)","Modern styling for its era"]'::jsonb,
  '["Low production volume makes parts very rare","Flat-twin engine remains niche and complex","Limited practicality (2+2 coupe)"]'::jsonb,
  '["Inspect brake components, as they are often shared with Citroën DS.","Ensure the unique interior components are present and undamaged."]'::jsonb,
  '["Pinin Farina-influenced styling","High comfort level","Four-wheel disc brakes (later models)"]'::jsonb,
  '["848cc Flat-Twin M10","848cc Flat-Twin Tigre S"]'::jsonb,
  '[{"engine_code":"M10","common_issues_ru":["Проблемы с электропроводкой из-за возраста","Коррозия в скрытых полостях кузова","Трудности с настройкой двойного карбюратора"]}]'::jsonb,
  null,
  null
)

insert into public.vehicle_makes (id, slug, name_en, country, segment_class, is_active, category_path)
values (
  '0b2d0d3e-150a-d592-f283-5a6c31236dbc',
  'pegaso',
  'Pegaso',
  'Spain',
  'Exotic Supercar',
  false,
  'Historic/Luxury/Sports'
)

insert into public.vehicle_models (
  id,
  make_id,
  slug,
  name_en,
  first_model_year,
  last_model_year,
  years_available,
  body_types_available,
  fuel_types_available,
  transmission_available,
  reliability_score,
  popularity_score
)
values (
  '9a6dac9f-d1c7-234d-4e62-9b80306f3ecd',
  '0b2d0d3e-150a-d592-f283-5a6c31236dbc',
  'z-102',
  'Z-102',
  1951,
  1957,
  '{"1951","1952","1953","1954","1955","1956","1957"}'::int[],
  '["Coupe","Berlinetta","Cabriolet"]'::jsonb,
  '["Gasoline"]'::jsonb,
  '["Manual"]'::jsonb,
  3,
  10
)

insert into public.vehicle_generations (
  id,
  model_id,
  code,
  start_year,
  end_year,
  facelift,
  production_countries,
  body_types,
  fuel_types,
  transmission_types,
  summary
)
values (
  '6a264868-f6d8-1975-d30f-3431748c9b93',
  '9a6dac9f-d1c7-234d-4e62-9b80306f3ecd',
  'Z-102 Original Series',
  1951,
  1957,
  false,
  '{"Spain"}'::text[],
  null,
  null,
  null,
  'Designed by Wilfredo Ricart, the Z-102 was a high-tech sports car for its era, featuring advanced DOHC V8 engines and aluminum construction.'
)

insert into public.vehicle_insights (
  model_id,
  pros,
  cons,
  inspection_tips,
  notable_features,
  engine_examples,
  common_issues_by_engine,
  reliability_score,
  popularity_score
)
values (
  '9a6dac9f-d1c7-234d-4e62-9b80306f3ecd',
  '["Исключительная редкость и коллекционная ценность","Выдающиеся характеристики для 1950-х годов","Уникальный дизайн кузовов от ателье Touring и Saoutchik"]'::jsonb,
  '["Чрезвычайная сложность и высокая стоимость обслуживания","Практически полное отсутствие запчастей на вторичном рынке","Сложности с поиском квалифицированных механиков"]'::jsonb,
  '["Проверка на оригинальность кузовных панелей (часто ремонтировались)","Оценка состояния уникальных трансмиссии и дифференциала","Проверка документов на предмет подлинности шасси"]'::jsonb,
  '["Aluminum DOHC V8 engine","Dry sump lubrication","De Dion rear axle"]'::jsonb,
  '["2.5L DOHC V8","2.8L Supercharged V8","3.2L DOHC V8"]'::jsonb,
  '[{"engine_code":"2.8L V8 (Supercharged)","common_issues_ru":["Сложности с настройкой нагнетателя","Высокая склонность к перегреву при длительной работе на высоких оборотах","Проблемы с масляными насосами из-за возраста"]},{"engine_code":"3.2L V8","common_issues_ru":["Износ поршневых колец","Трудности в поиске оригинальных прокладок ГБЦ","Нестабильность холостого хода из-за карбюраторов"]}]'::jsonb,
  null,
  null
)

insert into public.vehicle_models (
  id,
  make_id,
  slug,
  name_en,
  first_model_year,
  last_model_year,
  years_available,
  body_types_available,
  fuel_types_available,
  transmission_available,
  reliability_score,
  popularity_score
)
values (
  'f82158f3-7a35-b1cd-51c9-2de83509893a',
  '0b2d0d3e-150a-d592-f283-5a6c31236dbc',
  'z-103',
  'Z-103',
  1956,
  1957,
  '{"1956","1957"}'::int[],
  '["Coupe","Spyder"]'::jsonb,
  '["Gasoline"]'::jsonb,
  '["Manual"]'::jsonb,
  1,
  1
)

insert into public.vehicle_generations (
  id,
  model_id,
  code,
  start_year,
  end_year,
  facelift,
  production_countries,
  body_types,
  fuel_types,
  transmission_types,
  summary
)
values (
  '826217c5-e66f-e85e-4950-72277fcfafeb',
  'f82158f3-7a35-b1cd-51c9-2de83509893a',
  'Z-103 Prototype',
  1956,
  1957,
  false,
  '{"Spain"}'::text[],
  null,
  null,
  null,
  'Planned successor to the Z-102, featuring an increased engine displacement, though only a handful of prototypes were constructed.'
)

insert into public.vehicle_insights (
  model_id,
  pros,
  cons,
  inspection_tips,
  notable_features,
  engine_examples,
  common_issues_by_engine,
  reliability_score,
  popularity_score
)
values (
  'f82158f3-7a35-b1cd-51c9-2de83509893a',
  '["Высочайшая историческая и коллекционная ценность","Самый мощный двигатель в линейке Pegaso","Уникальная внешность"]'::jsonb,
  '["Практически невозможно найти (единичные экземпляры)","Неизвестность и неизученность технических проблем","Необходимость полной реставрации для большинства образцов"]'::jsonb,
  '["Подтверждение истории владения и оригинальности двигателя","Проверка состояния экспериментальных узлов и агрегатов","Оценка целостности шасси и его номера"]'::jsonb,
  '["Larger displacement V8 engine","Attempted standardization of parts"]'::jsonb,
  '["4.0L DOHC V8"]'::jsonb,
  '[{"engine_code":"4.0L V8","common_issues_ru":["Перебои в работе системы зажигания (прототип)","Проблемы с охлаждением V8 увеличенного объема","Трудности с настройкой четырех карбюраторов Weber"]}]'::jsonb,
  null,
  null
)

insert into public.vehicle_models (
  id,
  make_id,
  slug,
  name_en,
  first_model_year,
  last_model_year,
  years_available,
  body_types_available,
  fuel_types_available,
  transmission_available,
  reliability_score,
  popularity_score
)
values (
  '42325acd-89d7-811d-7428-f6846c13d890',
  '0b2d0d3e-150a-d592-f283-5a6c31236dbc',
  'z-102-race-prototype',
  'Z-102 Experimental Race Prototype',
  1953,
  1953,
  '{"1953"}'::int[],
  '["Prototype Racer"]'::jsonb,
  '["Gasoline"]'::jsonb,
  '["Manual"]'::jsonb,
  1,
  5
)

insert into public.vehicle_generations (
  id,
  model_id,
  code,
  start_year,
  end_year,
  facelift,
  production_countries,
  body_types,
  fuel_types,
  transmission_types,
  summary
)
values (
  '0ad26541-24fa-79a0-e94e-4aa05cc97dda',
  '42325acd-89d7-811d-7428-f6846c13d890',
  'Z-102 Experimental',
  1953,
  1953,
  false,
  '{"Spain"}'::text[],
  null,
  null,
  null,
  'An experimental racing prototype based on Z-102 mechanicals, intended for high-speed competition like Le Mans. Extremely rare and unique design.'
)

insert into public.vehicle_insights (
  model_id,
  pros,
  cons,
  inspection_tips,
  notable_features,
  engine_examples,
  common_issues_by_engine,
  reliability_score,
  popularity_score
)
values (
  '42325acd-89d7-811d-7428-f6846c13d890',
  '["Абсолютная уникальность (один из немногих прототипов)","Символ испанского послевоенного автоспорта","Инвестиционная привлекательность"]'::jsonb,
  '["Не пригоден для дорог общего пользования","Крайне опасная конструкция (для своего времени)","Требует обслуживания только специализированными музеями"]'::jsonb,
  '["Проверка истории участия в гонках и рекордах","Оценка состояния экспериментальных шасси и подвески","Анализ оригинальности гоночного оборудования"]'::jsonb,
  '["Aerodynamic streamlined body (Bisiluro)","Racing specification engine","Low weight construction"]'::jsonb,
  '["2.8L Supercharged V8 (High Compression)"]'::jsonb,
  '[{"engine_code":"Race-tuned V8","common_issues_ru":["Крайняя чувствительность к качеству топлива","Быстрый износ компонентов из-за гоночного режима","Сложности с обслуживанием из-за уникального кузова"]}]'::jsonb,
  null,
  null
)

insert into public.vehicle_makes (id, slug, name_en, country, segment_class, is_active, category_path)
values (
  '3ba90d46-d680-4d01-0723-616ba39b9e14',
  'perodua',
  'Perodua',
  'Malaysia',
  'A-Segment',
  true,
  'Passenger Cars/City Cars'
)

insert into public.vehicle_models (
  id,
  make_id,
  slug,
  name_en,
  first_model_year,
  last_model_year,
  years_available,
  body_types_available,
  fuel_types_available,
  transmission_available,
  reliability_score,
  popularity_score
)
values (
  'db922d04-2cf6-a2da-4521-bed7908789de',
  '3ba90d46-d680-4d01-0723-616ba39b9e14',
  'myvi',
  'Myvi',
  2005,
  2024,
  '{"2005","2006","2007","2008","2009","2010","2011","2012","2013","2014","2015","2016","2017","2018","2019","2020","2021","2022","2023","2024"}'::int[],
  '["Hatchback"]'::jsonb,
  '["Petrol"]'::jsonb,
  '["Automatic","Manual"]'::jsonb,
  9,
  8.5
)

insert into public.vehicle_generations (
  id,
  model_id,
  code,
  start_year,
  end_year,
  facelift,
  production_countries,
  body_types,
  fuel_types,
  transmission_types,
  summary
)
values (
  '20303852-11a5-8b78-dd7b-97359ff0c3a6',
  'db922d04-2cf6-a2da-4521-bed7908789de',
  'M300',
  2005,
  2011,
  false,
  '{"Malaysia"}'::text[],
  null,
  null,
  null,
  'First generation, highly popular city car based on Daihatsu Sirion/Toyota Passo.'
)

insert into public.vehicle_generations (
  id,
  model_id,
  code,
  start_year,
  end_year,
  facelift,
  production_countries,
  body_types,
  fuel_types,
  transmission_types,
  summary
)
values (
  '3a77d153-9de5-6863-4be2-05cc641e6fed',
  'db922d04-2cf6-a2da-4521-bed7908789de',
  'D54T/D54L',
  2011,
  2017,
  false,
  '{"Malaysia"}'::text[],
  null,
  null,
  null,
  'Second generation, larger and more refined.'
)

insert into public.vehicle_generations (
  id,
  model_id,
  code,
  start_year,
  end_year,
  facelift,
  production_countries,
  body_types,
  fuel_types,
  transmission_types,
  summary
)
values (
  '1fdbc1c5-edcf-af7d-6076-ff1466f5a353',
  'db922d04-2cf6-a2da-4521-bed7908789de',
  'D20N',
  2017,
  2023,
  true,
  '{"Malaysia"}'::text[],
  null,
  null,
  null,
  'Third generation, featuring improved safety and modern design.'
)

insert into public.vehicle_insights (
  model_id,
  pros,
  cons,
  inspection_tips,
  notable_features,
  engine_examples,
  common_issues_by_engine,
  reliability_score,
  popularity_score
)
values (
  'db922d04-2cf6-a2da-4521-bed7908789de',
  '["Высокая надежность","Экономичный расход топлива","Дешевизна обслуживания и запчастей"]'::jsonb,
  '["Плохая шумоизоляция","Нестабильность на высоких скоростях (старые поколения)","Простой интерьер"]'::jsonb,
  '["Проверить состояние резиновых креплений двигателя и трансмиссии.","Осмотреть кузов на предмет ржавчины под уплотнителями дверей."]'::jsonb,
  '["Advanced Safety Assist (ASA) system (New models)","Economical fuel consumption","Spacious cabin for its size"]'::jsonb,
  '["1.3L 1NR-VE I4","1.5L 2NR-VE I4"]'::jsonb,
  '[{"engine_code":"1KR-VE (1.0L)","common_issues_ru":["Проблемы с датчиком кислорода","Слабая цепь ГРМ при больших пробегах","Повышенная вибрация на холостом ходу"]},{"engine_code":"2NR-VE (1.5L)","common_issues_ru":["Шум из подшипника генератора","Протечки масла из-под клапанной крышки"]}]'::jsonb,
  null,
  null
)

insert into public.vehicle_models (
  id,
  make_id,
  slug,
  name_en,
  first_model_year,
  last_model_year,
  years_available,
  body_types_available,
  fuel_types_available,
  transmission_available,
  reliability_score,
  popularity_score
)
values (
  '8a92704c-8e26-54da-5871-095d76aa1214',
  '3ba90d46-d680-4d01-0723-616ba39b9e14',
  'axia',
  'Axia',
  2014,
  2024,
  '{"2014","2015","2016","2017","2018","2019","2020","2021","2022","2023","2024"}'::int[],
  '["Hatchback"]'::jsonb,
  '["Petrol"]'::jsonb,
  '["Automatic","Manual"]'::jsonb,
  8.5,
  7.5
)

insert into public.vehicle_generations (
  id,
  model_id,
  code,
  start_year,
  end_year,
  facelift,
  production_countries,
  body_types,
  fuel_types,
  transmission_types,
  summary
)
values (
  'efdaa564-0164-e9d1-d8e9-81d57a326823',
  '8a92704c-8e26-54da-5871-095d76aa1214',
  'A200',
  2014,
  2022,
  false,
  '{"Malaysia"}'::text[],
  null,
  null,
  null,
  'First generation, ultra-compact city car focusing on maximum fuel economy.'
)

insert into public.vehicle_generations (
  id,
  model_id,
  code,
  start_year,
  end_year,
  facelift,
  production_countries,
  body_types,
  fuel_types,
  transmission_types,
  summary
)
values (
  '580f35f4-8fc3-a178-748f-8c70526a9593',
  '8a92704c-8e26-54da-5871-095d76aa1214',
  'A300',
  2023,
  2024,
  false,
  '{"Malaysia"}'::text[],
  null,
  null,
  null,
  'Second generation, based on Daihatsu Ayla.'
)

insert into public.vehicle_insights (
  model_id,
  pros,
  cons,
  inspection_tips,
  notable_features,
  engine_examples,
  common_issues_by_engine,
  reliability_score,
  popularity_score
)
values (
  '8a92704c-8e26-54da-5871-095d76aa1214',
  '["Фантастическая топливная экономичность","Очень низкий дорожный налог","Идеален для городских пробок"]'::jsonb,
  '["Очень маленький двигатель (слабая динамика)","Низкое качество отделочных материалов","Повышенный уровень шума в салоне"]'::jsonb,
  '["Проверить работу кондиционера, так как компрессор часто работает под нагрузкой.","Обратить внимание на износ тормозных колодок и дисков."]'::jsonb,
  '["Highest energy efficiency in its class","Extremely low operating costs","Tight turning radius"]'::jsonb,
  '["1.0L 1KR-DE I3"]'::jsonb,
  '[{"engine_code":"1KR-DE (1.0L)","common_issues_ru":["Медленный прогрев двигателя зимой","Склонность к перегреву при длительной езде на высоких оборотах"]}]'::jsonb,
  null,
  null
)

insert into public.vehicle_models (
  id,
  make_id,
  slug,
  name_en,
  first_model_year,
  last_model_year,
  years_available,
  body_types_available,
  fuel_types_available,
  transmission_available,
  reliability_score,
  popularity_score
)
values (
  '03702ae7-cace-4b04-b0e2-e6707c36651a',
  '3ba90d46-d680-4d01-0723-616ba39b9e14',
  'alza',
  'Alza',
  2009,
  2024,
  '{"2009","2010","2011","2012","2013","2014","2015","2016","2017","2018","2019","2020","2021","2022","2023","2024"}'::int[],
  '["MPV"]'::jsonb,
  '["Petrol"]'::jsonb,
  '["Automatic","Manual"]'::jsonb,
  8,
  6.5
)

insert into public.vehicle_generations (
  id,
  model_id,
  code,
  start_year,
  end_year,
  facelift,
  production_countries,
  body_types,
  fuel_types,
  transmission_types,
  summary
)
values (
  'c9b85044-9f14-5dd4-37a9-3bd5d6786de3',
  '03702ae7-cace-4b04-b0e2-e6707c36651a',
  'M500',
  2009,
  2022,
  false,
  '{"Malaysia"}'::text[],
  null,
  null,
  null,
  'First generation compact 7-seater MPV, essentially a rebadged Daihatsu.'
)

insert into public.vehicle_generations (
  id,
  model_id,
  code,
  start_year,
  end_year,
  facelift,
  production_countries,
  body_types,
  fuel_types,
  transmission_types,
  summary
)
values (
  '15e96e14-f891-408e-b52e-05293a9675e2',
  '03702ae7-cace-4b04-b0e2-e6707c36651a',
  'W100',
  2022,
  2024,
  false,
  '{"Malaysia"}'::text[],
  null,
  null,
  null,
  'Second generation, significantly improved based on the Toyota Veloz/Avanza platform.'
)

insert into public.vehicle_insights (
  model_id,
  pros,
  cons,
  inspection_tips,
  notable_features,
  engine_examples,
  common_issues_by_engine,
  reliability_score,
  popularity_score
)
values (
  '03702ae7-cace-4b04-b0e2-e6707c36651a',
  '["Очень доступный 7-местный минивэн","Просторный салон для своего класса","Мягкая подвеска"]'::jsonb,
  '["Слабый двигатель при полной загрузке","Тесный третий ряд сидений","Устаревший дизайн интерьера (поколение 1)"]'::jsonb,
  '["Проверить состояние задних сидений и механизмов складывания.","Оценить работу автоматической коробки передач при переключении."]'::jsonb,
  '["7-seater capacity in a compact footprint","Flexible seating arrangements","Affordable entry into the MPV segment"]'::jsonb,
  '["1.5L 3SZ-VE I4"]'::jsonb,
  '[{"engine_code":"3SZ-VE (1.5L)","common_issues_ru":["Стуки в рулевой рейке (старые модели)","Износ помпы охлаждения","Повышенная вибрация кузова"]}]'::jsonb,
  null,
  null
)

insert into public.vehicle_makes (id, slug, name_en, country, segment_class, is_active, category_path)
values (
  '8ff262c0-f80e-7c01-6571-c5c34bb6e645',
  'peugeot',
  'Peugeot',
  'France',
  'Mass Market',
  true,
  'Europe/France/Peugeot'
)

insert into public.vehicle_models (
  id,
  make_id,
  slug,
  name_en,
  first_model_year,
  last_model_year,
  years_available,
  body_types_available,
  fuel_types_available,
  transmission_available,
  reliability_score,
  popularity_score
)
values (
  'f90fb312-d465-821b-cb43-71b50de1bee5',
  '8ff262c0-f80e-7c01-6571-c5c34bb6e645',
  'peugeot-308',
  '308',
  2013,
  2024,
  '{"2013","2014","2015","2016","2017","2018","2019","2020","2021","2022","2023","2024"}'::int[],
  '["Hatchback","Estate"]'::jsonb,
  '["Gasoline","Diesel"]'::jsonb,
  '["Manual","Automatic (EAT6/EAT8)"]'::jsonb,
  7,
  8
)

insert into public.vehicle_generations (
  id,
  model_id,
  code,
  start_year,
  end_year,
  facelift,
  production_countries,
  body_types,
  fuel_types,
  transmission_types,
  summary
)
values (
  '5f74360b-4730-3019-cc42-4c51e1696822',
  'f90fb312-d465-821b-cb43-71b50de1bee5',
  'T9',
  2013,
  2021,
  false,
  '{"France"}'::text[],
  null,
  null,
  null,
  'The second generation 308 introduced the i-Cockpit concept and significantly improved build quality, becoming a strong competitor in the C-segment.'
)

insert into public.vehicle_generations (
  id,
  model_id,
  code,
  start_year,
  end_year,
  facelift,
  production_countries,
  body_types,
  fuel_types,
  transmission_types,
  summary
)
values (
  '3accc3a5-da96-d3a4-fe8d-1793f86a0cf1',
  'f90fb312-d465-821b-cb43-71b50de1bee5',
  'P5',
  2021,
  2024,
  false,
  '{"France"}'::text[],
  null,
  null,
  null,
  'The third generation (P5) adopted a bolder design language and introduced hybrid powertrains, further emphasizing technology and efficiency.'
)

insert into public.vehicle_insights (
  model_id,
  pros,
  cons,
  inspection_tips,
  notable_features,
  engine_examples,
  common_issues_by_engine,
  reliability_score,
  popularity_score
)
values (
  'f90fb312-d465-821b-cb43-71b50de1bee5',
  '["Excellent fuel economy","High-quality cabin materials","Comfortable and stable ride"]'::jsonb,
  '["i-Cockpit layout requires adjustment","Reliance on touchscreen for climate controls","Limited rear visibility"]'::jsonb,
  '["Check the condition of the timing belt on PureTech engines (width measurement required).","Inspect the functioning of the navigation and infotainment system.","Look for leaks around the water pump housing."]'::jsonb,
  '["i-Cockpit interior design","High efficiency PureTech/BlueHDi engines","High reliability scores compared to previous generations"]'::jsonb,
  '["1.2 PureTech 130","1.6 THP 150","1.5 BlueHDi 130"]'::jsonb,
  '[{"engine_code":"1.2 PureTech (EB2)","common_issues_ru":["Износ ремня ГРМ в масляной ванне (требует регулярной проверки)","Повышенный расход масла на ранних версиях","Сбои в работе насоса высокого давления"]},{"engine_code":"1.6 BlueHDi (DV6)","common_issues_ru":["Проблемы с системой AdBlue (кристаллизация)","Выход из строя турбокомпрессора при несоблюдении интервалов замены масла"]}]'::jsonb,
  null,
  null
)

insert into public.vehicle_models (
  id,
  make_id,
  slug,
  name_en,
  first_model_year,
  last_model_year,
  years_available,
  body_types_available,
  fuel_types_available,
  transmission_available,
  reliability_score,
  popularity_score
)
values (
  '0a4cb217-e8ae-77e9-4e32-be247cf059dc',
  '8ff262c0-f80e-7c01-6571-c5c34bb6e645',
  'peugeot-307',
  '307',
  2001,
  2008,
  '{"2001","2002","2003","2004","2005","2006","2007","2008"}'::int[],
  '["Hatchback","Estate","Coupe Convertible"]'::jsonb,
  '["Gasoline","Diesel"]'::jsonb,
  '["Manual","Automatic (AL4)"]'::jsonb,
  5,
  7
)

insert into public.vehicle_generations (
  id,
  model_id,
  code,
  start_year,
  end_year,
  facelift,
  production_countries,
  body_types,
  fuel_types,
  transmission_types,
  summary
)
values (
  '3ea95d26-0b76-4434-c182-aed7118d8f4a',
  '0a4cb217-e8ae-77e9-4e32-be247cf059dc',
  'T5',
  2001,
  2005,
  false,
  '{"France"}'::text[],
  null,
  null,
  null,
  'The 307 was known for its spacious, almost MPV-like cabin design, though early models suffered from electrical faults.'
)

insert into public.vehicle_generations (
  id,
  model_id,
  code,
  start_year,
  end_year,
  facelift,
  production_countries,
  body_types,
  fuel_types,
  transmission_types,
  summary
)
values (
  '6e86ef01-99fb-91d1-cc13-410dea7d173c',
  '0a4cb217-e8ae-77e9-4e32-be247cf059dc',
  'T6',
  2005,
  2008,
  true,
  '{"France"}'::text[],
  null,
  null,
  null,
  'The facelift (T6) addressed major reliability issues, especially regarding multiplex wiring and introduced new engine variants.'
)

insert into public.vehicle_insights (
  model_id,
  pros,
  cons,
  inspection_tips,
  notable_features,
  engine_examples,
  common_issues_by_engine,
  reliability_score,
  popularity_score
)
values (
  '0a4cb217-e8ae-77e9-4e32-be247cf059dc',
  '["Spacious interior and large trunk","Comfortable and soft suspension setup","Good visibility due to large windows"]'::jsonb,
  '["Serious electrical issues on pre-facelift models","The AL4 automatic gearbox is weak and unreliable","Relatively high maintenance costs for suspension components"]'::jsonb,
  '["Проверить работу всех электрических систем (фары, стеклоподъемники, климат-контроль).","Оценить качество переключения автоматической коробки (не должно быть толчков).","Осмотреть состояние задней балки (люфт)."]'::jsonb,
  '["High safety ratings (5 stars Euro NCAP)","Panoramic glass roof option","Tall body structure offers good headroom"]'::jsonb,
  '["1.6 TU5JP4 (110 hp)","2.0 EW10J4 (138 hp)","2.0 HDi (90 hp)"]'::jsonb,
  '[{"engine_code":"AL4 Automatic Transmission","common_issues_ru":["Рывки и пробуксовки при переключениях","Перегрев и выход из строя гидроблока (особенно при агрессивной езде)","Требует частой замены масла"]},{"engine_code":"Multiplex Wiring System (BSI)","common_issues_ru":["Сбои в работе центрального замка и освещения","Ошибки датчиков и иммобилайзера из-за влаги"]},{"engine_code":"1.6 TU5JP4","common_issues_ru":["Течи масла через прокладку клапанной крышки","Проблемы с катушкой зажигания"]}]'::jsonb,
  null,
  null
)

insert into public.vehicle_models (
  id,
  make_id,
  slug,
  name_en,
  first_model_year,
  last_model_year,
  years_available,
  body_types_available,
  fuel_types_available,
  transmission_available,
  reliability_score,
  popularity_score
)
values (
  '2b1c4fd7-afc6-1563-9a18-3238b9484a79',
  '8ff262c0-f80e-7c01-6571-c5c34bb6e645',
  'peugeot-206',
  '206',
  1998,
  2013,
  '{"1998","1999","2000","2001","2002","2003","2004","2005","2006","2007","2008","2009","2010","2011","2012","2013"}'::int[],
  '["Hatchback","Sedan","Estate","Coupe Convertible"]'::jsonb,
  '["Gasoline","Diesel"]'::jsonb,
  '["Manual","Automatic (AL4)"]'::jsonb,
  6,
  9
)

insert into public.vehicle_generations (
  id,
  model_id,
  code,
  start_year,
  end_year,
  facelift,
  production_countries,
  body_types,
  fuel_types,
  transmission_types,
  summary
)
values (
  '55b30678-4e4f-647b-40aa-b8a50a2f15ba',
  '2b1c4fd7-afc6-1563-9a18-3238b9484a79',
  'T1',
  1998,
  2009,
  false,
  '{"France","Iran"}'::text[],
  null,
  null,
  null,
  'The 206 replaced the highly successful 205. It was immensely popular globally due to its stylish looks, compact size, and good handling.'
)

insert into public.vehicle_insights (
  model_id,
  pros,
  cons,
  inspection_tips,
  notable_features,
  engine_examples,
  common_issues_by_engine,
  reliability_score,
  popularity_score
)
values (
  '2b1c4fd7-afc6-1563-9a18-3238b9484a79',
  '["Agile handling and small turning radius","Low running and maintenance costs (especially for TU engines)","High availability of spare parts"]'::jsonb,
  '["Reliability of the rear torsion beam suspension","Cramped interior space, especially in the rear","Propensity for rust on older models (sills, wheel arches)"]'::jsonb,
  '["Проверить задние колеса на предмет \"домика\" (наклона) – признак износа задней балки.","Проверить состояние порогов и арок на наличие ржавчины.","Убедиться в отсутствии шумов при работе подвески."]'::jsonb,
  '["WRC success boosted popularity","Available as a unique 4-door sedan in some markets","Simple and reliable TU-series gasoline engines"]'::jsonb,
  '["1.1 TU1JP","1.4 TU3JP","1.6 TU5JP4"]'::jsonb,
  '[{"engine_code":"Rear Torsion Beam","common_issues_ru":["Износ и заклинивание игольчатых подшипников задней балки (требует ремонта или замены)","Коррозия рычагов подвески"]},{"engine_code":"1.4 TU3JP","common_issues_ru":["Проблемы с системой охлаждения и перегревом","Нестабильная работа дроссельной заслонки","Склонность к течи масла"]}]'::jsonb,
  null,
  null
)

insert into public.vehicle_makes (id, slug, name_en, country, segment_class, is_active, category_path)
values (
  'e4db8259-e838-3783-ac68-4ac6cef05bdd',
  'pininfarina',
  'Pininfarina',
  'Italy',
  'Luxury/Hypercar',
  true,
  'Hypercars/Luxury GTs'
)

insert into public.vehicle_models (
  id,
  make_id,
  slug,
  name_en,
  first_model_year,
  last_model_year,
  years_available,
  body_types_available,
  fuel_types_available,
  transmission_available,
  reliability_score,
  popularity_score
)
values (
  'cbbe34a1-3668-a7e2-d791-eca50a0b4542',
  'e4db8259-e838-3783-ac68-4ac6cef05bdd',
  'battista',
  'Battista',
  2020,
  2024,
  '{"2020","2021","2022","2023","2024"}'::int[],
  '["Coupe"]'::jsonb,
  '["Electric"]'::jsonb,
  '["Automatic (Single Speed)"]'::jsonb,
  9,
  8
)

insert into public.vehicle_generations (
  id,
  model_id,
  code,
  start_year,
  end_year,
  facelift,
  production_countries,
  body_types,
  fuel_types,
  transmission_types,
  summary
)
values (
  'e58325a4-6753-76f7-e220-a06536e012f9',
  'cbbe34a1-3668-a7e2-d791-eca50a0b4542',
  'C01',
  2020,
  2024,
  false,
  '{"Italy"}'::text[],
  null,
  null,
  null,
  'First production hypercar by Automobili Pininfarina, based on Rimac technology.'
)

insert into public.vehicle_insights (
  model_id,
  pros,
  cons,
  inspection_tips,
  notable_features,
  engine_examples,
  common_issues_by_engine,
  reliability_score,
  popularity_score
)
values (
  'cbbe34a1-3668-a7e2-d791-eca50a0b4542',
  '["Exceptional performance","Exclusive design","Zero emissions","Advanced technology"]'::jsonb,
  '["Extremely high cost","Limited practicality","Limited availability"]'::jsonb,
  '["Check battery health status via diagnostic tools","Inspect carbon fiber body panels for micro-cracks","Verify software updates"]'::jsonb,
  '["Four independent motors","Full carbon fiber chassis","Five driving modes"]'::jsonb,
  '["Rimac T-shaped 120 kWh battery pack"]'::jsonb,
  '[{"engine_code":"EV_1400kW","common_issues_ru":["Проблемы с датчиками давления в шинах (TPMS)","Незначительные программные сбои в информационно-развлекательной системе"]}]'::jsonb,
  null,
  null
)

insert into public.vehicle_models (
  id,
  make_id,
  slug,
  name_en,
  first_model_year,
  last_model_year,
  years_available,
  body_types_available,
  fuel_types_available,
  transmission_available,
  reliability_score,
  popularity_score
)
values (
  '13cef579-9f25-1f68-16bc-8882409b9b0e',
  'e4db8259-e838-3783-ac68-4ac6cef05bdd',
  'b95',
  'B95',
  2025,
  2026,
  '{"2025","2026"}'::int[],
  '["Roadster"]'::jsonb,
  '["Electric"]'::jsonb,
  '["Automatic (Single Speed)"]'::jsonb,
  9,
  7
)

insert into public.vehicle_generations (
  id,
  model_id,
  code,
  start_year,
  end_year,
  facelift,
  production_countries,
  body_types,
  fuel_types,
  transmission_types,
  summary
)
values (
  'e8c27614-567c-f0c5-8fa3-4a6efb6357d2',
  '13cef579-9f25-1f68-16bc-8882409b9b0e',
  'B95_Gen1',
  2025,
  2026,
  false,
  '{"Italy"}'::text[],
  null,
  null,
  null,
  'Limited edition open-top electric hypercar celebrating 95 years of Pininfarina design, built upon Battista technology.'
)

insert into public.vehicle_insights (
  model_id,
  pros,
  cons,
  inspection_tips,
  notable_features,
  engine_examples,
  common_issues_by_engine,
  reliability_score,
  popularity_score
)
values (
  '13cef579-9f25-1f68-16bc-8882409b9b0e',
  '["Ultra-exclusive collectable","Stunning design without windshield","Instantaneous torque"]'::jsonb,
  '["Extremely exposed driving experience","Requires specialized gear/helmets","Very limited run (10 units)"]'::jsonb,
  '["Verify bespoke interior stitching and materials","Ensure digital mirror system functions correctly"]'::jsonb,
  '["Windshield-less design (Barchetta)","World''s first all-electric Barchetta","Bespoke aerodynamic enhancements"]'::jsonb,
  '["120 kWh High Performance EV System"]'::jsonb,
  '[]'::jsonb,
  null,
  null
)

insert into public.vehicle_models (
  id,
  make_id,
  slug,
  name_en,
  first_model_year,
  last_model_year,
  years_available,
  body_types_available,
  fuel_types_available,
  transmission_available,
  reliability_score,
  popularity_score
)
values (
  '78afcac5-04c5-15ad-b1f1-33c03378f5f9',
  'e4db8259-e838-3783-ac68-4ac6cef05bdd',
  'h2-speed',
  'H2 Speed',
  2017,
  2018,
  '{"2017","2018"}'::int[],
  '["Racecar"]'::jsonb,
  '["Hydrogen"]'::jsonb,
  '["Automatic"]'::jsonb,
  7,
  5
)

insert into public.vehicle_generations (
  id,
  model_id,
  code,
  start_year,
  end_year,
  facelift,
  production_countries,
  body_types,
  fuel_types,
  transmission_types,
  summary
)
values (
  'd020faec-b5cd-101e-9481-e6037bb0eb51',
  '78afcac5-04c5-15ad-b1f1-33c03378f5f9',
  'H2S_P1',
  2017,
  2018,
  false,
  '{"Italy"}'::text[],
  null,
  null,
  null,
  'Hydrogen fuel cell powered high-performance track car prototype, later offered as a limited track-only series.'
)

insert into public.vehicle_insights (
  model_id,
  pros,
  cons,
  inspection_tips,
  notable_features,
  engine_examples,
  common_issues_by_engine,
  reliability_score,
  popularity_score
)
values (
  '78afcac5-04c5-15ad-b1f1-33c03378f5f9',
  '["Groundbreaking hydrogen technology","High-downforce aerodynamic package","Unique exhaust note (water vapor)"]'::jsonb,
  '["Complex refueling infrastructure required","Extremely limited track use only","High maintenance cost"]'::jsonb,
  '["Check the integrity of the hydrogen tanks","Verify fuel cell stack performance metrics"]'::jsonb,
  '["Zero-emission racing technology","Patented ''H2 Speed'' fuel cell system"]'::jsonb,
  '["GreenGT Fuel Cell System"]'::jsonb,
  '[{"engine_code":"FCV_GG","common_issues_ru":["Чувствительность топливной системы к примесям в водороде","Необходимость частой калибровки датчиков"]}]'::jsonb,
  null,
  null
)

insert into public.vehicle_makes (id, slug, name_en, country, segment_class, is_active, category_path)
values (
  'ea5fa12d-1d03-a4b1-8025-48a6e60cf215',
  'plymouth',
  'Plymouth',
  'USA',
  'Defunct American Brand',
  false,
  'Historic/American Muscle'
)

insert into public.vehicle_models (
  id,
  make_id,
  slug,
  name_en,
  first_model_year,
  last_model_year,
  years_available,
  body_types_available,
  fuel_types_available,
  transmission_available,
  reliability_score,
  popularity_score
)
values (
  'f37827c4-77f4-fe23-f45f-e751b0be7212',
  'ea5fa12d-1d03-a4b1-8025-48a6e60cf215',
  'barracuda',
  'Barracuda',
  1964,
  1974,
  '{"1964","1966","1968","1970","1972","1974"}'::int[],
  '["Coupe","Convertible","Fastback"]'::jsonb,
  '["Gasoline"]'::jsonb,
  '["Manual","Automatic"]'::jsonb,
  5,
  9
)

insert into public.vehicle_generations (
  id,
  model_id,
  code,
  start_year,
  end_year,
  facelift,
  production_countries,
  body_types,
  fuel_types,
  transmission_types,
  summary
)
values (
  'dbace457-5cfa-5e30-7cc6-31360a4b9e36',
  'f37827c4-77f4-fe23-f45f-e751b0be7212',
  'E-Body',
  1970,
  1974,
  false,
  '{"USA"}'::text[],
  null,
  null,
  null,
  'The third generation, known as the E-body, is the most famous, offering powerful V8 engines, including the legendary 426 Hemi.'
)

insert into public.vehicle_insights (
  model_id,
  pros,
  cons,
  inspection_tips,
  notable_features,
  engine_examples,
  common_issues_by_engine,
  reliability_score,
  popularity_score
)
values (
  'f37827c4-77f4-fe23-f45f-e751b0be7212',
  '["Статус культового маслкара","Отличный коллекционный потенциал","Мощные двигатели V8"]'::jsonb,
  '["Высокий расход топлива","Ржавчина шасси","Слабая управляемость по современным стандартам"]'::jsonb,
  '["Проверить раму на повреждения и коррозию (особенно вокруг креплений задних рессор).","Убедиться в оригинальности двигателя, особенно для версий Hemi и 440."]'::jsonb,
  '["Shaker hood scoop availability","High performance ''Cuda trims","Iconic muscle car design"]'::jsonb,
  '["318 V8","440 V8","426 Hemi"]'::jsonb,
  '[{"engine_code":"LA 318","common_issues_ru":["Проблемы с маслонасосом (ранние модели)","Износ распредвала и толкателей","Утечки масла из-под крышек клапанов"]}]'::jsonb,
  null,
  null
)

insert into public.vehicle_models (
  id,
  make_id,
  slug,
  name_en,
  first_model_year,
  last_model_year,
  years_available,
  body_types_available,
  fuel_types_available,
  transmission_available,
  reliability_score,
  popularity_score
)
values (
  '35ab9b81-7b84-7418-2d90-257696029d9a',
  'ea5fa12d-1d03-a4b1-8025-48a6e60cf215',
  'duster',
  'Duster',
  1970,
  1976,
  '{"1970","1972","1974","1976"}'::int[],
  '["Coupe"]'::jsonb,
  '["Gasoline"]'::jsonb,
  '["Manual","Automatic"]'::jsonb,
  7,
  8
)

insert into public.vehicle_generations (
  id,
  model_id,
  code,
  start_year,
  end_year,
  facelift,
  production_countries,
  body_types,
  fuel_types,
  transmission_types,
  summary
)
values (
  '44fa08e4-cbdd-ee8b-9b2b-ac0d414fbd97',
  '35ab9b81-7b84-7418-2d90-257696029d9a',
  'A-Body',
  1970,
  1976,
  false,
  '{"USA"}'::text[],
  null,
  null,
  null,
  'A compact, performance-oriented variant of the Valiant, designed for affordability and speed.'
)

insert into public.vehicle_insights (
  model_id,
  pros,
  cons,
  inspection_tips,
  notable_features,
  engine_examples,
  common_issues_by_engine,
  reliability_score,
  popularity_score
)
values (
  '35ab9b81-7b84-7418-2d90-257696029d9a',
  '["Доступная классика маслкаров","Простота и надежность механики","Хорошая доступность запчастей Mopar"]'::jsonb,
  '["Базовое качество интерьера","Отсутствие современных систем безопасности","Слабые барабанные тормоза"]'::jsonb,
  '["Осмотреть задние крылья и пол багажника на предмет сильной коррозии.","Проверить состояние точек крепления торсионной подвески."]'::jsonb,
  '["High performance Duster 340 trim","Durable Slant Six engine option","Robust A-body architecture"]'::jsonb,
  '["225 Slant Six","318 V8","340 V8"]'::jsonb,
  '[{"engine_code":"Slant Six 225","common_issues_ru":["Износ коленчатого вала при недостаточном обслуживании","Шумный механизм газораспределения","Утечки масла через прокладки поддона"]}]'::jsonb,
  null,
  null
)

insert into public.vehicle_models (
  id,
  make_id,
  slug,
  name_en,
  first_model_year,
  last_model_year,
  years_available,
  body_types_available,
  fuel_types_available,
  transmission_available,
  reliability_score,
  popularity_score
)
values (
  '7fde102c-777d-8201-8c5c-906fc1a74e12',
  'ea5fa12d-1d03-a4b1-8025-48a6e60cf215',
  'voyager',
  'Voyager',
  1984,
  2000,
  '{"1984","1988","1991","1995","1998","2000"}'::int[],
  '["Minivan"]'::jsonb,
  '["Gasoline"]'::jsonb,
  '["Automatic","Manual"]'::jsonb,
  6,
  7.5
)

insert into public.vehicle_generations (
  id,
  model_id,
  code,
  start_year,
  end_year,
  facelift,
  production_countries,
  body_types,
  fuel_types,
  transmission_types,
  summary
)
values (
  '41350a89-1319-1344-67e4-a4ecde2a7d43',
  '7fde102c-777d-8201-8c5c-906fc1a74e12',
  'AS',
  1991,
  1995,
  false,
  '{"USA","Canada"}'::text[],
  null,
  null,
  null,
  'The second generation saw the adoption of aerodynamic styling and improved engines, making the platform highly successful globally.'
)

insert into public.vehicle_insights (
  model_id,
  pros,
  cons,
  inspection_tips,
  notable_features,
  engine_examples,
  common_issues_by_engine,
  reliability_score,
  popularity_score
)
values (
  '7fde102c-777d-8201-8c5c-906fc1a74e12',
  '["Очень просторный и практичный салон","Комфорт при движении по шоссе","Доступная цена на вторичном рынке"]'::jsonb,
  '["Проблемы с надежностью АКПП Ultradrive (особенно до 1994 г.)","Сильная коррозия задних колесных арок","Невнятная управляемость"]'::jsonb,
  '["Немедленно проверить состояние и уровень масла в автоматической трансмиссии.","Искать изношенные компоненты подвески из-за большого веса (втулки и амортизаторы)."]'::jsonb,
  '["Pioneered the modern minivan segment","Available long-wheelbase version (Grand Voyager)","Easy entry/exit sliding doors"]'::jsonb,
  '["2.5L I4","3.3L V6","3.8L V6"]'::jsonb,
  '[{"engine_code":"3.3L V6","common_issues_ru":["Проблемы с гидрокомпенсаторами клапанов (шум/стук)","Частые утечки масла из-под сальников коленвала","Выход из строя датчика положения коленвала"]},{"engine_code":"41TE Ultradrive Transmission","common_issues_ru":["Ранний выход из строя автоматической коробки передач (проблемы с гидроблоком)","Жесткое переключение передач"]}]'::jsonb,
  null,
  null
)

insert into public.vehicle_makes (id, slug, name_en, country, segment_class, is_active, category_path)
values (
  '6e4dd034-df44-fec1-0024-0691cd100ae4',
  'polestar',
  'Polestar',
  'Sweden',
  'Electric Performance',
  true,
  'Cars/Premium/Electric'
)

insert into public.vehicle_models (
  id,
  make_id,
  slug,
  name_en,
  first_model_year,
  last_model_year,
  years_available,
  body_types_available,
  fuel_types_available,
  transmission_available,
  reliability_score,
  popularity_score
)
values (
  '459e0e9c-067f-021d-23df-32f8000e58e9',
  '6e4dd034-df44-fec1-0024-0691cd100ae4',
  'polestar-2',
  'Polestar 2',
  2020,
  2024,
  '{"2020","2021","2022","2023","2024"}'::int[],
  '["Fastback","Hatchback"]'::jsonb,
  '["Electric"]'::jsonb,
  '["Automatic (Single Speed)"]'::jsonb,
  8.5,
  9.5
)

insert into public.vehicle_generations (
  id,
  model_id,
  code,
  start_year,
  end_year,
  facelift,
  production_countries,
  body_types,
  fuel_types,
  transmission_types,
  summary
)
values (
  'f41b2e59-5c08-1ccf-0714-d277634bf8a7',
  '459e0e9c-067f-021d-23df-32f8000e58e9',
  'P2',
  2020,
  2024,
  false,
  '{"China"}'::text[],
  null,
  null,
  null,
  'The first mass-market electric vehicle from Polestar, competing directly with Tesla Model 3.'
)

insert into public.vehicle_insights (
  model_id,
  pros,
  cons,
  inspection_tips,
  notable_features,
  engine_examples,
  common_issues_by_engine,
  reliability_score,
  popularity_score
)
values (
  '459e0e9c-067f-021d-23df-32f8000e58e9',
  '["Высокая производительность","Минималистичный дизайн","Информационно-развлекательная система на базе Android Automotive","Хорошая управляемость"]'::jsonb,
  '["Относительно небольшой запас хода в холодную погоду","Тугой задний обзор","Высокая стоимость обслуживания (у официалов)"]'::jsonb,
  '["Проверить состояние шин (быстрый износ из-за высокого крутящего момента)","Убедиться в отсутствии влаги в багажнике (редкие проблемы с уплотнителями ранних партий)","Проверить работу теплового насоса"]'::jsonb,
  '["Google built-in","Pilot Assist","Pixel LED headlights"]'::jsonb,
  '["Single Motor Long Range","Dual Motor Performance Pack"]'::jsonb,
  '[{"engine_code":"Single Motor Long Range","common_issues_ru":["Проблемы с датчиками давления в шинах (TPMS)","Сбои в работе приложения для смартфона"]},{"engine_code":"Dual Motor Performance Pack","common_issues_ru":["Посторонние шумы из подвески на низких скоростях","Ограниченная доступность запчастей в СНГ"]}]'::jsonb,
  null,
  null
)

insert into public.vehicle_models (
  id,
  make_id,
  slug,
  name_en,
  first_model_year,
  last_model_year,
  years_available,
  body_types_available,
  fuel_types_available,
  transmission_available,
  reliability_score,
  popularity_score
)
values (
  '2b69c518-ccd0-8cb3-93b2-8b2adac7e9a7',
  '6e4dd034-df44-fec1-0024-0691cd100ae4',
  'polestar-3',
  'Polestar 3',
  2024,
  2024,
  '{"2024"}'::int[],
  '["SUV"]'::jsonb,
  '["Electric"]'::jsonb,
  '["Automatic (Single Speed)"]'::jsonb,
  8.8,
  8
)

insert into public.vehicle_generations (
  id,
  model_id,
  code,
  start_year,
  end_year,
  facelift,
  production_countries,
  body_types,
  fuel_types,
  transmission_types,
  summary
)
values (
  'f14263b5-9c89-8c31-4522-ef958fc81542',
  '2b69c518-ccd0-8cb3-93b2-8b2adac7e9a7',
  'P3',
  2024,
  null,
  false,
  '{"China","USA"}'::text[],
  null,
  null,
  null,
  'A large electric SUV, sharing technology with the Volvo EX90, focusing on aerodynamics and luxury.'
)

insert into public.vehicle_insights (
  model_id,
  pros,
  cons,
  inspection_tips,
  notable_features,
  engine_examples,
  common_issues_by_engine,
  reliability_score,
  popularity_score
)
values (
  '2b69c518-ccd0-8cb3-93b2-8b2adac7e9a7',
  '["Высокий уровень безопасности и технологий Volvo","Премиальный интерьер","Большой запас хода","Впечатляющее ускорение для SUV"]'::jsonb,
  '["Очень высокая цена","Ограниченная видимость назад из-за купе-подобного дизайна"]'::jsonb,
  '["Обратить внимание на работу пневмоподвески","Проверить функциональность радаров и сенсоров ADAS"]'::jsonb,
  '["Lidar technology (optional)","NVIDIA central computing","Pirelli P Zero tires"]'::jsonb,
  '["Long Range Dual Motor","Performance Pack"]'::jsonb,
  '[{"engine_code":"Long Range Dual Motor","common_issues_ru":["Пока новые модели, критических проблем не выявлено"]}]'::jsonb,
  null,
  null
)

insert into public.vehicle_models (
  id,
  make_id,
  slug,
  name_en,
  first_model_year,
  last_model_year,
  years_available,
  body_types_available,
  fuel_types_available,
  transmission_available,
  reliability_score,
  popularity_score
)
values (
  'd5c3a4a9-229e-2700-69b5-b308f27fcf16',
  '6e4dd034-df44-fec1-0024-0691cd100ae4',
  'polestar-1',
  'Polestar 1',
  2019,
  2021,
  '{"2019","2020","2021"}'::int[],
  '["Coupe"]'::jsonb,
  '["Hybrid (PHEV)"]'::jsonb,
  '["Automatic"]'::jsonb,
  7.5,
  4
)

insert into public.vehicle_generations (
  id,
  model_id,
  code,
  start_year,
  end_year,
  facelift,
  production_countries,
  body_types,
  fuel_types,
  transmission_types,
  summary
)
values (
  '538e5bf7-1cf3-5fe8-570b-f6c29b8a3cc5',
  'd5c3a4a9-229e-2700-69b5-b308f27fcf16',
  'P1',
  2019,
  2021,
  false,
  '{"China"}'::text[],
  null,
  null,
  null,
  'A limited-edition high-performance plug-in hybrid coupe, serving as the halo car for the Polestar brand launch.'
)

insert into public.vehicle_insights (
  model_id,
  pros,
  cons,
  inspection_tips,
  notable_features,
  engine_examples,
  common_issues_by_engine,
  reliability_score,
  popularity_score
)
values (
  'd5c3a4a9-229e-2700-69b5-b308f27fcf16',
  '["Эксклюзивность (ограниченная серия)","Высокая мощность и производительность (600 л.с.)","Карбоновый кузов"]'::jsonb,
  '["Очень маленький багажник","Сложность в обслуживании гибридной системы","Высокая стоимость запчастей"]'::jsonb,
  '["Проверить состояние аккумуляторных батарей (дорогостоящая замена)","Оценить качество окраски карбоновых панелей","Проверить работу заднего электрического мотора"]'::jsonb,
  '["Öhlins suspension","Carbon fiber body panels","Limited production run"]'::jsonb,
  '["2.0L Drive-E PHEV"]'::jsonb,
  '[{"engine_code":"2.0L Drive-E PHEV","common_issues_ru":["Сложности с поиском сервисных центров, знающих гибридную систему","Необходимость частой подзарядки для достижения заявленной экономии"]}]'::jsonb,
  null,
  null
)

insert into public.vehicle_makes (id, slug, name_en, country, segment_class, is_active, category_path)
values (
  'db5f9003-1563-2dde-19e3-4f463df8f678',
  'polonez',
  'Polonez',
  'Poland',
  'Compact/Mid-size Car (Historic)',
  false,
  'Passenger Cars'
)

insert into public.vehicle_models (
  id,
  make_id,
  slug,
  name_en,
  first_model_year,
  last_model_year,
  years_available,
  body_types_available,
  fuel_types_available,
  transmission_available,
  reliability_score,
  popularity_score
)
values (
  '155ad162-83ff-12c2-bb5a-d3289cc12b22',
  'db5f9003-1563-2dde-19e3-4f463df8f678',
  'polonez-original',
  'Polonez (Original Series)',
  1978,
  1991,
  '{"1978","1980","1983","1986","1989","1991"}'::int[],
  '["Hatchback"]'::jsonb,
  '["Gasoline"]'::jsonb,
  '["Manual"]'::jsonb,
  4,
  6
)

insert into public.vehicle_generations (
  id,
  model_id,
  code,
  start_year,
  end_year,
  facelift,
  production_countries,
  body_types,
  fuel_types,
  transmission_types,
  summary
)
values (
  'ee788363-ea82-0494-e8fa-ad6c7db0472c',
  '155ad162-83ff-12c2-bb5a-d3289cc12b22',
  'MR''78-MR''83',
  1978,
  1983,
  false,
  '{"Poland"}'::text[],
  null,
  null,
  null,
  'Original model range, known as ''Borewicz'', based on Fiat 125p mechanicals.'
)

insert into public.vehicle_generations (
  id,
  model_id,
  code,
  start_year,
  end_year,
  facelift,
  production_countries,
  body_types,
  fuel_types,
  transmission_types,
  summary
)
values (
  '218f8720-0067-715f-ad65-18266018c052',
  '155ad162-83ff-12c2-bb5a-d3289cc12b22',
  'MR''85-MR''89',
  1985,
  1991,
  true,
  '{"Poland"}'::text[],
  null,
  null,
  null,
  'Introduction of the five-bearing crankshaft engine and significant exterior updates, including a revised rear end (''Akwarium'').'
)

insert into public.vehicle_insights (
  model_id,
  pros,
  cons,
  inspection_tips,
  notable_features,
  engine_examples,
  common_issues_by_engine,
  reliability_score,
  popularity_score
)
values (
  '155ad162-83ff-12c2-bb5a-d3289cc12b22',
  '["Просторный салон и багажник","Простая и ремонтопригодная конструкция","Низкая стоимость приобретения"]'::jsonb,
  '["Высокий расход топлива","Плохая управляемость на высоких скоростях","Сильная подверженность коррозии кузова"]'::jsonb,
  '["Проверить состояние задних листовых рессор","Осмотреть лонжероны и пол на предмет критической ржавчины","Оценить работу тормозной системы, которая часто бывает неэффективной"]'::jsonb,
  '["Innovative safety features for its time (e.g., break-away steering column)","Hatchback utility"]'::jsonb,
  '["1.5 L I4","1.6 L I4","2.0 L Fiat DOHC (rare)"]'::jsonb,
  '[{"engine_code":"1.5 FSO (AB/CB)","common_issues_ru":["Ненадежный карбюратор и сложности с настройкой","Склонность к перегреву при высоких нагрузках","Износ распределительного вала"]}]'::jsonb,
  null,
  null
)

insert into public.vehicle_models (
  id,
  make_id,
  slug,
  name_en,
  first_model_year,
  last_model_year,
  years_available,
  body_types_available,
  fuel_types_available,
  transmission_available,
  reliability_score,
  popularity_score
)
values (
  '365cb928-a27b-88bf-65a5-4b4657aa18ea',
  'db5f9003-1563-2dde-19e3-4f463df8f678',
  'polonez-caro',
  'Polonez Caro',
  1991,
  1997,
  '{"1991","1993","1995","1997"}'::int[],
  '["Hatchback"]'::jsonb,
  '["Gasoline","Diesel"]'::jsonb,
  '["Manual"]'::jsonb,
  5,
  7.5
)

insert into public.vehicle_generations (
  id,
  model_id,
  code,
  start_year,
  end_year,
  facelift,
  production_countries,
  body_types,
  fuel_types,
  transmission_types,
  summary
)
values (
  '8faa3d21-5f2f-86af-c23a-b235de2783a4',
  '365cb928-a27b-88bf-65a5-4b4657aa18ea',
  'Caro I',
  1991,
  1997,
  true,
  '{"Poland"}'::text[],
  null,
  null,
  null,
  'Major exterior redesign (new front/rear masks) improving aerodynamics and modernizing the look.'
)

insert into public.vehicle_insights (
  model_id,
  pros,
  cons,
  inspection_tips,
  notable_features,
  engine_examples,
  common_issues_by_engine,
  reliability_score,
  popularity_score
)
values (
  '365cb928-a27b-88bf-65a5-4b4657aa18ea',
  '["Улучшенная управляемость по сравнению с предыдущими моделями","Более современный внешний вид","Доступность дизельных версий"]'::jsonb,
  '["Все еще значительная подверженность коррозии","Устаревшая задняя подвеска (рессоры) на ранних моделях","Шумный салон"]'::jsonb,
  '["Проверить работу инжекторных систем (Bosch/Lucas) на предмет нестабильной работы двигателя","Осмотреть состояние задних арок и порогов, где чаще всего начинается ржавчина","Проверить наличие антиблокировочной системы (ABS), которая была опциональной"]'::jsonb,
  '["Improved dashboard and interior ergonomics","Introduction of fuel injection options"]'::jsonb,
  '["1.6 L FSO GLI","1.4 L Rover MPI","1.9 L Citroën Diesel"]'::jsonb,
  '[{"engine_code":"Rover K-series 1.4 MPI","common_issues_ru":["Частые проблемы с прокладкой головки блока цилиндров (типично для K-Series)","Утечки масла и охлаждающей жидкости","Выход из строя водяного насоса"]}]'::jsonb,
  null,
  null
)

insert into public.vehicle_models (
  id,
  make_id,
  slug,
  name_en,
  first_model_year,
  last_model_year,
  years_available,
  body_types_available,
  fuel_types_available,
  transmission_available,
  reliability_score,
  popularity_score
)
values (
  '37cc046e-967b-67e0-aa14-0f37a817ace2',
  'db5f9003-1563-2dde-19e3-4f463df8f678',
  'polonez-atu-plus',
  'Polonez Atu / Plus',
  1996,
  2002,
  '{"1996","1998","2000","2002"}'::int[],
  '["Sedan","Hatchback"]'::jsonb,
  '["Gasoline"]'::jsonb,
  '["Manual"]'::jsonb,
  5.5,
  7
)

insert into public.vehicle_generations (
  id,
  model_id,
  code,
  start_year,
  end_year,
  facelift,
  production_countries,
  body_types,
  fuel_types,
  transmission_types,
  summary
)
values (
  '1bc894ed-a7b4-f2f9-660c-637f391fe936',
  '37cc046e-967b-67e0-aa14-0f37a817ace2',
  'Atu/Plus',
  1997,
  2002,
  true,
  '{"Poland"}'::text[],
  null,
  null,
  null,
  'Final modernization package (Plus) featuring rounded body elements, a new dashboard, and the sedan variant (Atu).'
)

insert into public.vehicle_insights (
  model_id,
  pros,
  cons,
  inspection_tips,
  notable_features,
  engine_examples,
  common_issues_by_engine,
  reliability_score,
  popularity_score
)
values (
  '37cc046e-967b-67e0-aa14-0f37a817ace2',
  '["Самый современный интерьер и экстерьер","Недорогой в обслуживании (для FSO двигателей)","Введение задней винтовой подвески на некоторых моделях (Multilink)"]'::jsonb,
  '["Очень низкий уровень пассивной безопасности","Быстрый износ элементов салона","Труднодоступность некоторых оригинальных запчастей"]'::jsonb,
  '["Проверить герметичность кузова (особенно в багажнике седана Atu)","Оценить состояние рулевого механизма, который может быть изношен","Убедиться в работоспособности всех электрических систем (часто выходит из строя)"]'::jsonb,
  '["Sedan body style (Atu) offering traditional trunk space","The most refined handling and ride quality in the Polonez lineage"]'::jsonb,
  '["1.6 L FSO GLi (injection)"]'::jsonb,
  '[{"engine_code":"1.6 FSO GLI","common_issues_ru":["Проблемы с датчиками холостого хода","Нестабильность работы двигателя на низких оборотах","Необходимость частой замены топливного фильтра"]}]'::jsonb,
  null,
  null
)

insert into public.vehicle_makes (id, slug, name_en, country, segment_class, is_active, category_path)
values (
  'b5811339-bd9d-816a-08b0-e9cc79c3b3bc',
  'pontiac',
  'Pontiac',
  'USA',
  'Mass Market',
  false,
  '/american/mass-market'
)

insert into public.vehicle_models (
  id,
  make_id,
  slug,
  name_en,
  first_model_year,
  last_model_year,
  years_available,
  body_types_available,
  fuel_types_available,
  transmission_available,
  reliability_score,
  popularity_score
)
values (
  'b4648486-343d-c3a4-2713-c6541f66e81b',
  'b5811339-bd9d-816a-08b0-e9cc79c3b3bc',
  'firebird',
  'Firebird',
  1967,
  2002,
  '{"1967","1968","1969","1970","1971","1972","1973","1974","1975","1976","1977","1978","1979","1980","1981","1982","1983","1984","1985","1986","1987","1988","1989","1990","1991","1992","1993","1994","1995","1996","1997","1998","1999","2000","2001","2002"}'::int[],
  '["Coupe","Convertible"]'::jsonb,
  '["Gasoline"]'::jsonb,
  '["Manual","Automatic"]'::jsonb,
  6.5,
  8
)

insert into public.vehicle_generations (
  id,
  model_id,
  code,
  start_year,
  end_year,
  facelift,
  production_countries,
  body_types,
  fuel_types,
  transmission_types,
  summary
)
values (
  'c946973c-229e-ccc6-8735-69b456c83274',
  'b4648486-343d-c3a4-2713-c6541f66e81b',
  'Fourth Generation (F4)',
  1993,
  2002,
  false,
  '{"USA"}'::text[],
  null,
  null,
  null,
  'The final generation, known for its sleek design and powerful LT1/LS1 V8 engines. Highly popular among enthusiasts.'
)

insert into public.vehicle_insights (
  model_id,
  pros,
  cons,
  inspection_tips,
  notable_features,
  engine_examples,
  common_issues_by_engine,
  reliability_score,
  popularity_score
)
values (
  'b4648486-343d-c3a4-2713-c6541f66e81b',
  '["Мощные двигатели V8 (особенно LS1)","Отличная динамика","Классический американский дизайн"]'::jsonb,
  '["Проблемы с электрикой","Низкое качество пластика салона","Высокий расход топлива и налог"]'::jsonb,
  '["Проверить состояние T-Tops на предмет протечек","Осмотреть рулевую рейку и насос ГУР","Проверить работу фар (подъемный механизм)"]'::jsonb,
  '["Pop-up headlights (pre-1998)","T-Tops","Trans Am performance package"]'::jsonb,
  '["5.7L V8 LT1","5.7L V8 LS1","3.8L V6 L36"]'::jsonb,
  '[{"engine_code":"LS1","common_issues_ru":["Проблемы с системой охлаждения","Выход из строя датчиков ABS","Поломки катушек зажигания"]},{"engine_code":"LT1","common_issues_ru":["Проблемы с оптоспаркой (Optispark)","Течи масла"]}]'::jsonb,
  null,
  null
)

insert into public.vehicle_models (
  id,
  make_id,
  slug,
  name_en,
  first_model_year,
  last_model_year,
  years_available,
  body_types_available,
  fuel_types_available,
  transmission_available,
  reliability_score,
  popularity_score
)
values (
  '0f242610-eebd-e59d-435c-66d8710746eb',
  'b5811339-bd9d-816a-08b0-e9cc79c3b3bc',
  'vibe',
  'Vibe',
  2003,
  2010,
  '{"2003","2004","2005","2006","2007","2008","2009","2010"}'::int[],
  '["Hatchback"]'::jsonb,
  '["Gasoline"]'::jsonb,
  '["Manual","Automatic"]'::jsonb,
  8.5,
  7
)

insert into public.vehicle_generations (
  id,
  model_id,
  code,
  start_year,
  end_year,
  facelift,
  production_countries,
  body_types,
  fuel_types,
  transmission_types,
  summary
)
values (
  '90a6f6f8-f863-2620-1e57-9171e7758daa',
  '0f242610-eebd-e59d-435c-66d8710746eb',
  'First Generation (A30)',
  2003,
  2008,
  false,
  '{"USA"}'::text[],
  null,
  null,
  null,
  'A compact crossover/hatchback developed jointly with Toyota (Matrix twin), known for its reliability.'
)

insert into public.vehicle_generations (
  id,
  model_id,
  code,
  start_year,
  end_year,
  facelift,
  production_countries,
  body_types,
  fuel_types,
  transmission_types,
  summary
)
values (
  'bb894c93-2738-3057-cd15-53c4d9d79857',
  '0f242610-eebd-e59d-435c-66d8710746eb',
  'Second Generation (A35)',
  2009,
  2010,
  false,
  '{"USA"}'::text[],
  null,
  null,
  null,
  'The final, slightly larger generation, featuring updated engines and design, but with a very short production run.'
)

insert into public.vehicle_insights (
  model_id,
  pros,
  cons,
  inspection_tips,
  notable_features,
  engine_examples,
  common_issues_by_engine,
  reliability_score,
  popularity_score
)
values (
  '0f242610-eebd-e59d-435c-66d8710746eb',
  '["Высокая надежность (технологии Toyota)","Практичный и вместительный салон","Экономичность и низкая стоимость обслуживания"]'::jsonb,
  '["Простой интерьер и дешевый пластик","Слабая шумоизоляция","Ограниченный выбор запчастей Pontiac (ходовая Toyota)"]'::jsonb,
  '["Проверить состояние задней подвески (на первом поколении)","Осмотреть на наличие коррозии на днище","Проверить состояние автоматической коробки передач"]'::jsonb,
  '["All-wheel drive option","Cargo management system","High fuel efficiency"]'::jsonb,
  '["1.8L I4 1ZZ-FE","2.4L I4 2AZ-FE"]'::jsonb,
  '[{"engine_code":"1ZZ-FE","common_issues_ru":["Повышенный расход масла (на ранних моделях до 2006)","Проблемы с катализатором","Вибрация на холостом ходу"]}]'::jsonb,
  null,
  null
)

insert into public.vehicle_models (
  id,
  make_id,
  slug,
  name_en,
  first_model_year,
  last_model_year,
  years_available,
  body_types_available,
  fuel_types_available,
  transmission_available,
  reliability_score,
  popularity_score
)
values (
  '3a3c7635-7efd-c194-2491-6e33c8145c0f',
  'b5811339-bd9d-816a-08b0-e9cc79c3b3bc',
  'grand-prix',
  'Grand Prix',
  1962,
  2008,
  '{"2004","2005","2006","2007","2008"}'::int[],
  '["Sedan","Coupe"]'::jsonb,
  '["Gasoline"]'::jsonb,
  '["Automatic"]'::jsonb,
  7,
  7.5
)

insert into public.vehicle_generations (
  id,
  model_id,
  code,
  start_year,
  end_year,
  facelift,
  production_countries,
  body_types,
  fuel_types,
  transmission_types,
  summary
)
values (
  '97dfc981-8781-8736-ae61-ccce12bc50d5',
  '3a3c7635-7efd-c194-2491-6e33c8145c0f',
  'Eighth Generation (W-Body)',
  2004,
  2008,
  false,
  '{"USA"}'::text[],
  null,
  null,
  null,
  'The last generation, a mid-size sedan known for its distinctive styling and available supercharged V6 engines (GTP).'
)

insert into public.vehicle_insights (
  model_id,
  pros,
  cons,
  inspection_tips,
  notable_features,
  engine_examples,
  common_issues_by_engine,
  reliability_score,
  popularity_score
)
values (
  '3a3c7635-7efd-c194-2491-6e33c8145c0f',
  '["Мощные версии (особенно GTP и GXP)","Просторный и комфортный салон","Хорошая управляемость для американского седана"]'::jsonb,
  '["Проблемы с трансмиссией (4T65-E)","Быстрый износ тормозных механизмов","Типичные проблемы электрики GM (люфт рулевого вала)"]'::jsonb,
  '["Внимательно проверить АКПП на предмет рывков и проскальзываний","Осмотреть сайлентблоки задней подвески","Проверить работу HUD и климат-контроля"]'::jsonb,
  '["Heads-up display (HUD)","Remote vehicle start","GTP performance version"]'::jsonb,
  '["3.8L V6 L26","3.8L V6 Supercharged L32","5.3L V8 LS4 (GXP)"]'::jsonb,
  '[{"engine_code":"L32 (Supercharged)","common_issues_ru":["Утечки охлаждающей жидкости через прокладки","Проблемы с компрессором","Выход из строя датчика положения коленвала"]}]'::jsonb,
  null,
  null
)

insert into public.vehicle_makes (id, slug, name_en, country, segment_class, is_active, category_path)
values (
  '2b180d83-1c8a-1194-7ac6-b642e7f3844d',
  'porsche',
  'Porsche',
  'Germany',
  'Premium Sports Car Manufacturer',
  true,
  '/luxury/sports_cars'
)

insert into public.vehicle_models (
  id,
  make_id,
  slug,
  name_en,
  first_model_year,
  last_model_year,
  years_available,
  body_types_available,
  fuel_types_available,
  transmission_available,
  reliability_score,
  popularity_score
)
values (
  '6af0ddf7-ecf9-0af1-7f9a-ced493aacad7',
  '2b180d83-1c8a-1194-7ac6-b642e7f3844d',
  '911',
  '911',
  2019,
  2024,
  '{"2019","2020","2021","2022","2023","2024"}'::int[],
  '["Coupe","Cabriolet","Targa"]'::jsonb,
  '["Gasoline"]'::jsonb,
  '["Automatic (PDK)","Manual"]'::jsonb,
  8.5,
  9.5
)

insert into public.vehicle_generations (
  id,
  model_id,
  code,
  start_year,
  end_year,
  facelift,
  production_countries,
  body_types,
  fuel_types,
  transmission_types,
  summary
)
values (
  '62c8d562-6e67-46b3-0f15-b61f9c0b2a7b',
  '6af0ddf7-ecf9-0af1-7f9a-ced493aacad7',
  '992',
  2019,
  2024,
  false,
  '{"Germany"}'::text[],
  null,
  null,
  null,
  'The current iteration of the iconic sports car, featuring enhanced performance, digitization, and wide-body styling across the range.'
)

insert into public.vehicle_insights (
  model_id,
  pros,
  cons,
  inspection_tips,
  notable_features,
  engine_examples,
  common_issues_by_engine,
  reliability_score,
  popularity_score
)
values (
  '6af0ddf7-ecf9-0af1-7f9a-ced493aacad7',
  '["Выдающаяся управляемость и динамика","Мощные и относительно надежные двигатели","Высокая остаточная стоимость"]'::jsonb,
  '["Очень высокая стоимость обслуживания и запасных частей","Ограниченное пространство для багажа","Низкий дорожный просвет"]'::jsonb,
  '["Проверить работу PDK на предмет рывков или задержек переключения.","Осмотреть кузов на предмет скрытых повреждений от трека.","Особое внимание уделить состоянию тормозной системы (особенно карбон-керамике)."]'::jsonb,
  '["Porsche Doppelkupplung (PDK) transmission","Active Suspension Management (PASM)","Rear-axle steering"]'::jsonb,
  '["3.0L Flat-6 Twin-Turbo (Carrera/S)","4.0L Flat-6 Naturally Aspirated (GT3)"]'::jsonb,
  '[{"engine_code":"MA1.71/MA1.72","common_issues_ru":["Проблемы с датчиками давления наддува","Износ креплений двигателя при активном трековом использовании"]}]'::jsonb,
  null,
  null
)

insert into public.vehicle_models (
  id,
  make_id,
  slug,
  name_en,
  first_model_year,
  last_model_year,
  years_available,
  body_types_available,
  fuel_types_available,
  transmission_available,
  reliability_score,
  popularity_score
)
values (
  'fbe9dc84-42fc-f721-78e1-a2bc0c160291',
  '2b180d83-1c8a-1194-7ac6-b642e7f3844d',
  'cayenne',
  'Cayenne',
  2018,
  2024,
  '{"2018","2019","2020","2021","2022","2023","2024"}'::int[],
  '["SUV","Coupe SUV"]'::jsonb,
  '["Gasoline","Hybrid"]'::jsonb,
  '["Automatic (Tiptronic S)"]'::jsonb,
  8,
  9
)

insert into public.vehicle_generations (
  id,
  model_id,
  code,
  start_year,
  end_year,
  facelift,
  production_countries,
  body_types,
  fuel_types,
  transmission_types,
  summary
)
values (
  'f1988fe5-0af8-c9d5-98e4-bfc9a0daef19',
  'fbe9dc84-42fc-f721-78e1-a2bc0c160291',
  'E3',
  2018,
  2024,
  true,
  '{"Germany","Slovakia"}'::text[],
  null,
  null,
  null,
  'The third generation SUV offering enhanced luxury, technology, and improved dynamic performance, now exclusively built on the MLB Evo platform.'
)

insert into public.vehicle_insights (
  model_id,
  pros,
  cons,
  inspection_tips,
  notable_features,
  engine_examples,
  common_issues_by_engine,
  reliability_score,
  popularity_score
)
values (
  'fbe9dc84-42fc-f721-78e1-a2bc0c160291',
  '["Превосходное сочетание спортивности, комфорта и проходимости","Качественный, технологичный интерьер","Просторный салон и багажник"]'::jsonb,
  '["Высокий расход топлива у V8 версий","Дорогостоящий ремонт пневмоподвески и электронных систем","Сложности с обслуживанием гибридных версий"]'::jsonb,
  '["Проверить работу пневматической подвески на всех режимах высоты и амортизации.","Осмотреть состояние тормозных дисков, так как износ быстрый из-за веса.","Проверить работу мультимедийной системы (PCM) на предмет зависаний."]'::jsonb,
  '["Three-chamber air suspension","Porsche Surface Coated Brake (PSCB)","Rear-axle steering availability"]'::jsonb,
  '["3.0L V6 Turbo","4.0L V8 Twin-Turbo","E-Hybrid variants"]'::jsonb,
  '[{"engine_code":"DCBE (3.0L V6)","common_issues_ru":["Течи масла из-под клапанных крышек и передней крышки ГРМ","Проблемы с топливными насосами высокого давления на ранних моделях"]},{"engine_code":"4.0L V8 TT","common_issues_ru":["Выход из строя креплений турбонагнетателей из-за высоких температур"]}]'::jsonb,
  null,
  null
)

insert into public.vehicle_models (
  id,
  make_id,
  slug,
  name_en,
  first_model_year,
  last_model_year,
  years_available,
  body_types_available,
  fuel_types_available,
  transmission_available,
  reliability_score,
  popularity_score
)
values (
  'b571c395-b9f1-a9b0-b2ab-ae651642b185',
  '2b180d83-1c8a-1194-7ac6-b642e7f3844d',
  'macan',
  'Macan',
  2014,
  2024,
  '{"2014","2015","2016","2017","2018","2019","2020","2021","2022","2023","2024"}'::int[],
  '["Compact SUV"]'::jsonb,
  '["Gasoline"]'::jsonb,
  '["Automatic (PDK)"]'::jsonb,
  8.2,
  8.8
)

insert into public.vehicle_generations (
  id,
  model_id,
  code,
  start_year,
  end_year,
  facelift,
  production_countries,
  body_types,
  fuel_types,
  transmission_types,
  summary
)
values (
  '4ce45748-2612-a98f-b03f-cf89e0be807e',
  'b571c395-b9f1-a9b0-b2ab-ae651642b185',
  '95B',
  2014,
  2024,
  true,
  '{"Germany"}'::text[],
  null,
  null,
  null,
  'Porsche''s entry-level compact luxury SUV, renowned for its athletic handling and strong performance derived from the Audi Q5 platform.'
)

insert into public.vehicle_insights (
  model_id,
  pros,
  cons,
  inspection_tips,
  notable_features,
  engine_examples,
  common_issues_by_engine,
  reliability_score,
  popularity_score
)
values (
  'b571c395-b9f1-a9b0-b2ab-ae651642b185',
  '["Лучшая управляемость в классе компактных SUV","Надежная и быстрая коробка PDK","Стильный и актуальный дизайн"]'::jsonb,
  '["Дороговизна опций, влияющая на комплектацию базовых моделей","Тесный задний ряд по сравнению с некоторыми конкурентами","Высокая стоимость ремонта PDK после длительного пробега"]'::jsonb,
  '["Внимательно проверить состояние раздаточной коробки (шум, рывки).","Проверить наличие сервисной истории по замене цепей ГРМ (для ранних V6 S/Turbo).","Осмотреть сальники трансмиссии на предмет течей."]'::jsonb,
  '["Standard Porsche Traction Management (PTM) AWD","Sporty chassis tuning","Available PDK transmission"]'::jsonb,
  '["2.0L I4 Turbo","3.0L V6 Turbo","3.6L V6 Twin-Turbo (Macan Turbo pre-facelift)"]'::jsonb,
  '[{"engine_code":"MCN.CC (3.6L V6 TT)","common_issues_ru":["Растяжение цепи ГРМ (на моделях до 2017 года)","Выход из строя соленоидов раздаточной коробки (особенно на мощных версиях)"]},{"engine_code":"2.0L I4","common_issues_ru":["Повышенный расход масла","Проблемы с клапаном N75 (управление турбиной)"]}]'::jsonb,
  null,
  null
)

insert into public.vehicle_makes (id, slug, name_en, country, segment_class, is_active, category_path)
values (
  '72679488-f9fa-9952-81a9-848954512922',
  'praga',
  'Praga',
  'Czech Republic',
  'Historical / Specialty',
  true,
  'Cars'
)

insert into public.vehicle_models (
  id,
  make_id,
  slug,
  name_en,
  first_model_year,
  last_model_year,
  years_available,
  body_types_available,
  fuel_types_available,
  transmission_available,
  reliability_score,
  popularity_score
)
values (
  '930e6167-99e5-3e68-55c9-10285c1b364b',
  '72679488-f9fa-9952-81a9-848954512922',
  'praga-r1',
  'R1',
  2012,
  2024,
  '{"2012","2013","2014","2015","2016","2017","2018","2019","2020","2021","2022","2023","2024"}'::int[],
  '["Coupe"]'::jsonb,
  '["Gasoline"]'::jsonb,
  '["Sequential"]'::jsonb,
  8.5,
  5
)

insert into public.vehicle_generations (
  id,
  model_id,
  code,
  start_year,
  end_year,
  facelift,
  production_countries,
  body_types,
  fuel_types,
  transmission_types,
  summary
)
values (
  '443f5fb9-4902-f8a7-efc1-c2161d0c9721',
  '930e6167-99e5-3e68-55c9-10285c1b364b',
  'R1',
  2012,
  2024,
  false,
  '{"Czech Republic"}'::text[],
  null,
  null,
  null,
  'High-performance track car, occasionally registered for road use depending on local regulations. Features a highly tuned Renault Sport engine.'
)

insert into public.vehicle_insights (
  model_id,
  pros,
  cons,
  inspection_tips,
  notable_features,
  engine_examples,
  common_issues_by_engine,
  reliability_score,
  popularity_score
)
values (
  '930e6167-99e5-3e68-55c9-10285c1b364b',
  '["Exceptional handling and performance","Exclusivity and rarity","Proven racing pedigree"]'::jsonb,
  '["Extremely high maintenance cost","Impractical for daily road use","Loud and uncomfortable interior for long drives"]'::jsonb,
  '["Check frame integrity and accident history (critical for track cars)","Inspect brake system and suspension for stress cracks","Verify engine hours and maintenance logs"]'::jsonb,
  '["Carbon fiber monocoque chassis","Sequential racing gearbox","Exceptional power-to-weight ratio"]'::jsonb,
  '["Renault Sport F4R 832 (2.0L Turbo)"]'::jsonb,
  '[{"engine_code":"Renault-F4R","common_issues_ru":["Быстрый износ шин и тормозных колодок при агрессивном использовании","Требовательность к качеству гоночного топлива и масла","Сложность обслуживания и настройки электроники"]}]'::jsonb,
  null,
  null
)

insert into public.vehicle_models (
  id,
  make_id,
  slug,
  name_en,
  first_model_year,
  last_model_year,
  years_available,
  body_types_available,
  fuel_types_available,
  transmission_available,
  reliability_score,
  popularity_score
)
values (
  '74e495af-a854-6556-e278-109301a40f46',
  '72679488-f9fa-9952-81a9-848954512922',
  'praga-piccolo',
  'Piccolo',
  1924,
  1941,
  '{"1924","1925","1926","1927","1928","1929","1930","1931","1932","1933","1934","1935","1936","1937","1938","1939","1940","1941"}'::int[],
  '["Sedan","Roadster","Cabriolet"]'::jsonb,
  '["Gasoline"]'::jsonb,
  '["Manual"]'::jsonb,
  6,
  7
)

insert into public.vehicle_generations (
  id,
  model_id,
  code,
  start_year,
  end_year,
  facelift,
  production_countries,
  body_types,
  fuel_types,
  transmission_types,
  summary
)
values (
  'b740fbd9-f215-a4b0-0f12-756547bfd0d4',
  '74e495af-a854-6556-e278-109301a40f46',
  'P-Serie',
  1924,
  1932,
  false,
  '{"Czechoslovakia"}'::text[],
  null,
  null,
  null,
  'The original light car series that cemented Praga''s reputation for reliable, affordable motoring in Czechoslovakia.'
)

insert into public.vehicle_generations (
  id,
  model_id,
  code,
  start_year,
  end_year,
  facelift,
  production_countries,
  body_types,
  fuel_types,
  transmission_types,
  summary
)
values (
  '588e5006-c41b-7604-be62-e40c53b112e4',
  '74e495af-a854-6556-e278-109301a40f46',
  'P20-P30',
  1934,
  1941,
  true,
  '{"Czechoslovakia"}'::text[],
  null,
  null,
  null,
  'Later, more robust versions of the Piccolo lineup.'
)

insert into public.vehicle_insights (
  model_id,
  pros,
  cons,
  inspection_tips,
  notable_features,
  engine_examples,
  common_issues_by_engine,
  reliability_score,
  popularity_score
)
values (
  '74e495af-a854-6556-e278-109301a40f46',
  '["High historical value for collectors","Relatively simple mechanics for restoration","Iconic pre-war design"]'::jsonb,
  '["Low safety standards by modern metrics","Finding authentic replacement parts is difficult","Very low cruising speed"]'::jsonb,
  '["Focus on frame and body corrosion, especially around wheel arches","Check condition of the mechanical brake system","Verify originality of the engine block"]'::jsonb,
  '["Simple and robust construction","Highly important historical vehicle in Central Europe","Good fuel economy for its era"]'::jsonb,
  '["Praga 1100cc inline-four"]'::jsonb,
  '[{"engine_code":"1.1L","common_issues_ru":["Коррозия кузова и деревянных элементов рамы (если применимо)","Износ подшипников коленчатого вала из-за устаревшей системы смазки","Проблемы с системой зажигания (прерыватель, катушка)"]}]'::jsonb,
  null,
  null
)

insert into public.vehicle_models (
  id,
  make_id,
  slug,
  name_en,
  first_model_year,
  last_model_year,
  years_available,
  body_types_available,
  fuel_types_available,
  transmission_available,
  reliability_score,
  popularity_score
)
values (
  'e923dd3f-8415-aedd-8761-d7fecdc8fd60',
  '72679488-f9fa-9952-81a9-848954512922',
  'praga-lady',
  'Lady',
  1935,
  1947,
  '{"1935","1936","1937","1938","1939","1940","1941","1946","1947"}'::int[],
  '["Sedan","Convertible"]'::jsonb,
  '["Gasoline"]'::jsonb,
  '["Manual"]'::jsonb,
  6.5,
  6.5
)

insert into public.vehicle_generations (
  id,
  model_id,
  code,
  start_year,
  end_year,
  facelift,
  production_countries,
  body_types,
  fuel_types,
  transmission_types,
  summary
)
values (
  '159f9f53-d85d-b775-626f-ea7d1d31dd3d',
  'e923dd3f-8415-aedd-8761-d7fecdc8fd60',
  'Lady',
  1935,
  1947,
  false,
  '{"Czechoslovakia"}'::text[],
  null,
  null,
  null,
  'A successful mid-range family car introduced just before WWII, continuing production briefly post-war.'
)

insert into public.vehicle_insights (
  model_id,
  pros,
  cons,
  inspection_tips,
  notable_features,
  engine_examples,
  common_issues_by_engine,
  reliability_score,
  popularity_score
)
values (
  'e923dd3f-8415-aedd-8761-d7fecdc8fd60',
  '["Good performance potential for a vintage car","Classic 1930s design aesthetic","Solid historical representation of Czech automotive industry"]'::jsonb,
  '["Braking performance is poor by modern standards","Limited availability of mechanical spares","Requires extensive care to maintain originality"]'::jsonb,
  '["Examine suspension bushings and leaf springs","Test the mechanical reliability of the clutch mechanism","Check internal condition of the fuel tank for rust"]'::jsonb,
  '["Relatively spacious interior for the era","Advanced styling compared to earlier Praga models","Hydraulic brakes (on later models)"]'::jsonb,
  '["Praga 1.6L inline-four"]'::jsonb,
  '[{"engine_code":"Praga-1600","common_issues_ru":["Проблемы с карбюратором и регулировкой топливной смеси","Износ поршневых колец из-за пробега и возраста","Сложности с поиском оригинальных кузовных панелей"]}]'::jsonb,
  null,
  null
)

insert into public.vehicle_makes (id, slug, name_en, country, segment_class, is_active, category_path)
values (
  '5389400a-4b15-bdb2-3cc4-a2b5ca78f01e',
  'proton',
  'Proton',
  'Malaysia',
  'Compact Car Manufacturer',
  true,
  'Passenger Vehicles/Asian'
)

insert into public.vehicle_models (
  id,
  make_id,
  slug,
  name_en,
  first_model_year,
  last_model_year,
  years_available,
  body_types_available,
  fuel_types_available,
  transmission_available,
  reliability_score,
  popularity_score
)
values (
  '2e514984-2ad8-9a18-1fcc-11ca45722276',
  '5389400a-4b15-bdb2-3cc4-a2b5ca78f01e',
  'wira',
  'Wira',
  1993,
  2009,
  '{"1993","1994","1995","1996","1997","1998","1999","2000","2001","2002","2003","2004","2005","2006","2007","2008","2009"}'::int[],
  '["Sedan","Hatchback"]'::jsonb,
  '["Gasoline"]'::jsonb,
  '["Manual","Automatic"]'::jsonb,
  7,
  6.5
)

insert into public.vehicle_generations (
  id,
  model_id,
  code,
  start_year,
  end_year,
  facelift,
  production_countries,
  body_types,
  fuel_types,
  transmission_types,
  summary
)
values (
  'fdaa82f0-ba7c-d148-9b8f-8d68e06cbbc6',
  '2e514984-2ad8-9a18-1fcc-11ca45722276',
  'C90',
  1993,
  2009,
  false,
  '{"Malaysia"}'::text[],
  null,
  null,
  null,
  'The Proton Wira (Persona in some markets) was based heavily on the 1992 Mitsubishi Lancer, offering simple, reliable transport.'
)

insert into public.vehicle_insights (
  model_id,
  pros,
  cons,
  inspection_tips,
  notable_features,
  engine_examples,
  common_issues_by_engine,
  reliability_score,
  popularity_score
)
values (
  '2e514984-2ad8-9a18-1fcc-11ca45722276',
  '["Простота и надежность конструкции","Дешевизна запчастей (многие подходят от Mitsubishi)","Высокая ремонтопригодность"]'::jsonb,
  '["Плохая шумоизоляция","Высокая подверженность коррозии кузова","Устаревший интерьер и безопасность"]'::jsonb,
  '["Тщательно проверить состояние лонжеронов и порогов на предмет ржавчины","Оценить работу автоматической коробки передач (если установлена), она чувствительна к перегреву"]'::jsonb,
  '["Mitsubishi Lancer mechanical base","Reliability and low cost of ownership"]'::jsonb,
  '["4G13 (1.3L)","4G15 (1.5L)"]'::jsonb,
  '[{"engine_code":"4G15 (1.5L)","common_issues_ru":["Износ сальников клапанов после 150 тыс. км","Проблемы с датчиком холостого хода","Течь масла из-под трамблера или клапанной крышки"]}]'::jsonb,
  null,
  null
)

insert into public.vehicle_models (
  id,
  make_id,
  slug,
  name_en,
  first_model_year,
  last_model_year,
  years_available,
  body_types_available,
  fuel_types_available,
  transmission_available,
  reliability_score,
  popularity_score
)
values (
  '0d37d460-292d-6f0c-eff1-f4e4ab70f25d',
  '5389400a-4b15-bdb2-3cc4-a2b5ca78f01e',
  'persona-gen1',
  'Persona',
  2007,
  2016,
  '{"2007","2008","2009","2010","2011","2012","2013","2014","2015","2016"}'::int[],
  '["Sedan"]'::jsonb,
  '["Gasoline"]'::jsonb,
  '["Manual","Automatic"]'::jsonb,
  6,
  5
)

insert into public.vehicle_generations (
  id,
  model_id,
  code,
  start_year,
  end_year,
  facelift,
  production_countries,
  body_types,
  fuel_types,
  transmission_types,
  summary
)
values (
  '71caa65b-6486-dd11-bc68-97e8e97abdc1',
  '0d37d460-292d-6f0c-eff1-f4e4ab70f25d',
  'CM',
  2007,
  2016,
  true,
  '{"Malaysia"}'::text[],
  null,
  null,
  null,
  'The first generation Persona was essentially a sedan version of the Proton Gen-2, replacing the old Wira/Persona in export markets.'
)

insert into public.vehicle_insights (
  model_id,
  pros,
  cons,
  inspection_tips,
  notable_features,
  engine_examples,
  common_issues_by_engine,
  reliability_score,
  popularity_score
)
values (
  '0d37d460-292d-6f0c-eff1-f4e4ab70f25d',
  '["Низкая цена на вторичном рынке","Просторный салон для B-класса","Приемлемая базовая комплектация"]'::jsonb,
  '["Проблемы с качеством сборки и отделкой салона","Слабый низкий крутящий момент двигателя CamPro","Быстрое появление «сверчков» в салоне"]'::jsonb,
  '["Проверить состояние элементов подвески, особенно амортизаторов, они недолговечны","Убедиться в отсутствии вибраций при движении, связанных с приводами"]'::jsonb,
  '["Developed entirely in-house by Proton (on Gen-2 platform)","Spacious boot capacity"]'::jsonb,
  '["CamPro 1.6L"]'::jsonb,
  '[{"engine_code":"S4PH (CamPro 1.6)","common_issues_ru":["Шумная работа механизма клапанов (Tappet noise)","Нестабильный холостой ход из-за проблем с системой управления двигателем","Выход из строя датчиков положения коленвала/распредвала"]}]'::jsonb,
  null,
  null
)

insert into public.vehicle_models (
  id,
  make_id,
  slug,
  name_en,
  first_model_year,
  last_model_year,
  years_available,
  body_types_available,
  fuel_types_available,
  transmission_available,
  reliability_score,
  popularity_score
)
values (
  '2fea38af-08aa-6b43-04a2-e25fedff598f',
  '5389400a-4b15-bdb2-3cc4-a2b5ca78f01e',
  'saga',
  'Saga',
  1985,
  2008,
  '{"1985","1986","1987","1988","1989","1990","1991","1992","1993","1994","1995","1996","1997","1998","1999","2000","2001","2002","2003","2004","2005","2006","2007","2008"}'::int[],
  '["Sedan"]'::jsonb,
  '["Gasoline"]'::jsonb,
  '["Manual"]'::jsonb,
  7.5,
  4
)

insert into public.vehicle_generations (
  id,
  model_id,
  code,
  start_year,
  end_year,
  facelift,
  production_countries,
  body_types,
  fuel_types,
  transmission_types,
  summary
)
values (
  '973f3c6c-3b34-e17b-b706-84dfed55a9ab',
  '2fea38af-08aa-6b43-04a2-e25fedff598f',
  'C21A',
  1985,
  1992,
  false,
  '{"Malaysia"}'::text[],
  null,
  null,
  null,
  'The first Proton model ever produced, based on the second generation Mitsubishi Lancer Fiore.'
)

insert into public.vehicle_generations (
  id,
  model_id,
  code,
  start_year,
  end_year,
  facelift,
  production_countries,
  body_types,
  fuel_types,
  transmission_types,
  summary
)
values (
  '9f9437a0-803f-c2f8-610c-5dba551ee8e2',
  '2fea38af-08aa-6b43-04a2-e25fedff598f',
  'Iswara',
  1992,
  2008,
  true,
  '{"Malaysia"}'::text[],
  null,
  null,
  null,
  'A long-running facelifted version of the original Saga, kept in production as a budget option.'
)

insert into public.vehicle_insights (
  model_id,
  pros,
  cons,
  inspection_tips,
  notable_features,
  engine_examples,
  common_issues_by_engine,
  reliability_score,
  popularity_score
)
values (
  '2fea38af-08aa-6b43-04a2-e25fedff598f',
  '["Исключительная долговечность двигателя (при должном уходе)","Минимальная стоимость владения и ремонта","Высокий дорожный просвет"]'::jsonb,
  '["Очень низкий уровень пассивной безопасности","Острые проблемы с коррозией в холодном климате","Отсутствие современных опций комфорта"]'::jsonb,
  '["Критически важно проверить состояние кузова на предмет сквозной ржавчины","Проверить работу механической коробки передач (особенно синхронизаторы)"]'::jsonb,
  '["Proton’s inaugural model","Simple, highly durable Mitsubishi mechanicals"]'::jsonb,
  '["4G13","4G15"]'::jsonb,
  '[{"engine_code":"4G13 (1.3L)","common_issues_ru":["Проблемы с настройкой или износом карбюратора (до 1996 года)","Течи масла из-за старения прокладок","Склонность к перегреву из-за забитого радиатора в старых моделях"]}]'::jsonb,
  null,
  null
)

insert into public.vehicle_makes (id, slug, name_en, country, segment_class, is_active, category_path)
values (
  'f792ddc5-a867-dbc4-3e33-77b1ad8553bf',
  'puch',
  'Puch',
  'Austria',
  'Utility',
  false,
  'Automobiles/OffRoad'
)

insert into public.vehicle_models (
  id,
  make_id,
  slug,
  name_en,
  first_model_year,
  last_model_year,
  years_available,
  body_types_available,
  fuel_types_available,
  transmission_available,
  reliability_score,
  popularity_score
)
values (
  '8eb50f5b-d5b0-2f0b-2c90-6c2c4450acd4',
  'f792ddc5-a867-dbc4-3e33-77b1ad8553bf',
  'g-class',
  'G-Class',
  1979,
  2000,
  '{"1979","1980","1981","1982","1983","1984","1985","1986","1987","1988","1989","1990","1991","1992","1993","1994","1995","1996","1997","1998","1999","2000"}'::int[],
  '["SUV","Cabrio","Wagon"]'::jsonb,
  '["Diesel","Gasoline"]'::jsonb,
  '["Manual","Automatic"]'::jsonb,
  8.5,
  7
)

insert into public.vehicle_generations (
  id,
  model_id,
  code,
  start_year,
  end_year,
  facelift,
  production_countries,
  body_types,
  fuel_types,
  transmission_types,
  summary
)
values (
  '2673ac4b-8a5e-3266-94b7-ef4afce17f14',
  '8eb50f5b-d5b0-2f0b-2c90-6c2c4450acd4',
  'W460/461',
  1979,
  1991,
  false,
  '{"Austria"}'::text[],
  null,
  null,
  null,
  'Original military and civilian off-roader, extremely rugged.'
)

insert into public.vehicle_generations (
  id,
  model_id,
  code,
  start_year,
  end_year,
  facelift,
  production_countries,
  body_types,
  fuel_types,
  transmission_types,
  summary
)
values (
  'c90aad9a-e549-1e8e-29b7-eee9f0e0f4a3',
  '8eb50f5b-d5b0-2f0b-2c90-6c2c4450acd4',
  'W463',
  1990,
  2000,
  true,
  '{"Austria"}'::text[],
  null,
  null,
  null,
  'Luxury and permanent AWD introduced, sold under the Puch badge in specific markets.'
)

insert into public.vehicle_insights (
  model_id,
  pros,
  cons,
  inspection_tips,
  notable_features,
  engine_examples,
  common_issues_by_engine,
  reliability_score,
  popularity_score
)
values (
  '8eb50f5b-d5b0-2f0b-2c90-6c2c4450acd4',
  '["Чрезвычайная проходимость","Высокая механическая прочность","Культовый дизайн"]'::jsonb,
  '["Высокий расход топлива","Дорогое обслуживание","Склонность к коррозии (ранние модели)"]'::jsonb,
  '["Проверить лонжероны на предмет ржавчины","Осмотреть функциональность блокировок дифференциалов","Проверить состояние раздаточной коробки"]'::jsonb,
  '[]'::jsonb,
  '["OM603 3.0L Diesel","M110 2.8L Gasoline"]'::jsonb,
  '[{"engine_code":"OM603","common_issues_ru":["Проблемы с головкой блока цилиндров при перегреве","Утечки масла","Износ топливного насоса высокого давления (ТНВД)"]}]'::jsonb,
  null,
  null
)

insert into public.vehicle_models (
  id,
  make_id,
  slug,
  name_en,
  first_model_year,
  last_model_year,
  years_available,
  body_types_available,
  fuel_types_available,
  transmission_available,
  reliability_score,
  popularity_score
)
values (
  '48cd08f0-27a0-3c61-28f5-8f23b335d4e0',
  'f792ddc5-a867-dbc4-3e33-77b1ad8553bf',
  '500-650',
  '500/650',
  1957,
  1975,
  '{"1957","1958","1959","1960","1961","1962","1963","1964","1965","1966","1967","1968","1969","1970","1971","1972","1973","1974","1975"}'::int[],
  '["Hatchback","Convertible"]'::jsonb,
  '["Gasoline"]'::jsonb,
  '["Manual"]'::jsonb,
  6,
  5.5
)

insert into public.vehicle_generations (
  id,
  model_id,
  code,
  start_year,
  end_year,
  facelift,
  production_countries,
  body_types,
  fuel_types,
  transmission_types,
  summary
)
values (
  'ab5f07ae-430b-ba8d-7473-c9e716a02d61',
  '48cd08f0-27a0-3c61-28f5-8f23b335d4e0',
  '500/650',
  1957,
  1975,
  false,
  '{"Austria"}'::text[],
  null,
  null,
  null,
  'Austrian version of the Fiat 500/600, featuring a unique air-cooled boxer engine.'
)

insert into public.vehicle_insights (
  model_id,
  pros,
  cons,
  inspection_tips,
  notable_features,
  engine_examples,
  common_issues_by_engine,
  reliability_score,
  popularity_score
)
values (
  '48cd08f0-27a0-3c61-28f5-8f23b335d4e0',
  '["Отличная маневренность в городе","Простая механика с воздушным охлаждением","Низкие эксплуатационные расходы (несмотря на классический статус)"]'::jsonb,
  '["Низкая мощность","Низкие стандарты безопасности","Сложность поиска специализированных запчастей"]'::jsonb,
  '["Проверить наличие сильной коррозии кузова","Осмотреть синхронизацию коробки передач","Убедиться в работе системы отопления (часто слабая)"]'::jsonb,
  '[]'::jsonb,
  '["500 cc Boxer","650 cc Boxer"]'::jsonb,
  '[{"engine_code":"650 cc Boxer","common_issues_ru":["Течи масла из-за старости прокладок","Перегрев при длительных нагрузках","Износ кулачков распределительного вала"]}]'::jsonb,
  null,
  null
)

insert into public.vehicle_models (
  id,
  make_id,
  slug,
  name_en,
  first_model_year,
  last_model_year,
  years_available,
  body_types_available,
  fuel_types_available,
  transmission_available,
  reliability_score,
  popularity_score
)
values (
  '7e318036-0718-e82a-c383-03c6b30dc2cb',
  'f792ddc5-a867-dbc4-3e33-77b1ad8553bf',
  'pinzgauer',
  'Pinzgauer',
  1971,
  2000,
  '{"1971","1972","1973","1974","1975","1976","1977","1978","1979","1980","1981","1982","1983","1984","1985","1986","1987","1988","1989","1990","1991","1992","1993","1994","1995","1996","1997","1998","1999","2000"}'::int[],
  '["Truck","Utility","Wagon"]'::jsonb,
  '["Gasoline","Diesel"]'::jsonb,
  '["Manual"]'::jsonb,
  9,
  6.5
)

insert into public.vehicle_generations (
  id,
  model_id,
  code,
  start_year,
  end_year,
  facelift,
  production_countries,
  body_types,
  fuel_types,
  transmission_types,
  summary
)
values (
  '2a96bb5f-fa6a-ef78-521f-a200f4c5ed11',
  '7e318036-0718-e82a-c383-03c6b30dc2cb',
  '710/712',
  1971,
  1985,
  false,
  '{"Austria"}'::text[],
  null,
  null,
  null,
  'Original design, air-cooled engine, 4x4 or 6x6 configuration, highly capable utility vehicle.'
)

insert into public.vehicle_generations (
  id,
  model_id,
  code,
  start_year,
  end_year,
  facelift,
  production_countries,
  body_types,
  fuel_types,
  transmission_types,
  summary
)
values (
  '8fec0b94-a9b5-88c9-d456-b2d642b578e8',
  '7e318036-0718-e82a-c383-03c6b30dc2cb',
  '716/718',
  1986,
  2000,
  true,
  '{"Austria"}'::text[],
  null,
  null,
  null,
  'Updated version with mostly water-cooled engines.'
)

insert into public.vehicle_insights (
  model_id,
  pros,
  cons,
  inspection_tips,
  notable_features,
  engine_examples,
  common_issues_by_engine,
  reliability_score,
  popularity_score
)
values (
  '7e318036-0718-e82a-c383-03c6b30dc2cb',
  '["Непревзойденная проходимость (портальные мосты)","Чрезвычайно прочная конструкция","Простое обслуживание"]'::jsonb,
  '["Очень дорогие запчасти","Низкая скорость на шоссе","Высокий уровень шума в салоне"]'::jsonb,
  '["Проверить уплотнения портальных мостов на предмет утечек","Проверить вакуумную систему блокировок дифференциалов","Осмотреть швы кузова на предмет трещин от напряжения"]'::jsonb,
  '["Portal axles","Selectable 4x4 or 6x6 drive","Differential locks on all axles"]'::jsonb,
  '["2.5L Air-cooled Inline-4","2.4L VW TDI Diesel"]'::jsonb,
  '[{"engine_code":"2.5L Air-cooled","common_issues_ru":["Проблемы с настройкой карбюратора","Перегрев цилиндров при высоких нагрузках","Трещины в выхлопной системе"]}]'::jsonb,
  null,
  null
)

insert into public.vehicle_makes (id, slug, name_en, country, segment_class, is_active, category_path)
values (
  '620aa21e-67ab-a03f-d4c6-d8d130f592b2',
  'raba',
  'Raba',
  'Hungary',
  'Niche/Commercial Vehicle Heritage',
  false,
  'Passenger Cars/Utility Vehicles'
)

insert into public.vehicle_models (
  id,
  make_id,
  slug,
  name_en,
  first_model_year,
  last_model_year,
  years_available,
  body_types_available,
  fuel_types_available,
  transmission_available,
  reliability_score,
  popularity_score
)
values (
  'a8677cb5-efa8-ca87-96f9-9c6e9aa1834e',
  '620aa21e-67ab-a03f-d4c6-d8d130f592b2',
  'pannon',
  'Pannon',
  1985,
  1992,
  '{"1985","1986","1987","1988","1989","1990","1991","1992"}'::int[],
  '["Sedan","Wagon"]'::jsonb,
  '["Gasoline","Diesel"]'::jsonb,
  '["Manual"]'::jsonb,
  7.5,
  5.5
)

insert into public.vehicle_generations (
  id,
  model_id,
  code,
  start_year,
  end_year,
  facelift,
  production_countries,
  body_types,
  fuel_types,
  transmission_types,
  summary
)
values (
  'f0ab996b-08a4-fbb4-45a9-82926792d8d8',
  'a8677cb5-efa8-ca87-96f9-9c6e9aa1834e',
  '1G',
  1985,
  1992,
  false,
  '{"Hungary"}'::text[],
  null,
  null,
  null,
  'First and only generation, focusing on robustness and low maintenance cost for Eastern Bloc markets.'
)

insert into public.vehicle_insights (
  model_id,
  pros,
  cons,
  inspection_tips,
  notable_features,
  engine_examples,
  common_issues_by_engine,
  reliability_score,
  popularity_score
)
values (
  'a8677cb5-efa8-ca87-96f9-9c6e9aa1834e',
  '["Невероятная прочность рамы","Дешевизна обслуживания","Простота конструкции"]'::jsonb,
  '["Очень низкий комфорт и шумоизоляция","Высокая склонность к коррозии кузова","Устаревшие технологии даже для своего времени"]'::jsonb,
  '["Проверить состояние лонжеронов на предмет ржавчины","Оценить люфт рулевого управления","Проверить состояние рессорной подвески"]'::jsonb,
  '["Extremely robust ladder chassis","Simple, easily repairable mechanicals","High ground clearance"]'::jsonb,
  '["1.8L I4 Gasoline (ZMZ License)","2.0L I4 Diesel (Raba Modified)"]'::jsonb,
  '[{"engine_code":"Z18A","common_issues_ru":["Проблемы с системой охлаждения","Ненадежный карбюратор","Быстрый износ прокладок"]},{"engine_code":"D20RT","common_issues_ru":["Сильная вибрация дизеля","Слабый генератор","Трудности запуска в холодную погоду"]}]'::jsonb,
  null,
  null
)

insert into public.vehicle_models (
  id,
  make_id,
  slug,
  name_en,
  first_model_year,
  last_model_year,
  years_available,
  body_types_available,
  fuel_types_available,
  transmission_available,
  reliability_score,
  popularity_score
)
values (
  'c1850b1e-72e6-4f72-c551-4100ac20eaca',
  '620aa21e-67ab-a03f-d4c6-d8d130f592b2',
  'futura',
  'Futura',
  2001,
  2005,
  '{"2001","2002","2003","2004","2005"}'::int[],
  '["SUV"]'::jsonb,
  '["Diesel"]'::jsonb,
  '["Manual","Automatic"]'::jsonb,
  6.5,
  3
)

insert into public.vehicle_generations (
  id,
  model_id,
  code,
  start_year,
  end_year,
  facelift,
  production_countries,
  body_types,
  fuel_types,
  transmission_types,
  summary
)
values (
  '073ebd92-3963-2ba3-2010-d5761fed8ec4',
  'c1850b1e-72e6-4f72-c551-4100ac20eaca',
  'F1',
  2001,
  2005,
  false,
  '{"Hungary"}'::text[],
  null,
  null,
  null,
  'Raba''s short-lived attempt at a compact, rugged SUV primarily using commercial vehicle mechanical components.'
)

insert into public.vehicle_insights (
  model_id,
  pros,
  cons,
  inspection_tips,
  notable_features,
  engine_examples,
  common_issues_by_engine,
  reliability_score,
  popularity_score
)
values (
  'c1850b1e-72e6-4f72-c551-4100ac20eaca',
  '["Высокий клиренс и проходимость","Надежность дизельного двигателя при правильном обслуживании","Крепкий кузов"]'::jsonb,
  '["Плохая шумоизоляция салона","Низкое качество отделочных материалов","Высокий расход топлива для своего класса"]'::jsonb,
  '["Проверить работу полного привода","Обратить внимание на турбину и ее подтекания","Проверить электронику, которая часто выходит из строя"]'::jsonb,
  '["Heavy-duty axle assembly derived from light trucks","Excellent off-road capability","Torque-heavy diesel engine"]'::jsonb,
  '["2.5L I4 Turbo Diesel (Raba T25)"]'::jsonb,
  '[{"engine_code":"T25D","common_issues_ru":["Проблемы с топливным насосом высокого давления (ТНВД)","Выход из строя датчиков ЕГР","Слабое место — крепление коробки передач"]}]'::jsonb,
  null,
  null
)

insert into public.vehicle_models (
  id,
  make_id,
  slug,
  name_en,
  first_model_year,
  last_model_year,
  years_available,
  body_types_available,
  fuel_types_available,
  transmission_available,
  reliability_score,
  popularity_score
)
values (
  'a292eaab-0ebf-85f8-c70e-ccc2e06523aa',
  '620aa21e-67ab-a03f-d4c6-d8d130f592b2',
  'cargo-p',
  'Cargo-P',
  1995,
  2000,
  '{"1995","1996","1997","1998","1999","2000"}'::int[],
  '["Van","Minivan"]'::jsonb,
  '["Diesel"]'::jsonb,
  '["Manual"]'::jsonb,
  8,
  4
)

insert into public.vehicle_generations (
  id,
  model_id,
  code,
  start_year,
  end_year,
  facelift,
  production_countries,
  body_types,
  fuel_types,
  transmission_types,
  summary
)
values (
  'eb0c6f73-8b0e-e39e-14c7-5764c46e29e9',
  'a292eaab-0ebf-85f8-c70e-ccc2e06523aa',
  'CP1',
  1995,
  2000,
  false,
  '{"Hungary"}'::text[],
  null,
  null,
  null,
  'A utilitarian panel van model converted for passenger use (Minivan variant), emphasizing cargo capacity and industrial durability.'
)

insert into public.vehicle_insights (
  model_id,
  pros,
  cons,
  inspection_tips,
  notable_features,
  engine_examples,
  common_issues_by_engine,
  reliability_score,
  popularity_score
)
values (
  'a292eaab-0ebf-85f8-c70e-ccc2e06523aa',
  '["Просторный салон и багажное отделение","Высокая ремонтопригодность","Долговечный двигатель-миллионник"]'::jsonb,
  '["Жесткая подвеска, непригодная для дальних поездок","Отсутствие систем безопасности (Airbags, ABS)","Низкая крейсерская скорость"]'::jsonb,
  '["Проверить раму на следы перегрузки","Оценить состояние тормозных дисков (быстро изнашиваются)","Убедиться в отсутствии люфтов в карданном валу"]'::jsonb,
  '["High payload capacity","Very spacious interior (Minivan version)","Engine derived directly from light commercial trucks"]'::jsonb,
  '["3.2L I4 Diesel (Raba D32)"]'::jsonb,
  '[{"engine_code":"D32V","common_issues_ru":["Сложности с поиском запчастей для топливной системы","Быстрый износ элементов ГРМ","Протечки масла через прокладку поддона"]}]'::jsonb,
  null,
  null
)

insert into public.vehicle_makes (id, slug, name_en, country, segment_class, is_active, category_path)
values (
  '970deca7-7352-78bc-3eea-0cb3be84b765',
  'radical',
  'Radical',
  'United Kingdom',
  'Sports Prototype',
  true,
  'Sports Cars / Track Day Vehicles'
)

insert into public.vehicle_models (
  id,
  make_id,
  slug,
  name_en,
  first_model_year,
  last_model_year,
  years_available,
  body_types_available,
  fuel_types_available,
  transmission_available,
  reliability_score,
  popularity_score
)
values (
  'aa7a607d-62ed-536e-3b68-6bef0829e6a7',
  '970deca7-7352-78bc-3eea-0cb3be84b765',
  'sr3',
  'SR3',
  2002,
  2024,
  '{"2002","2003","2004","2005","2006","2007","2008","2009","2010","2011","2012","2013","2014","2015","2016","2017","2018","2019","2020","2021","2022","2023","2024"}'::int[],
  '["Roadster"]'::jsonb,
  '["Gasoline"]'::jsonb,
  '["Sequential Manual"]'::jsonb,
  7,
  8
)

insert into public.vehicle_generations (
  id,
  model_id,
  code,
  start_year,
  end_year,
  facelift,
  production_countries,
  body_types,
  fuel_types,
  transmission_types,
  summary
)
values (
  '22f7e273-bdd3-658e-f7c2-f4770e8a2016',
  'aa7a607d-62ed-536e-3b68-6bef0829e6a7',
  'SR3',
  2002,
  2007,
  false,
  '{"United Kingdom"}'::text[],
  null,
  null,
  null,
  'Original SR3 model, establishing the Radical sports prototype lineage.'
)

insert into public.vehicle_generations (
  id,
  model_id,
  code,
  start_year,
  end_year,
  facelift,
  production_countries,
  body_types,
  fuel_types,
  transmission_types,
  summary
)
values (
  'a441dcf0-bba8-aa0d-b771-3056e36cad8f',
  'aa7a607d-62ed-536e-3b68-6bef0829e6a7',
  'SR3 RS/RSX',
  2007,
  2017,
  true,
  '{"United Kingdom"}'::text[],
  null,
  null,
  null,
  'Updated chassis and engine options, improving aerodynamics and usability.'
)

insert into public.vehicle_generations (
  id,
  model_id,
  code,
  start_year,
  end_year,
  facelift,
  production_countries,
  body_types,
  fuel_types,
  transmission_types,
  summary
)
values (
  '1d8f64f2-b11b-dbb0-e3aa-489fe1a9e281',
  'aa7a607d-62ed-536e-3b68-6bef0829e6a7',
  'SR3 XXR',
  2017,
  2024,
  true,
  '{"United Kingdom"}'::text[],
  null,
  null,
  null,
  'Current iteration featuring advanced electronics and refined chassis for maximum performance.'
)

insert into public.vehicle_insights (
  model_id,
  pros,
  cons,
  inspection_tips,
  notable_features,
  engine_examples,
  common_issues_by_engine,
  reliability_score,
  popularity_score
)
values (
  'aa7a607d-62ed-536e-3b68-6bef0829e6a7',
  '["Исключительная управляемость и сцепление с дорогой","Высокое соотношение мощности к весу","Относительно низкие эксплуатационные расходы для гоночного автомобиля"]'::jsonb,
  '["Непригоден для ежедневного использования","Высокая стоимость специализированных запчастей","Требует регулярного технического обслуживания трекового уровня"]'::jsonb,
  '["Проверить на наличие трещин в шасси и каркасе безопасности","Оценить состояние приводов и ступичных подшипников","Проверить журналы учета моточасов двигателя и коробки передач"]'::jsonb,
  '["Exceptional aerodynamics and downforce","Lightweight construction (under 700kg)","Sequential gearbox standard"]'::jsonb,
  '["RPE 1.5L 4-cylinder (Suzuki Hayabusa derived)"]'::jsonb,
  '[{"engine_code":"RPE 1500","common_issues_ru":["Быстрый износ сцепления при агрессивной эксплуатации","Проблемы с охлаждением в жарких условиях или при длительных сессиях","Износ синхронизаторов секвентальной коробки передач"]}]'::jsonb,
  null,
  null
)

insert into public.vehicle_models (
  id,
  make_id,
  slug,
  name_en,
  first_model_year,
  last_model_year,
  years_available,
  body_types_available,
  fuel_types_available,
  transmission_available,
  reliability_score,
  popularity_score
)
values (
  '176fa972-6baf-1006-c63d-9e8c34060fb1',
  '970deca7-7352-78bc-3eea-0cb3be84b765',
  'sr8',
  'SR8',
  2005,
  2024,
  '{"2005","2006","2007","2008","2009","2010","2011","2012","2013","2014","2015","2016","2017","2018","2019","2020","2021","2022","2023","2024"}'::int[],
  '["Roadster"]'::jsonb,
  '["Gasoline"]'::jsonb,
  '["Sequential Manual"]'::jsonb,
  6,
  7
)

insert into public.vehicle_generations (
  id,
  model_id,
  code,
  start_year,
  end_year,
  facelift,
  production_countries,
  body_types,
  fuel_types,
  transmission_types,
  summary
)
values (
  '5cc07dc0-d5ff-4de2-9327-19d63ed23645',
  '176fa972-6baf-1006-c63d-9e8c34060fb1',
  'SR8',
  2005,
  2010,
  false,
  '{"United Kingdom"}'::text[],
  null,
  null,
  null,
  'Original model featuring the unique RPE V8 engine, known for breaking Nürburgring records.'
)

insert into public.vehicle_generations (
  id,
  model_id,
  code,
  start_year,
  end_year,
  facelift,
  production_countries,
  body_types,
  fuel_types,
  transmission_types,
  summary
)
values (
  'e2c64e74-2185-68f9-ccf8-532dc57e6e00',
  '176fa972-6baf-1006-c63d-9e8c34060fb1',
  'SR8 RX',
  2010,
  2017,
  true,
  '{"United Kingdom"}'::text[],
  null,
  null,
  null,
  'Mid-life update with improved aerodynamics and reliability features.'
)

insert into public.vehicle_generations (
  id,
  model_id,
  code,
  start_year,
  end_year,
  facelift,
  production_countries,
  body_types,
  fuel_types,
  transmission_types,
  summary
)
values (
  '5b47d5b2-4725-076e-598e-6f194733836f',
  '176fa972-6baf-1006-c63d-9e8c34060fb1',
  'SR8 RSX',
  2017,
  2024,
  true,
  '{"United Kingdom"}'::text[],
  null,
  null,
  null,
  'The ultimate evolution of the SR8 platform, often equipped with 3.0L V8.'
)

insert into public.vehicle_insights (
  model_id,
  pros,
  cons,
  inspection_tips,
  notable_features,
  engine_examples,
  common_issues_by_engine,
  reliability_score,
  popularity_score
)
values (
  '176fa972-6baf-1006-c63d-9e8c34060fb1',
  '["Максимальная производительность среди прототипов Radical","Потрясающий звук двигателя V8","Эксклюзивность и трековая репутация"]'::jsonb,
  '["Чрезвычайно высокие затраты на обслуживание двигателя V8","Двигатель требует частой переборки","Очень жесткая и бескомпромиссная трековая машина"]'::jsonb,
  '["Требовать полной истории обслуживания двигателя (обязательно капитальный ремонт каждые 40-50 часов)","Проверить систему сухого картера и маслопроводы на герметичность","Проверить состояние гоночных тормозов и резины"]'::jsonb,
  '["Radical Powertec RPV8 engine (derived from motorcycle engines)","World record holder performance","Intense acceleration and top speed"]'::jsonb,
  '["RPE 2.7L V8","RPE 3.0L V8"]'::jsonb,
  '[{"engine_code":"RPE 2.7L V8","common_issues_ru":["Высокий расход масла и чувствительность к его уровню","Потенциальные проблемы с коленчатым валом при длительных высоких оборотах","Сложность и высокая стоимость капитального ремонта двигателя"]}]'::jsonb,
  null,
  null
)

insert into public.vehicle_models (
  id,
  make_id,
  slug,
  name_en,
  first_model_year,
  last_model_year,
  years_available,
  body_types_available,
  fuel_types_available,
  transmission_available,
  reliability_score,
  popularity_score
)
values (
  '8ee1bad3-bfb1-2348-82a3-0766d24de529',
  '970deca7-7352-78bc-3eea-0cb3be84b765',
  'sr1',
  'SR1',
  2012,
  2024,
  '{"2012","2013","2014","2015","2016","2017","2018","2019","2020","2021","2022","2023","2024"}'::int[],
  '["Roadster"]'::jsonb,
  '["Gasoline"]'::jsonb,
  '["Sequential Manual"]'::jsonb,
  8,
  7
)

insert into public.vehicle_generations (
  id,
  model_id,
  code,
  start_year,
  end_year,
  facelift,
  production_countries,
  body_types,
  fuel_types,
  transmission_types,
  summary
)
values (
  '068f29b5-eefb-1cdc-c48f-91512cdde03e',
  '8ee1bad3-bfb1-2348-82a3-0766d24de529',
  'SR1 Cup',
  2012,
  2020,
  false,
  '{"United Kingdom"}'::text[],
  null,
  null,
  null,
  'Entry-level prototype aimed at Radical''s spec racing series.'
)

insert into public.vehicle_generations (
  id,
  model_id,
  code,
  start_year,
  end_year,
  facelift,
  production_countries,
  body_types,
  fuel_types,
  transmission_types,
  summary
)
values (
  '577d9e07-dd3e-4590-fa0b-5e1bc17cc175',
  '8ee1bad3-bfb1-2348-82a3-0766d24de529',
  'SR1 XX',
  2020,
  2024,
  true,
  '{"United Kingdom"}'::text[],
  null,
  null,
  null,
  'Modernized version with improved brakes, cooling, and Radical''s advanced digital display.'
)

insert into public.vehicle_insights (
  model_id,
  pros,
  cons,
  inspection_tips,
  notable_features,
  engine_examples,
  common_issues_by_engine,
  reliability_score,
  popularity_score
)
values (
  '8ee1bad3-bfb1-2348-82a3-0766d24de529',
  '["Самый доступный вход в мир прототипов Radical","Надежный и проверенный двигатель Suzuki","Отличная платформа для обучения трековым навыкам"]'::jsonb,
  '["Ограниченные возможности для тюнинга (монокубок)","Не самая высокая максимальная скорость в линейке","Низкий клиренс, непригоден для дорог"]'::jsonb,
  '["Проверить состояние ремней безопасности и пожарной системы (если есть)","Оценить износ подвески, проверить на предмет протечек амортизаторов","Убедиться в наличии обязательного оборудования для гоночной серии (если используется в гонках)"]'::jsonb,
  '["Ideal beginner track car","Simple and robust 1340cc engine","Low running costs relative to competitors"]'::jsonb,
  '["RPE 1.34L 4-cylinder (Suzuki Hayabusa derived)"]'::jsonb,
  '[{"engine_code":"RPE 1340","common_issues_ru":["Выход из строя датчиков положения дроссельной заслонки из-за вибраций","Проблемы с топливным насосом при длительном использовании низкого качества топлива","Незначительный износ элементов кузова из стекловолокна"]}]'::jsonb,
  null,
  null
)

insert into public.vehicle_makes (id, slug, name_en, country, segment_class, is_active, category_path)
values (
  '4443281e-3c47-c943-d503-9ba1cd363b61',
  'range-rover-luxury-suv-lineup-by-land-rover-enr',
  'Range Rover',
  'United Kingdom',
  'Luxury Full-size SUV',
  true,
  'Passenger Cars/SUV/Luxury SUV'
)

insert into public.vehicle_makes (id, slug, name_en, country, segment_class, is_active, category_path)
values (
  '898c9c55-132f-e82f-a6d9-26426bb349e1',
  'renault',
  'Renault',
  'France',
  'General',
  true,
  'Automobiles/Passenger_Cars'
)

insert into public.vehicle_models (
  id,
  make_id,
  slug,
  name_en,
  first_model_year,
  last_model_year,
  years_available,
  body_types_available,
  fuel_types_available,
  transmission_available,
  reliability_score,
  popularity_score
)
values (
  'e85cb14b-7928-5cbf-e741-2d1e63958141',
  '898c9c55-132f-e82f-a6d9-26426bb349e1',
  'clio',
  'Clio',
  1990,
  2024,
  '{"2012","2013","2014","2015","2016","2017","2018","2019","2020","2021","2022","2023","2024"}'::int[],
  '["Hatchback","Estate"]'::jsonb,
  '["Gasoline","Diesel","Hybrid"]'::jsonb,
  '["Manual","Automatic","CVT"]'::jsonb,
  8.5,
  9
)

insert into public.vehicle_generations (
  id,
  model_id,
  code,
  start_year,
  end_year,
  facelift,
  production_countries,
  body_types,
  fuel_types,
  transmission_types,
  summary
)
values (
  '580203d3-47e9-5ac7-9d50-e2f1df4be3e9',
  'e85cb14b-7928-5cbf-e741-2d1e63958141',
  'IV',
  2012,
  2019,
  false,
  '{"Turkey","France"}'::text[],
  null,
  null,
  null,
  'The fourth generation Clio featured a distinctive, stylish design and introduced modern turbo engines, becoming a benchmark for the B segment in Europe. Known for its handling.'
)

insert into public.vehicle_insights (
  model_id,
  pros,
  cons,
  inspection_tips,
  notable_features,
  engine_examples,
  common_issues_by_engine,
  reliability_score,
  popularity_score
)
values (
  'e85cb14b-7928-5cbf-e741-2d1e63958141',
  '["Экономичные двигатели","Хорошая управляемость","Стильный дизайн"]'::jsonb,
  '["Качество материалов интерьера (до рестайлинга)","Некоторые электрические сбои","Ограниченное пространство сзади"]'::jsonb,
  '["Проверить работу электроусилителя руля","Оценить состояние подвески, особенно амортизаторов"]'::jsonb,
  '["R-Link Infotainment System","Efficient TCe engines"]'::jsonb,
  '["1.5 dCi K9K","0.9 TCe H4B"]'::jsonb,
  '[{"engine_code":"K9K","common_issues_ru":["Проблемы с топливной аппаратурой на больших пробегах","Износ шатунных вкладышей (на ранних версиях)"]},{"engine_code":"H4B","common_issues_ru":["Чувствительность к качеству масла","Проблемы с натяжителем цепи"]}]'::jsonb,
  null,
  null
)

insert into public.vehicle_models (
  id,
  make_id,
  slug,
  name_en,
  first_model_year,
  last_model_year,
  years_available,
  body_types_available,
  fuel_types_available,
  transmission_available,
  reliability_score,
  popularity_score
)
values (
  'cfb128da-2082-222f-8dd1-b7e30ef5440b',
  '898c9c55-132f-e82f-a6d9-26426bb349e1',
  'megane',
  'Megane',
  1995,
  2024,
  '{"2008","2009","2010","2011","2012","2013","2014","2015","2016","2017","2018","2019","2020","2021","2022","2023","2024"}'::int[],
  '["Hatchback","Estate","Sedan"]'::jsonb,
  '["Gasoline","Diesel"]'::jsonb,
  '["Manual","Automatic","DCT"]'::jsonb,
  8,
  8.8
)

insert into public.vehicle_generations (
  id,
  model_id,
  code,
  start_year,
  end_year,
  facelift,
  production_countries,
  body_types,
  fuel_types,
  transmission_types,
  summary
)
values (
  'ea58ca5e-655a-0b2c-a171-e0845b7b59aa',
  'cfb128da-2082-222f-8dd1-b7e30ef5440b',
  'III',
  2008,
  2016,
  true,
  '{"France","Spain","Turkey"}'::text[],
  null,
  null,
  null,
  'A comfortable and reliable generation known for its good chassis and wide range of diesel engines, especially popular as an estate version. Improved build quality compared to predecessors.'
)

insert into public.vehicle_insights (
  model_id,
  pros,
  cons,
  inspection_tips,
  notable_features,
  engine_examples,
  common_issues_by_engine,
  reliability_score,
  popularity_score
)
values (
  'cfb128da-2082-222f-8dd1-b7e30ef5440b',
  '["Комфортная подвеска","Надежные дизельные двигатели (K9K)","Хорошее соотношение цены и качества"]'::jsonb,
  '["Проблемы с электрикой (мелкие)","Со временем слабеют линзы фар","Медленная работа навигации (на ранних моделях)"]'::jsonb,
  '["Проверить состояние рулевой рейки","Обратить внимание на работу климат-контроля","Диагностировать состояние турбины на дизельных версиях"]'::jsonb,
  '["Coupé version available","High safety ratings"]'::jsonb,
  '["1.6 K4M","1.5 dCi K9K"]'::jsonb,
  '[{"engine_code":"K4M","common_issues_ru":["Течи масла через сальники","Недолговечные катушки зажигания","Проблемы с фазорегулятором"]},{"engine_code":"K9K","common_issues_ru":["Требовательность к качеству дизельного топлива","Проблемы с клапаном EGR"]}]'::jsonb,
  null,
  null
)

insert into public.vehicle_models (
  id,
  make_id,
  slug,
  name_en,
  first_model_year,
  last_model_year,
  years_available,
  body_types_available,
  fuel_types_available,
  transmission_available,
  reliability_score,
  popularity_score
)
values (
  '1e12701b-0c1a-2137-a61d-693a2eff33a3',
  '898c9c55-132f-e82f-a6d9-26426bb349e1',
  'duster',
  'Duster',
  2010,
  2024,
  '{"2010","2011","2012","2013","2014","2015","2016","2017","2018","2019","2020","2021","2022","2023","2024"}'::int[],
  '["SUV"]'::jsonb,
  '["Gasoline","Diesel","LPG"]'::jsonb,
  '["Manual","Automatic","CVT"]'::jsonb,
  9,
  9.5
)

insert into public.vehicle_generations (
  id,
  model_id,
  code,
  start_year,
  end_year,
  facelift,
  production_countries,
  body_types,
  fuel_types,
  transmission_types,
  summary
)
values (
  '5058de66-19ee-a3ce-127b-8ffe0f77b7fb',
  '1e12701b-0c1a-2137-a61d-693a2eff33a3',
  'I',
  2010,
  2017,
  true,
  '{"Romania","Russia","Brazil"}'::text[],
  null,
  null,
  null,
  'Known for its incredible robustness, high ground clearance, and reliable 4x4 system, making it extremely popular in regions with poor road infrastructure and harsh winters.'
)

insert into public.vehicle_insights (
  model_id,
  pros,
  cons,
  inspection_tips,
  notable_features,
  engine_examples,
  common_issues_by_engine,
  reliability_score,
  popularity_score
)
values (
  '1e12701b-0c1a-2137-a61d-693a2eff33a3',
  '["Высокая надежность","Отличные внедорожные качества","Низкие эксплуатационные расходы"]'::jsonb,
  '["Базовое качество салона","Плохая шумоизоляция","Слабое лакокрасочное покрытие"]'::jsonb,
  '["Проверить состояние карданного вала и муфты 4х4","Оценить состояние задних арок на предмет коррозии","Проверить подшипники ступиц"]'::jsonb,
  '["Robust and simple architecture","High ground clearance (210 mm)"]'::jsonb,
  '["1.6 H4M","2.0 F4R"]'::jsonb,
  '[{"engine_code":"H4M","common_issues_ru":["Проблемы с фазорегулятором","Повышенный расход масла на больших пробегах"]},{"engine_code":"F4R","common_issues_ru":["Трещины в выпускном коллекторе","Необходимость частой регулировки клапанов"]}]'::jsonb,
  null,
  null
)

insert into public.vehicle_makes (id, slug, name_en, country, segment_class, is_active, category_path)
values (
  '391fa084-caf7-25bd-b118-5b8d2fcfb88d',
  'rinspeed',
  'Rinspeed',
  'Switzerland',
  'Tuner/Concept',
  true,
  'Tuner/Concept Car Manufacturer'
)

insert into public.vehicle_models (
  id,
  make_id,
  slug,
  name_en,
  first_model_year,
  last_model_year,
  years_available,
  body_types_available,
  fuel_types_available,
  transmission_available,
  reliability_score,
  popularity_score
)
values (
  'e46f7ea3-569d-836f-73d1-7ce73b5b46a0',
  '391fa084-caf7-25bd-b118-5b8d2fcfb88d',
  'x-treme',
  'X-Treme',
  1999,
  2000,
  '{"1999","2000"}'::int[],
  '["Coupe","Targa"]'::jsonb,
  '["Gasoline"]'::jsonb,
  '["Manual"]'::jsonb,
  4,
  5
)

insert into public.vehicle_generations (
  id,
  model_id,
  code,
  start_year,
  end_year,
  facelift,
  production_countries,
  body_types,
  fuel_types,
  transmission_types,
  summary
)
values (
  '6ca95a48-a288-5d0b-12fa-f5873e6962fe',
  'e46f7ea3-569d-836f-73d1-7ce73b5b46a0',
  'X1',
  1999,
  2000,
  false,
  '{"Switzerland","Germany"}'::text[],
  null,
  null,
  null,
  'Limited edition high-performance conversion based on the Porsche 996 platform.'
)

insert into public.vehicle_insights (
  model_id,
  pros,
  cons,
  inspection_tips,
  notable_features,
  engine_examples,
  common_issues_by_engine,
  reliability_score,
  popularity_score
)
values (
  'e46f7ea3-569d-836f-73d1-7ce73b5b46a0',
  '["Исключительная производительность","Уникальный коллекционный статус","Привлекает внимание"]'::jsonb,
  '["Очень высокая стоимость обслуживания","Чрезвычайная редкость","Низкая надежность при эксплуатации на дорогах общего пользования"]'::jsonb,
  '["Проверить состояние обвеса и карбоновых элементов на предмет трещин","Оценить состояние настроек ЭБУ двигателя","Тщательно проверить трансмиссию на предмет износа из-за повышенной мощности"]'::jsonb,
  '["Custom body kit and interior","Heavily modified Porsche engine","Top speed exceeding 300 km/h"]'::jsonb,
  '["3.6L H6 Turbo (Custom Rinspeed tuning)"]'::jsonb,
  '[{"engine_code":"M96/T (Tuned)","common_issues_ru":["Перегрев турбонагнетателя из-за агрессивных настроек","Потенциальные проблемы с промежуточным валом (IMS) на базовых двигателях 996","Сложности с поиском специфических тюнинговых деталей Rinspeed"]}]'::jsonb,
  null,
  null
)

insert into public.vehicle_models (
  id,
  make_id,
  slug,
  name_en,
  first_model_year,
  last_model_year,
  years_available,
  body_types_available,
  fuel_types_available,
  transmission_available,
  reliability_score,
  popularity_score
)
values (
  'f61d002b-a2e0-c39a-b9d9-5c15600451ed',
  '391fa084-caf7-25bd-b118-5b8d2fcfb88d',
  'r69',
  'R69',
  1984,
  1988,
  '{"1984","1985","1986","1987","1988"}'::int[],
  '["Coupe"]'::jsonb,
  '["Gasoline"]'::jsonb,
  '["Manual"]'::jsonb,
  6.5,
  10
)

insert into public.vehicle_generations (
  id,
  model_id,
  code,
  start_year,
  end_year,
  facelift,
  production_countries,
  body_types,
  fuel_types,
  transmission_types,
  summary
)
values (
  '51597022-c364-c377-0278-22d6f8b10178',
  'f61d002b-a2e0-c39a-b9d9-5c15600451ed',
  'R69',
  1984,
  1988,
  false,
  '{"Switzerland"}'::text[],
  null,
  null,
  null,
  'A highly modified take on the Porsche 930 Turbo, featuring unique styling cues.'
)

insert into public.vehicle_insights (
  model_id,
  pros,
  cons,
  inspection_tips,
  notable_features,
  engine_examples,
  common_issues_by_engine,
  reliability_score,
  popularity_score
)
values (
  'f61d002b-a2e0-c39a-b9d9-5c15600451ed',
  '["Высокая коллекционная ценность","Надежность классических 911 (при должном уходе)","Мощный звук оппозитного двигателя"]'::jsonb,
  '["Очень высокая стоимость запчастей","Устаревшая конструкция (воздушное охлаждение)","Сложность в управлении на высоких скоростях"]'::jsonb,
  '["Проверить состояние системы воздушного охлаждения и теплообменников","Искать следы коррозии в скрытых полостях кузова","Оценить работу турбины и наличие люфта"]'::jsonb,
  '["Classic Porsche reliability base","Distinctive body kit and spoilers","High collectible value"]'::jsonb,
  '["3.3L H6 Turbo"]'::jsonb,
  '[{"engine_code":"930/66","common_issues_ru":["Сложная настройка механического впрыска (K-Jetronic)","Износ синхронизаторов коробки передач при агрессивной езде","Типичные проблемы классических турбированных Porsche (турбо-яма)"]}]'::jsonb,
  null,
  null
)

insert into public.vehicle_models (
  id,
  make_id,
  slug,
  name_en,
  first_model_year,
  last_model_year,
  years_available,
  body_types_available,
  fuel_types_available,
  transmission_available,
  reliability_score,
  popularity_score
)
values (
  'a607e570-268c-2f33-40a0-6077a0b8389e',
  '391fa084-caf7-25bd-b118-5b8d2fcfb88d',
  'e-go-rocket',
  'E-Go Rocket',
  2001,
  2002,
  '{"2001","2002"}'::int[],
  '["Roadster"]'::jsonb,
  '["Gasoline"]'::jsonb,
  '["Automatic (Robotized)"]'::jsonb,
  5,
  2
)

insert into public.vehicle_generations (
  id,
  model_id,
  code,
  start_year,
  end_year,
  facelift,
  production_countries,
  body_types,
  fuel_types,
  transmission_types,
  summary
)
values (
  '1c8a7180-ff2c-6be0-87c8-04d7dcc7ac72',
  'a607e570-268c-2f33-40a0-6077a0b8389e',
  'EGR',
  2001,
  2002,
  false,
  '{"Switzerland"}'::text[],
  null,
  null,
  null,
  'A radically styled, heavily customized version of the Smart Fortwo, focusing on lightweight fun.'
)

insert into public.vehicle_insights (
  model_id,
  pros,
  cons,
  inspection_tips,
  notable_features,
  engine_examples,
  common_issues_by_engine,
  reliability_score,
  popularity_score
)
values (
  'a607e570-268c-2f33-40a0-6077a0b8389e',
  '["Идеален для городской езды","Экономичный (база Smart)","Эксклюзивный внешний вид"]'::jsonb,
  '["Крайне мало места для багажа","Некомфортно на высоких скоростях","Высокая уязвимость кузовных панелей"]'::jsonb,
  '["Проверить состояние турбины, склонной к перегреву","Убедиться в отсутствии люфта в подвеске из-за экстремально короткой базы","Проверить работу роботизированной КПП"]'::jsonb,
  '["Extremely short wheelbase","Open roadster design","Urban agility"]'::jsonb,
  '["0.6L I3 Turbo"]'::jsonb,
  '[{"engine_code":"M160","common_issues_ru":["Высокий расход масла и износ поршневых колец (типично для Smart)","Медленная и дерганая работа роботизированной коробки передач","Проблемы с датчиками и электроникой двигателя"]}]'::jsonb,
  null,
  null
)

insert into public.vehicle_makes (id, slug, name_en, country, segment_class, is_active, category_path)
values (
  '7fd47dc6-9bbf-dcbd-a2d7-87597f9f0e54',
  'rivian',
  'Rivian',
  'USA',
  'Electric Premium',
  true,
  'Electric Vehicles/Trucks and SUVs'
)

insert into public.vehicle_models (
  id,
  make_id,
  slug,
  name_en,
  first_model_year,
  last_model_year,
  years_available,
  body_types_available,
  fuel_types_available,
  transmission_available,
  reliability_score,
  popularity_score
)
values (
  '5db0cff3-185e-ac7f-8930-9cad7fd34386',
  '7fd47dc6-9bbf-dcbd-a2d7-87597f9f0e54',
  'r1t',
  'R1T',
  2021,
  2024,
  '{"2021","2022","2023","2024"}'::int[],
  '["Pickup"]'::jsonb,
  '["Electric"]'::jsonb,
  '["Automatic (Single speed)"]'::jsonb,
  7.5,
  8
)

insert into public.vehicle_generations (
  id,
  model_id,
  code,
  start_year,
  end_year,
  facelift,
  production_countries,
  body_types,
  fuel_types,
  transmission_types,
  summary
)
values (
  'bc402feb-878b-3203-1dab-d2c2fcff844b',
  '5db0cff3-185e-ac7f-8930-9cad7fd34386',
  'R1T Gen 1',
  2021,
  2024,
  false,
  '{"USA"}'::text[],
  null,
  null,
  null,
  'Initial generation of Rivian''s electric adventure pickup truck, known for its quad-motor setup and off-road capability.'
)

insert into public.vehicle_insights (
  model_id,
  pros,
  cons,
  inspection_tips,
  notable_features,
  engine_examples,
  common_issues_by_engine,
  reliability_score,
  popularity_score
)
values (
  '5db0cff3-185e-ac7f-8930-9cad7fd34386',
  '["Выдающаяся производительность и быстрое ускорение","Отличные внедорожные характеристики и адаптивная подвеска","Инновационный и функциональный дизайн"]'::jsonb,
  '["Ограниченная сеть обслуживания за пределами Северной Америки","Очень высокий расход шин из-за большого веса и крутящего момента","Высокая первоначальная цена"]'::jsonb,
  '["Проверить работу «Туннеля для снаряжения» (Gear Tunnel) на предмет протечек","Оценить состояние 12-вольтового аккумулятора, который может быстро разряжаться","Проверить зарядный порт на отсутствие повреждений или окисления"]'::jsonb,
  '["Gear Tunnel storage compartment","Wade mode capability (up to 3 feet)","Integrated air compressor"]'::jsonb,
  '["Quad-Motor AWD","Dual-Motor AWD"]'::jsonb,
  '[{"engine_code":"Quad-Motor","common_issues_ru":["Сбои в работе пневматической подвески, требующие перезагрузки системы","Проблемы с калибровкой датчиков высоты","Мелкие дефекты сборки салона (скрипы, неплотное прилегание панелей)"]}]'::jsonb,
  null,
  null
)

insert into public.vehicle_models (
  id,
  make_id,
  slug,
  name_en,
  first_model_year,
  last_model_year,
  years_available,
  body_types_available,
  fuel_types_available,
  transmission_available,
  reliability_score,
  popularity_score
)
values (
  '7207460d-24f1-ad43-0e09-d68a3b683a07',
  '7fd47dc6-9bbf-dcbd-a2d7-87597f9f0e54',
  'r1s',
  'R1S',
  2022,
  2024,
  '{"2022","2023","2024"}'::int[],
  '["SUV"]'::jsonb,
  '["Electric"]'::jsonb,
  '["Automatic (Single speed)"]'::jsonb,
  7.7,
  8.5
)

insert into public.vehicle_generations (
  id,
  model_id,
  code,
  start_year,
  end_year,
  facelift,
  production_countries,
  body_types,
  fuel_types,
  transmission_types,
  summary
)
values (
  '1abfc368-7dc4-6dc2-ddbd-0d57e0f10d9d',
  '7207460d-24f1-ad43-0e09-d68a3b683a07',
  'R1S Gen 1',
  2022,
  2024,
  false,
  '{"USA"}'::text[],
  null,
  null,
  null,
  'Electric seven-seater SUV built on the R1 platform, offering performance and family utility.'
)

insert into public.vehicle_insights (
  model_id,
  pros,
  cons,
  inspection_tips,
  notable_features,
  engine_examples,
  common_issues_by_engine,
  reliability_score,
  popularity_score
)
values (
  '7207460d-24f1-ad43-0e09-d68a3b683a07',
  '["Исключительная мощность и проходимость для SUV","Просторный салон и багажник (при сложенном третьем ряде)","Длинный запас хода, конкурентный в своем классе"]'::jsonb,
  '["Ощутимый крен кузова на высоких скоростях","Тесное пространство для ног на третьем ряду сидений","Зависимость всех функций автомобиля от сенсорного экрана"]'::jsonb,
  '["Проверить работу механизма складывания сидений третьего ряда","Убедиться в правильной работе всех камер кругового обзора (они чувствительны к загрязнению)","Оценить состояние аккумулятора через диагностику, если возможно"]'::jsonb,
  '["Seven-passenger seating capacity","Standard adaptive air suspension","High ground clearance"]'::jsonb,
  '["Quad-Motor AWD","Dual-Motor AWD"]'::jsonb,
  '[{"engine_code":"Dual-Motor","common_issues_ru":["Заедание сенсорных дверных ручек в холодную погоду","Сбои в работе информационно-развлекательной системы (периодические зависания)","Проблемы с уплотнителями вокруг дверей и панорамной крыши"]}]'::jsonb,
  null,
  null
)

insert into public.vehicle_makes (id, slug, name_en, country, segment_class, is_active, category_path)
values (
  'ed5596d4-a732-e5c0-cdd7-f7f098768fc7',
  'rolls-royce',
  'Rolls-Royce',
  'United Kingdom',
  'F - Luxury cars',
  true,
  '/cars/rolls-royce'
)

insert into public.vehicle_models (
  id,
  make_id,
  slug,
  name_en,
  first_model_year,
  last_model_year,
  years_available,
  body_types_available,
  fuel_types_available,
  transmission_available,
  reliability_score,
  popularity_score
)
values (
  'fcd8f8a3-b933-8b11-9179-11b54b8572a8',
  'ed5596d4-a732-e5c0-cdd7-f7f098768fc7',
  'phantom',
  'Phantom',
  2003,
  2024,
  '{"2003","2008","2013","2018","2024"}'::int[],
  '["Sedan","Coupe","Drophead Coupe"]'::jsonb,
  '["Gasoline"]'::jsonb,
  '["Automatic"]'::jsonb,
  8.5,
  9
)

insert into public.vehicle_generations (
  id,
  model_id,
  code,
  start_year,
  end_year,
  facelift,
  production_countries,
  body_types,
  fuel_types,
  transmission_types,
  summary
)
values (
  'a5802648-8f4b-543b-16f0-79c281744d99',
  'fcd8f8a3-b933-8b11-9179-11b54b8572a8',
  'Phantom VII (RR01)',
  2003,
  2017,
  false,
  '{"United Kingdom"}'::text[],
  null,
  null,
  null,
  'The first model developed under BMW ownership, reviving the iconic nameplate with modern technology and scale.'
)

insert into public.vehicle_generations (
  id,
  model_id,
  code,
  start_year,
  end_year,
  facelift,
  production_countries,
  body_types,
  fuel_types,
  transmission_types,
  summary
)
values (
  '4d822f2f-b7cf-780c-a106-a582b2887eef',
  'fcd8f8a3-b933-8b11-9179-11b54b8572a8',
  'Phantom VIII (RR11/RR12)',
  2017,
  2024,
  false,
  '{"United Kingdom"}'::text[],
  null,
  null,
  null,
  'Built on the new ''Architecture of Luxury'' platform, featuring advanced luxury and sound isolation.'
)

insert into public.vehicle_insights (
  model_id,
  pros,
  cons,
  inspection_tips,
  notable_features,
  engine_examples,
  common_issues_by_engine,
  reliability_score,
  popularity_score
)
values (
  'fcd8f8a3-b933-8b11-9179-11b54b8572a8',
  '["Исключительный комфорт и шумоизоляция","Высочайшее качество материалов и сборки","Престиж и статус"]'::jsonb,
  '["Чрезвычайно высокая стоимость обслуживания","Большие габариты, затрудняющие маневрирование","Быстрое обесценивание (для старых моделей)"]'::jsonb,
  '["Проверить работу пневмоподвески и амортизаторов","Оценить состояние электрики и сложного мультимедиа","Тщательная проверка кузова на предмет коррозии (особенно Phantom VII)"]'::jsonb,
  '["Starlight Headliner","Coach Doors","Bespoke customization options"]'::jsonb,
  '["6.75L N73 V12 (pre-2017)","6.75L N74 V12 Twin-Turbo (post-2017)"]'::jsonb,
  '[{"engine_code":"N73B68 (V12 6.75L)","common_issues_ru":["Проблемы с датчиками положения коленвала","Утечки масла из-под клапанных крышек","Отказы топливных насосов"]},{"engine_code":"N74B68 (V12 6.75L TT)","common_issues_ru":["Износ турбин при агрессивной эксплуатации","Сбои в работе системы Valvetronic","Высокий расход масла"]}]'::jsonb,
  null,
  null
)

insert into public.vehicle_models (
  id,
  make_id,
  slug,
  name_en,
  first_model_year,
  last_model_year,
  years_available,
  body_types_available,
  fuel_types_available,
  transmission_available,
  reliability_score,
  popularity_score
)
values (
  '256f66be-8c1c-12d7-8b8a-ee3a3c19dbcd',
  'ed5596d4-a732-e5c0-cdd7-f7f098768fc7',
  'ghost',
  'Ghost',
  2010,
  2024,
  '{"2010","2015","2020","2024"}'::int[],
  '["Sedan","Extended Wheelbase Sedan"]'::jsonb,
  '["Gasoline"]'::jsonb,
  '["Automatic"]'::jsonb,
  8.2,
  9.5
)

insert into public.vehicle_generations (
  id,
  model_id,
  code,
  start_year,
  end_year,
  facelift,
  production_countries,
  body_types,
  fuel_types,
  transmission_types,
  summary
)
values (
  'df86b72f-1296-01a2-0148-c84067eafb37',
  '256f66be-8c1c-12d7-8b8a-ee3a3c19dbcd',
  'Ghost I (RR04)',
  2010,
  2020,
  false,
  '{"United Kingdom"}'::text[],
  null,
  null,
  null,
  'The ''entry-level'' Rolls-Royce, based heavily on BMW 7-Series technology, but highly customized.'
)

insert into public.vehicle_generations (
  id,
  model_id,
  code,
  start_year,
  end_year,
  facelift,
  production_countries,
  body_types,
  fuel_types,
  transmission_types,
  summary
)
values (
  '1524a402-b905-d71b-5c36-13ed748d7958',
  '256f66be-8c1c-12d7-8b8a-ee3a3c19dbcd',
  'Ghost II (RR21)',
  2020,
  2024,
  false,
  '{"United Kingdom"}'::text[],
  null,
  null,
  null,
  'Based on the dedicated ''Architecture of Luxury'', sharing less with BMW platform components, offering ''Post Opulence'' design.'
)

insert into public.vehicle_insights (
  model_id,
  pros,
  cons,
  inspection_tips,
  notable_features,
  engine_examples,
  common_issues_by_engine,
  reliability_score,
  popularity_score
)
values (
  '256f66be-8c1c-12d7-8b8a-ee3a3c19dbcd',
  '["Мощный двигатель V12 Twin-Turbo","Относительно более компактные размеры, чем у Phantom","Отличная динамика и управляемость для своего класса"]'::jsonb,
  '["Сложности с электроникой и мультимедиа (особенно ранние модели)","Высокая чувствительность к качеству топлива","Быстрый износ тормозной системы"]'::jsonb,
  '["Проверка подвески на предмет стуков и утечек воздуха","Диагностика турбокомпрессоров на наличие люфта","Проверка работоспособности всех дверей с электроприводом"]'::jsonb,
  '["6.6L Twin-Turbo V12 engine","Satellite-aided Transmission (SAT)","Minimalist design philosophy (Ghost II)"]'::jsonb,
  '["6.6L N74B66 V12 TT","6.75L N74B68 V12 TT"]'::jsonb,
  '[{"engine_code":"N74B66 (V12 6.6L TT)","common_issues_ru":["Проблемы с системой охлаждения","Поломки маслоотделителей картерных газов","Ранний износ цепи ГРМ (при плохом обслуживании)"]}]'::jsonb,
  null,
  null
)

insert into public.vehicle_models (
  id,
  make_id,
  slug,
  name_en,
  first_model_year,
  last_model_year,
  years_available,
  body_types_available,
  fuel_types_available,
  transmission_available,
  reliability_score,
  popularity_score
)
values (
  'ec7f8a1a-ea11-2308-ee0d-97092420360c',
  'ed5596d4-a732-e5c0-cdd7-f7f098768fc7',
  'cullinan',
  'Cullinan',
  2019,
  2024,
  '{"2019","2021","2024"}'::int[],
  '["SUV"]'::jsonb,
  '["Gasoline"]'::jsonb,
  '["Automatic"]'::jsonb,
  8.8,
  9.8
)

insert into public.vehicle_generations (
  id,
  model_id,
  code,
  start_year,
  end_year,
  facelift,
  production_countries,
  body_types,
  fuel_types,
  transmission_types,
  summary
)
values (
  '8c93addb-1afc-9d35-fd43-05ff5783bd15',
  'ec7f8a1a-ea11-2308-ee0d-97092420360c',
  'Cullinan (RR31)',
  2019,
  2024,
  false,
  '{"United Kingdom"}'::text[],
  null,
  null,
  null,
  'Rolls-Royce''s first and only SUV, built on the ''Architecture of Luxury'' platform with all-wheel drive.'
)

insert into public.vehicle_insights (
  model_id,
  pros,
  cons,
  inspection_tips,
  notable_features,
  engine_examples,
  common_issues_by_engine,
  reliability_score,
  popularity_score
)
values (
  'ec7f8a1a-ea11-2308-ee0d-97092420360c',
  '["Непревзойденный уровень роскоши в сегменте SUV","Впечатляющая проходимость (для люкс-автомобиля)","Очень высокий клиренс и пневмоподвеска"]'::jsonb,
  '["Чрезвычайно высокий расход топлива","Сложность ремонта вне официальных дилерских центров","Высокая налоговая ставка"]'::jsonb,
  '["Проверить работу полного привода и раздаточной коробки","Осмотреть салон на предмет износа эксклюзивных материалов","Убедиться в отсутствии ошибок по блоку управления подвеской"]'::jsonb,
  '["''The Clasp'' rear tailgate configuration","All-Wheel Drive System","Viewing Suite option"]'::jsonb,
  '["6.75L N74B68 V12 Twin-Turbo"]'::jsonb,
  '[{"engine_code":"N74B68 (V12 6.75L TT)","common_issues_ru":["Перегрев при длительных нагрузках","Сбои в работе электрического стояночного тормоза","Проблемы с топливными форсунками"]}]'::jsonb,
  null,
  null
)

insert into public.vehicle_makes (id, slug, name_en, country, segment_class, is_active, category_path)
values (
  'e9d97679-e29b-0862-1a30-b9403a49abf9',
  'rover',
  'Rover',
  'UK',
  'Generalist/Premium (Defunct)',
  false,
  'Passenger Vehicles'
)

insert into public.vehicle_models (
  id,
  make_id,
  slug,
  name_en,
  first_model_year,
  last_model_year,
  years_available,
  body_types_available,
  fuel_types_available,
  transmission_available,
  reliability_score,
  popularity_score
)
values (
  '6f70c0b3-a203-3543-a4c9-e47c07313fe4',
  'e9d97679-e29b-0862-1a30-b9403a49abf9',
  '75',
  '75',
  1998,
  2005,
  '{"1998","1999","2000","2001","2002","2003","2004","2005"}'::int[],
  '["Sedan","Wagon"]'::jsonb,
  '["Gasoline","Diesel"]'::jsonb,
  '["Manual","Automatic"]'::jsonb,
  6.5,
  7.5
)

insert into public.vehicle_generations (
  id,
  model_id,
  code,
  start_year,
  end_year,
  facelift,
  production_countries,
  body_types,
  fuel_types,
  transmission_types,
  summary
)
values (
  'e0f5eb38-ee67-a371-4031-d75397e42aaf',
  '6f70c0b3-a203-3543-a4c9-e47c07313fe4',
  'R40',
  1998,
  2005,
  false,
  '{"UK"}'::text[],
  null,
  null,
  null,
  'The Rover 75 was the last large model designed by Rover Group, renowned for its comfortable ride and retro luxury styling.'
)

insert into public.vehicle_insights (
  model_id,
  pros,
  cons,
  inspection_tips,
  notable_features,
  engine_examples,
  common_issues_by_engine,
  reliability_score,
  popularity_score
)
values (
  '6f70c0b3-a203-3543-a4c9-e47c07313fe4',
  '["Высокий уровень комфорта и плавность хода","Элегантный, классический дизайн","Качественный интерьер"]'::jsonb,
  '["Сложности с поиском оригинальных запчастей после прекращения выпуска","Проблемы с системой охлаждения на двигателях KV6 и K-Series","Коррозия на элементах подвески и колесных арках"]'::jsonb,
  '["Проверить состояние прокладки головки блока цилиндров на 1.8 K-Series","Оценить работу автоматической коробки передач JATCO на плавность переключений","Тщательно проверить пороги и арки на предмет ржавчины"]'::jsonb,
  '["High level of interior comfort and materials","Classic, elegant British styling","Relatively quiet cabin"]'::jsonb,
  '["1.8 K-Series","2.0 KV6","2.5 KV6","2.0 L-Series Diesel"]'::jsonb,
  '[{"engine_code":"18K4F","common_issues_ru":["Перегрев и пробой прокладки ГБЦ (HGF)","Утечки антифриза из-за пластиковых элементов системы охлаждения"]},{"engine_code":"25K4F","common_issues_ru":["Выход из строя термостата","Проблемы с ременным приводом ГРМ (сложность замены)","Течи масла из-под клапанных крышек"]}]'::jsonb,
  null,
  null
)

insert into public.vehicle_models (
  id,
  make_id,
  slug,
  name_en,
  first_model_year,
  last_model_year,
  years_available,
  body_types_available,
  fuel_types_available,
  transmission_available,
  reliability_score,
  popularity_score
)
values (
  '83956f2e-43f3-48eb-f5ba-07e5211d8f35',
  'e9d97679-e29b-0862-1a30-b9403a49abf9',
  '45',
  '45',
  1995,
  2005,
  '{"1995","1996","1997","1998","1999","2000","2001","2002","2003","2004","2005"}'::int[],
  '["Sedan","Hatchback"]'::jsonb,
  '["Gasoline","Diesel"]'::jsonb,
  '["Manual","Automatic"]'::jsonb,
  6,
  7
)

insert into public.vehicle_generations (
  id,
  model_id,
  code,
  start_year,
  end_year,
  facelift,
  production_countries,
  body_types,
  fuel_types,
  transmission_types,
  summary
)
values (
  '2f4dfaf3-b45f-94c0-c64c-f2982a7580d1',
  '83956f2e-43f3-48eb-f5ba-07e5211d8f35',
  'HH-R',
  1995,
  1999,
  false,
  '{"UK"}'::text[],
  null,
  null,
  null,
  'Second generation Rover 400, developed jointly with Honda (sister model to the Honda Civic).'
)

insert into public.vehicle_generations (
  id,
  model_id,
  code,
  start_year,
  end_year,
  facelift,
  production_countries,
  body_types,
  fuel_types,
  transmission_types,
  summary
)
values (
  '2f4dfaf3-b45f-94c0-c64c-f2982a7580d1',
  '83956f2e-43f3-48eb-f5ba-07e5211d8f35',
  'HH-R',
  1999,
  2005,
  true,
  '{"UK"}'::text[],
  null,
  null,
  null,
  'Facelifted version rebranded as the Rover 45, featuring visual updates and improved suspension.'
)

insert into public.vehicle_insights (
  model_id,
  pros,
  cons,
  inspection_tips,
  notable_features,
  engine_examples,
  common_issues_by_engine,
  reliability_score,
  popularity_score
)
values (
  '83956f2e-43f3-48eb-f5ba-07e5211d8f35',
  '["Недорогие запчасти (для ранних моделей)","Просторный салон для своего класса","Надежные дизельные двигатели L-Series"]'::jsonb,
  '["Проблемы с K-Series двигателями (риск HGF)","Быстрая коррозия задних арок и порогов","Устаревшая конструкция подвески (до 45 модели)"]'::jsonb,
  '["Обязательно проверить состояние K-Series на предмет перегрева и следов антифриза в масле","Проверить работу ABS и вакуумного усилителя тормозов","Осмотреть места крепления задних рычагов и лонжероны"]'::jsonb,
  '["Spacious interior for its class","Reliable diesel engine option (L-Series)","Good maneuverability"]'::jsonb,
  '["1.4 K-Series","1.6 K-Series","2.0 L-Series Diesel"]'::jsonb,
  '[{"engine_code":"14K4F","common_issues_ru":["Пробой прокладки ГБЦ из-за перегрева","Ненадежные крепления впускного коллектора","Утечки масла через прокладку масляного поддона"]},{"engine_code":"20T2N","common_issues_ru":["Требует внимания ТНВД (топливный насос высокого давления) после 200 тыс. км","Сложности с запуском в мороз"]}]'::jsonb,
  null,
  null
)

insert into public.vehicle_models (
  id,
  make_id,
  slug,
  name_en,
  first_model_year,
  last_model_year,
  years_available,
  body_types_available,
  fuel_types_available,
  transmission_available,
  reliability_score,
  popularity_score
)
values (
  'ab984328-fde6-3d68-da48-db683240be9f',
  'e9d97679-e29b-0862-1a30-b9403a49abf9',
  '25',
  '25',
  1995,
  2005,
  '{"1995","1996","1997","1998","1999","2000","2001","2002","2003","2004","2005"}'::int[],
  '["Hatchback"]'::jsonb,
  '["Gasoline","Diesel"]'::jsonb,
  '["Manual","Automatic"]'::jsonb,
  5.5,
  6
)

insert into public.vehicle_generations (
  id,
  model_id,
  code,
  start_year,
  end_year,
  facelift,
  production_countries,
  body_types,
  fuel_types,
  transmission_types,
  summary
)
values (
  '18503938-4430-99b1-24b9-36897a659d5e',
  'ab984328-fde6-3d68-da48-db683240be9f',
  'RF',
  1995,
  1999,
  false,
  '{"UK"}'::text[],
  null,
  null,
  null,
  'Third generation of the Rover 200 series, aiming for a more premium supermini segment.'
)

insert into public.vehicle_generations (
  id,
  model_id,
  code,
  start_year,
  end_year,
  facelift,
  production_countries,
  body_types,
  fuel_types,
  transmission_types,
  summary
)
values (
  '18503938-4430-99b1-24b9-36897a659d5e',
  'ab984328-fde6-3d68-da48-db683240be9f',
  'RF',
  1999,
  2005,
  true,
  '{"UK"}'::text[],
  null,
  null,
  null,
  'Facelifted version rebranded as the Rover 25, incorporating styling cues from the Rover 75.'
)

insert into public.vehicle_insights (
  model_id,
  pros,
  cons,
  inspection_tips,
  notable_features,
  engine_examples,
  common_issues_by_engine,
  reliability_score,
  popularity_score
)
values (
  'ab984328-fde6-3d68-da48-db683240be9f',
  '["Компактность и маневренность","Низкий расход топлива (особенно дизель)","Недорогие запчасти и простота обслуживания (ходовой части)"]'::jsonb,
  '["Высокий риск проблем с прокладкой ГБЦ на бензиновых моторах","Недостаточная шумоизоляция","Быстрая коррозия"]'::jsonb,
  '["Проверить уровень масла и антифриза, следы эмульсии","Оценить состояние рулевой рейки и насоса ГУР","Внимательно осмотреть кузов, особенно нижние части дверей и крылья"]'::jsonb,
  '["Sporty handling (especially the later GTi/ZR models)","Compact dimensions suitable for city driving"]'::jsonb,
  '["1.1 K-Series","1.4 K-Series","1.6 K-Series","2.0 L-Series Diesel"]'::jsonb,
  '[{"engine_code":"14K4F","common_issues_ru":["Критическая уязвимость прокладки ГБЦ (HGF)","Износ сальников клапанов, приводящий к масложору","Сбои в работе системы VVC (на версиях VVC)"]}]'::jsonb,
  null,
  null
)

insert into public.vehicle_makes (id, slug, name_en, country, segment_class, is_active, category_path)
values (
  'e6928b36-47a3-5e43-1f6e-5c0474ae72ab',
  'seat',
  'SEAT',
  'Spain',
  'Volume Manufacturer',
  true,
  'Passenger Cars'
)

insert into public.vehicle_models (
  id,
  make_id,
  slug,
  name_en,
  first_model_year,
  last_model_year,
  years_available,
  body_types_available,
  fuel_types_available,
  transmission_available,
  reliability_score,
  popularity_score
)
values (
  'bf79e2a4-42b3-bc07-1631-61ee63ebdc69',
  'e6928b36-47a3-5e43-1f6e-5c0474ae72ab',
  'leon',
  'Leon',
  1999,
  2024,
  '{"1999","2000","2001","2002","2003","2004","2005","2006","2007","2008","2009","2010","2011","2012","2013","2014","2015","2016","2017","2018","2019","2020","2021","2022","2023","2024"}'::int[],
  '["Hatchback","Estate"]'::jsonb,
  '["Gasoline","Diesel","CNG","Hybrid"]'::jsonb,
  '["Manual","Automatic (DSG)"]'::jsonb,
  7.8,
  8.5
)

insert into public.vehicle_generations (
  id,
  model_id,
  code,
  start_year,
  end_year,
  facelift,
  production_countries,
  body_types,
  fuel_types,
  transmission_types,
  summary
)
values (
  'fa0ed295-0afe-a90b-90e2-badf88ad08f8',
  'bf79e2a4-42b3-bc07-1631-61ee63ebdc69',
  '5F',
  2012,
  2020,
  false,
  '{"Spain"}'::text[],
  null,
  null,
  null,
  'Third generation Leon, utilizing the highly versatile MQB platform, offering improved dynamics and efficiency.'
)

insert into public.vehicle_generations (
  id,
  model_id,
  code,
  start_year,
  end_year,
  facelift,
  production_countries,
  body_types,
  fuel_types,
  transmission_types,
  summary
)
values (
  '8dc7f8d6-e8dd-4651-cc25-a65555a51cd5',
  'bf79e2a4-42b3-bc07-1631-61ee63ebdc69',
  'KL',
  2020,
  2024,
  false,
  '{"Spain"}'::text[],
  null,
  null,
  null,
  'Fourth generation, featuring a fully digitalized cabin, updated design language, and the introduction of mild and plug-in hybrid powertrains.'
)

insert into public.vehicle_insights (
  model_id,
  pros,
  cons,
  inspection_tips,
  notable_features,
  engine_examples,
  common_issues_by_engine,
  reliability_score,
  popularity_score
)
values (
  'bf79e2a4-42b3-bc07-1631-61ee63ebdc69',
  '["Отличная управляемость и динамика","Качественный салон для своего класса","Экономичные двигатели TSI/TDI","Хороший уровень оснащения"]'::jsonb,
  '["Жесткая подвеска на спортивных версиях","Проблемы с надежностью ранних версий DSG (DQ200)","Дорогое обслуживание у дилеров"]'::jsonb,
  '["Проверить работу DSG на предмет рывков или стуков","Осмотр кузова на предмет коррозии (особенно на моделях до 2015 года)","Диагностика электрики и мультимедийной системы"]'::jsonb,
  '["Full LED lighting available","Virtual cockpit (later generations)","Dynamic handling"]'::jsonb,
  '["1.4 TSI","1.5 TSI","2.0 TDI"]'::jsonb,
  '[{"engine_code":"1.4 TSI (EA211)","common_issues_ru":["Отказы актуатора турбины","Загрязнение впускных клапанов","Утечки антифриза"]},{"engine_code":"1.8/2.0 TSI (Gen 3)","common_issues_ru":["Высокий расход масла (на некоторых экземплярах)","Выход из строя водяной помпы"]}]'::jsonb,
  null,
  null
)

insert into public.vehicle_models (
  id,
  make_id,
  slug,
  name_en,
  first_model_year,
  last_model_year,
  years_available,
  body_types_available,
  fuel_types_available,
  transmission_available,
  reliability_score,
  popularity_score
)
values (
  '146c8f61-9cc2-c649-f2f0-6a1acb871cba',
  'e6928b36-47a3-5e43-1f6e-5c0474ae72ab',
  'ibiza',
  'Ibiza',
  1984,
  2024,
  '{"2017","2018","2019","2020","2021","2022","2023","2024"}'::int[],
  '["Hatchback"]'::jsonb,
  '["Gasoline","Diesel"]'::jsonb,
  '["Manual","Automatic (DSG)"]'::jsonb,
  8.2,
  7.5
)

insert into public.vehicle_generations (
  id,
  model_id,
  code,
  start_year,
  end_year,
  facelift,
  production_countries,
  body_types,
  fuel_types,
  transmission_types,
  summary
)
values (
  'e6236896-fb4a-f000-8005-0df379dcc095',
  '146c8f61-9cc2-c649-f2f0-6a1acb871cba',
  'KJ',
  2017,
  2024,
  false,
  '{"Spain"}'::text[],
  null,
  null,
  null,
  'Fifth generation, based on the MQB A0 platform. Significant improvements in space, technology, and handling compared to previous generations.'
)

insert into public.vehicle_insights (
  model_id,
  pros,
  cons,
  inspection_tips,
  notable_features,
  engine_examples,
  common_issues_by_engine,
  reliability_score,
  popularity_score
)
values (
  '146c8f61-9cc2-c649-f2f0-6a1acb871cba',
  '["Надежные моторы (MPI/ранние TSI)","Отличная маневренность в городе","Низкий расход топлива","Доступность запчастей"]'::jsonb,
  '["Шумовая изоляция ниже среднего","Простоватый интерьер базовых версий","Небольшой выбор мощных двигателей"]'::jsonb,
  '["Проверка состояния турбины на 1.0 TSI","Осмотр задней балки на деформацию (при агрессивной езде)","Тест-драйв для оценки работы подвески (поиск скрипов)"]'::jsonb,
  '["MQB A0 platform handling","Compact and agile design"]'::jsonb,
  '["1.0 MPI","1.0 TSI","1.6 TDI"]'::jsonb,
  '[{"engine_code":"1.0 TSI (EA211 family)","common_issues_ru":["Проблемы с натяжителем ремня ГРМ на ранних моделях","Вибрации на холостом ходу","Отложения на впускных клапанах"]},{"engine_code":"1.4 TDI","common_issues_ru":["Повышенный шум и вибрация","Износ форсунок"]}]'::jsonb,
  null,
  null
)

insert into public.vehicle_models (
  id,
  make_id,
  slug,
  name_en,
  first_model_year,
  last_model_year,
  years_available,
  body_types_available,
  fuel_types_available,
  transmission_available,
  reliability_score,
  popularity_score
)
values (
  '86a9d84a-23ca-e192-c8b0-0dd0cccffc26',
  'e6928b36-47a3-5e43-1f6e-5c0474ae72ab',
  'ateca',
  'Ateca',
  2016,
  2024,
  '{"2016","2017","2018","2019","2020","2021","2022","2023","2024"}'::int[],
  '["SUV"]'::jsonb,
  '["Gasoline","Diesel"]'::jsonb,
  '["Manual","Automatic (DSG)"]'::jsonb,
  7.9,
  7
)

insert into public.vehicle_generations (
  id,
  model_id,
  code,
  start_year,
  end_year,
  facelift,
  production_countries,
  body_types,
  fuel_types,
  transmission_types,
  summary
)
values (
  '937ea86c-90e6-ac41-ea4a-f45571fdb4a8',
  '86a9d84a-23ca-e192-c8b0-0dd0cccffc26',
  'KH7',
  2016,
  2024,
  false,
  '{"Czech Republic"}'::text[],
  null,
  null,
  null,
  'SEAT''s first compact SUV, built on the MQB platform. Known for its dynamic driving characteristics relative to its class.'
)

insert into public.vehicle_insights (
  model_id,
  pros,
  cons,
  inspection_tips,
  notable_features,
  engine_examples,
  common_issues_by_engine,
  reliability_score,
  popularity_score
)
values (
  '86a9d84a-23ca-e192-c8b0-0dd0cccffc26',
  '["Вместительный салон и багажник","Хорошая обзорность","Уверенное поведение на дороге","Высокий клиренс"]'::jsonb,
  '["Жестковатая подвеска (особенно с большими дисками)","Иногда низкое качество пластика в салоне","Небольшие проблемы с электроникой в первые годы выпуска"]'::jsonb,
  '["Проверить работу полного привода Haldex (на версиях 4Drive)","Осмотр состояния панорамной крыши на предмет протечек","Диагностика системы Start/Stop"]'::jsonb,
  '["High ground clearance","Optional 4Drive AWD system","Good balance of comfort and agility"]'::jsonb,
  '["1.5 TSI","2.0 TSI","2.0 TDI"]'::jsonb,
  '[{"engine_code":"1.4/1.5 TSI (EA211)","common_issues_ru":["Сбои в работе системы ACT (на 1.5 TSI)","Проблемы с термостатом и насосом охлаждения"]},{"engine_code":"2.0 TDI (EA288)","common_issues_ru":["Выход из строя датчика NOx","Накопление сажи в сажевом фильтре при частой городской езде"]}]'::jsonb,
  null,
  null
)

insert into public.vehicle_makes (id, slug, name_en, country, segment_class, is_active, category_path)
values (
  '3cddbf95-2c0d-053d-ee4b-2c5416e2b777',
  'saab',
  'Saab',
  'Sweden',
  'E',
  false,
  'Passenger Cars'
)

insert into public.vehicle_models (
  id,
  make_id,
  slug,
  name_en,
  first_model_year,
  last_model_year,
  years_available,
  body_types_available,
  fuel_types_available,
  transmission_available,
  reliability_score,
  popularity_score
)
values (
  'f84187ad-8aa8-4aef-6080-3cf1a95e40ec',
  '3cddbf95-2c0d-053d-ee4b-2c5416e2b777',
  '9-3',
  '9-3',
  2003,
  2014,
  '{"2003","2004","2005","2006","2007","2008","2009","2010","2011","2012","2013","2014"}'::int[],
  '["Sedan","Convertible","SportCombi (Wagon)"]'::jsonb,
  '["Gasoline","Diesel","E85"]'::jsonb,
  '["Manual","Automatic"]'::jsonb,
  7,
  8.5
)

insert into public.vehicle_generations (
  id,
  model_id,
  code,
  start_year,
  end_year,
  facelift,
  production_countries,
  body_types,
  fuel_types,
  transmission_types,
  summary
)
values (
  'd6231b7b-e570-3085-2f4f-2f3d136c7a45',
  'f84187ad-8aa8-4aef-6080-3cf1a95e40ec',
  'YS3F',
  2003,
  2014,
  false,
  '{"Sweden","Germany"}'::text[],
  null,
  null,
  null,
  'The second generation 9-3, built on the GM Epsilon platform, known for its distinct styling, high safety ratings, and focus on driver ergonomics.'
)

insert into public.vehicle_generations (
  id,
  model_id,
  code,
  start_year,
  end_year,
  facelift,
  production_countries,
  body_types,
  fuel_types,
  transmission_types,
  summary
)
values (
  '94f5ff02-d115-0b36-7457-2e372fe6c995',
  'f84187ad-8aa8-4aef-6080-3cf1a95e40ec',
  'YS3F Facelift',
  2008,
  2014,
  true,
  '{"Sweden"}'::text[],
  null,
  null,
  null,
  'Major facelift bringing revised front-end styling, new interior materials, and updated engine options, including XWD all-wheel drive.'
)

insert into public.vehicle_insights (
  model_id,
  pros,
  cons,
  inspection_tips,
  notable_features,
  engine_examples,
  common_issues_by_engine,
  reliability_score,
  popularity_score
)
values (
  'f84187ad-8aa8-4aef-6080-3cf1a95e40ec',
  '["Excellent chassis and handling (especially Aero and XWD)","High safety ratings","Comfortable and distinctive interior design"]'::jsonb,
  '["Complex electronics (REM unit)","Interior plastics prone to wear","Parts availability for unique Saab components"]'::jsonb,
  '["Check the central infotainment display (SID) for dead pixels","Inspect the condition of the turbocharger cartridge and oil lines","Verify XWD system functionality (if applicable)"]'::jsonb,
  '["Night Panel function","Center console ignition slot","Active Head Restraints (SAHR)"]'::jsonb,
  '["2.0T (B207R)","1.9 TiD","2.8T V6 (XWD)"]'::jsonb,
  '[{"engine_code":"B207 (2.0L)","common_issues_ru":["Выход из строя вакуумных трубок и клапанов управления турбиной","Слабая цепь ГРМ, требующая внимания после 150 тыс. км","Проблемы с клапаном PCV"]},{"engine_code":"Z19DTH (1.9L Diesel)","common_issues_ru":["Заклинивание заслонок во впускном коллекторе","Быстрый износ двухмассового маховика","Проблемы с сажевым фильтром (DPF)"]}]'::jsonb,
  null,
  null
)

insert into public.vehicle_models (
  id,
  make_id,
  slug,
  name_en,
  first_model_year,
  last_model_year,
  years_available,
  body_types_available,
  fuel_types_available,
  transmission_available,
  reliability_score,
  popularity_score
)
values (
  'be064ce4-fe81-c61f-42a5-4bd2757991b6',
  '3cddbf95-2c0d-053d-ee4b-2c5416e2b777',
  '9-5',
  '9-5',
  1997,
  2010,
  '{"1997","1998","1999","2000","2001","2002","2003","2004","2005","2006","2007","2008","2009","2010"}'::int[],
  '["Sedan","Wagon"]'::jsonb,
  '["Gasoline","Diesel"]'::jsonb,
  '["Manual","Automatic"]'::jsonb,
  6.5,
  7.5
)

insert into public.vehicle_generations (
  id,
  model_id,
  code,
  start_year,
  end_year,
  facelift,
  production_countries,
  body_types,
  fuel_types,
  transmission_types,
  summary
)
values (
  'ae4b7c7b-0bb0-4fc7-c742-88a5f3e6d440',
  'be064ce4-fe81-c61f-42a5-4bd2757991b6',
  'YS3E',
  1997,
  2010,
  false,
  '{"Sweden"}'::text[],
  null,
  null,
  null,
  'Saab''s flagship executive car built on the GM2900 platform derivative. Known for powerful torque and spacious interiors.'
)

insert into public.vehicle_insights (
  model_id,
  pros,
  cons,
  inspection_tips,
  notable_features,
  engine_examples,
  common_issues_by_engine,
  reliability_score,
  popularity_score
)
values (
  'be064ce4-fe81-c61f-42a5-4bd2757991b6',
  '["Exceptional comfort and space","Robust body structure and safety cage","Torque-heavy turbocharged engines"]'::jsonb,
  '["Severe oil sludge risk (pre-2004 models)","Vulnerable automatic transmissions (pre-2002)","Prone to rust on subframes and wheel arches"]'::jsonb,
  '["Confirm the vehicle has the latest PCV system update (Breather Kit 6)","Check for oil leaks around the engine front cover","Inspect the steering rack for fluid leaks"]'::jsonb,
  '["Ventilated seats option","Wagon features extendable load floor","Saab Trionic engine management system"]'::jsonb,
  '["2.3T (B235R)","3.0L V6 (B308)","2.2 TiD"]'::jsonb,
  '[{"engine_code":"B235 (2.3L)","common_issues_ru":["Риск масляного шлама и голодания из-за неэффективной вентиляции картера (требуется PCV Kit 6)","Выход из строя кассеты зажигания (DI)","Проблемы с турбиной Garrett"]}]'::jsonb,
  null,
  null
)

insert into public.vehicle_models (
  id,
  make_id,
  slug,
  name_en,
  first_model_year,
  last_model_year,
  years_available,
  body_types_available,
  fuel_types_available,
  transmission_available,
  reliability_score,
  popularity_score
)
values (
  'f3a91ee1-2829-1e1a-36f8-e1e621c23dbc',
  '3cddbf95-2c0d-053d-ee4b-2c5416e2b777',
  '900-ng',
  '900 NG',
  1993,
  1998,
  '{"1993","1994","1995","1996","1997","1998"}'::int[],
  '["Hatchback (3D/5D)","Convertible"]'::jsonb,
  '["Gasoline"]'::jsonb,
  '["Manual","Automatic"]'::jsonb,
  6.8,
  6
)

insert into public.vehicle_generations (
  id,
  model_id,
  code,
  start_year,
  end_year,
  facelift,
  production_countries,
  body_types,
  fuel_types,
  transmission_types,
  summary
)
values (
  '967f399a-b0c8-bc9c-e844-72b51437b025',
  'f3a91ee1-2829-1e1a-36f8-e1e621c23dbc',
  'NG (GM2900)',
  1993,
  1998,
  false,
  '{"Sweden","Finland"}'::text[],
  null,
  null,
  null,
  'The second generation Saab 900 (often called NG or New Generation), based on the Opel Vectra platform but featuring unique Saab drivetrains and suspension.'
)

insert into public.vehicle_insights (
  model_id,
  pros,
  cons,
  inspection_tips,
  notable_features,
  engine_examples,
  common_issues_by_engine,
  reliability_score,
  popularity_score
)
values (
  'f3a91ee1-2829-1e1a-36f8-e1e621c23dbc',
  '["Fun to drive (especially Aero)","Robust B204 engines (popular for tuning)","Practical interior layout"]'::jsonb,
  '["Steering rack failure is common","Poor structural rigidity compared to older models","Headliner often sags"]'::jsonb,
  '["Check the clutch pivot pin bracket for cracking (manual models)","Inspect the condition of the rear suspension bushings (often worn)","Listen for clunking noises from the steering rack"]'::jsonb,
  '["Classic hatchback styling retained","Standard Trionic engine management on turbo models","High torque characteristics"]'::jsonb,
  '["2.0L Turbo (B204L)","2.5L V6 (B250i)"]'::jsonb,
  '[{"engine_code":"B204 (2.0L)","common_issues_ru":["Износ цепи ГРМ при больших пробегах (надежнее, чем B205/B235)","Сбои кассеты зажигания (DI)","Проблемы с датчиками положения коленвала"]}]'::jsonb,
  null,
  null
)

insert into public.vehicle_makes (id, slug, name_en, country, segment_class, is_active, category_path)
values (
  '88206775-2b92-be90-c7c1-b00019406136',
  'santana',
  'Santana',
  'Spain',
  'Utility Off-Road',
  false,
  'Cars/SUV/Off-Road'
)

insert into public.vehicle_models (
  id,
  make_id,
  slug,
  name_en,
  first_model_year,
  last_model_year,
  years_available,
  body_types_available,
  fuel_types_available,
  transmission_available,
  reliability_score,
  popularity_score
)
values (
  'c69c27e9-4212-e6cd-85e6-1d5bc681c0cc',
  '88206775-2b92-be90-c7c1-b00019406136',
  'ps-10-anibal',
  'PS-10 / Aníbal',
  1999,
  2011,
  '{"1999","2000","2001","2002","2003","2004","2005","2006","2007","2008","2009","2010","2011"}'::int[],
  '["SUV","Pickup","Utility Van"]'::jsonb,
  '["Diesel"]'::jsonb,
  '["Manual"]'::jsonb,
  6,
  3
)

insert into public.vehicle_generations (
  id,
  model_id,
  code,
  start_year,
  end_year,
  facelift,
  production_countries,
  body_types,
  fuel_types,
  transmission_types,
  summary
)
values (
  'd655b867-4084-f972-6e91-c7f82349ec20',
  'c69c27e9-4212-e6cd-85e6-1d5bc681c0cc',
  'PS-10',
  1999,
  2011,
  false,
  '{"Spain"}'::text[],
  null,
  null,
  null,
  'Rugged utility vehicle derived from Land Rover technology, later incorporating Iveco mechanics. Used widely by Spanish military and utility sectors.'
)

insert into public.vehicle_insights (
  model_id,
  pros,
  cons,
  inspection_tips,
  notable_features,
  engine_examples,
  common_issues_by_engine,
  reliability_score,
  popularity_score
)
values (
  'c69c27e9-4212-e6cd-85e6-1d5bc681c0cc',
  '["Extremely capable off-road","Simple and repairable mechanics","High payload capacity"]'::jsonb,
  '["Poor refinement and interior quality","High maintenance costs outside Spain","Very basic comfort features"]'::jsonb,
  '["Check chassis integrity, especially around mounts","Inspect condition of suspension bushings","Verify operation of the transfer case"]'::jsonb,
  '["Durable ladder frame chassis","Permanent 4x4 (later versions)","ZF gearbox"]'::jsonb,
  '["2.8 TGV Diesel"]'::jsonb,
  '[{"engine_code":"Iveco 8140.43S (2.8 TGV)","common_issues_ru":["Проблемы с системой питания топливом из-за низкого качества дизеля","Вибрация кузова на скорости","Слабые ступичные подшипники"]}]'::jsonb,
  null,
  null
)

insert into public.vehicle_models (
  id,
  make_id,
  slug,
  name_en,
  first_model_year,
  last_model_year,
  years_available,
  body_types_available,
  fuel_types_available,
  transmission_available,
  reliability_score,
  popularity_score
)
values (
  'b865a392-c4e8-c3fc-6f76-82811586158b',
  '88206775-2b92-be90-c7c1-b00019406136',
  'santana-2500',
  '2500',
  1983,
  1994,
  '{"1983","1984","1985","1986","1987","1988","1989","1990","1991","1992","1993","1994"}'::int[],
  '["Off-Road","Truck","Wagon"]'::jsonb,
  '["Diesel","Gasoline"]'::jsonb,
  '["Manual"]'::jsonb,
  7,
  4
)

insert into public.vehicle_generations (
  id,
  model_id,
  code,
  start_year,
  end_year,
  facelift,
  production_countries,
  body_types,
  fuel_types,
  transmission_types,
  summary
)
values (
  '17968a07-3523-bf7a-d101-3fa6e2ec2e89',
  'b865a392-c4e8-c3fc-6f76-82811586158b',
  '2500',
  1983,
  1994,
  false,
  '{"Spain"}'::text[],
  null,
  null,
  null,
  'An evolution of the Land Rover Series III licensed model, featuring improvements like parabolic leaf springs and a five-speed gearbox.'
)

insert into public.vehicle_insights (
  model_id,
  pros,
  cons,
  inspection_tips,
  notable_features,
  engine_examples,
  common_issues_by_engine,
  reliability_score,
  popularity_score
)
values (
  'b865a392-c4e8-c3fc-6f76-82811586158b',
  '["Extremely rugged and simple to maintain","Classic 4x4 utility appeal","Mechanical longevity"]'::jsonb,
  '["Very slow and uncomfortable ride by modern standards","High susceptibility to rust","Parts sourcing difficulty"]'::jsonb,
  '["Thoroughly check bulkhead and chassis for structural rust","Ensure the engine runs smoothly without excessive smoke"]'::jsonb,
  '["Full synchronization gearbox (unlike original Land Rover)","High ground clearance"]'::jsonb,
  '["3.4L Diesel"]'::jsonb,
  '[{"engine_code":"3.4L Diesel","common_issues_ru":["Сильная коррозия рамы и кузова","Проблемы с герметичностью трансмиссии (утечки масла)","Износ синхронизаторов МКПП"]}]'::jsonb,
  null,
  null
)

insert into public.vehicle_models (
  id,
  make_id,
  slug,
  name_en,
  first_model_year,
  last_model_year,
  years_available,
  body_types_available,
  fuel_types_available,
  transmission_available,
  reliability_score,
  popularity_score
)
values (
  'b8a86736-4305-bd9c-4574-c953e06c5683',
  '88206775-2b92-be90-c7c1-b00019406136',
  'santana-300-350',
  '300 / 350',
  1999,
  2005,
  '{"1999","2000","2001","2002","2003","2004","2005"}'::int[],
  '["SUV (3-door)","SUV (5-door)"]'::jsonb,
  '["Gasoline","Diesel"]'::jsonb,
  '["Manual","Automatic"]'::jsonb,
  7.5,
  5.5
)

insert into public.vehicle_generations (
  id,
  model_id,
  code,
  start_year,
  end_year,
  facelift,
  production_countries,
  body_types,
  fuel_types,
  transmission_types,
  summary
)
values (
  '1416e772-8e75-ce63-3d82-5673824fd6c7',
  'b8a86736-4305-bd9c-4574-c953e06c5683',
  '300/350',
  1999,
  2005,
  false,
  '{"Spain"}'::text[],
  null,
  null,
  null,
  'A Spanish-built and slightly restyled version of the second-generation Suzuki Vitara/Grand Vitara, known as the 300 (3-door) and 350 (5-door).'
)

insert into public.vehicle_insights (
  model_id,
  pros,
  cons,
  inspection_tips,
  notable_features,
  engine_examples,
  common_issues_by_engine,
  reliability_score,
  popularity_score
)
values (
  'b8a86736-4305-bd9c-4574-c953e06c5683',
  '["Affordable alternative to Japanese Vitara","Decent fuel economy","Good city maneuverability"]'::jsonb,
  '["Worse paint and assembly quality than Japanese counterparts","Poor noise insulation","Underpowered base engines"]'::jsonb,
  '["Check body gaps and alignment due to lower manufacturing standards","Test the four-wheel-drive engagement mechanism"]'::jsonb,
  '["Reliable Suzuki core mechanicals","Compact and capable 4x4 system"]'::jsonb,
  '["1.6L Gasoline","2.0L Diesel"]'::jsonb,
  '[{"engine_code":"Suzuki 1.6L G16B","common_issues_ru":["Проблемы с электроникой, связанной с испанской сборкой","Шумная работа трансмиссии","Склонность к коррозии задних арок"]}]'::jsonb,
  null,
  null
)

insert into public.vehicle_makes (id, slug, name_en, country, segment_class, is_active, category_path)
values (
  'b0ecaa35-fd61-a0e8-03b3-021bac9287fa',
  'saturn',
  'Saturn',
  'USA',
  'Defunct Mass Market',
  false,
  'Passenger Cars'
)

insert into public.vehicle_models (
  id,
  make_id,
  slug,
  name_en,
  first_model_year,
  last_model_year,
  years_available,
  body_types_available,
  fuel_types_available,
  transmission_available,
  reliability_score,
  popularity_score
)
values (
  '86ff0f13-e0f5-be4f-75a5-80355b9ca0c9',
  'b0ecaa35-fd61-a0e8-03b3-021bac9287fa',
  'saturn-vue',
  'Vue',
  2002,
  2010,
  '{"2002","2003","2004","2005","2006","2007","2008","2009","2010"}'::int[],
  '["SUV"]'::jsonb,
  '["Gasoline","Hybrid"]'::jsonb,
  '["Automatic","Manual","CVT"]'::jsonb,
  6.5,
  5
)

insert into public.vehicle_generations (
  id,
  model_id,
  code,
  start_year,
  end_year,
  facelift,
  production_countries,
  body_types,
  fuel_types,
  transmission_types,
  summary
)
values (
  '2c341302-b814-74df-13d6-eb28e17b2e45',
  '86ff0f13-e0f5-be4f-75a5-80355b9ca0c9',
  'Gen1',
  2002,
  2007,
  false,
  '{"USA"}'::text[],
  null,
  null,
  null,
  'First generation built on the GM Epsilon platform, notably featured plastic body panels and collaboration with Honda for the V6 engine option.'
)

insert into public.vehicle_generations (
  id,
  model_id,
  code,
  start_year,
  end_year,
  facelift,
  production_countries,
  body_types,
  fuel_types,
  transmission_types,
  summary
)
values (
  'd0e43db5-5446-2be8-a330-14caabc55652',
  '86ff0f13-e0f5-be4f-75a5-80355b9ca0c9',
  'Gen2',
  2008,
  2010,
  false,
  '{"Mexico"}'::text[],
  null,
  null,
  null,
  'Second generation, a rebadged version of the Opel Antara/Chevrolet Captiva, moving to the globally utilized GM Theta platform.'
)

insert into public.vehicle_insights (
  model_id,
  pros,
  cons,
  inspection_tips,
  notable_features,
  engine_examples,
  common_issues_by_engine,
  reliability_score,
  popularity_score
)
values (
  '86ff0f13-e0f5-be4f-75a5-80355b9ca0c9',
  '["Affordable pricing on the secondary market","Spacious and practical interior","Platform sharing allows some parts cross-referencing"]'::jsonb,
  '["Cheap interior plastics (Gen 1)","High oil consumption in some Ecotec engines","Uncertainty of spare parts due to brand closure"]'::jsonb,
  '["Check the condition of the CVT transmission on early models","Inspect the body for corrosion, especially the sills","Ensure there are no knocks in the suspension"]'::jsonb,
  '["Shared platform with Opel Antara (Gen 2)","Available AWD system"]'::jsonb,
  '["2.4L LE5 I4","3.6L LY7 V6"]'::jsonb,
  '[{"engine_code":"2.2L L61 Ecotec","common_issues_ru":["Износ цепи ГРМ","Чрезмерный расход масла"]},{"engine_code":"3.6L LY7 V6","common_issues_ru":["Растяжение цепи ГРМ","Течи водяной помпы","Проблемы с впускным коллектором"]}]'::jsonb,
  null,
  null
)

insert into public.vehicle_models (
  id,
  make_id,
  slug,
  name_en,
  first_model_year,
  last_model_year,
  years_available,
  body_types_available,
  fuel_types_available,
  transmission_available,
  reliability_score,
  popularity_score
)
values (
  '5beca8fd-f35a-dc80-f020-1d16712c3880',
  'b0ecaa35-fd61-a0e8-03b3-021bac9287fa',
  'saturn-aura',
  'Aura',
  2007,
  2009,
  '{"2007","2008","2009"}'::int[],
  '["Sedan"]'::jsonb,
  '["Gasoline","Hybrid"]'::jsonb,
  '["Automatic"]'::jsonb,
  7,
  4
)

insert into public.vehicle_generations (
  id,
  model_id,
  code,
  start_year,
  end_year,
  facelift,
  production_countries,
  body_types,
  fuel_types,
  transmission_types,
  summary
)
values (
  '58c46435-628a-1ebd-cdc7-575c9cb56566',
  '5beca8fd-f35a-dc80-f020-1d16712c3880',
  'Gen1',
  2007,
  2009,
  false,
  '{"USA"}'::text[],
  null,
  null,
  null,
  'First and only generation, built on the GM Epsilon platform, sharing core components with the Opel Vectra and Saab 9-3.'
)

insert into public.vehicle_insights (
  model_id,
  pros,
  cons,
  inspection_tips,
  notable_features,
  engine_examples,
  common_issues_by_engine,
  reliability_score,
  popularity_score
)
values (
  '5beca8fd-f35a-dc80-f020-1d16712c3880',
  '["Good ride comfort and sound insulation","European-influenced handling characteristics","Standard stability control and comprehensive safety features"]'::jsonb,
  '["Electrical glitches (e.g., HVAC system)","Interior quality lags behind Japanese rivals","Short production run makes specific parts hard to find"]'::jsonb,
  '["Проверить работу электроусилителя руля, частый сбой","Оценить состояние 6-ступенчатой АКПП (6T40/6T45), возможны рывки","Внимательно осмотреть ЛКП на предмет сколов и ржавчины под уплотнителями"]'::jsonb,
  '["Shared platform with European GM models","Sporty handling compared to previous Saturn models"]'::jsonb,
  '["2.4L LE5 I4","3.6L LY7 V6"]'::jsonb,
  '[{"engine_code":"2.4L LE5 Ecotec","common_issues_ru":["Проблемы с поршневыми кольцами, ведущие к расходу масла","Проблемы с датчиком положения дроссельной заслонки"]}]'::jsonb,
  null,
  null
)

insert into public.vehicle_models (
  id,
  make_id,
  slug,
  name_en,
  first_model_year,
  last_model_year,
  years_available,
  body_types_available,
  fuel_types_available,
  transmission_available,
  reliability_score,
  popularity_score
)
values (
  '27b9c5e8-7ea2-7404-9301-347770643471',
  'b0ecaa35-fd61-a0e8-03b3-021bac9287fa',
  'saturn-ion',
  'Ion',
  2003,
  2007,
  '{"2003","2004","2005","2006","2007"}'::int[],
  '["Sedan","Coupe"]'::jsonb,
  '["Gasoline"]'::jsonb,
  '["Automatic","Manual","CVT"]'::jsonb,
  6,
  6
)

insert into public.vehicle_generations (
  id,
  model_id,
  code,
  start_year,
  end_year,
  facelift,
  production_countries,
  body_types,
  fuel_types,
  transmission_types,
  summary
)
values (
  '7492d90c-764b-3bec-81c0-da0613f13ea8',
  '27b9c5e8-7ea2-7404-9301-347770643471',
  'Gen1',
  2003,
  2007,
  false,
  '{"USA"}'::text[],
  null,
  null,
  null,
  'First and only generation, built on the GM Delta platform. Notable for its plastic dent-resistant body panels and unique interior layout.'
)

insert into public.vehicle_insights (
  model_id,
  pros,
  cons,
  inspection_tips,
  notable_features,
  engine_examples,
  common_issues_by_engine,
  reliability_score,
  popularity_score
)
values (
  '27b9c5e8-7ea2-7404-9301-347770643471',
  '["Simple and inexpensive maintenance","Good fuel economy","Relatively spacious for a compact car"]'::jsonb,
  '["Low quality interior finishing and fitment","Unreliable VTi CVT transmission (early models)","Center-mounted dashboard gauges are divisive"]'::jsonb,
  '["Проверить работу электроусилителя руля, подвержен поломкам","Оценить работу вариатора (если установлен)","Осмотреть сайлентблоки задней балки на наличие трещин"]'::jsonb,
  '["Dent-resistant polymer body panels","Redline performance version available"]'::jsonb,
  '["2.2L Ecotec L61 I4"]'::jsonb,
  '[{"engine_code":"2.2L L61 Ecotec","common_issues_ru":["Износ цепи ГРМ после 100 тыс. км","Поломки термостата и водяной помпы"]}]'::jsonb,
  null,
  null
)

insert into public.vehicle_makes (id, slug, name_en, country, segment_class, is_active, category_path)
values (
  '82379ec3-45bb-0adb-c683-59f2841d5a24',
  'seres',
  'Seres',
  'China',
  'E',
  true,
  'Cars/Crossovers & SUVs'
)

insert into public.vehicle_models (
  id,
  make_id,
  slug,
  name_en,
  first_model_year,
  last_model_year,
  years_available,
  body_types_available,
  fuel_types_available,
  transmission_available,
  reliability_score,
  popularity_score
)
values (
  'ca026778-87c8-4cc8-cc40-abd7e14d806d',
  '82379ec3-45bb-0adb-c683-59f2841d5a24',
  'seres-3',
  'Seres 3',
  2020,
  2024,
  '{"2020","2021","2022","2023","2024"}'::int[],
  '["SUV","Crossover"]'::jsonb,
  '["Electric"]'::jsonb,
  '["Automatic (Single Speed)"]'::jsonb,
  7.5,
  7
)

insert into public.vehicle_generations (
  id,
  model_id,
  code,
  start_year,
  end_year,
  facelift,
  production_countries,
  body_types,
  fuel_types,
  transmission_types,
  summary
)
values (
  '0d4fe405-08b3-241f-7dfc-240f91dcf3ce',
  'ca026778-87c8-4cc8-cc40-abd7e14d806d',
  'E3 / SF5',
  2020,
  2024,
  false,
  '{"China"}'::text[],
  null,
  null,
  null,
  'Compact electric crossover, known in some markets as DFSK Glory E3. It serves as Seres'' entry point into the mainstream EU EV market, focusing on affordability.'
)

insert into public.vehicle_insights (
  model_id,
  pros,
  cons,
  inspection_tips,
  notable_features,
  engine_examples,
  common_issues_by_engine,
  reliability_score,
  popularity_score
)
values (
  'ca026778-87c8-4cc8-cc40-abd7e14d806d',
  '["Конкурентная цена","Стандартная панорамная крыша","Подходит для городской эксплуатации"]'::jsonb,
  '["Ограниченный запас хода по сравнению с конкурентами","Простые материалы отделки салона","Низкая скорость зарядки постоянным током"]'::jsonb,
  '["Проверить историю деградации батареи с помощью диагностики","Осмотреть компоненты подвески, известные своей мягкостью"]'::jsonb,
  '["LFP Battery technology","Standard panoramic roof","Good city maneuverability"]'::jsonb,
  '["120 kW (163 hp) electric motor"]'::jsonb,
  '[{"engine_code":"EV120kW","common_issues_ru":["Сбои программного обеспечения мультимедийной системы","Неравномерный износ шин из-за настроек подвески","Проблемы с датчиками давления в шинах"]}]'::jsonb,
  null,
  null
)

insert into public.vehicle_models (
  id,
  make_id,
  slug,
  name_en,
  first_model_year,
  last_model_year,
  years_available,
  body_types_available,
  fuel_types_available,
  transmission_available,
  reliability_score,
  popularity_score
)
values (
  '9d289109-377a-af3e-e62a-cebf4ca6f6b9',
  '82379ec3-45bb-0adb-c683-59f2841d5a24',
  'seres-5',
  'Seres 5 (AITO M5)',
  2022,
  2024,
  '{"2022","2023","2024"}'::int[],
  '["SUV","Crossover Coupe"]'::jsonb,
  '["Extended Range Electric Vehicle (EREV)","Electric"]'::jsonb,
  '["Automatic (Single Speed)"]'::jsonb,
  8,
  8.5
)

insert into public.vehicle_generations (
  id,
  model_id,
  code,
  start_year,
  end_year,
  facelift,
  production_countries,
  body_types,
  fuel_types,
  transmission_types,
  summary
)
values (
  'f21009a4-ee8a-7374-84b9-e900bc0a168e',
  '9d289109-377a-af3e-e62a-cebf4ca6f6b9',
  'AITO M5',
  2022,
  2024,
  false,
  '{"China"}'::text[],
  null,
  null,
  null,
  'Premium mid-size SUV developed jointly with Huawei (marketed as AITO M5 in China). Features advanced HarmonyOS infotainment and powerful EREV powertrains.'
)

insert into public.vehicle_insights (
  model_id,
  pros,
  cons,
  inspection_tips,
  notable_features,
  engine_examples,
  common_issues_by_engine,
  reliability_score,
  popularity_score
)
values (
  '9d289109-377a-af3e-e62a-cebf4ca6f6b9',
  '["Высококачественные материалы салона","Продвинутая информационно-развлекательная система","Высокая производительность (особенно версии AWD)"]'::jsonb,
  '["Высокая цена","Сложность обслуживания системы EREV","Зависимость от проприетарной программной экосистемы Huawei"]'::jsonb,
  '["Проверить функционирование системы HarmonyOS на предмет задержек","Оценить состояние 1.5L двигателя, который работает как генератор"]'::jsonb,
  '["Huawei HarmonyOS Cockpit","Zero-gravity seats","High acceleration figures"]'::jsonb,
  '["1.5L Turbo Range Extender","AWD Dual E-Motors (up to 496 hp)"]'::jsonb,
  '[{"engine_code":"HW1.5T EREV","common_issues_ru":["Необходимость частой калибровки системы управления питанием","Небольшой шум от 1.5L генератора при интенсивной зарядке","Проблемы с зимней эксплуатацией бортового зарядного устройства"]}]'::jsonb,
  null,
  null
)

insert into public.vehicle_models (
  id,
  make_id,
  slug,
  name_en,
  first_model_year,
  last_model_year,
  years_available,
  body_types_available,
  fuel_types_available,
  transmission_available,
  reliability_score,
  popularity_score
)
values (
  '8250a855-c647-3c53-f1bd-db2f46efaa8c',
  '82379ec3-45bb-0adb-c683-59f2841d5a24',
  'seres-7',
  'Seres 7 (AITO M7)',
  2022,
  2024,
  '{"2022","2023","2024"}'::int[],
  '["Large SUV"]'::jsonb,
  '["Extended Range Electric Vehicle (EREV)"]'::jsonb,
  '["Automatic (Single Speed)"]'::jsonb,
  7.8,
  8
)

insert into public.vehicle_generations (
  id,
  model_id,
  code,
  start_year,
  end_year,
  facelift,
  production_countries,
  body_types,
  fuel_types,
  transmission_types,
  summary
)
values (
  'b6c74865-d5ab-9987-5d0a-015ce2a9044a',
  '8250a855-c647-3c53-f1bd-db2f46efaa8c',
  'AITO M7',
  2022,
  2024,
  false,
  '{"China"}'::text[],
  null,
  null,
  null,
  'A large, luxury EREV SUV focused on maximizing passenger space, often featuring a 6-seater configuration and powerful E-motors for long range and comfort.'
)

insert into public.vehicle_insights (
  model_id,
  pros,
  cons,
  inspection_tips,
  notable_features,
  engine_examples,
  common_issues_by_engine,
  reliability_score,
  popularity_score
)
values (
  '8250a855-c647-3c53-f1bd-db2f46efaa8c',
  '["Просторная 6-местная конфигурация","Отличная акустическая изоляция","Большой общий запас хода благодаря технологии EREV"]'::jsonb,
  '["Очень большой снаряженный вес","Высокий расход топлива при работе только на генераторе","Высокая стоимость обслуживания сложных электронных систем"]'::jsonb,
  '["Проверить работу автоматических откидных сидений третьего ряда","Проверить износ тормозных колодок, учитывая вес автомобиля","Убедиться в отсутствии утечек масла из EREV двигателя"]'::jsonb,
  '["Executive 6-seater layout","Extensive acoustic insulation","L3-ready ADAS systems"]'::jsonb,
  '["1.5L Turbo Range Extender (92 kW)","Dual Electric Motors (AWD)"]'::jsonb,
  '[{"engine_code":"HW1.5T M7","common_issues_ru":["Слабые задние амортизаторы при полной загрузке","Проблемы с обновлением прошивки через OTA","Повышенный износ компонентов подвески из-за веса"]}]'::jsonb,
  null,
  null
)

insert into public.vehicle_makes (id, slug, name_en, country, segment_class, is_active, category_path)
values (
  'f9926757-ec01-be10-ef68-b91e986d7e12',
  'simca',
  'Simca',
  'France',
  'E - Compact Executive',
  false,
  'Cars/Passenger'
)

insert into public.vehicle_models (
  id,
  make_id,
  slug,
  name_en,
  first_model_year,
  last_model_year,
  years_available,
  body_types_available,
  fuel_types_available,
  transmission_available,
  reliability_score,
  popularity_score
)
values (
  'b461199b-6802-9812-bece-7c2b78907ef5',
  'f9926757-ec01-be10-ef68-b91e986d7e12',
  'simca-1000',
  '1000',
  1961,
  1978,
  '{"1961","1962","1963","1964","1965","1966","1967","1968","1969","1970","1971","1972","1973","1974","1975","1976","1977","1978"}'::int[],
  '["Sedan","Coupe"]'::jsonb,
  '["Gasoline"]'::jsonb,
  '["Manual"]'::jsonb,
  6,
  7.5
)

insert into public.vehicle_generations (
  id,
  model_id,
  code,
  start_year,
  end_year,
  facelift,
  production_countries,
  body_types,
  fuel_types,
  transmission_types,
  summary
)
values (
  '4a06815e-3167-3d75-d726-f7eeaf69274b',
  'b461199b-6802-9812-bece-7c2b78907ef5',
  'Typ 1000',
  1961,
  1978,
  false,
  '{"France","Spain","Morocco"}'::text[],
  null,
  null,
  null,
  'The Simca 1000 was a small, rear-engined four-door saloon, competing with the Renault Dauphine and Fiat 850. Known for its distinct styling and lively performance in high-powered versions.'
)

insert into public.vehicle_insights (
  model_id,
  pros,
  cons,
  inspection_tips,
  notable_features,
  engine_examples,
  common_issues_by_engine,
  reliability_score,
  popularity_score
)
values (
  'b461199b-6802-9812-bece-7c2b78907ef5',
  '["Компактный и маневренный для города","Простая и ремонтопригодная конструкция","Дешевые запчасти (в Европе)"]'::jsonb,
  '["Сильная подверженность коррозии кузова","Плохая устойчивость на высоких скоростях из-за заднемоторной компоновки","Шумный двигатель"]'::jsonb,
  '["Тщательно проверять состояние порогов и креплений подвески на предмет ржавчины","Проверить работу отопителя салона, часто выходит из строя"]'::jsonb,
  '["Rear-engine, rear-wheel drive layout","Rally variants (Rallye 1, 2, 3)"]'::jsonb,
  '["0.9L I4","1.1L I4"]'::jsonb,
  '[{"engine_code":"315 (944cc)","common_issues_ru":["Склонность к перегреву из-за проблем с системой охлаждения","Слабое место - прокладка головки блока цилиндров"]}]'::jsonb,
  null,
  null
)

insert into public.vehicle_models (
  id,
  make_id,
  slug,
  name_en,
  first_model_year,
  last_model_year,
  years_available,
  body_types_available,
  fuel_types_available,
  transmission_available,
  reliability_score,
  popularity_score
)
values (
  '0e36c7a0-4f42-d94b-ca8d-92e0310aa3ab',
  'f9926757-ec01-be10-ef68-b91e986d7e12',
  'simca-1100',
  '1100',
  1967,
  1982,
  '{"1967","1968","1969","1970","1971","1972","1973","1974","1975","1976","1977","1978","1979","1980","1981","1982"}'::int[],
  '["Hatchback","Estate","Van"]'::jsonb,
  '["Gasoline","Diesel"]'::jsonb,
  '["Manual","Automatic"]'::jsonb,
  6.5,
  8
)

insert into public.vehicle_generations (
  id,
  model_id,
  code,
  start_year,
  end_year,
  facelift,
  production_countries,
  body_types,
  fuel_types,
  transmission_types,
  summary
)
values (
  '2d1d5012-3bea-e490-55e5-c668394fecda',
  '0e36c7a0-4f42-d94b-ca8d-92e0310aa3ab',
  'Typ 1100',
  1967,
  1982,
  true,
  '{"France","Spain"}'::text[],
  null,
  null,
  null,
  'The 1100 was one of the earliest successful European superminis/compact cars, featuring a front-engine, front-wheel-drive layout and a practical hatchback body, preceding the VW Golf.'
)

insert into public.vehicle_insights (
  model_id,
  pros,
  cons,
  inspection_tips,
  notable_features,
  engine_examples,
  common_issues_by_engine,
  reliability_score,
  popularity_score
)
values (
  '0e36c7a0-4f42-d94b-ca8d-92e0310aa3ab',
  '["Отличная управляемость и устойчивость благодаря переднему приводу","Просторный салон и большой багажник (для своего класса)","Хорошая грузоподъемность версии Break (Estate)"]'::jsonb,
  '["Слабая шумоизоляция","Быстрый износ компонентов передней подвески","Проблемы с электрикой, особенно в моделях до 1975 года"]'::jsonb,
  '["Проверить состояние приводных валов и ШРУСов, склонны к поломке","Внимательно осмотреть крепления задней балки на предмет ржавчины"]'::jsonb,
  '["Pioneering hatchback design in Europe","Independent suspension on all four wheels","Foldable rear seats"]'::jsonb,
  '["1.1L I4","1.3L I4","1.5L I4"]'::jsonb,
  '[{"engine_code":"351 (1118cc)","common_issues_ru":["Высокий расход масла после пробега 100 тыс. км","Сложности с поиском оригинальных деталей для дизельных версий"]}]'::jsonb,
  null,
  null
)

insert into public.vehicle_models (
  id,
  make_id,
  slug,
  name_en,
  first_model_year,
  last_model_year,
  years_available,
  body_types_available,
  fuel_types_available,
  transmission_available,
  reliability_score,
  popularity_score
)
values (
  '015cb324-d512-5258-be02-b3aea8e5c473',
  'f9926757-ec01-be10-ef68-b91e986d7e12',
  'simca-1307-1308',
  '1307/1308',
  1975,
  1979,
  '{"1975","1976","1977","1978","1979"}'::int[],
  '["Hatchback"]'::jsonb,
  '["Gasoline"]'::jsonb,
  '["Manual","Automatic"]'::jsonb,
  6,
  7
)

insert into public.vehicle_generations (
  id,
  model_id,
  code,
  start_year,
  end_year,
  facelift,
  production_countries,
  body_types,
  fuel_types,
  transmission_types,
  summary
)
values (
  '56545962-3382-563a-bbc9-394c965e63a2',
  '015cb324-d512-5258-be02-b3aea8e5c473',
  'Typ 1307/1308',
  1975,
  1979,
  false,
  '{"France","UK"}'::text[],
  null,
  null,
  null,
  'Launched as Simca 1307/1308 and later rebranded as Talbot Alpine, this model was a popular large family hatchback, winning the European Car of the Year in 1976.'
)

insert into public.vehicle_insights (
  model_id,
  pros,
  cons,
  inspection_tips,
  notable_features,
  engine_examples,
  common_issues_by_engine,
  reliability_score,
  popularity_score
)
values (
  '015cb324-d512-5258-be02-b3aea8e5c473',
  '["Очень комфортная подвеска, хорошо гасит неровности","Вместительный и функциональный салон","Эстетичный дизайн, опередивший время"]'::jsonb,
  '["Очень слабая защита от коррозии, особенно задние крылья и двери","Высокий расход топлива у старших версий","Сложности с поиском кузовных элементов и уникальных запчастей"]'::jsonb,
  '["Обязательно проверить состояние лонжеронов и опор амортизаторов","Проверить работу автоматической коробки передач (если установлена), склонна к перегреву"]'::jsonb,
  '["European Car of the Year 1976","Large, practical five-door hatchback body style","Hydropneumatic suspension elements (on higher trims)"]'::jsonb,
  '["1.3L I4","1.4L I4","1.6L I4"]'::jsonb,
  '[{"engine_code":"6G (1294cc)","common_issues_ru":["Частые проблемы с настройкой карбюратора (Solex/Weber)","Утечки масла из-под крышки клапанов"]}]'::jsonb,
  null,
  null
)

insert into public.vehicle_makes (id, slug, name_en, country, segment_class, is_active, category_path)
values (
  '276a3984-6731-156d-2059-09cecae38900',
  'singer',
  'Singer',
  'UK',
  'Classic / Historical',
  false,
  'Cars/Passenger'
)

insert into public.vehicle_models (
  id,
  make_id,
  slug,
  name_en,
  first_model_year,
  last_model_year,
  years_available,
  body_types_available,
  fuel_types_available,
  transmission_available,
  reliability_score,
  popularity_score
)
values (
  'f484e494-4421-fb2d-4233-343444f30057',
  '276a3984-6731-156d-2059-09cecae38900',
  'gazelle',
  'Gazelle',
  1956,
  1970,
  '{"1956","1957","1958","1959","1960","1961","1962","1963","1964","1965","1966","1967","1968","1969","1970"}'::int[],
  '["Sedan","Convertible","Estate"]'::jsonb,
  '["Petrol"]'::jsonb,
  '["Manual","Automatic"]'::jsonb,
  6,
  4.5
)

insert into public.vehicle_generations (
  id,
  model_id,
  code,
  start_year,
  end_year,
  facelift,
  production_countries,
  body_types,
  fuel_types,
  transmission_types,
  summary
)
values (
  '69618023-d4e6-5188-6164-50d9af52ce00',
  'f484e494-4421-fb2d-4233-343444f30057',
  'Series I-III',
  1956,
  1960,
  false,
  '{"UK"}'::text[],
  null,
  null,
  null,
  'Original Gazelle models utilizing the Audax body style.'
)

insert into public.vehicle_generations (
  id,
  model_id,
  code,
  start_year,
  end_year,
  facelift,
  production_countries,
  body_types,
  fuel_types,
  transmission_types,
  summary
)
values (
  '2f4594fc-4a0d-1020-9e84-3f70ee83613f',
  'f484e494-4421-fb2d-4233-343444f30057',
  'Arrow',
  1967,
  1970,
  true,
  '{"UK"}'::text[],
  null,
  null,
  null,
  'Later models based on the Rootes Arrow platform, sharing components with Hillman Hunter.'
)

insert into public.vehicle_insights (
  model_id,
  pros,
  cons,
  inspection_tips,
  notable_features,
  engine_examples,
  common_issues_by_engine,
  reliability_score,
  popularity_score
)
values (
  'f484e494-4421-fb2d-4233-343444f30057',
  '["Простота обслуживания и ремонта","Комфортная подвеска для своего времени","Хорошая ремонтопригодность"]'::jsonb,
  '["Слабая защита от коррозии","Низкая мощность двигателя по современным меркам","Устаревшая тормозная система"]'::jsonb,
  '["Внимательно проверять пороги и арки на предмет ржавчины","Оценить состояние коробки передач с овердрайвом, если он установлен","Проверить работу масляного насоса и давление масла"]'::jsonb,
  '["High-quality interior trim (wood/leather)","Available overdrive unit","Distinctive radiator grille compared to sister models"]'::jsonb,
  '["1.5L I4","1.7L I4"]'::jsonb,
  '[{"engine_code":"R54","common_issues_ru":["Перегрев при длительной работе","Проблемы с прокладкой головки блока","Слабое место - водяная помпа"]}]'::jsonb,
  null,
  null
)

insert into public.vehicle_models (
  id,
  make_id,
  slug,
  name_en,
  first_model_year,
  last_model_year,
  years_available,
  body_types_available,
  fuel_types_available,
  transmission_available,
  reliability_score,
  popularity_score
)
values (
  '6103e7d1-f99b-92f1-3a91-a4d208720ba8',
  '276a3984-6731-156d-2059-09cecae38900',
  'vogue',
  'Vogue',
  1961,
  1970,
  '{"1961","1962","1963","1964","1965","1966","1967","1968","1969","1970"}'::int[],
  '["Sedan","Estate"]'::jsonb,
  '["Petrol"]'::jsonb,
  '["Manual","Automatic"]'::jsonb,
  5.5,
  3
)

insert into public.vehicle_generations (
  id,
  model_id,
  code,
  start_year,
  end_year,
  facelift,
  production_countries,
  body_types,
  fuel_types,
  transmission_types,
  summary
)
values (
  '243bbbf8-2ec4-21dc-7ed1-d43515eb59f3',
  '6103e7d1-f99b-92f1-3a91-a4d208720ba8',
  'Series I',
  1961,
  1966,
  false,
  '{"UK"}'::text[],
  null,
  null,
  null,
  'First generation, shared chassis with the Hillman Super Minx.'
)

insert into public.vehicle_insights (
  model_id,
  pros,
  cons,
  inspection_tips,
  notable_features,
  engine_examples,
  common_issues_by_engine,
  reliability_score,
  popularity_score
)
values (
  '6103e7d1-f99b-92f1-3a91-a4d208720ba8',
  '["Просторный салон","Надежная механическая часть (кроме кузова)","Комфорт для дальних поездок"]'::jsonb,
  '["Тяжелый руль без усилителя","Быстрый износ сцепления","Высокий расход топлива"]'::jsonb,
  '["Проверить состояние рессор задней подвески","Убедиться в отсутствии люфта в рулевом управлении","Осмотреть хромированные элементы на предмет коррозии"]'::jsonb,
  '["More luxurious trim level than the Gazelle","Twin headlamps","Available with an automatic gearbox option"]'::jsonb,
  '["1.6L I4","1.7L I4"]'::jsonb,
  '[{"engine_code":"G1725","common_issues_ru":["Проблемы с карбюратором Zenith","Склонность к протечкам масла","Шумная работа на высоких оборотах"]}]'::jsonb,
  null,
  null
)

insert into public.vehicle_models (
  id,
  make_id,
  slug,
  name_en,
  first_model_year,
  last_model_year,
  years_available,
  body_types_available,
  fuel_types_available,
  transmission_available,
  reliability_score,
  popularity_score
)
values (
  '553babac-29af-be45-7a58-6e01cb5e6241',
  '276a3984-6731-156d-2059-09cecae38900',
  'chamois',
  'Chamois',
  1964,
  1970,
  '{"1964","1965","1966","1967","1968","1969","1970"}'::int[],
  '["Coupe","Sedan"]'::jsonb,
  '["Petrol"]'::jsonb,
  '["Manual"]'::jsonb,
  4,
  2.5
)

insert into public.vehicle_generations (
  id,
  model_id,
  code,
  start_year,
  end_year,
  facelift,
  production_countries,
  body_types,
  fuel_types,
  transmission_types,
  summary
)
values (
  'f306f428-48c3-0ef6-5cd4-fd192677dd87',
  '553babac-29af-be45-7a58-6e01cb5e6241',
  'Mk I',
  1964,
  1970,
  false,
  '{"UK"}'::text[],
  null,
  null,
  null,
  'A high-end version of the Hillman Imp, featuring luxury materials and extra soundproofing.'
)

insert into public.vehicle_insights (
  model_id,
  pros,
  cons,
  inspection_tips,
  notable_features,
  engine_examples,
  common_issues_by_engine,
  reliability_score,
  popularity_score
)
values (
  '553babac-29af-be45-7a58-6e01cb5e6241',
  '["Компактные размеры","Уютный салон (для класса)","Небольшой налог"]'::jsonb,
  '["Склонность к коррозии кузова","Проблемы с управляемостью на высоких скоростях (заднемоторная компоновка)","Сложность ремонта двигателя (требует демонтажа)"]'::jsonb,
  '["Проверить состояние радиатора и патрубков системы охлаждения","Осмотреть места крепления передней подвески","Убедиться в отсутствии дымления из выхлопной трубы (проблемы с маслосъемными колпачками)"]'::jsonb,
  '["Rear-mounted aluminum engine","Folding rear seats","Swing-axle rear suspension"]'::jsonb,
  '["875cc I4"]'::jsonb,
  '[{"engine_code":"Imp 875cc","common_issues_ru":["Проблемы с перегревом из-за неудачной системы охлаждения","Сложности с синхронизаторами в коробке передач","Быстрый износ цепи ГРМ"]}]'::jsonb,
  null,
  null
)

insert into public.vehicle_makes (id, slug, name_en, country, segment_class, is_active, category_path)
values (
  '583cfa78-f8f6-e17a-e9d0-60048eb9c908',
  'skoda',
  'Skoda',
  'Czech Republic',
  'Mass Market',
  true,
  'Automotive'
)

insert into public.vehicle_models (
  id,
  make_id,
  slug,
  name_en,
  first_model_year,
  last_model_year,
  years_available,
  body_types_available,
  fuel_types_available,
  transmission_available,
  reliability_score,
  popularity_score
)
values (
  'a2fbcad0-1bec-db70-e228-b67804315170',
  '583cfa78-f8f6-e17a-e9d0-60048eb9c908',
  'octavia',
  'Octavia',
  1996,
  2024,
  '{"2013","2014","2015","2016","2017","2018","2019","2020","2021","2022","2023","2024"}'::int[],
  '["Sedan","Wagon"]'::jsonb,
  '["Gasoline","Diesel","CNG"]'::jsonb,
  '["Manual","Automatic","DSG"]'::jsonb,
  8.5,
  9.5
)

insert into public.vehicle_generations (
  id,
  model_id,
  code,
  start_year,
  end_year,
  facelift,
  production_countries,
  body_types,
  fuel_types,
  transmission_types,
  summary
)
values (
  '3a7a77de-cdf3-f455-8e6c-0a93f74452c6',
  'a2fbcad0-1bec-db70-e228-b67804315170',
  'A7 (5E)',
  2013,
  2020,
  false,
  '{"Czech Republic","Russia","China"}'::text[],
  null,
  null,
  null,
  'The third generation Octavia, built on the MQB platform, offering significant interior space and advanced technology for its class.'
)

insert into public.vehicle_insights (
  model_id,
  pros,
  cons,
  inspection_tips,
  notable_features,
  engine_examples,
  common_issues_by_engine,
  reliability_score,
  popularity_score
)
values (
  'a2fbcad0-1bec-db70-e228-b67804315170',
  '["Просторный салон и багажник","Хорошая управляемость","Экономичные двигатели (TSI/TDI)"]'::jsonb,
  '["Проблемы с роботизированной коробкой DSG (особенно DQ200)","Слабое лакокрасочное покрытие","Возможный повышенный расход масла на ранних TSI"]'::jsonb,
  '["Проверить работу DSG на рывки","Осмотреть состояние турбины и цепи ГРМ на двигателях 1.8 TSI","Проверить состояние радиаторов и системы охлаждения"]'::jsonb,
  '["MQB Platform","Virtual Cockpit (later models)","Large boot capacity"]'::jsonb,
  '["1.4 TSI","1.8 TSI","2.0 TDI"]'::jsonb,
  '[{"engine_code":"CZEA (1.4 TSI)","common_issues_ru":["Неисправности термостата","Течь помпы","Загрязнение впускных клапанов"]},{"engine_code":"CJSA (1.8 TSI)","common_issues_ru":["Повышенный расход масла (на ранних версиях)","Проблемы с фазорегулятором","Выход из строя ТНВД"]}]'::jsonb,
  null,
  null
)

insert into public.vehicle_models (
  id,
  make_id,
  slug,
  name_en,
  first_model_year,
  last_model_year,
  years_available,
  body_types_available,
  fuel_types_available,
  transmission_available,
  reliability_score,
  popularity_score
)
values (
  'ec273e64-f08d-02d4-4f72-f6e8b0dcf7fa',
  '583cfa78-f8f6-e17a-e9d0-60048eb9c908',
  'fabia',
  'Fabia',
  1999,
  2024,
  '{"2014","2015","2016","2017","2018","2019","2020","2021","2022","2023","2024"}'::int[],
  '["Hatchback","Wagon"]'::jsonb,
  '["Gasoline","Diesel"]'::jsonb,
  '["Manual","Automatic","DSG"]'::jsonb,
  8.8,
  7.5
)

insert into public.vehicle_generations (
  id,
  model_id,
  code,
  start_year,
  end_year,
  facelift,
  production_countries,
  body_types,
  fuel_types,
  transmission_types,
  summary
)
values (
  'd74125fd-2b56-e712-50a4-d16937f1c109',
  'ec273e64-f08d-02d4-4f72-f6e8b0dcf7fa',
  'NJ',
  2014,
  2021,
  false,
  '{"Czech Republic"}'::text[],
  null,
  null,
  null,
  'A small, practical supermini known for its reliability and low running costs, utilizing Volkswagen Group''s PQ26 and later MQB A0 platforms.'
)

insert into public.vehicle_insights (
  model_id,
  pros,
  cons,
  inspection_tips,
  notable_features,
  engine_examples,
  common_issues_by_engine,
  reliability_score,
  popularity_score
)
values (
  'ec273e64-f08d-02d4-4f72-f6e8b0dcf7fa',
  '["Экономичность","Компактность для города","Простота обслуживания","Надежность атмосферных двигателей"]'::jsonb,
  '["Дешевые материалы отделки салона","Слабая шумоизоляция","Теснота на заднем ряду"]'::jsonb,
  '["Проверить состояние рычагов подвески","Оценить работу коробки передач (особенно DSG DQ200)","Проверить на наличие коррозии на порогах (для старых моделей)"]'::jsonb,
  '["Small car stability","Practical interior layout"]'::jsonb,
  '["1.0 MPI","1.2 TSI","1.4 TDI"]'::jsonb,
  '[{"engine_code":"CBZA (1.2 TSI EA111)","common_issues_ru":["Проблемы с цепью ГРМ (растяжение)","Неравномерный прогрев"]}]'::jsonb,
  null,
  null
)

insert into public.vehicle_models (
  id,
  make_id,
  slug,
  name_en,
  first_model_year,
  last_model_year,
  years_available,
  body_types_available,
  fuel_types_available,
  transmission_available,
  reliability_score,
  popularity_score
)
values (
  '2ba9b8b4-9808-64f2-7f08-747f737aafa4',
  '583cfa78-f8f6-e17a-e9d0-60048eb9c908',
  'kodiaq',
  'Kodiaq',
  2016,
  2024,
  '{"2016","2017","2018","2019","2020","2021","2022","2023","2024"}'::int[],
  '["SUV"]'::jsonb,
  '["Gasoline","Diesel"]'::jsonb,
  '["DSG"]'::jsonb,
  8.3,
  9
)

insert into public.vehicle_generations (
  id,
  model_id,
  code,
  start_year,
  end_year,
  facelift,
  production_countries,
  body_types,
  fuel_types,
  transmission_types,
  summary
)
values (
  'bc802ec2-6694-6808-eea4-644807555575',
  '2ba9b8b4-9808-64f2-7f08-747f737aafa4',
  'NS7',
  2016,
  2024,
  false,
  '{"Czech Republic","China","Russia"}'::text[],
  null,
  null,
  null,
  'Skoda''s first large 7-seater SUV, offering substantial space, sophisticated design, and optional all-wheel drive, built on the MQB platform.'
)

insert into public.vehicle_insights (
  model_id,
  pros,
  cons,
  inspection_tips,
  notable_features,
  engine_examples,
  common_issues_by_engine,
  reliability_score,
  popularity_score
)
values (
  '2ba9b8b4-9808-64f2-7f08-747f737aafa4',
  '["Вместимость 7 мест","Комфортная подвеска","Отличная обзорность","Большой багажник"]'::jsonb,
  '["Высокая стоимость обслуживания (по сравнению с Octavia)","Требовательность к качеству топлива","Возможные проблемы с DSG и муфтой Haldex (для 4x4)"]'::jsonb,
  '["Проверить состояние полного привода (Haldex)","Оценить работу электроники и мультимедиа","Проверить на наличие шумов от рулевой рейки"]'::jsonb,
  '["Simply Clever features","Optional 7 seats","Adaptive chassis control"]'::jsonb,
  '["1.4 TSI","2.0 TSI","2.0 TDI"]'::jsonb,
  '[{"engine_code":"DNTA (2.0 TSI Gen 3)","common_issues_ru":["Неисправности топливной аппаратуры","Потенциальные проблемы с маслоотделителем","Загрязнение дроссельной заслонки"]},{"engine_code":"DFHA (2.0 TDI)","common_issues_ru":["Сбои в системе EGR (рециркуляция газов)","Износ двухмассового маховика"]}]'::jsonb,
  null,
  null
)

insert into public.vehicle_makes (id, slug, name_en, country, segment_class, is_active, category_path)
values (
  '4e4ad996-3867-0949-a67d-d5d364e4c351',
  'smart',
  'Smart',
  'Germany',
  'A (City Car)',
  true,
  'City Car/Microcar'
)

insert into public.vehicle_models (
  id,
  make_id,
  slug,
  name_en,
  first_model_year,
  last_model_year,
  years_available,
  body_types_available,
  fuel_types_available,
  transmission_available,
  reliability_score,
  popularity_score
)
values (
  '6c90037b-1815-b961-e503-21719e76b03b',
  '4e4ad996-3867-0949-a67d-d5d364e4c351',
  'smart-fortwo-w451',
  'Fortwo',
  2007,
  2014,
  '{"2007","2008","2009","2010","2011","2012","2013","2014"}'::int[],
  '["Hatchback","Convertible"]'::jsonb,
  '["Gasoline","Diesel"]'::jsonb,
  '["Automated Manual","Manual"]'::jsonb,
  7.5,
  8
)

insert into public.vehicle_generations (
  id,
  model_id,
  code,
  start_year,
  end_year,
  facelift,
  production_countries,
  body_types,
  fuel_types,
  transmission_types,
  summary
)
values (
  'e8fde1de-7b63-93c3-5387-f3bfb2a008e5',
  '6c90037b-1815-b961-e503-21719e76b03b',
  'W451',
  2007,
  2014,
  false,
  '{"France"}'::text[],
  null,
  null,
  null,
  'The second generation Fortwo, significantly improved safety and comfort compared to the W450, while retaining its microcar dimensions.'
)

insert into public.vehicle_insights (
  model_id,
  pros,
  cons,
  inspection_tips,
  notable_features,
  engine_examples,
  common_issues_by_engine,
  reliability_score,
  popularity_score
)
values (
  '6c90037b-1815-b961-e503-21719e76b03b',
  '["Extremely compact and easy to park","Good fuel economy","Reliable basic engines"]'::jsonb,
  '["Jerky automated manual transmission (pre-2010)","Small trunk space","Limited high-speed stability"]'::jsonb,
  '["Проверить состояние актуатора сцепления (больное место роботизированной коробки)","Осмотреть кузов на предмет коррозии днища и подрамника","Проверить работу кондиционера (часто отказывает)"]'::jsonb,
  '["Tridion safety cell","Micro Hybrid Drive (MHD) Stop/Start system"]'::jsonb,
  '["1.0 M266 (Naturally Aspirated)","0.8 OM660 (Diesel)"]'::jsonb,
  '[{"engine_code":"1.0 M266","common_issues_ru":["Проблемы с датчиком кислорода","Течи масла из-под клапанной крышки"]},{"engine_code":"0.8 OM660 CDI","common_issues_ru":["Выход из строя турбины при несвоевременной замене масла","Проблемы с форсунками"]}]'::jsonb,
  null,
  null
)

insert into public.vehicle_models (
  id,
  make_id,
  slug,
  name_en,
  first_model_year,
  last_model_year,
  years_available,
  body_types_available,
  fuel_types_available,
  transmission_available,
  reliability_score,
  popularity_score
)
values (
  '65384fc9-0f36-cc2e-a2e5-c3eb3174d992',
  '4e4ad996-3867-0949-a67d-d5d364e4c351',
  'smart-fortwo-w453',
  'Fortwo',
  2014,
  2019,
  '{"2014","2015","2016","2017","2018","2019"}'::int[],
  '["Hatchback","Convertible"]'::jsonb,
  '["Gasoline","Electric"]'::jsonb,
  '["Manual","Dual Clutch Automatic"]'::jsonb,
  8,
  8.5
)

insert into public.vehicle_generations (
  id,
  model_id,
  code,
  start_year,
  end_year,
  facelift,
  production_countries,
  body_types,
  fuel_types,
  transmission_types,
  summary
)
values (
  'cb73018b-a135-1a05-6e78-d852c763c3a6',
  '65384fc9-0f36-cc2e-a2e5-c3eb3174d992',
  'W453',
  2014,
  2019,
  false,
  '{"France","Slovenia"}'::text[],
  null,
  null,
  null,
  'Third generation, switched to a conventional 5-speed manual or 6-speed DCT gearbox, addressing the biggest complaint of previous models. Rear-engined layout retained.'
)

insert into public.vehicle_insights (
  model_id,
  pros,
  cons,
  inspection_tips,
  notable_features,
  engine_examples,
  common_issues_by_engine,
  reliability_score,
  popularity_score
)
values (
  '65384fc9-0f36-cc2e-a2e5-c3eb3174d992',
  '["Improved ride comfort and handling","Modern interior and technology","Excellent turning radius"]'::jsonb,
  '["Base engine is somewhat weak","High cost of specific components (shared with Renault)","Still limited highway performance"]'::jsonb,
  '["Проверить работу системы старт-стоп","Оценить состояние турбины у версий с турбонаддувом (0.9T)","Проверить отсутствие шумов в задней подвеске"]'::jsonb,
  '["Twinamic 6-speed DCT transmission","Integration with Renault CMF-A platform"]'::jsonb,
  '["1.0 SCe (Naturally Aspirated)","0.9 TCe (Turbo)"]'::jsonb,
  '[{"engine_code":"1.0 H4B","common_issues_ru":["Повышенный расход масла","Вибрации на холостом ходу"]},{"engine_code":"0.9 H4BT","common_issues_ru":["Проблемы с помпой и термостатом","Требователен к качеству топлива"]}]'::jsonb,
  null,
  null
)

insert into public.vehicle_models (
  id,
  make_id,
  slug,
  name_en,
  first_model_year,
  last_model_year,
  years_available,
  body_types_available,
  fuel_types_available,
  transmission_available,
  reliability_score,
  popularity_score
)
values (
  '6afc3f9c-0314-3ae4-f2cc-fc01a6c78f47',
  '4e4ad996-3867-0949-a67d-d5d364e4c351',
  'smart-forfour-w453',
  'Forfour',
  2014,
  2021,
  '{"2014","2015","2016","2017","2018","2019","2020","2021"}'::int[],
  '["Hatchback"]'::jsonb,
  '["Gasoline","Electric"]'::jsonb,
  '["Manual","Dual Clutch Automatic"]'::jsonb,
  7.8,
  7.5
)

insert into public.vehicle_generations (
  id,
  model_id,
  code,
  start_year,
  end_year,
  facelift,
  production_countries,
  body_types,
  fuel_types,
  transmission_types,
  summary
)
values (
  'cffefa7d-dd38-4f08-d8c5-afe301d2c8d7',
  '6afc3f9c-0314-3ae4-f2cc-fc01a6c78f47',
  'W453',
  2014,
  2021,
  true,
  '{"Slovenia"}'::text[],
  null,
  null,
  null,
  'A four-door, four-seater version of the third-generation Smart, sharing components and rear-engine layout with the Renault Twingo III.'
)

insert into public.vehicle_insights (
  model_id,
  pros,
  cons,
  inspection_tips,
  notable_features,
  engine_examples,
  common_issues_by_engine,
  reliability_score,
  popularity_score
)
values (
  '6afc3f9c-0314-3ae4-f2cc-fc01a6c78f47',
  '["Practicality compared to Fortwo","Easy maneuverability for a 4-seater","Decent standard equipment"]'::jsonb,
  '["Limited rear legroom","Small trunk despite being a 4-seater","High depreciation compared to competitors"]'::jsonb,
  '["Проверить состояние задних дверей и механизмов замков","Обратить внимание на износ шин, связанный с настройками заднеприводной платформы","Убедиться в отсутствии проблем с электрикой (типично для ранних версий)"]'::jsonb,
  '["Optional panoramic roof","Foldable rear seats"]'::jsonb,
  '["1.0 SCe","0.9 TCe"]'::jsonb,
  '[{"engine_code":"1.0 H4B","common_issues_ru":["Нестабильная работа топливной системы","Быстрый износ свечей зажигания"]},{"engine_code":"0.9 H4BT","common_issues_ru":["Выход из строя катушек зажигания","Проблемы с натяжителем цепи ГРМ (редко)"]}]'::jsonb,
  null,
  null
)

insert into public.vehicle_makes (id, slug, name_en, country, segment_class, is_active, category_path)
values (
  '092fb347-27ff-e686-9135-29e293fea743',
  'spyker',
  'Spyker',
  'Netherlands',
  'S (Sports Car)',
  true,
  'Sports Cars / High-End Exotics'
)

insert into public.vehicle_models (
  id,
  make_id,
  slug,
  name_en,
  first_model_year,
  last_model_year,
  years_available,
  body_types_available,
  fuel_types_available,
  transmission_available,
  reliability_score,
  popularity_score
)
values (
  'fd20e959-e877-bbf5-8923-26fcd54e3f81',
  '092fb347-27ff-e686-9135-29e293fea743',
  'c8',
  'C8',
  2000,
  2018,
  '{"2000","2004","2007","2009","2014","2018"}'::int[],
  '["Coupe","Convertible"]'::jsonb,
  '["Gasoline"]'::jsonb,
  '["Manual","Automatic"]'::jsonb,
  3,
  1
)

insert into public.vehicle_generations (
  id,
  model_id,
  code,
  start_year,
  end_year,
  facelift,
  production_countries,
  body_types,
  fuel_types,
  transmission_types,
  summary
)
values (
  'd9f68a81-11d6-9ad5-fe69-9bdec61dae8d',
  'fd20e959-e877-bbf5-8923-26fcd54e3f81',
  'Original Series',
  2000,
  2009,
  false,
  '{"Netherlands"}'::text[],
  null,
  null,
  null,
  'Initial generation including Spyder, Laviolette, and Double 12 models. Defined by aerospace styling and Audi V8 power.'
)

insert into public.vehicle_generations (
  id,
  model_id,
  code,
  start_year,
  end_year,
  facelift,
  production_countries,
  body_types,
  fuel_types,
  transmission_types,
  summary
)
values (
  '13fef0dc-d41a-18e7-b8a4-c85dce45f66e',
  'fd20e959-e877-bbf5-8923-26fcd54e3f81',
  'Aileron',
  2009,
  2018,
  true,
  '{"Netherlands"}'::text[],
  null,
  null,
  null,
  'The second major iteration, featuring a longer wheelbase and updated styling.'
)

insert into public.vehicle_insights (
  model_id,
  pros,
  cons,
  inspection_tips,
  notable_features,
  engine_examples,
  common_issues_by_engine,
  reliability_score,
  popularity_score
)
values (
  'fd20e959-e877-bbf5-8923-26fcd54e3f81',
  '["Исключительная эксклюзивность и редкость","Впечатляющий дизайн","Отличные динамические характеристики"]'::jsonb,
  '["Крайне высокая стоимость владения и обслуживания","Ограниченная дилерская и сервисная сеть","Своеобразная эргономика салона"]'::jsonb,
  '["Тщательно проверить историю обслуживания, особенно замену сцепления","Осмотреть алюминиевое шасси на предмет скрытых повреждений","Проверить работу уникального открытого механизма переключения передач"]'::jsonb,
  '["Авиационный дизайн интерьера","Ручная сборка","Уникальный рычаг переключения передач"]'::jsonb,
  '["Audi 4.2L V8 (400 hp)"]'::jsonb,
  '[{"engine_code":"Audi 4.2L V8","common_issues_ru":["Высокая стоимость обслуживания двигателя","Проблемы с датчиками положения распредвалов на ранних версиях","Потенциальный жор масла при агрессивной эксплуатации"]}]'::jsonb,
  null,
  null
)

insert into public.vehicle_models (
  id,
  make_id,
  slug,
  name_en,
  first_model_year,
  last_model_year,
  years_available,
  body_types_available,
  fuel_types_available,
  transmission_available,
  reliability_score,
  popularity_score
)
values (
  '56f65e65-4c63-6355-2a9c-4379e9ba0b9a',
  '092fb347-27ff-e686-9135-29e293fea743',
  'c12',
  'C12',
  2004,
  2008,
  '{"2004","2006","2008"}'::int[],
  '["Coupe"]'::jsonb,
  '["Gasoline"]'::jsonb,
  '["Manual"]'::jsonb,
  2,
  0
)

insert into public.vehicle_generations (
  id,
  model_id,
  code,
  start_year,
  end_year,
  facelift,
  production_countries,
  body_types,
  fuel_types,
  transmission_types,
  summary
)
values (
  '0577f4c0-ef78-eac1-aaf1-71ba017b5ae8',
  '56f65e65-4c63-6355-2a9c-4379e9ba0b9a',
  'Magnum',
  2004,
  2008,
  false,
  '{"Netherlands"}'::text[],
  null,
  null,
  null,
  'High-performance model based on the C8 platform but planned with a W12 engine, showcased as concepts (Magnum, Zagato).'
)

insert into public.vehicle_insights (
  model_id,
  pros,
  cons,
  inspection_tips,
  notable_features,
  engine_examples,
  common_issues_by_engine,
  reliability_score,
  popularity_score
)
values (
  '56f65e65-4c63-6355-2a9c-4379e9ba0b9a',
  '["Невероятная редкость","Высокий потенциал производительности"]'::jsonb,
  '["Крайне ограниченное количество выпущенных экземпляров","Очень дорогое обслуживание сложного двигателя W12","Высокий расход топлива"]'::jsonb,
  '["Проверить подлинность и комплектность документации, учитывая статус прототипа/ограниченной серии","Тщательная диагностика W12 обязательна","Осмотр кузовных панелей на предмет идеальной подгонки"]'::jsonb,
  '["Мощность двигателя W12","Ультра-эксклюзивный статус"]'::jsonb,
  '["VW/Audi 6.0L W12 (500 hp+)"]'::jsonb,
  '[{"engine_code":"VW/Audi W12 6.0L","common_issues_ru":["Сложность обслуживания и ремонта двигателя W12","Потенциальные течи масла из-под многочисленных прокладок","Проблемы с термостатами и системой охлаждения"]}]'::jsonb,
  null,
  null
)

insert into public.vehicle_models (
  id,
  make_id,
  slug,
  name_en,
  first_model_year,
  last_model_year,
  years_available,
  body_types_available,
  fuel_types_available,
  transmission_available,
  reliability_score,
  popularity_score
)
values (
  '908ff8ca-c6be-e47d-5c31-87c51bee9bd8',
  '092fb347-27ff-e686-9135-29e293fea743',
  'b6_venator',
  'B6 Venator',
  2013,
  2014,
  '{"2013","2014"}'::int[],
  '["Coupe"]'::jsonb,
  '["Gasoline"]'::jsonb,
  '["Automatic"]'::jsonb,
  2,
  0
)

insert into public.vehicle_generations (
  id,
  model_id,
  code,
  start_year,
  end_year,
  facelift,
  production_countries,
  body_types,
  fuel_types,
  transmission_types,
  summary
)
values (
  '4c8a7261-99c6-2499-9aa5-9113b3dc06b6',
  '908ff8ca-c6be-e47d-5c31-87c51bee9bd8',
  'Concept',
  2013,
  2014,
  false,
  '{"Netherlands"}'::text[],
  null,
  null,
  null,
  'A proposed entry-level sports car intended to expand the brand''s production volume, but the project was halted after financial difficulties.'
)

insert into public.vehicle_insights (
  model_id,
  pros,
  cons,
  inspection_tips,
  notable_features,
  engine_examples,
  common_issues_by_engine,
  reliability_score,
  popularity_score
)
values (
  '908ff8ca-c6be-e47d-5c31-87c51bee9bd8',
  '["Современный дизайн Spyker","Относительная компактность"]'::jsonb,
  '["Не вышел в серийное производство","Крайне высокая стоимость обслуживания из-за статуса прототипа","Низкая ликвидность"]'::jsonb,
  '["Тщательно проверить оригинальность всех компонентов","Оценить состояние компонентов, не предназначенных для дорожного использования","Проверить историю хранения и эксплуатации, если это выставочный образец"]'::jsonb,
  '["Стеклопластиковый кузов","Относительно легкий вес"]'::jsonb,
  '["Mid-mounted V6 Supercharged"]'::jsonb,
  '[{"engine_code":"V6 Supercharged (Est.)","common_issues_ru":["Отсутствие серийного производства делает долгосрочные проблемы неизвестными","Проблемы с поиском специфических запчастей шасси","Возможные сбои в электронике прототипов"]}]'::jsonb,
  null,
  null
)

insert into public.vehicle_makes (id, slug, name_en, country, segment_class, is_active, category_path)
values (
  'c046950b-6c62-2440-7cc1-9a24f8e1069b',
  'ssangyong',
  'SsangYong',
  'South Korea',
  'SUV Specialist',
  true,
  'Passenger Cars/SUVs'
)

insert into public.vehicle_models (
  id,
  make_id,
  slug,
  name_en,
  first_model_year,
  last_model_year,
  years_available,
  body_types_available,
  fuel_types_available,
  transmission_available,
  reliability_score,
  popularity_score
)
values (
  '719bdc0d-dadb-9402-ef0c-52757a037bc1',
  'c046950b-6c62-2440-7cc1-9a24f8e1069b',
  'rexton',
  'Rexton',
  2001,
  2024,
  '{"2001","2002","2003","2004","2005","2006","2007","2008","2009","2010","2011","2012","2013","2014","2015","2016","2017","2018","2019","2020","2021","2022","2023","2024"}'::int[],
  '["SUV"]'::jsonb,
  '["Diesel","Gasoline"]'::jsonb,
  '["Manual","Automatic"]'::jsonb,
  6.5,
  7
)

insert into public.vehicle_generations (
  id,
  model_id,
  code,
  start_year,
  end_year,
  facelift,
  production_countries,
  body_types,
  fuel_types,
  transmission_types,
  summary
)
values (
  'af0755a7-420d-5205-f74e-a663adee1460',
  '719bdc0d-dadb-9402-ef0c-52757a037bc1',
  'Y200',
  2001,
  2006,
  false,
  '{"South Korea","Russia"}'::text[],
  null,
  null,
  null,
  'First generation, based on Mercedes-Benz M-Class platform.'
)

insert into public.vehicle_generations (
  id,
  model_id,
  code,
  start_year,
  end_year,
  facelift,
  production_countries,
  body_types,
  fuel_types,
  transmission_types,
  summary
)
values (
  '293140a5-edef-cc0b-b0da-ed752d7d675d',
  '719bdc0d-dadb-9402-ef0c-52757a037bc1',
  'Y400',
  2017,
  2024,
  true,
  '{"South Korea"}'::text[],
  null,
  null,
  null,
  'Fourth generation (G4), modernized body-on-frame SUV.'
)

insert into public.vehicle_insights (
  model_id,
  pros,
  cons,
  inspection_tips,
  notable_features,
  engine_examples,
  common_issues_by_engine,
  reliability_score,
  popularity_score
)
values (
  '719bdc0d-dadb-9402-ef0c-52757a037bc1',
  '["Надежная рамная конструкция","Просторный салон","Хорошая проходимость"]'::jsonb,
  '["Высокий расход топлива (бензиновые версии)","Проблемы с коррозией кузова","Жесткая подвеска"]'::jsonb,
  '["Проверить раму на наличие трещин и сильной коррозии","Оценить состояние АКПП BTR (на старых моделях)"]'::jsonb,
  '["Рамная конструкция","Лицензионные агрегаты Mercedes-Benz"]'::jsonb,
  '["D27DT","G23D","D22 DTR"]'::jsonb,
  '[{"engine_code":"D27DT","common_issues_ru":["Проблемы с форсунками Common Rail","Перегрев двигателя при плохом обслуживании","Выход из строя ТНВД"]}]'::jsonb,
  null,
  null
)

insert into public.vehicle_models (
  id,
  make_id,
  slug,
  name_en,
  first_model_year,
  last_model_year,
  years_available,
  body_types_available,
  fuel_types_available,
  transmission_available,
  reliability_score,
  popularity_score
)
values (
  '572ef920-83b4-bd89-298d-5857bf5447d4',
  'c046950b-6c62-2440-7cc1-9a24f8e1069b',
  'kyron',
  'Kyron',
  2005,
  2015,
  '{"2005","2006","2007","2008","2009","2010","2011","2012","2013","2014","2015"}'::int[],
  '["SUV"]'::jsonb,
  '["Diesel","Gasoline"]'::jsonb,
  '["Manual","Automatic"]'::jsonb,
  7,
  6
)

insert into public.vehicle_generations (
  id,
  model_id,
  code,
  start_year,
  end_year,
  facelift,
  production_countries,
  body_types,
  fuel_types,
  transmission_types,
  summary
)
values (
  '17d50279-cd39-f645-d262-ab3fbceab6af',
  '572ef920-83b4-bd89-298d-5857bf5447d4',
  'D100',
  2005,
  2007,
  false,
  '{"South Korea","Russia"}'::text[],
  null,
  null,
  null,
  'Mid-size SUV based on the extended Musso platform.'
)

insert into public.vehicle_generations (
  id,
  model_id,
  code,
  start_year,
  end_year,
  facelift,
  production_countries,
  body_types,
  fuel_types,
  transmission_types,
  summary
)
values (
  '3982de49-4b5f-ca4a-b950-07e8730f9200',
  '572ef920-83b4-bd89-298d-5857bf5447d4',
  'D100 FL',
  2007,
  2015,
  true,
  '{"South Korea","Russia"}'::text[],
  null,
  null,
  null,
  'Facelift version with revised exterior styling.'
)

insert into public.vehicle_insights (
  model_id,
  pros,
  cons,
  inspection_tips,
  notable_features,
  engine_examples,
  common_issues_by_engine,
  reliability_score,
  popularity_score
)
values (
  '572ef920-83b4-bd89-298d-5857bf5447d4',
  '["Надежный дизельный двигатель (лицензия Mercedes)","Рамная конструкция","Дешевизна обслуживания"]'::jsonb,
  '["Спорный дизайн (до рестайлинга)","Невысокое качество отделки салона","Проблемы с актуатором полного привода"]'::jsonb,
  '["Проверить работоспособность системы Part-Time 4WD","Обратить внимание на шум цепи ГРМ на дизельных версиях"]'::jsonb,
  '["Мерседесовские дизели","Рамная конструкция"]'::jsonb,
  '["D20DT","D23M"]'::jsonb,
  '[{"engine_code":"D20DT","common_issues_ru":["Загрязнение клапана EGR","Проблемы с турбиной после 150 тыс. км","Необходимость регулировки клапанов"]}]'::jsonb,
  null,
  null
)

insert into public.vehicle_models (
  id,
  make_id,
  slug,
  name_en,
  first_model_year,
  last_model_year,
  years_available,
  body_types_available,
  fuel_types_available,
  transmission_available,
  reliability_score,
  popularity_score
)
values (
  'c14f2fac-0f6c-7bcb-8d2c-246311a0f32a',
  'c046950b-6c62-2440-7cc1-9a24f8e1069b',
  'actyon',
  'Actyon',
  2010,
  2019,
  '{"2010","2011","2012","2013","2014","2015","2016","2017","2018","2019"}'::int[],
  '["SUV","Crossover"]'::jsonb,
  '["Diesel","Gasoline"]'::jsonb,
  '["Manual","Automatic"]'::jsonb,
  7.5,
  8
)

insert into public.vehicle_generations (
  id,
  model_id,
  code,
  start_year,
  end_year,
  facelift,
  production_countries,
  body_types,
  fuel_types,
  transmission_types,
  summary
)
values (
  '9397e588-3484-168a-5952-91b79b41fb4f',
  'c14f2fac-0f6c-7bcb-8d2c-246311a0f32a',
  'C200',
  2010,
  2013,
  false,
  '{"South Korea","Russia"}'::text[],
  null,
  null,
  null,
  'Second generation, transitioning to a unibody crossover platform (also known as Korando C).'
)

insert into public.vehicle_generations (
  id,
  model_id,
  code,
  start_year,
  end_year,
  facelift,
  production_countries,
  body_types,
  fuel_types,
  transmission_types,
  summary
)
values (
  '33019730-7587-d94a-7b5e-715902257899',
  'c14f2fac-0f6c-7bcb-8d2c-246311a0f32a',
  'C200 FL',
  2013,
  2019,
  true,
  '{"South Korea"}'::text[],
  null,
  null,
  null,
  'Major facelift with improved interior and exterior design.'
)

insert into public.vehicle_insights (
  model_id,
  pros,
  cons,
  inspection_tips,
  notable_features,
  engine_examples,
  common_issues_by_engine,
  reliability_score,
  popularity_score
)
values (
  'c14f2fac-0f6c-7bcb-8d2c-246311a0f32a',
  '["Современный дизайн (для своего времени)","Умеренная цена","Неплохая управляемость"]'::jsonb,
  '["Слабый автомат BTR на ранних версиях","Появление коррозии на двери багажника","Шумный салон на скорости"]'::jsonb,
  '["Оценить состояние цепи ГРМ на дизелях D20T","Проверить работу полного привода (муфты)"]'::jsonb,
  '["Первый несущий кузов SsangYong","Высокая мощность дизельных двигателей"]'::jsonb,
  '["D20T","G20DF"]'::jsonb,
  '[{"engine_code":"D20T","common_issues_ru":["Выход из строя цепи ГРМ при пробеге 100-150 тыс. км","Проблемы с топливной системой Common Rail","Сбой в работе сажевого фильтра (DPF)"]}]'::jsonb,
  null,
  null
)

insert into public.vehicle_makes (id, slug, name_en, country, segment_class, is_active, category_path)
values (
  '7260ae4b-f309-a922-0e26-fd6c392c9217',
  'steyr',
  'Steyr',
  'Austria',
  'Utility/Off-road Specialist',
  true,
  'Off-Road Vehicles'
)

insert into public.vehicle_models (
  id,
  make_id,
  slug,
  name_en,
  first_model_year,
  last_model_year,
  years_available,
  body_types_available,
  fuel_types_available,
  transmission_available,
  reliability_score,
  popularity_score
)
values (
  '0f069c04-fd80-3aa1-31c1-4e2db9dc211e',
  '7260ae4b-f309-a922-0e26-fd6c392c9217',
  'g-class-steyr-puch',
  'G-Class (Steyr-Puch)',
  1979,
  2018,
  '{"1979","1980","1985","1990","1995","2000","2005","2010","2015","2018"}'::int[],
  '["SUV 3 doors","SUV 5 doors","Convertible"]'::jsonb,
  '["Diesel","Gasoline"]'::jsonb,
  '["Manual","Automatic"]'::jsonb,
  9,
  8
)

insert into public.vehicle_generations (
  id,
  model_id,
  code,
  start_year,
  end_year,
  facelift,
  production_countries,
  body_types,
  fuel_types,
  transmission_types,
  summary
)
values (
  '088dff4b-618a-ff20-6b46-bc09402222a9',
  '0f069c04-fd80-3aa1-31c1-4e2db9dc211e',
  'W460/W461',
  1979,
  1991,
  false,
  '{"Austria"}'::text[],
  null,
  null,
  null,
  'First generation utility version, basic interior, extremely robust.'
)

insert into public.vehicle_generations (
  id,
  model_id,
  code,
  start_year,
  end_year,
  facelift,
  production_countries,
  body_types,
  fuel_types,
  transmission_types,
  summary
)
values (
  '8a9c28e7-2186-bf95-21b6-5b6d845cdc6d',
  '0f069c04-fd80-3aa1-31c1-4e2db9dc211e',
  'W463',
  1990,
  2018,
  true,
  '{"Austria"}'::text[],
  null,
  null,
  null,
  'Luxury variant introduced alongside the utility model, built by Steyr-Puch in Graz.'
)

insert into public.vehicle_insights (
  model_id,
  pros,
  cons,
  inspection_tips,
  notable_features,
  engine_examples,
  common_issues_by_engine,
  reliability_score,
  popularity_score
)
values (
  '0f069c04-fd80-3aa1-31c1-4e2db9dc211e',
  '["Unmatched off-road capability","Extremely robust ladder frame","High resale value","Timeless design"]'::jsonb,
  '["High fuel consumption","Basic interior in early models","Prone to rust if neglected","Expensive parts"]'::jsonb,
  '["Проверить раму на наличие трещин в районе рулевого редуктора","Тщательно осмотреть пороги и арки на предмет ржавчины","Проверить работу блокировок дифференциалов"]'::jsonb,
  '["Three fully lockable differentials","Permanent all-wheel drive (W463)","Ladder frame chassis"]'::jsonb,
  '["OM602 (Diesel)","M102 (Gasoline)"]'::jsonb,
  '[{"engine_code":"OM602/OM603","common_issues_ru":["Проблемы с ТНВД на старых дизелях","Течи масла из-под прокладок","Перегрев при длительных нагрузках"]},{"engine_code":"M102/M103","common_issues_ru":["Проблемы с карбюратором (ранние версии)","Растяжение цепи ГРМ"]}]'::jsonb,
  null,
  null
)

insert into public.vehicle_models (
  id,
  make_id,
  slug,
  name_en,
  first_model_year,
  last_model_year,
  years_available,
  body_types_available,
  fuel_types_available,
  transmission_available,
  reliability_score,
  popularity_score
)
values (
  'ca6bfda5-6e7b-7f06-b234-7b89283d79df',
  '7260ae4b-f309-a922-0e26-fd6c392c9217',
  'pinzgauer',
  'Pinzgauer (710/712)',
  1971,
  2000,
  '{"1971","1975","1980","1985","1990","1995","2000"}'::int[],
  '["Off-road utility","Wagon"]'::jsonb,
  '["Gasoline","Diesel"]'::jsonb,
  '["Manual"]'::jsonb,
  9.5,
  6.5
)

insert into public.vehicle_generations (
  id,
  model_id,
  code,
  start_year,
  end_year,
  facelift,
  production_countries,
  body_types,
  fuel_types,
  transmission_types,
  summary
)
values (
  'ff5c395d-d216-9fd9-7702-7e4ce9274c74',
  'ca6bfda5-6e7b-7f06-b234-7b89283d79df',
  'Series 710/712',
  1971,
  2000,
  false,
  '{"Austria"}'::text[],
  null,
  null,
  null,
  'Original Steyr-Puch utility vehicle, known for its extreme cross-country mobility.'
)

insert into public.vehicle_insights (
  model_id,
  pros,
  cons,
  inspection_tips,
  notable_features,
  engine_examples,
  common_issues_by_engine,
  reliability_score,
  popularity_score
)
values (
  'ca6bfda5-6e7b-7f06-b234-7b89283d79df',
  '["Outstanding mobility","Extremely high reliability","Modular design","Simple maintenance"]'::jsonb,
  '["Loud cabin","Low cruising speed","Military origins (basic comfort)","Poor availability of certain modern parts"]'::jsonb,
  '["Осмотреть состояние редукторов портальных мостов","Проверить наличие люфтов в трансмиссии","Убедиться в целостности центральной несущей трубы"]'::jsonb,
  '["Portal axles","Backbone tube chassis","Fully independent suspension"]'::jsonb,
  '["Steyr 2.5L 4-cylinder air-cooled","VW 2.4L Diesel"]'::jsonb,
  '[{"engine_code":"Steyr 2.5L Air-cooled","common_issues_ru":["Утечки масла из-под клапанных крышек","Проблемы с регулировкой карбюраторов"]},{"engine_code":"VW 2.4 TDI (later models)","common_issues_ru":["Проблемы с топливной аппаратурой","Трещины в головке блока цилиндров"]}]'::jsonb,
  null,
  null
)

insert into public.vehicle_models (
  id,
  make_id,
  slug,
  name_en,
  first_model_year,
  last_model_year,
  years_available,
  body_types_available,
  fuel_types_available,
  transmission_available,
  reliability_score,
  popularity_score
)
values (
  'fdd12115-feb5-5477-daed-750d24670137',
  '7260ae4b-f309-a922-0e26-fd6c392c9217',
  'haflinger',
  'Haflinger (700 AP)',
  1959,
  1974,
  '{"1959","1965","1970","1974"}'::int[],
  '["Utility"]'::jsonb,
  '["Gasoline"]'::jsonb,
  '["Manual"]'::jsonb,
  8.5,
  4
)

insert into public.vehicle_generations (
  id,
  model_id,
  code,
  start_year,
  end_year,
  facelift,
  production_countries,
  body_types,
  fuel_types,
  transmission_types,
  summary
)
values (
  'cc629a48-cda9-0036-03a2-4df868d44998',
  'fdd12115-feb5-5477-daed-750d24670137',
  'AP/AD',
  1959,
  1974,
  false,
  '{"Austria"}'::text[],
  null,
  null,
  null,
  'A very small, lightweight 4x4 off-road vehicle designed primarily for military use in mountainous terrain.'
)

insert into public.vehicle_insights (
  model_id,
  pros,
  cons,
  inspection_tips,
  notable_features,
  engine_examples,
  common_issues_by_engine,
  reliability_score,
  popularity_score
)
values (
  'fdd12115-feb5-5477-daed-750d24670137',
  '["Incredibly lightweight and agile","Excellent off-road performance for its size","Air-cooled engine (simplicity)","Historical significance"]'::jsonb,
  '["Very slow road speed","Limited payload","Rust is common on body panels","Difficult to find specialized parts"]'::jsonb,
  '["Оценить состояние шасси и пола (часто ржавеет)","Проверить работу тросового привода блокировок","Удостовериться, что двигатель не перегревается"]'::jsonb,
  '["Extremely light weight (600 kg)","Portal axles","4-wheel independent suspension"]'::jsonb,
  '["Steyr 643 air-cooled flat twin"]'::jsonb,
  '[{"engine_code":"Steyr 643","common_issues_ru":["Проблемы с системой зажигания и карбюратором","Износ поршневых колец из-за нагрузок","Слабые крепления глушителя"]}]'::jsonb,
  null,
  null
)

insert into public.vehicle_makes (id, slug, name_en, country, segment_class, is_active, category_path)
values (
  'eab86d52-8ab2-71a4-173c-84400769ce45',
  'subaru',
  'Subaru',
  'Japan',
  'General/Multiple Segments',
  true,
  'Automobiles/Passenger Vehicles'
)

insert into public.vehicle_models (
  id,
  make_id,
  slug,
  name_en,
  first_model_year,
  last_model_year,
  years_available,
  body_types_available,
  fuel_types_available,
  transmission_available,
  reliability_score,
  popularity_score
)
values (
  '7878f1cb-d9e8-81ba-e23b-d4251f5d2f97',
  'eab86d52-8ab2-71a4-173c-84400769ce45',
  'forester',
  'Forester',
  1997,
  2024,
  '{"1997","1998","1999","2000","2001","2002","2003","2004","2005","2006","2007","2008","2009","2010","2011","2012","2013","2014","2015","2016","2017","2018","2019","2020","2021","2022","2023","2024"}'::int[],
  '["SUV"]'::jsonb,
  '["Gasoline","Hybrid"]'::jsonb,
  '["Manual","Automatic (CVT)"]'::jsonb,
  7.5,
  8.5
)

insert into public.vehicle_generations (
  id,
  model_id,
  code,
  start_year,
  end_year,
  facelift,
  production_countries,
  body_types,
  fuel_types,
  transmission_types,
  summary
)
values (
  'e0061cf1-609e-8b9c-48d3-43526d4b7e57',
  '7878f1cb-d9e8-81ba-e23b-d4251f5d2f97',
  'SJ',
  2013,
  2018,
  false,
  '{"Japan"}'::text[],
  null,
  null,
  null,
  'Fourth generation, significantly improved in terms of interior space and fuel efficiency, transitioning to the FB engine family.'
)

insert into public.vehicle_generations (
  id,
  model_id,
  code,
  start_year,
  end_year,
  facelift,
  production_countries,
  body_types,
  fuel_types,
  transmission_types,
  summary
)
values (
  '2db9c46f-9ad0-f818-9bf0-c40204160876',
  '7878f1cb-d9e8-81ba-e23b-d4251f5d2f97',
  'SK',
  2019,
  2024,
  true,
  '{"Japan"}'::text[],
  null,
  null,
  null,
  'Fifth generation built on the Subaru Global Platform (SGP), offering increased rigidity and safety.'
)

insert into public.vehicle_insights (
  model_id,
  pros,
  cons,
  inspection_tips,
  notable_features,
  engine_examples,
  common_issues_by_engine,
  reliability_score,
  popularity_score
)
values (
  '7878f1cb-d9e8-81ba-e23b-d4251f5d2f97',
  '["Надежный полный привод (AWD)","Просторный салон и большой багажник","Высокая проходимость и удобство эксплуатации зимой"]'::jsonb,
  '["Высокий расход масла на некоторых двигателях","Слабое лакокрасочное покрытие","Дорогое обслуживание вариатора Lineartronic"]'::jsonb,
  '["Проверить уровень масла в двигателе (тест на «масложор»)","Диагностика вариатора на предмет шумов и рывков при ускорении","Осмотр подвески на предмет стуков (особенно задние амортизаторы)"]'::jsonb,
  '["Symmetrical All-Wheel Drive standard","High ground clearance","Excellent visibility"]'::jsonb,
  '["FB25 2.5L H4 NA","FA20DIT 2.0L H4 Turbo"]'::jsonb,
  '[{"engine_code":"FB25","common_issues_ru":["Высокий расход масла (особенно до 2015 года)","Проблемы с системой ГРМ при некачественном обслуживании","Течи через прокладки клапанных крышек"]},{"engine_code":"EJ20/EJ25 (Turbo)","common_issues_ru":["Риск пробоя прокладки ГБЦ (EJ25 NA)","Чувствительность к перегреву и детонации"]}]'::jsonb,
  null,
  null
)

insert into public.vehicle_models (
  id,
  make_id,
  slug,
  name_en,
  first_model_year,
  last_model_year,
  years_available,
  body_types_available,
  fuel_types_available,
  transmission_available,
  reliability_score,
  popularity_score
)
values (
  '65e25d40-e136-84e5-e147-072b68e2fc53',
  'eab86d52-8ab2-71a4-173c-84400769ce45',
  'outback',
  'Outback',
  1994,
  2024,
  '{"1994","1995","1996","1997","1998","1999","2000","2001","2002","2003","2004","2005","2006","2007","2008","2009","2010","2011","2012","2013","2014","2015","2016","2017","2018","2019","2020","2021","2022","2023","2024"}'::int[],
  '["Wagon","Crossover"]'::jsonb,
  '["Gasoline","Diesel"]'::jsonb,
  '["Manual","Automatic (CVT)"]'::jsonb,
  8,
  7.5
)

insert into public.vehicle_generations (
  id,
  model_id,
  code,
  start_year,
  end_year,
  facelift,
  production_countries,
  body_types,
  fuel_types,
  transmission_types,
  summary
)
values (
  '12d3d26f-c732-9307-daaf-f5054a4bc85d',
  '65e25d40-e136-84e5-e147-072b68e2fc53',
  'BS',
  2015,
  2019,
  false,
  '{"Japan","USA"}'::text[],
  null,
  null,
  null,
  'Fifth generation, grown significantly in size, focusing on comfort, quietness, and advanced safety features (EyeSight).'
)

insert into public.vehicle_generations (
  id,
  model_id,
  code,
  start_year,
  end_year,
  facelift,
  production_countries,
  body_types,
  fuel_types,
  transmission_types,
  summary
)
values (
  '5fb5e673-975b-76af-faff-e3fc29ce85f7',
  '65e25d40-e136-84e5-e147-072b68e2fc53',
  'BT',
  2020,
  2024,
  false,
  '{"USA"}'::text[],
  null,
  null,
  null,
  'Sixth generation, built on the SGP platform, featuring a prominent vertical infotainment screen.'
)

insert into public.vehicle_insights (
  model_id,
  pros,
  cons,
  inspection_tips,
  notable_features,
  engine_examples,
  common_issues_by_engine,
  reliability_score,
  popularity_score
)
values (
  '65e25d40-e136-84e5-e147-072b68e2fc53',
  '["Комфорт на дальних дистанциях","Отличная устойчивость на дороге благодаря низкому центру тяжести","Просторный салон"]'::jsonb,
  '["Дороговизна ремонта оппозитных двигателей","Высокие требования к качеству топлива для 6-цилиндровых моторов","Ограниченный выбор двигателей на европейском рынке"]'::jsonb,
  '["Проверка работы системы EyeSight","Диагностика карданного вала на предмет люфтов (особенно после 150 тыс. км)","Оценка состояния ЛКП, подверженного сколам"]'::jsonb,
  '["High safety ratings","Generous cargo space","Smooth long-distance cruiser"]'::jsonb,
  '["FB25 2.5L H4 NA","EZ36D 3.6L H6 NA"]'::jsonb,
  '[{"engine_code":"EZ36","common_issues_ru":["Высокая стоимость обслуживания","Случаи течи масла из-под крышек ГРМ"]},{"engine_code":"FB25","common_issues_ru":["Повышенный расход масла","Проблемы с клапанами EGR"]}]'::jsonb,
  null,
  null
)

insert into public.vehicle_models (
  id,
  make_id,
  slug,
  name_en,
  first_model_year,
  last_model_year,
  years_available,
  body_types_available,
  fuel_types_available,
  transmission_available,
  reliability_score,
  popularity_score
)
values (
  '890beba0-2ad7-6dca-d2f6-6199dc660abf',
  'eab86d52-8ab2-71a4-173c-84400769ce45',
  'impreza',
  'Impreza',
  1992,
  2024,
  '{"1992","1993","1994","1995","1996","1997","1998","1999","2000","2001","2002","2003","2004","2005","2006","2007","2008","2009","2010","2011","2012","2013","2014","2015","2016","2017","2018","2019","2020","2021","2022","2023","2024"}'::int[],
  '["Sedan","Hatchback"]'::jsonb,
  '["Gasoline"]'::jsonb,
  '["Manual","Automatic (CVT)"]'::jsonb,
  7,
  6.5
)

insert into public.vehicle_generations (
  id,
  model_id,
  code,
  start_year,
  end_year,
  facelift,
  production_countries,
  body_types,
  fuel_types,
  transmission_types,
  summary
)
values (
  'f3b7bb82-c547-fda6-18da-cb88b3b45196',
  '890beba0-2ad7-6dca-d2f6-6199dc660abf',
  'GP/GJ',
  2011,
  2016,
  false,
  '{"Japan"}'::text[],
  null,
  null,
  null,
  'Fourth generation, focusing on lighter weight and improved efficiency with the new FB series engines. Basis for the XV.'
)

insert into public.vehicle_generations (
  id,
  model_id,
  code,
  start_year,
  end_year,
  facelift,
  production_countries,
  body_types,
  fuel_types,
  transmission_types,
  summary
)
values (
  'b2ddce9e-0022-8f0a-e00d-343ae743c937',
  '890beba0-2ad7-6dca-d2f6-6199dc660abf',
  'GK/GT',
  2017,
  2023,
  true,
  '{"Japan"}'::text[],
  null,
  null,
  null,
  'Fifth generation, utilizing the SGP platform for enhanced driving dynamics and safety.'
)

insert into public.vehicle_insights (
  model_id,
  pros,
  cons,
  inspection_tips,
  notable_features,
  engine_examples,
  common_issues_by_engine,
  reliability_score,
  popularity_score
)
values (
  '890beba0-2ad7-6dca-d2f6-6199dc660abf',
  '["Отличная управляемость и курсовая устойчивость","Постоянный полный привод обеспечивает безопасность","Надежная механическая коробка передач"]'::jsonb,
  '["Слабая шумоизоляция салона","Недостаток мощности у базовых атмосферных моторов","Высокая стоимость оригинальных запчастей"]'::jsonb,
  '["Проверка состояния сцепления (для МКПП)","Оценка кузова на предмет ржавчины в районе арок (у старых поколений)","Тест-драйв для оценки работы полного привода и вариатора"]'::jsonb,
  '["Rally heritage (WRX/STI variants)","Responsive handling","Standard AWD"]'::jsonb,
  '["FB16 1.6L H4 NA","FB20 2.0L H4 NA"]'::jsonb,
  '[{"engine_code":"FB16/FB20","common_issues_ru":["Склонность к «масложору» на ранних версиях","Вибрации двигателя при холодном старте","Необходимость контроля цепи ГРМ"]}]'::jsonb,
  null,
  null
)

insert into public.vehicle_makes (id, slug, name_en, country, segment_class, is_active, category_path)
values (
  '2ac4791c-3801-dcce-97f5-72e325147a06',
  'sunbeam',
  'Sunbeam',
  'UK',
  'Classic Car',
  false,
  '/cars/classic-european'
)

insert into public.vehicle_models (
  id,
  make_id,
  slug,
  name_en,
  first_model_year,
  last_model_year,
  years_available,
  body_types_available,
  fuel_types_available,
  transmission_available,
  reliability_score,
  popularity_score
)
values (
  '7868a572-9c4b-8775-dadb-fdece784efdf',
  '2ac4791c-3801-dcce-97f5-72e325147a06',
  'alpine',
  'Alpine',
  1959,
  1968,
  '{"1959","1960","1961","1962","1963","1964","1965","1966","1967","1968"}'::int[],
  '["Roadster","Coupe"]'::jsonb,
  '["Gasoline"]'::jsonb,
  '["Manual","Automatic"]'::jsonb,
  6.5,
  7.5
)

insert into public.vehicle_generations (
  id,
  model_id,
  code,
  start_year,
  end_year,
  facelift,
  production_countries,
  body_types,
  fuel_types,
  transmission_types,
  summary
)
values (
  '4dc5868c-d4ac-8d7f-2063-844700970129',
  '7868a572-9c4b-8775-dadb-fdece784efdf',
  'Series I - V',
  1959,
  1968,
  false,
  '{"UK"}'::text[],
  null,
  null,
  null,
  'The Alpine was a compact British sports car, succeeding the earlier Sunbeam-Talbot Alpine. It became famous for its use in the James Bond film ''Dr. No'' and served as the basis for the high-performance Tiger model.'
)

insert into public.vehicle_insights (
  model_id,
  pros,
  cons,
  inspection_tips,
  notable_features,
  engine_examples,
  common_issues_by_engine,
  reliability_score,
  popularity_score
)
values (
  '7868a572-9c4b-8775-dadb-fdece784efdf',
  '["Надежный и простой в обслуживании двигатель Rootes Group","Высокая доступность запчастей среди классических автомобилей","Стильный, классический дизайн родстера"]'::jsonb,
  '["Склонность к коррозии кузова (особенно пороги и днище)","Сравнительно низкая мощность стандартных версий","Проблемы с оригинальной 12-вольтовой электрической системой"]'::jsonb,
  '["Проверить состояние рамы в районе крепления передней подвески","Оценить работу овердрайва (если установлен)","Обратить внимание на шум в дифференциале"]'::jsonb,
  '["Optional hardtop","Excellent handling"]'::jsonb,
  '["1.5L Inline-4 (Series I-III)","1.6L Inline-4 (Series IV-V)"]'::jsonb,
  '[{"engine_code":"Rootes 1.6L I4","common_issues_ru":["Износ коромысел клапанов","Утечки масла из-под прокладок картера","Трудности с настройкой двойных карбюраторов Zenith"]}]'::jsonb,
  null,
  null
)

insert into public.vehicle_models (
  id,
  make_id,
  slug,
  name_en,
  first_model_year,
  last_model_year,
  years_available,
  body_types_available,
  fuel_types_available,
  transmission_available,
  reliability_score,
  popularity_score
)
values (
  'ee2384b5-7537-6d43-5a05-7b379c344420',
  '2ac4791c-3801-dcce-97f5-72e325147a06',
  'tiger',
  'Tiger',
  1964,
  1967,
  '{"1964","1965","1966","1967"}'::int[],
  '["Roadster"]'::jsonb,
  '["Gasoline"]'::jsonb,
  '["Manual"]'::jsonb,
  5,
  9
)

insert into public.vehicle_generations (
  id,
  model_id,
  code,
  start_year,
  end_year,
  facelift,
  production_countries,
  body_types,
  fuel_types,
  transmission_types,
  summary
)
values (
  '75816820-6d48-d867-4670-0c0ab0baae7d',
  'ee2384b5-7537-6d43-5a05-7b379c344420',
  'Mk I / Mk II',
  1964,
  1967,
  false,
  '{"UK"}'::text[],
  null,
  null,
  null,
  'The Sunbeam Tiger was a high-performance variant of the Alpine, modified to accept a powerful Ford V8 engine. Designed with input from Carroll Shelby, it offered explosive acceleration but was produced in limited numbers.'
)

insert into public.vehicle_insights (
  model_id,
  pros,
  cons,
  inspection_tips,
  notable_features,
  engine_examples,
  common_issues_by_engine,
  reliability_score,
  popularity_score
)
values (
  'ee2384b5-7537-6d43-5a05-7b379c344420',
  '["Выдающиеся динамические характеристики","Высочайшая коллекционная ценность","Уникальная история создания"]'::jsonb,
  '["Очень высокая стоимость обслуживания и редкие запчасти","Чрезвычайно сложный доступ к некоторым компонентам двигателя","Тяжелый руль без усилителя"]'::jsonb,
  '["Тщательно проверить состояние коробки передач (часто заменялись на более прочные)","Убедиться в подлинности VIN и аутентичности двигателя","Проверить следы усиления кузова"]'::jsonb,
  '["Factory V8 installation","Carroll Shelby tuning"]'::jsonb,
  '["4.3L Ford V8 (Mk I)","4.7L Ford V8 (Mk II)"]'::jsonb,
  '[{"engine_code":"Ford 4.3L V8 (260)","common_issues_ru":["Перегрев двигателя из-за плотного размещения V8","Износ подвески и шасси, вызванный повышенной мощностью","Проблемы с оригинальной системой охлаждения"]}]'::jsonb,
  null,
  null
)

insert into public.vehicle_models (
  id,
  make_id,
  slug,
  name_en,
  first_model_year,
  last_model_year,
  years_available,
  body_types_available,
  fuel_types_available,
  transmission_available,
  reliability_score,
  popularity_score
)
values (
  '73a5174d-3705-0525-e115-e1b8d04eb268',
  '2ac4791c-3801-dcce-97f5-72e325147a06',
  'rapier',
  'Rapier',
  1955,
  1976,
  '{"1955","1956","1957","1958","1959","1960","1961","1962","1963","1964","1965","1966","1967","1968","1969","1970","1971","1972","1973","1974","1975","1976"}'::int[],
  '["Saloon","Coupe","Fastback"]'::jsonb,
  '["Gasoline"]'::jsonb,
  '["Manual","Automatic"]'::jsonb,
  7,
  6.8
)

insert into public.vehicle_generations (
  id,
  model_id,
  code,
  start_year,
  end_year,
  facelift,
  production_countries,
  body_types,
  fuel_types,
  transmission_types,
  summary
)
values (
  'd0868e50-f9e2-9d47-317e-03887442ba5b',
  '73a5174d-3705-0525-e115-e1b8d04eb268',
  'Series I - V',
  1955,
  1967,
  false,
  '{"UK"}'::text[],
  null,
  null,
  null,
  'The original Rapier was a popular mid-sized saloon and coupe known for its reliable Rootes mechanicals and stylish design, often used in rallies.'
)

insert into public.vehicle_generations (
  id,
  model_id,
  code,
  start_year,
  end_year,
  facelift,
  production_countries,
  body_types,
  fuel_types,
  transmission_types,
  summary
)
values (
  'db443aa4-951b-97fe-3cbb-3e429de17dc3',
  '73a5174d-3705-0525-e115-e1b8d04eb268',
  'Fastback (Arrow)',
  1967,
  1976,
  false,
  '{"UK"}'::text[],
  null,
  null,
  null,
  'The later Rapier, part of the Rootes Arrow family (along with the Hillman Hunter), adopted a sleek fastback body style.'
)

insert into public.vehicle_insights (
  model_id,
  pros,
  cons,
  inspection_tips,
  notable_features,
  engine_examples,
  common_issues_by_engine,
  reliability_score,
  popularity_score
)
values (
  '73a5174d-3705-0525-e115-e1b8d04eb268',
  '["Просторный салон для классического купе","Проверенная временем надежность механических узлов","Привлекательный дизайн Fastback (поздние модели)"]'::jsonb,
  '["Коррозия в задней части кузова Fastback","Трудности с поиском кузовных элементов Fastback","Тормоза барабанного типа на ранних моделях"]'::jsonb,
  '["Проверить состояние задних рессор","Осмотреть состояние хромированных элементов (сложно восстанавливать)","Проверить, не заклинивает ли дроссельная заслонка"]'::jsonb,
  '["Used in rallying","Pillarless coupe design (Series I-V)"]'::jsonb,
  '["1.7L Inline-4 (Holbay H120)","1.6L Inline-4"]'::jsonb,
  '[{"engine_code":"Rootes 1.7L I4","common_issues_ru":["Склонность к пробою прокладки ГБЦ при перегреве","Износ водяного насоса","Необходимость частой регулировки клапанов"]}]'::jsonb,
  null,
  null
)

insert into public.vehicle_makes (id, slug, name_en, country, segment_class, is_active, category_path)
values (
  'e917ef57-da1d-dcab-c60d-513abff4953c',
  'suzuki',
  'Suzuki',
  'Japan',
  'Mass Market',
  true,
  '/cars/japan/suzuki'
)

insert into public.vehicle_models (
  id,
  make_id,
  slug,
  name_en,
  first_model_year,
  last_model_year,
  years_available,
  body_types_available,
  fuel_types_available,
  transmission_available,
  reliability_score,
  popularity_score
)
values (
  '970f0e0e-32c3-a3b9-1c59-4389182ff427',
  'e917ef57-da1d-dcab-c60d-513abff4953c',
  'grand-vitara',
  'Grand Vitara',
  2005,
  2015,
  '{"2005","2006","2007","2008","2009","2010","2011","2012","2013","2014","2015"}'::int[],
  '["SUV 5-door","SUV 3-door"]'::jsonb,
  '["Gasoline","Diesel"]'::jsonb,
  '["Manual","Automatic"]'::jsonb,
  8,
  8.5
)

insert into public.vehicle_generations (
  id,
  model_id,
  code,
  start_year,
  end_year,
  facelift,
  production_countries,
  body_types,
  fuel_types,
  transmission_types,
  summary
)
values (
  'a9790756-0ae3-bbc8-ba7f-c428f42166ce',
  '970f0e0e-32c3-a3b9-1c59-4389182ff427',
  'JT/JB',
  2005,
  2015,
  false,
  '{"Japan"}'::text[],
  null,
  null,
  null,
  'The third generation moved to an integrated body-on-frame structure and featured permanent all-wheel drive with a low-range transfer case, making it a capable off-roader.'
)

insert into public.vehicle_insights (
  model_id,
  pros,
  cons,
  inspection_tips,
  notable_features,
  engine_examples,
  common_issues_by_engine,
  reliability_score,
  popularity_score
)
values (
  '970f0e0e-32c3-a3b9-1c59-4389182ff427',
  '["Надежный постоянный полный привод","Хорошие внедорожные способности","Прочная подвеска","Надежная рамная конструкция (относительно)"]'::jsonb,
  '["Высокий расход топлива (особенно V6)","Слабые уплотнения двигателя (утечки масла)","Тесный задний ряд сидений","Плохая шумоизоляция"]'::jsonb,
  '["Проверить состояние сальника заднего редуктора","Осмотреть натяжитель цепи ГРМ (на моделях V6)","Проверить наличие коррозии на лонжеронах рамы"]'::jsonb,
  '["Transfer case with low range (locking differential)","Rugged interior","Standard ESP since 2008"]'::jsonb,
  '["J20A (2.0L)","H27A (2.7L V6)","N32A (3.2L V6)","F9Q (1.9L Diesel)"]'::jsonb,
  '[{"engine_code":"J20A","common_issues_ru":["Износ цепи ГРМ после 150 тыс. км","Проблемы с клапаном VVT"]},{"engine_code":"H27A","common_issues_ru":["Течи масла из-под передней крышки","Высокий расход масла после 200 тыс. км"]}]'::jsonb,
  null,
  null
)

insert into public.vehicle_models (
  id,
  make_id,
  slug,
  name_en,
  first_model_year,
  last_model_year,
  years_available,
  body_types_available,
  fuel_types_available,
  transmission_available,
  reliability_score,
  popularity_score
)
values (
  '3d4afc1f-ab61-0a7f-b263-37588a14f08d',
  'e917ef57-da1d-dcab-c60d-513abff4953c',
  'sx4',
  'SX4',
  2006,
  2014,
  '{"2006","2007","2008","2009","2010","2011","2012","2013","2014"}'::int[],
  '["Hatchback 5-door","Sedan"]'::jsonb,
  '["Gasoline","Diesel"]'::jsonb,
  '["Manual","Automatic","CVT"]'::jsonb,
  8.8,
  9
)

insert into public.vehicle_generations (
  id,
  model_id,
  code,
  start_year,
  end_year,
  facelift,
  production_countries,
  body_types,
  fuel_types,
  transmission_types,
  summary
)
values (
  '51ea355c-d1ea-ec75-df5f-2c979628b211',
  '3d4afc1f-ab61-0a7f-b263-37588a14f08d',
  'GY/EY',
  2006,
  2014,
  false,
  '{"Japan","Hungary"}'::text[],
  null,
  null,
  null,
  'Designed as a compact crossover, offering AWD and higher ride height than traditional hatchbacks.'
)

insert into public.vehicle_insights (
  model_id,
  pros,
  cons,
  inspection_tips,
  notable_features,
  engine_examples,
  common_issues_by_engine,
  reliability_score,
  popularity_score
)
values (
  '3d4afc1f-ab61-0a7f-b263-37588a14f08d',
  '["Высокий клиренс для компактного авто","Надежные и простые двигатели","Компактный и маневренный","Надежная система полного привода (опционально)"]'::jsonb,
  '["Маленький объем багажника","Жесткий пластик в салоне","Слабая герметизация фар","Шумный салон на скорости"]'::jsonb,
  '["Проверить задние ступичные подшипники (склонны к раннему износу)","Осмотреть состояние рулевой рейки","Убедиться, что муфта полного привода включается корректно"]'::jsonb,
  '["Joint venture with Fiat (Sedici)","Available AWD (i-AWD)"]'::jsonb,
  '["M15A (1.5L)","M16A (1.6L)","D19AA (1.9L Diesel)"]'::jsonb,
  '[{"engine_code":"M16A","common_issues_ru":["Склонность к закоксовке при масляном голодании","Повышенный шум при работе"]}]'::jsonb,
  null,
  null
)

insert into public.vehicle_models (
  id,
  make_id,
  slug,
  name_en,
  first_model_year,
  last_model_year,
  years_available,
  body_types_available,
  fuel_types_available,
  transmission_available,
  reliability_score,
  popularity_score
)
values (
  'b07a1703-8692-1a3c-ba2a-fd09f72f6184',
  'e917ef57-da1d-dcab-c60d-513abff4953c',
  'swift',
  'Swift',
  2010,
  2017,
  '{"2010","2011","2012","2013","2014","2015","2016","2017"}'::int[],
  '["Hatchback 3-door","Hatchback 5-door"]'::jsonb,
  '["Gasoline","Diesel"]'::jsonb,
  '["Manual","Automatic"]'::jsonb,
  9.2,
  7.8
)

insert into public.vehicle_generations (
  id,
  model_id,
  code,
  start_year,
  end_year,
  facelift,
  production_countries,
  body_types,
  fuel_types,
  transmission_types,
  summary
)
values (
  '1ea4531c-a940-7e02-d807-5ae9fbcc854f',
  'b07a1703-8692-1a3c-ba2a-fd09f72f6184',
  'FZ/NZ',
  2010,
  2017,
  true,
  '{"Japan","Hungary","India"}'::text[],
  null,
  null,
  null,
  'Larger and safer than its predecessor, maintaining its reputation as a sporty and reliable supermini.'
)

insert into public.vehicle_insights (
  model_id,
  pros,
  cons,
  inspection_tips,
  notable_features,
  engine_examples,
  common_issues_by_engine,
  reliability_score,
  popularity_score
)
values (
  'b07a1703-8692-1a3c-ba2a-fd09f72f6184',
  '["Чрезвычайно надежные двигатели и трансмиссии","Отличная управляемость и удовольствие от вождения","Низкие эксплуатационные расходы","Хорошая топливная экономичность"]'::jsonb,
  '["Очень тесный задний ряд и багажник","Пластик в салоне легко царапается","Слабое качество лакокрасочного покрытия","Жесткая подвеска"]'::jsonb,
  '["Проверить износ сцепления на версиях с МКПП (популярный городской автомобиль)","Осмотреть амортизаторы на предмет утечек, особенно задние","Искать ржавчину вокруг колесных арок"]'::jsonb,
  '["Lightweight body structure","Suzuki Sport variant available"]'::jsonb,
  '["K12B (1.2L)","K14B (1.4L)","D13A (1.3L Diesel)"]'::jsonb,
  '[{"engine_code":"K12B","common_issues_ru":["Незначительный расход масла при агрессивной езде","Вибрации на холостом ходу"]}]'::jsonb,
  null,
  null
)

insert into public.vehicle_makes (id, slug, name_en, country, segment_class, is_active, category_path)
values (
  'a178d006-abf7-fd3a-0408-45c0e385b2be',
  'syrena',
  'Syrena',
  'Poland',
  'Mini car',
  false,
  'Passenger vehicles/Classic'
)

insert into public.vehicle_models (
  id,
  make_id,
  slug,
  name_en,
  first_model_year,
  last_model_year,
  years_available,
  body_types_available,
  fuel_types_available,
  transmission_available,
  reliability_score,
  popularity_score
)
values (
  '399d2469-2a70-c026-0830-9a823307b45b',
  'a178d006-abf7-fd3a-0408-45c0e385b2be',
  'syrena-105',
  'Syrena 105',
  1972,
  1983,
  '{"1972","1975","1980","1983"}'::int[],
  '["Sedan","Estate","Pickup"]'::jsonb,
  '["Gasoline"]'::jsonb,
  '["Manual"]'::jsonb,
  5,
  6
)

insert into public.vehicle_generations (
  id,
  model_id,
  code,
  start_year,
  end_year,
  facelift,
  production_countries,
  body_types,
  fuel_types,
  transmission_types,
  summary
)
values (
  '46c67033-0a43-91d7-f48c-b3422983f85f',
  '399d2469-2a70-c026-0830-9a823307b45b',
  '105',
  1972,
  1983,
  false,
  '{"Poland"}'::text[],
  null,
  null,
  null,
  'Final and most recognizable iteration. Notable for having conventional front-hinged doors and minor mechanical updates.'
)

insert into public.vehicle_insights (
  model_id,
  pros,
  cons,
  inspection_tips,
  notable_features,
  engine_examples,
  common_issues_by_engine,
  reliability_score,
  popularity_score
)
values (
  '399d2469-2a70-c026-0830-9a823307b45b',
  '["Чрезвычайно простая механика","Легко ремонтируется в полевых условиях","Высокая коллекционная ценность в Восточной Европе"]'::jsonb,
  '["Дымность и шум двухтактного двигателя","Плохая устойчивость на высоких скоростях","Очень низкая мощность","Требует частого обслуживания"]'::jsonb,
  '["Тщательно проверьте шасси на наличие сквозной ржавчины","Осмотрите настройку карбюратора и момент зажигания","Проверьте состояние барабанных тормозов"]'::jsonb,
  '["Front-wheel drive","Two-stroke engine"]'::jsonb,
  '["S-31 (0.8L 2-stroke I3)"]'::jsonb,
  '[{"engine_code":"S-31","common_issues_ru":["Перегрев при длительной нагрузке","Проблемы с масляной смесью (для двухтактного двигателя)","Быстрый износ свечей зажигания"]}]'::jsonb,
  null,
  null
)

insert into public.vehicle_models (
  id,
  make_id,
  slug,
  name_en,
  first_model_year,
  last_model_year,
  years_available,
  body_types_available,
  fuel_types_available,
  transmission_available,
  reliability_score,
  popularity_score
)
values (
  'bcbf038b-f49f-412f-497c-6b49931fc7f6',
  'a178d006-abf7-fd3a-0408-45c0e385b2be',
  'syrena-104',
  'Syrena 104',
  1966,
  1972,
  '{"1966","1968","1970"}'::int[],
  '["Sedan"]'::jsonb,
  '["Gasoline"]'::jsonb,
  '["Manual"]'::jsonb,
  4.5,
  5.5
)

insert into public.vehicle_generations (
  id,
  model_id,
  code,
  start_year,
  end_year,
  facelift,
  production_countries,
  body_types,
  fuel_types,
  transmission_types,
  summary
)
values (
  '133ea2a9-68ce-9716-0fca-abeaf09ddb5a',
  'bcbf038b-f49f-412f-497c-6b49931fc7f6',
  '104',
  1966,
  1972,
  false,
  '{"Poland"}'::text[],
  null,
  null,
  null,
  'Introduction of the S-31 three-cylinder engine, marking a significant step up from previous two-cylinder models.'
)

insert into public.vehicle_insights (
  model_id,
  pros,
  cons,
  inspection_tips,
  notable_features,
  engine_examples,
  common_issues_by_engine,
  reliability_score,
  popularity_score
)
values (
  'bcbf038b-f49f-412f-497c-6b49931fc7f6',
  '["Историческая ценность","Более мощный двигатель S-31 по сравнению с ранними моделями","Простота конструкции"]'::jsonb,
  '["Задние двери открываются против хода движения (''Suicide Doors'')","Слабая шумоизоляция","Устаревший дизайн и эргономика"]'::jsonb,
  '["Проверьте состояние дверных петель (особенно задних)","Оцените износ подвески"]'::jsonb,
  '[]'::jsonb,
  '["S-31 (0.8L 2-stroke I3)"]'::jsonb,
  '[{"engine_code":"S-31","common_issues_ru":["Нестабильная работа холостого хода из-за карбюратора","Проблемы с системой охлаждения","Сильная вибрация на низких оборотах"]}]'::jsonb,
  null,
  null
)

insert into public.vehicle_models (
  id,
  make_id,
  slug,
  name_en,
  first_model_year,
  last_model_year,
  years_available,
  body_types_available,
  fuel_types_available,
  transmission_available,
  reliability_score,
  popularity_score
)
values (
  'a7d137a5-193e-5a7c-e1ec-5ef11b876979',
  'a178d006-abf7-fd3a-0408-45c0e385b2be',
  'syrena-103',
  'Syrena 103',
  1963,
  1966,
  '{"1963","1965"}'::int[],
  '["Sedan"]'::jsonb,
  '["Gasoline"]'::jsonb,
  '["Manual"]'::jsonb,
  4,
  4.5
)

insert into public.vehicle_generations (
  id,
  model_id,
  code,
  start_year,
  end_year,
  facelift,
  production_countries,
  body_types,
  fuel_types,
  transmission_types,
  summary
)
values (
  '4a56c83b-f4f8-5191-4107-29797dd3db12',
  'a7d137a5-193e-5a7c-e1ec-5ef11b876979',
  '103',
  1963,
  1966,
  false,
  '{"Poland"}'::text[],
  null,
  null,
  null,
  'Minor interior and exterior updates over the 102 model, retaining the two-cylinder engine in most units.'
)

insert into public.vehicle_insights (
  model_id,
  pros,
  cons,
  inspection_tips,
  notable_features,
  engine_examples,
  common_issues_by_engine,
  reliability_score,
  popularity_score
)
values (
  'a7d137a5-193e-5a7c-e1ec-5ef11b876979',
  '["Оригинальный дизайн эпохи","Очень малый вес","Идеален для реставрации как ранний образец"]'::jsonb,
  '["Двухцилиндровый двигатель очень слабый (M-20)","Трудности с поиском оригинальных запчастей","Очень низкий уровень комфорта"]'::jsonb,
  '["Проверьте состояние кузова, особенно в районе фар и крыльев","Убедитесь в правильной работе сцепления"]'::jsonb,
  '[]'::jsonb,
  '["M-20 (0.7L 2-stroke I2)"]'::jsonb,
  '[{"engine_code":"M-20","common_issues_ru":["Чрезмерное потребление топлива и масла","Сложности с запуском в холодную погоду","Быстрый износ коленчатого вала"]}]'::jsonb,
  null,
  null
)

insert into public.vehicle_makes (id, slug, name_en, country, segment_class, is_active, category_path)
values (
  '848a7249-6455-f76c-8802-135c5159ac98',
  'tvr',
  'TVR',
  'United Kingdom',
  'S (Sports)',
  false,
  'Passenger Vehicles/Sports Cars'
)

insert into public.vehicle_models (
  id,
  make_id,
  slug,
  name_en,
  first_model_year,
  last_model_year,
  years_available,
  body_types_available,
  fuel_types_available,
  transmission_available,
  reliability_score,
  popularity_score
)
values (
  'e694c7a0-7f38-23dd-88e0-0bb181cfab01',
  '848a7249-6455-f76c-8802-135c5159ac98',
  'chimaera',
  'Chimaera',
  1992,
  2003,
  '{"1992","1993","1994","1995","1996","1997","1998","1999","2000","2001","2002","2003"}'::int[],
  '["Roadster"]'::jsonb,
  '["Gasoline"]'::jsonb,
  '["Manual"]'::jsonb,
  5,
  7.5
)

insert into public.vehicle_generations (
  id,
  model_id,
  code,
  start_year,
  end_year,
  facelift,
  production_countries,
  body_types,
  fuel_types,
  transmission_types,
  summary
)
values (
  'b620757a-0547-60f0-c362-a246539d197c',
  'e694c7a0-7f38-23dd-88e0-0bb181cfab01',
  'HC',
  1992,
  2003,
  false,
  '{"United Kingdom"}'::text[],
  null,
  null,
  null,
  'The Chimaera was TVR''s biggest selling model, known for its powerful Rover V8 engine and comfortable touring capabilities compared to the Griffith.'
)

insert into public.vehicle_insights (
  model_id,
  pros,
  cons,
  inspection_tips,
  notable_features,
  engine_examples,
  common_issues_by_engine,
  reliability_score,
  popularity_score
)
values (
  'e694c7a0-7f38-23dd-88e0-0bb181cfab01',
  '["Мощный, харизматичный двигатель V8","Отличные динамические характеристики","Классический британский дизайн родстера"]'::jsonb,
  '["Сложности с поиском запчастей","Высокая стоимость обслуживания","Проблемы с электрикой и коррозией шасси"]'::jsonb,
  '["Особое внимание уделить состоянию рамы (шасси) на предмет ржавчины","Проверить работу электроники и приборов","Оценить состояние креплений кузова к раме"]'::jsonb,
  '["Rover V8 engine","lightweight fiberglass body","classic TVR styling"]'::jsonb,
  '["Rover V8 4.0L","Rover V8 5.0L"]'::jsonb,
  '[{"engine_code":"Rover V8 5.0L","common_issues_ru":["Проблемы с ГРМ (распредвалом)","Перегрев, вызванный неисправностью системы охлаждения","Утечки масла через уплотнения"]}]'::jsonb,
  null,
  null
)

insert into public.vehicle_models (
  id,
  make_id,
  slug,
  name_en,
  first_model_year,
  last_model_year,
  years_available,
  body_types_available,
  fuel_types_available,
  transmission_available,
  reliability_score,
  popularity_score
)
values (
  '97833f7a-4905-2a34-0e34-9cb6682906a9',
  '848a7249-6455-f76c-8802-135c5159ac98',
  'griffith',
  'Griffith',
  1991,
  2002,
  '{"1991","1992","1993","1994","1995","1996","1997","1998","1999","2000","2001","2002"}'::int[],
  '["Roadster"]'::jsonb,
  '["Gasoline"]'::jsonb,
  '["Manual"]'::jsonb,
  4.5,
  8
)

insert into public.vehicle_generations (
  id,
  model_id,
  code,
  start_year,
  end_year,
  facelift,
  production_countries,
  body_types,
  fuel_types,
  transmission_types,
  summary
)
values (
  '4198e247-7b32-ab35-f710-58d4e3834165',
  '97833f7a-4905-2a34-0e34-9cb6682906a9',
  '500',
  1991,
  2002,
  false,
  '{"United Kingdom"}'::text[],
  null,
  null,
  null,
  'The model that truly revived TVR in the early 90s. Famous for its raw, unfiltered performance and lack of driver aids.'
)

insert into public.vehicle_insights (
  model_id,
  pros,
  cons,
  inspection_tips,
  notable_features,
  engine_examples,
  common_issues_by_engine,
  reliability_score,
  popularity_score
)
values (
  '97833f7a-4905-2a34-0e34-9cb6682906a9',
  '["Чистое, бескомпромиссное вождение","Легкий и очень быстрый","Икона 90-х среди спорткаров"]'::jsonb,
  '["Отсутствие ABS и других систем безопасности","Очень требователен к водителю","Проблемы с качеством сборки салона"]'::jsonb,
  '["Проверить износ шин, часто свидетельствующий о жесткой эксплуатации","Осмотреть места крепления двигателя","Обязательно проверить состояние тормозной системы из-за высокой нагрузки"]'::jsonb,
  '["High power-to-weight ratio","distinctive side exhausts on some versions","minimalist cockpit"]'::jsonb,
  '["Rover V8 4.0L","Rover V8 5.3L (500)"]'::jsonb,
  '[{"engine_code":"Rover V8 4.0L","common_issues_ru":["Сбои в системе впрыска топлива Lucas","Проблемы с гидрокомпенсаторами","Повышенный износ задней оси"]}]'::jsonb,
  null,
  null
)

insert into public.vehicle_models (
  id,
  make_id,
  slug,
  name_en,
  first_model_year,
  last_model_year,
  years_available,
  body_types_available,
  fuel_types_available,
  transmission_available,
  reliability_score,
  popularity_score
)
values (
  '0634401e-f100-7939-6c0c-d85bd360b4c3',
  '848a7249-6455-f76c-8802-135c5159ac98',
  'cerbera',
  'Cerbera',
  1996,
  2003,
  '{"1996","1997","1998","1999","2000","2001","2002","2003"}'::int[],
  '["Coupe"]'::jsonb,
  '["Gasoline"]'::jsonb,
  '["Manual"]'::jsonb,
  3.5,
  7
)

insert into public.vehicle_generations (
  id,
  model_id,
  code,
  start_year,
  end_year,
  facelift,
  production_countries,
  body_types,
  fuel_types,
  transmission_types,
  summary
)
values (
  'ef214d1c-4b86-52f1-d872-104be072fd07',
  '0634401e-f100-7939-6c0c-d85bd360b4c3',
  '4.5/Speed Six',
  1996,
  2003,
  false,
  '{"United Kingdom"}'::text[],
  null,
  null,
  null,
  'The first TVR to use their proprietary engines (AJP V8 and Speed Six), offering blistering performance but highly complex mechanics.'
)

insert into public.vehicle_insights (
  model_id,
  pros,
  cons,
  inspection_tips,
  notable_features,
  engine_examples,
  common_issues_by_engine,
  reliability_score,
  popularity_score
)
values (
  '0634401e-f100-7939-6c0c-d85bd360b4c3',
  '["Уникальный и агрессивный дизайн","Феноменальная мощность и скорость","Эксклюзивность (ручное производство)"]'::jsonb,
  '["Катастрофическая сложность обслуживания двигателя AJP V8","Высокий риск поломки мотора из-за перегрузок","Плохая обзорность"]'::jsonb,
  '["Тщательная проверка состояния AJP8 двигателя, особенно систем смазки и охлаждения","Проверить, выполнялось ли регулярное обслуживание квалифицированными специалистами","Оценить люфт в рулевом управлении"]'::jsonb,
  '["TVR''s own engines","3+1 seating arrangement","radical interior design"]'::jsonb,
  '["TVR AJP8 4.5L V8","TVR Speed Six 4.0L I6"]'::jsonb,
  '[{"engine_code":"AJP8 4.5L","common_issues_ru":["Трещины в блоке цилиндров","Проблемы с шатунными вкладышами при высоких оборотах","Нестабильная работа системы управления двигателем"]},{"engine_code":"Speed Six 4.0L","common_issues_ru":["Износ кулачков распредвала","Проблемы с гидрокомпенсаторами","Необходимость частой регулировки клапанов"]}]'::jsonb,
  null,
  null
)

insert into public.vehicle_makes (id, slug, name_en, country, segment_class, is_active, category_path)
values (
  '78f43920-a650-3836-5e40-b6d5ebe789d4',
  'talbot',
  'Talbot',
  'France',
  'Defunct Manufacturer',
  false,
  'Historic / Defunct'
)

insert into public.vehicle_models (
  id,
  make_id,
  slug,
  name_en,
  first_model_year,
  last_model_year,
  years_available,
  body_types_available,
  fuel_types_available,
  transmission_available,
  reliability_score,
  popularity_score
)
values (
  '0c9beaea-ffe9-cbc8-90a2-cb766acd6a08',
  '78f43920-a650-3836-5e40-b6d5ebe789d4',
  'horizon',
  'Horizon',
  1978,
  1986,
  '{"1978","1979","1980","1981","1982","1983","1984","1985","1986"}'::int[],
  '["Hatchback"]'::jsonb,
  '["Gasoline","Diesel"]'::jsonb,
  '["Manual","Automatic"]'::jsonb,
  6,
  7.5
)

insert into public.vehicle_generations (
  id,
  model_id,
  code,
  start_year,
  end_year,
  facelift,
  production_countries,
  body_types,
  fuel_types,
  transmission_types,
  summary
)
values (
  '8244de7a-b3ab-1d49-fc75-4a057532de43',
  '0c9beaea-ffe9-cbc8-90a2-cb766acd6a08',
  'C2',
  1978,
  1986,
  false,
  '{"France","Spain","UK"}'::text[],
  null,
  null,
  null,
  'The first major hatchback model released under the Talbot name, developed originally as the Chrysler/Simca C2.'
)

insert into public.vehicle_insights (
  model_id,
  pros,
  cons,
  inspection_tips,
  notable_features,
  engine_examples,
  common_issues_by_engine,
  reliability_score,
  popularity_score
)
values (
  '0c9beaea-ffe9-cbc8-90a2-cb766acd6a08',
  '["Просторный салон для своего класса","Комфортная подвеска","Хорошая обзорность"]'::jsonb,
  '["Сильная коррозия кузова","Проблемы с электрикой","Низкое качество сборки поздних моделей","Недостаточная мощность базовых двигателей"]'::jsonb,
  '["Проверить пороги и колесные арки на наличие ржавчины","Оценить состояние карбюратора (часто требует настройки)","Проверить работу отопителя салона и вентиляции"]'::jsonb,
  '["Vast interior space for its class","Early use of electronic ignition (on select models)","Practical family car design"]'::jsonb,
  '["1.1L (50 hp)","1.3L (68 hp)","1.5L (83 hp)","1.9D (65 hp)"]'::jsonb,
  '[{"engine_code":"1.3L Poissy","common_issues_ru":["Перегрев при длительных нагрузках","Износ сальников клапанов","Проблемы с карбюратором Solex"]}]'::jsonb,
  null,
  null
)

insert into public.vehicle_models (
  id,
  make_id,
  slug,
  name_en,
  first_model_year,
  last_model_year,
  years_available,
  body_types_available,
  fuel_types_available,
  transmission_available,
  reliability_score,
  popularity_score
)
values (
  '80480373-686f-2951-c500-ce2384b31bd5',
  '78f43920-a650-3836-5e40-b6d5ebe789d4',
  'samba',
  'Samba',
  1981,
  1986,
  '{"1981","1982","1983","1984","1985","1986"}'::int[],
  '["Hatchback","Cabriolet"]'::jsonb,
  '["Gasoline"]'::jsonb,
  '["Manual"]'::jsonb,
  6.8,
  6.5
)

insert into public.vehicle_generations (
  id,
  model_id,
  code,
  start_year,
  end_year,
  facelift,
  production_countries,
  body_types,
  fuel_types,
  transmission_types,
  summary
)
values (
  '2756f483-e296-54e3-a8a0-9f549d0d9ced',
  '80480373-686f-2951-c500-ce2384b31bd5',
  'LB',
  1981,
  1986,
  false,
  '{"France"}'::text[],
  null,
  null,
  null,
  'A supermini car based on the Peugeot 104 platform, notable for being available as a convertible version (designed by Pininfarina).'
)

insert into public.vehicle_insights (
  model_id,
  pros,
  cons,
  inspection_tips,
  notable_features,
  engine_examples,
  common_issues_by_engine,
  reliability_score,
  popularity_score
)
values (
  '80480373-686f-2951-c500-ce2384b31bd5',
  '["Компактность и легкость в управлении","Простота обслуживания (механически)","Уникальная версия Кабриолет"]'::jsonb,
  '["Слабые двигатели базовых версий","Ограниченное пространство сзади","Трудности с поиском кузовных деталей (особенно для кабриолета)"]'::jsonb,
  '["Внимательно осмотреть крышу у кабриолетов на предмет протечек и повреждений механизма","Проверить состояние резиновых элементов подвески и тормозных магистралей"]'::jsonb,
  '["Small, nimble chassis","Pininfarina convertible option","Shared components with Peugeot 104"]'::jsonb,
  '["954cc (45 hp)","1124cc (50 hp)","1360cc Rallye (80 hp)"]'::jsonb,
  '[{"engine_code":"954cc","common_issues_ru":["Нестабильная работа на холостом ходу","Повышенный расход масла из-за износа поршневых колец"]}]'::jsonb,
  null,
  null
)

insert into public.vehicle_models (
  id,
  make_id,
  slug,
  name_en,
  first_model_year,
  last_model_year,
  years_available,
  body_types_available,
  fuel_types_available,
  transmission_available,
  reliability_score,
  popularity_score
)
values (
  'e47c2ef6-5e8b-85b2-7514-e507c7e28f39',
  '78f43920-a650-3836-5e40-b6d5ebe789d4',
  'solara',
  'Solara',
  1980,
  1986,
  '{"1980","1981","1982","1983","1984","1985","1986"}'::int[],
  '["Sedan"]'::jsonb,
  '["Gasoline","Diesel"]'::jsonb,
  '["Manual","Automatic"]'::jsonb,
  6.2,
  5.5
)

insert into public.vehicle_generations (
  id,
  model_id,
  code,
  start_year,
  end_year,
  facelift,
  production_countries,
  body_types,
  fuel_types,
  transmission_types,
  summary
)
values (
  'ca08e617-c041-ca5e-578b-8c4cf32e9077',
  'e47c2ef6-5e8b-85b2-7514-e507c7e28f39',
  'Murena',
  1980,
  1986,
  false,
  '{"France"}'::text[],
  null,
  null,
  null,
  'A four-door sedan derived from the Horizon platform, intended to compete in the mid-size family saloon market.'
)

insert into public.vehicle_insights (
  model_id,
  pros,
  cons,
  inspection_tips,
  notable_features,
  engine_examples,
  common_issues_by_engine,
  reliability_score,
  popularity_score
)
values (
  'e47c2ef6-5e8b-85b2-7514-e507c7e28f39',
  '["Большой багажник и просторный задний ряд","Плавность хода","Экономичные дизельные версии"]'::jsonb,
  '["Склонность к ржавчине (особенно на крыльях)","Сложности с ремонтом автоматических коробок","Труднодоступность оригинальных элементов отделки салона"]'::jsonb,
  '["Проверить состояние передних крыльев и ниш фар (часто гниют)","Убедиться в отсутствии люфтов в рулевом управлении и износа ступичных подшипников"]'::jsonb,
  '["Large boot capacity","Comfortable, soft ride","Good equipment levels for the early 80s"]'::jsonb,
  '["1.3L (65 hp)","1.6L (90 hp)","1.9D (65 hp)"]'::jsonb,
  '[{"engine_code":"1.6L","common_issues_ru":["Проблемы с системой охлаждения из-за старения радиатора","Шумный ГРМ (требует частой регулировки)"]}]'::jsonb,
  null,
  null
)

insert into public.vehicle_makes (id, slug, name_en, country, segment_class, is_active, category_path)
values (
  '467218ea-6fc8-e3cf-55c8-cbd0e9710e5c',
  'tank',
  'Tank',
  'China',
  'Off-road SUV',
  true,
  'Passenger Car/SUV'
)

insert into public.vehicle_models (
  id,
  make_id,
  slug,
  name_en,
  first_model_year,
  last_model_year,
  years_available,
  body_types_available,
  fuel_types_available,
  transmission_available,
  reliability_score,
  popularity_score
)
values (
  'd956851a-9564-1e03-93df-77e16a3ee3d5',
  '467218ea-6fc8-e3cf-55c8-cbd0e9710e5c',
  'tank-300',
  'Tank 300',
  2020,
  2024,
  '{"2020","2021","2022","2023","2024"}'::int[],
  '["SUV"]'::jsonb,
  '["Gasoline","PHEV"]'::jsonb,
  '["Automatic (8AT)"]'::jsonb,
  7.8,
  8.5
)

insert into public.vehicle_generations (
  id,
  model_id,
  code,
  start_year,
  end_year,
  facelift,
  production_countries,
  body_types,
  fuel_types,
  transmission_types,
  summary
)
values (
  '3cbfc7ea-3202-8a20-c8d5-78efd3ba3e9a',
  'd956851a-9564-1e03-93df-77e16a3ee3d5',
  'G1',
  2020,
  2024,
  false,
  '{"China"}'::text[],
  null,
  null,
  null,
  'First generation of the rugged, retro-styled off-road SUV, primarily focused on the domestic and CIS markets.'
)

insert into public.vehicle_insights (
  model_id,
  pros,
  cons,
  inspection_tips,
  notable_features,
  engine_examples,
  common_issues_by_engine,
  reliability_score,
  popularity_score
)
values (
  'd956851a-9564-1e03-93df-77e16a3ee3d5',
  '["Отличная проходимость и внедорожные способности","Стильный, брутальный дизайн","Богатое оснащение даже в базовых версиях"]'::jsonb,
  '["Высокий расход топлива (для 2.0T)","Шум на высоких скоростях","Небольшой багажник","Ограниченный обзор сзади"]'::jsonb,
  '["Проверить работу полного привода и блокировок","Оценить состояние ЛКП на предмет коррозии (особенно рамы)"]'::jsonb,
  '["Body-on-frame construction","Front and rear locking differentials","Crawl Control system"]'::jsonb,
  '["2.0L Turbo I4 (227 hp)"]'::jsonb,
  '[{"engine_code":"E20CB (2.0T)","common_issues_ru":["Проблемы с электроникой мультимедиа и прошивкой","Быстрый износ тормозных колодок","Слабые места в герметизации ранних версий"]}]'::jsonb,
  null,
  null
)

insert into public.vehicle_models (
  id,
  make_id,
  slug,
  name_en,
  first_model_year,
  last_model_year,
  years_available,
  body_types_available,
  fuel_types_available,
  transmission_available,
  reliability_score,
  popularity_score
)
values (
  '48384466-2564-b639-bb3b-c503dd21db1a',
  '467218ea-6fc8-e3cf-55c8-cbd0e9710e5c',
  'tank-500',
  'Tank 500',
  2021,
  2024,
  '{"2021","2022","2023","2024"}'::int[],
  '["SUV"]'::jsonb,
  '["Gasoline","Hybrid"]'::jsonb,
  '["Automatic (9AT)"]'::jsonb,
  8,
  9
)

insert into public.vehicle_generations (
  id,
  model_id,
  code,
  start_year,
  end_year,
  facelift,
  production_countries,
  body_types,
  fuel_types,
  transmission_types,
  summary
)
values (
  '63c07122-0fd1-a9a7-520d-3c2c9dd0853a',
  '48384466-2564-b639-bb3b-c503dd21db1a',
  'G1',
  2021,
  2024,
  false,
  '{"China"}'::text[],
  null,
  null,
  null,
  'Full-size luxury off-road SUV designed to compete with established luxury brands, featuring advanced technology and a powerful V6 engine option.'
)

insert into public.vehicle_insights (
  model_id,
  pros,
  cons,
  inspection_tips,
  notable_features,
  engine_examples,
  common_issues_by_engine,
  reliability_score,
  popularity_score
)
values (
  '48384466-2564-b639-bb3b-c503dd21db1a',
  '["Мощный двигатель V6 (3.0T)","Премиальный и просторный салон","Высокий уровень комфорта и шумоизоляции"]'::jsonb,
  '["Большие габариты, сложность парковки в городе","Высокий налог и стоимость обслуживания","Сложная электроника"]'::jsonb,
  '["Проверить работу 48V стартер-генератора (на V6)","Внимательно оценить состояние кожаного салона и электрических регулировок"]'::jsonb,
  '["Standard 9-speed automatic transmission","Luxury interior materials","Advanced driver assistance systems (ADAS)"]'::jsonb,
  '["3.0L Twin-Turbo V6 (355 hp)","2.0L Turbo Hybrid"]'::jsonb,
  '[{"engine_code":"E30Z (3.0T V6)","common_issues_ru":["Чувствительность к качеству топлива","Возможные сбои в работе пневмоподвески (при наличии)","Задержки в работе 9-ступенчатой АКПП"]}]'::jsonb,
  null,
  null
)

insert into public.vehicle_models (
  id,
  make_id,
  slug,
  name_en,
  first_model_year,
  last_model_year,
  years_available,
  body_types_available,
  fuel_types_available,
  transmission_available,
  reliability_score,
  popularity_score
)
values (
  'e48e35f4-4081-f33c-73ef-2d8495b0d881',
  '467218ea-6fc8-e3cf-55c8-cbd0e9710e5c',
  'tank-400',
  'Tank 400',
  2023,
  2024,
  '{"2023","2024"}'::int[],
  '["SUV"]'::jsonb,
  '["PHEV"]'::jsonb,
  '["Automatic (9HAT)"]'::jsonb,
  7.5,
  7.5
)

insert into public.vehicle_generations (
  id,
  model_id,
  code,
  start_year,
  end_year,
  facelift,
  production_countries,
  body_types,
  fuel_types,
  transmission_types,
  summary
)
values (
  '6453a2a0-de01-a30f-3acc-3767dfe83ffb',
  'e48e35f4-4081-f33c-73ef-2d8495b0d881',
  'G1',
  2023,
  2024,
  false,
  '{"China"}'::text[],
  null,
  null,
  null,
  'Mid-size off-road SUV, positioned between the 300 and 500, distinguished by its mecha-style design and dedicated plug-in hybrid powertrain (Hi4-T).'
)

insert into public.vehicle_insights (
  model_id,
  pros,
  cons,
  inspection_tips,
  notable_features,
  engine_examples,
  common_issues_by_engine,
  reliability_score,
  popularity_score
)
values (
  'e48e35f4-4081-f33c-73ef-2d8495b0d881',
  '["Высокая общая мощность и динамика","Экономичность при регулярной зарядке","Уникальный, агрессивный внешний вид"]'::jsonb,
  '["Высокая масса автомобиля","Меньший запас хода на электротяге в реальных условиях","Спорный футуристичный дизайн, который подходит не всем"]'::jsonb,
  '["Проверить состояние высоковольтной батареи","Оценить работу электрического режима и плавность переключения между двигателями"]'::jsonb,
  '["PHEV Hi4-T system","Mecha/Cyberpunk exterior design","Large digital cockpit displays"]'::jsonb,
  '["2.0L Turbo Plug-in Hybrid (Hi4-T, 408 hp)"]'::jsonb,
  '[{"engine_code":"2.0T Hi4-T","common_issues_ru":["Требовательность к обслуживанию гибридной системы","Возможные проблемы с балансировкой колес из-за большой массы","Сложности с зарядкой в регионах с холодным климатом"]}]'::jsonb,
  null,
  null
)

insert into public.vehicle_makes (id, slug, name_en, country, segment_class, is_active, category_path)
values (
  '5d561bcd-b46d-4999-e3e1-51571552a893',
  'tata',
  'Tata',
  'India',
  'General',
  true,
  'Passenger Vehicles'
)

insert into public.vehicle_models (
  id,
  make_id,
  slug,
  name_en,
  first_model_year,
  last_model_year,
  years_available,
  body_types_available,
  fuel_types_available,
  transmission_available,
  reliability_score,
  popularity_score
)
values (
  'f98a4b79-1056-64d5-d815-1bc6362b30ad',
  '5d561bcd-b46d-4999-e3e1-51571552a893',
  'indica',
  'Indica',
  1998,
  2018,
  '{"1998","2018"}'::int[],
  '["Hatchback"]'::jsonb,
  '["Gasoline","Diesel"]'::jsonb,
  '["Manual"]'::jsonb,
  6.5,
  4
)

insert into public.vehicle_generations (
  id,
  model_id,
  code,
  start_year,
  end_year,
  facelift,
  production_countries,
  body_types,
  fuel_types,
  transmission_types,
  summary
)
values (
  '097662ef-53d5-4814-795e-266c5b0bd95d',
  'f98a4b79-1056-64d5-d815-1bc6362b30ad',
  'Mk1',
  1998,
  2007,
  false,
  '{"India"}'::text[],
  null,
  null,
  null,
  'Original generation, basic and rugged city car.'
)

insert into public.vehicle_generations (
  id,
  model_id,
  code,
  start_year,
  end_year,
  facelift,
  production_countries,
  body_types,
  fuel_types,
  transmission_types,
  summary
)
values (
  '6a964603-d68e-58c3-d02f-f7eda9235cf0',
  'f98a4b79-1056-64d5-d815-1bc6362b30ad',
  'Vista',
  2008,
  2018,
  true,
  '{"India"}'::text[],
  null,
  null,
  null,
  'Second generation, significantly improved in ride quality and features.'
)

insert into public.vehicle_insights (
  model_id,
  pros,
  cons,
  inspection_tips,
  notable_features,
  engine_examples,
  common_issues_by_engine,
  reliability_score,
  popularity_score
)
values (
  'f98a4b79-1056-64d5-d815-1bc6362b30ad',
  '["Низкая стоимость обслуживания","Просторный салон","Надежные дизельные версии (TDI)"]'::jsonb,
  '["Низкое качество сборки","Слабая шумоизоляция","Устаревший дизайн и эргономика"]'::jsonb,
  '["Проверить наличие ржавчины на днище и колесных арках.","Оценить состояние электрики, часто выходят из строя датчики."]'::jsonb,
  '["Affordable maintenance","Spacious interior for its segment"]'::jsonb,
  '["1.4L MPFI","1.4L TDI"]'::jsonb,
  '[{"engine_code":"1.4L TDI","common_issues_ru":["Проблемы с топливным насосом высокого давления (ТНВД)","Быстрый износ турбины","Течи масла"]}]'::jsonb,
  null,
  null
)

insert into public.vehicle_models (
  id,
  make_id,
  slug,
  name_en,
  first_model_year,
  last_model_year,
  years_available,
  body_types_available,
  fuel_types_available,
  transmission_available,
  reliability_score,
  popularity_score
)
values (
  'a49176b8-8cbd-9aca-944a-e52ffc5ba5f3',
  '5d561bcd-b46d-4999-e3e1-51571552a893',
  'nexon',
  'Nexon',
  2017,
  2024,
  '{"2017","2024"}'::int[],
  '["SUV","Crossover"]'::jsonb,
  '["Gasoline","Diesel","Electric"]'::jsonb,
  '["Manual","Automatic (AMT)","Automatic (DCT)"]'::jsonb,
  8,
  7
)

insert into public.vehicle_generations (
  id,
  model_id,
  code,
  start_year,
  end_year,
  facelift,
  production_countries,
  body_types,
  fuel_types,
  transmission_types,
  summary
)
values (
  '936adde8-648a-ed31-6bf8-bbbfea48869e',
  'a49176b8-8cbd-9aca-944a-e52ffc5ba5f3',
  'Gen 1',
  2017,
  2024,
  false,
  '{"India"}'::text[],
  null,
  null,
  null,
  'Subcompact crossover known for its 5-star safety rating (Global NCAP).'
)

insert into public.vehicle_insights (
  model_id,
  pros,
  cons,
  inspection_tips,
  notable_features,
  engine_examples,
  common_issues_by_engine,
  reliability_score,
  popularity_score
)
values (
  'a49176b8-8cbd-9aca-944a-e52ffc5ba5f3',
  '["Высокий рейтинг безопасности","Стильный дизайн","Хорошее оснащение за свою цену"]'::jsonb,
  '["Качество пластика в салоне","Нервное поведение роботизированной коробки (AMT)","Маленький багажник"]'::jsonb,
  '["Проверить работу электроники и сенсорного экрана.","Обратить внимание на трансмиссию AMT, проверить плавность переключений."]'::jsonb,
  '["5-star Global NCAP safety rating","Electric variant availability"]'::jsonb,
  '["1.2L Revotron Turbo Petrol","1.5L Revotorq Turbo Diesel"]'::jsonb,
  '[{"engine_code":"1.2L Revotron Turbo Petrol","common_issues_ru":["Вибрация двигателя на холостых оборотах","Проблемы с турбонагнетателем на ранних моделях"]},{"engine_code":"1.5L Revotorq Turbo Diesel","common_issues_ru":["Выход из строя датчика NOx"]}]'::jsonb,
  null,
  null
)

insert into public.vehicle_models (
  id,
  make_id,
  slug,
  name_en,
  first_model_year,
  last_model_year,
  years_available,
  body_types_available,
  fuel_types_available,
  transmission_available,
  reliability_score,
  popularity_score
)
values (
  'f1920305-a2e6-150b-439e-2c03a9cdc040',
  '5d561bcd-b46d-4999-e3e1-51571552a893',
  'safari',
  'Safari',
  1998,
  2024,
  '{"1998","2024"}'::int[],
  '["SUV"]'::jsonb,
  '["Diesel","Gasoline"]'::jsonb,
  '["Manual","Automatic"]'::jsonb,
  7.5,
  5.5
)

insert into public.vehicle_generations (
  id,
  model_id,
  code,
  start_year,
  end_year,
  facelift,
  production_countries,
  body_types,
  fuel_types,
  transmission_types,
  summary
)
values (
  'cb1d328e-17cf-3948-40b8-c8a1a1f567d9',
  'f1920305-a2e6-150b-439e-2c03a9cdc040',
  'Dicor/Storm',
  1998,
  2019,
  false,
  '{"India"}'::text[],
  null,
  null,
  null,
  'First generation body-on-frame SUV, known for ruggedness and powerful diesel engines.'
)

insert into public.vehicle_generations (
  id,
  model_id,
  code,
  start_year,
  end_year,
  facelift,
  production_countries,
  body_types,
  fuel_types,
  transmission_types,
  summary
)
values (
  '57714422-db47-70d1-689e-d018fb8d36f0',
  'f1920305-a2e6-150b-439e-2c03a9cdc040',
  'Kryotec',
  2021,
  2024,
  false,
  '{"India"}'::text[],
  null,
  null,
  null,
  'Modern unibody generation based on Omega (Land Rover D8 derived) architecture, repositioned as a premium SUV.'
)

insert into public.vehicle_insights (
  model_id,
  pros,
  cons,
  inspection_tips,
  notable_features,
  engine_examples,
  common_issues_by_engine,
  reliability_score,
  popularity_score
)
values (
  'f1920305-a2e6-150b-439e-2c03a9cdc040',
  '["Мощная конструкция и высокая надежность","Хорошая проходимость","Просторный салон"]'::jsonb,
  '["Высокий расход топлива (старые версии)","Низкая курсовая устойчивость на высоких скоростях (старые версии)","Коррозия рамы и кузова"]'::jsonb,
  '["Осмотреть раму на предмет трещин и коррозии (Gen 1).","Проверить работу полного привода и раздаточной коробки."]'::jsonb,
  '["True body-on-frame construction (Gen 1)","Spacious 7-seater configuration"]'::jsonb,
  '["2.2L DICOR Turbo Diesel","2.0L Kryotec Diesel"]'::jsonb,
  '[{"engine_code":"2.2L DICOR","common_issues_ru":["Проблемы с форсунками системы Common Rail","Отказ датчика распредвала","Перегрев двигателя при длительных нагрузках"]}]'::jsonb,
  null,
  null
)

insert into public.vehicle_makes (id, slug, name_en, country, segment_class, is_active, category_path)
values (
  '6d70464f-0736-ad6a-984b-b4c69c6c02d3',
  'tatra',
  'Tatra',
  'Czech Republic',
  'Luxury/Executive Car',
  false,
  'Passenger Car'
)

insert into public.vehicle_models (
  id,
  make_id,
  slug,
  name_en,
  first_model_year,
  last_model_year,
  years_available,
  body_types_available,
  fuel_types_available,
  transmission_available,
  reliability_score,
  popularity_score
)
values (
  'bd6a3949-3f50-10bc-8bf5-73e11742f1a9',
  '6d70464f-0736-ad6a-984b-b4c69c6c02d3',
  't603',
  'T603',
  1957,
  1975,
  '{"1957","1958","1959","1960","1961","1962","1963","1964","1965","1966","1967","1968","1969","1970","1971","1972","1973","1974","1975"}'::int[],
  '["Sedan"]'::jsonb,
  '["Gasoline"]'::jsonb,
  '["Manual"]'::jsonb,
  6,
  7.5
)

insert into public.vehicle_generations (
  id,
  model_id,
  code,
  start_year,
  end_year,
  facelift,
  production_countries,
  body_types,
  fuel_types,
  transmission_types,
  summary
)
values (
  '3ab859dc-497f-a02e-08c9-bcce45a2d27d',
  'bd6a3949-3f50-10bc-8bf5-73e11742f1a9',
  'Original',
  1957,
  1975,
  false,
  '{"Czechoslovakia"}'::text[],
  null,
  null,
  null,
  'A rear-engined, air-cooled V8 luxury car known for its unique aerodynamic design.'
)

insert into public.vehicle_insights (
  model_id,
  pros,
  cons,
  inspection_tips,
  notable_features,
  engine_examples,
  common_issues_by_engine,
  reliability_score,
  popularity_score
)
values (
  'bd6a3949-3f50-10bc-8bf5-73e11742f1a9',
  '["Уникальный дизайн","Мощный V8 (для своего времени)","Комфортная подвеска"]'::jsonb,
  '["Сложность в обслуживании","Высокий расход топлива","Проблемы с перегревом V8 в жаркую погоду"]'::jsonb,
  '["Проверить состояние кузова на предмет коррозии (особенно рамы).","Оценить работу системы охлаждения и состояние двигателя V8.","Проверить оригинальность и комплектность салона."]'::jsonb,
  '["Rear-mounted air-cooled V8 engine","Aerodynamic body","Independent suspension"]'::jsonb,
  '["T603G (2.5L V8 Air-cooled)"]'::jsonb,
  '[{"engine_code":"T603G","common_issues_ru":["Проблемы с системой зажигания","Износ карбюраторов","Сложности с поиском запчастей для двигателя"]}]'::jsonb,
  null,
  null
)

insert into public.vehicle_models (
  id,
  make_id,
  slug,
  name_en,
  first_model_year,
  last_model_year,
  years_available,
  body_types_available,
  fuel_types_available,
  transmission_available,
  reliability_score,
  popularity_score
)
values (
  'e23a0dc9-5797-2726-cc17-902d1198b78e',
  '6d70464f-0736-ad6a-984b-b4c69c6c02d3',
  't613',
  'T613',
  1974,
  1996,
  '{"1974","1975","1976","1977","1978","1979","1980","1981","1982","1983","1984","1985","1986","1987","1988","1989","1990","1991","1992","1993","1994","1995","1996"}'::int[],
  '["Sedan","Limousine"]'::jsonb,
  '["Gasoline"]'::jsonb,
  '["Manual"]'::jsonb,
  7,
  6.5
)

insert into public.vehicle_generations (
  id,
  model_id,
  code,
  start_year,
  end_year,
  facelift,
  production_countries,
  body_types,
  fuel_types,
  transmission_types,
  summary
)
values (
  'fd98cafc-861d-3f3a-4cb0-ab883bf67277',
  'e23a0dc9-5797-2726-cc17-902d1198b78e',
  'T613-1/2/3',
  1974,
  1985,
  false,
  '{"Czechoslovakia"}'::text[],
  null,
  null,
  null,
  'First generation T613, replacing the T603. Designed by Vignale, retained the rear V8 layout but improved placement.'
)

insert into public.vehicle_generations (
  id,
  model_id,
  code,
  start_year,
  end_year,
  facelift,
  production_countries,
  body_types,
  fuel_types,
  transmission_types,
  summary
)
values (
  '6f286076-f0d4-631f-c188-1188e920532c',
  'e23a0dc9-5797-2726-cc17-902d1198b78e',
  'T613-4 Mi',
  1986,
  1996,
  true,
  '{"Czechoslovakia","Czech Republic"}'::text[],
  null,
  null,
  null,
  'Modernized version with fuel injection (Mi) and updated styling.'
)

insert into public.vehicle_insights (
  model_id,
  pros,
  cons,
  inspection_tips,
  notable_features,
  engine_examples,
  common_issues_by_engine,
  reliability_score,
  popularity_score
)
values (
  'e23a0dc9-5797-2726-cc17-902d1198b78e',
  '["Отличная управляемость (для заднемоторной схемы)","Мощный инжекторный двигатель (поздние версии)","Статус служебного автомобиля"]'::jsonb,
  '["Высокая стоимость обслуживания","Тяжелое рулевое управление","Проблемы с электрикой"]'::jsonb,
  '["Тщательно проверить состояние задней оси и подвески.","Осмотреть двигатель на предмет утечек масла и состояния охладителей.","Проверить работу отопительной системы, которая может быть сложной."]'::jsonb,
  '["Vignale design","Fuel-injected later models","Used extensively by government officials"]'::jsonb,
  '["T613 V8 (3.5L Air-cooled V8 Carb)","T613-4i (3.5L V8 Fuel Injection)"]'::jsonb,
  '[{"engine_code":"T613 V8","common_issues_ru":["Проблемы с регулировкой карбюраторов","Быстрый износ сцепления","Коррозия выпускной системы"]}]'::jsonb,
  null,
  null
)

insert into public.vehicle_models (
  id,
  make_id,
  slug,
  name_en,
  first_model_year,
  last_model_year,
  years_available,
  body_types_available,
  fuel_types_available,
  transmission_available,
  reliability_score,
  popularity_score
)
values (
  'd7726212-d48b-c374-d740-56e0d1546db6',
  '6d70464f-0736-ad6a-984b-b4c69c6c02d3',
  't700',
  'T700',
  1996,
  1999,
  '{"1996","1997","1998","1999"}'::int[],
  '["Sedan"]'::jsonb,
  '["Gasoline"]'::jsonb,
  '["Manual"]'::jsonb,
  7.5,
  4
)

insert into public.vehicle_generations (
  id,
  model_id,
  code,
  start_year,
  end_year,
  facelift,
  production_countries,
  body_types,
  fuel_types,
  transmission_types,
  summary
)
values (
  '660bd538-56d1-0d3e-6187-b28112d8e99a',
  'd7726212-d48b-c374-d740-56e0d1546db6',
  'T700',
  1996,
  1999,
  false,
  '{"Czech Republic"}'::text[],
  null,
  null,
  null,
  'The final passenger car produced by Tatra, essentially a heavily modernized and restyled T613, available with 3.5L or 4.3L V8 engines.'
)

insert into public.vehicle_insights (
  model_id,
  pros,
  cons,
  inspection_tips,
  notable_features,
  engine_examples,
  common_issues_by_engine,
  reliability_score,
  popularity_score
)
values (
  'd7726212-d48b-c374-d740-56e0d1546db6',
  '["Самый современный автомобиль Tatra","Улучшенная звукоизоляция и комфорт","Мощный 4.3L двигатель (опция)"]'::jsonb,
  '["Крайне ограниченное количество выпущенных экземпляров (около 75)","Чрезвычайно дорогие запчасти","Низкая ликвидность"]'::jsonb,
  '["Подтвердить оригинальность автомобиля (из-за малого тиража).","Проверить состояние электрических компонентов и бортового компьютера.","Особое внимание уделить состоянию уникальных кузовных панелей."]'::jsonb,
  '["Limited production exclusivity","Modernized interior and exterior styling","Final air-cooled V8 passenger car series"]'::jsonb,
  '["T700 3.5 V8","T700 4.3 V8"]'::jsonb,
  '[{"engine_code":"T700 4.3 V8","common_issues_ru":["Проблемы с настройкой электронного впрыска","Высокая чувствительность к качеству топлива","Сложности с ремонтом уникальных компонентов"]}]'::jsonb,
  null,
  null
)

insert into public.vehicle_makes (id, slug, name_en, country, segment_class, is_active, category_path)
values (
  '8f2cfedd-f436-07e2-4e4e-343c5c3f6445',
  'tesla',
  'Tesla',
  'USA',
  'Electric Vehicle Manufacturer',
  true,
  'Automobiles/Electric Vehicles'
)

insert into public.vehicle_models (
  id,
  make_id,
  slug,
  name_en,
  first_model_year,
  last_model_year,
  years_available,
  body_types_available,
  fuel_types_available,
  transmission_available,
  reliability_score,
  popularity_score
)
values (
  '9aad2e1e-0cfe-8fff-ac87-952be129272c',
  '8f2cfedd-f436-07e2-4e4e-343c5c3f6445',
  'model-3',
  'Model 3',
  2017,
  2024,
  '{"2017","2018","2019","2020","2021","2022","2023","2024"}'::int[],
  '["Sedan","Liftback"]'::jsonb,
  '["Electric"]'::jsonb,
  '["Automatic (Single Speed)"]'::jsonb,
  8.5,
  9.5
)

insert into public.vehicle_generations (
  id,
  model_id,
  code,
  start_year,
  end_year,
  facelift,
  production_countries,
  body_types,
  fuel_types,
  transmission_types,
  summary
)
values (
  '61945bf8-b480-86ad-7be6-6ffeb0c1153c',
  '9aad2e1e-0cfe-8fff-ac87-952be129272c',
  'G1',
  2017,
  2023,
  false,
  '{"USA","China"}'::text[],
  null,
  null,
  null,
  'Initial release, known for competitive pricing and performance.'
)

insert into public.vehicle_generations (
  id,
  model_id,
  code,
  start_year,
  end_year,
  facelift,
  production_countries,
  body_types,
  fuel_types,
  transmission_types,
  summary
)
values (
  'd66213e0-db3c-ee6c-b5d4-215a22a11e57',
  '9aad2e1e-0cfe-8fff-ac87-952be129272c',
  'Highland',
  2023,
  2024,
  true,
  '{"USA","China"}'::text[],
  null,
  null,
  null,
  'Refreshed exterior styling, improved range, and updated interior (removed stalks).'
)

insert into public.vehicle_insights (
  model_id,
  pros,
  cons,
  inspection_tips,
  notable_features,
  engine_examples,
  common_issues_by_engine,
  reliability_score,
  popularity_score
)
values (
  '9aad2e1e-0cfe-8fff-ac87-952be129272c',
  '["Высокая производительность","Отличный запас хода","Современный минималистичный интерьер","Обширная сеть Supercharger"]'::jsonb,
  '["Качество сборки может варьироваться","Отсутствие физических кнопок (все управление через экран)","Высокая стоимость ремонта кузова"]'::jsonb,
  '["Проверить состояние подвески и рулевых наконечников из-за большого веса.","Тщательно осмотреть кузов на предмет зазоров панелей (ранние годы).","Проверить состояние батареи и скорость зарядки."]'::jsonb,
  '["Full Self-Driving Capability","Minimalist Interior Design","Over-the-Air Software Updates","Glass Roof"]'::jsonb,
  '["Rear-Wheel Drive (RWD)","Long Range AWD","Performance AWD"]'::jsonb,
  '[{"engine_code":"RWD","common_issues_ru":["Проблемы с датчиками парковки (ранние версии)","Скрип подвески","Износ шин из-за высокого крутящего момента"]}]'::jsonb,
  null,
  null
)

insert into public.vehicle_models (
  id,
  make_id,
  slug,
  name_en,
  first_model_year,
  last_model_year,
  years_available,
  body_types_available,
  fuel_types_available,
  transmission_available,
  reliability_score,
  popularity_score
)
values (
  'af84539e-0951-daaa-c02d-dd012fe79496',
  '8f2cfedd-f436-07e2-4e4e-343c5c3f6445',
  'model-y',
  'Model Y',
  2020,
  2024,
  '{"2020","2021","2022","2023","2024"}'::int[],
  '["Crossover (SUV)"]'::jsonb,
  '["Electric"]'::jsonb,
  '["Automatic (Single Speed)"]'::jsonb,
  8.7,
  9.8
)

insert into public.vehicle_generations (
  id,
  model_id,
  code,
  start_year,
  end_year,
  facelift,
  production_countries,
  body_types,
  fuel_types,
  transmission_types,
  summary
)
values (
  '0e14b58c-f257-2509-015b-81a47a2d53df',
  'af84539e-0951-daaa-c02d-dd012fe79496',
  'G1',
  2020,
  2024,
  false,
  '{"USA","China","Germany"}'::text[],
  null,
  null,
  null,
  'A compact crossover SUV version of the Model 3 platform, offering more space and utility.'
)

insert into public.vehicle_insights (
  model_id,
  pros,
  cons,
  inspection_tips,
  notable_features,
  engine_examples,
  common_issues_by_engine,
  reliability_score,
  popularity_score
)
values (
  'af84539e-0951-daaa-c02d-dd012fe79496',
  '["Максимальная практичность для семьи","Огромное багажное отделение","Высокая посадка","Высокая энергоэффективность"]'::jsonb,
  '["Жесткая подвеска (на некоторых версиях)","Шум в салоне на высоких скоростях","Отсутствие приборной панели за рулем"]'::jsonb,
  '["Проверить работу задней двери багажника (ранние проблемы с настройкой).","Оценить состояние 19-дюймовых или 20-дюймовых колес на предмет повреждений от ям.","Проверить дренажные отверстия панорамной крыши."]'::jsonb,
  '["Heat Pump Standard","Optional Third Row Seating (USA/China)","Exceptional Cargo Space"]'::jsonb,
  '["Rear-Wheel Drive","Long Range AWD","Performance AWD"]'::jsonb,
  '[{"engine_code":"LRAWD","common_issues_ru":["Проблемы с запотеванием задних фонарей","Стуки в передней подвеске","Проблемы с качеством окраски (особенно белых моделей)"]}]'::jsonb,
  null,
  null
)

insert into public.vehicle_models (
  id,
  make_id,
  slug,
  name_en,
  first_model_year,
  last_model_year,
  years_available,
  body_types_available,
  fuel_types_available,
  transmission_available,
  reliability_score,
  popularity_score
)
values (
  '2401068a-d0e7-006b-7d51-7e50de5e6715',
  '8f2cfedd-f436-07e2-4e4e-343c5c3f6445',
  'model-s',
  'Model S',
  2012,
  2024,
  '{"2012","2013","2014","2015","2016","2017","2018","2019","2020","2021","2022","2023","2024"}'::int[],
  '["Liftback","Sedan"]'::jsonb,
  '["Electric"]'::jsonb,
  '["Automatic (Single Speed)"]'::jsonb,
  7,
  7.5
)

insert into public.vehicle_generations (
  id,
  model_id,
  code,
  start_year,
  end_year,
  facelift,
  production_countries,
  body_types,
  fuel_types,
  transmission_types,
  summary
)
values (
  '0fc09e7b-1729-b270-10b9-374a8d2333a9',
  '2401068a-d0e7-006b-7d51-7e50de5e6715',
  'Pre-Refresh',
  2012,
  2016,
  false,
  '{"USA"}'::text[],
  null,
  null,
  null,
  'Pioneering luxury electric vehicle, featuring large vertical screen and free Supercharging (for some units).'
)

insert into public.vehicle_generations (
  id,
  model_id,
  code,
  start_year,
  end_year,
  facelift,
  production_countries,
  body_types,
  fuel_types,
  transmission_types,
  summary
)
values (
  '221c0a19-d564-454e-e810-c68c88d8a7de',
  '2401068a-d0e7-006b-7d51-7e50de5e6715',
  'Refresh',
  2016,
  2020,
  true,
  '{"USA"}'::text[],
  null,
  null,
  null,
  'Nose cone replaced with streamlined front fascia, HEPA filter introduced.'
)

insert into public.vehicle_generations (
  id,
  model_id,
  code,
  start_year,
  end_year,
  facelift,
  production_countries,
  body_types,
  fuel_types,
  transmission_types,
  summary
)
values (
  '5e9b00bf-f659-3f3e-13b2-0c868c6f6427',
  '2401068a-d0e7-006b-7d51-7e50de5e6715',
  'Plaid',
  2021,
  2024,
  true,
  '{"USA"}'::text[],
  null,
  null,
  null,
  'Major interior overhaul (yoke steering wheel), faster processors, and Plaid powertrain option.'
)

insert into public.vehicle_insights (
  model_id,
  pros,
  cons,
  inspection_tips,
  notable_features,
  engine_examples,
  common_issues_by_engine,
  reliability_score,
  popularity_score
)
values (
  '2401068a-d0e7-006b-7d51-7e50de5e6715',
  '["Невероятное ускорение (особенно Plaid)","Просторный салон и багажник","Дальний запас хода","Престиж модели"]'::jsonb,
  '["Высокая стоимость владения и запчастей","Проблемы с пневмоподвеской (на ранних моделях)","Медиацентр MCU выходит из строя (ранние версии)"]'::jsonb,
  '["Проверить работу пневмоподвески (особенно на авто до 2021 года).","Проверить состояние дверных ручек (проблемы с выдвижным механизмом).","Убедиться, что работает основной сенсорный экран (MCU)."]'::jsonb,
  '["Plaid Performance","Active Suspension (Early/Recent Models)","Massive Central Screen","Yoke Steering Wheel (Post-2021)"]'::jsonb,
  '["Long Range AWD","P100D","Plaid"]'::jsonb,
  '[{"engine_code":"P85D","common_issues_ru":["Выход из строя бортового компьютера (MCU1)","Проблемы с зарядным портом","Неисправности дверных ручек"]}]'::jsonb,
  null,
  null
)

insert into public.vehicle_makes (id, slug, name_en, country, segment_class, is_active, category_path)
values (
  '9e722826-55c5-1344-b24e-7a26cf556627',
  'think',
  'Think',
  'Norway',
  'A',
  false,
  'City Cars/Electric Vehicles'
)

insert into public.vehicle_models (
  id,
  make_id,
  slug,
  name_en,
  first_model_year,
  last_model_year,
  years_available,
  body_types_available,
  fuel_types_available,
  transmission_available,
  reliability_score,
  popularity_score
)
values (
  '278618bf-f5fe-7080-d2e1-978fcfcc1230',
  '9e722826-55c5-1344-b24e-7a26cf556627',
  'think-city',
  'City',
  2007,
  2012,
  '{"2007","2008","2009","2010","2011","2012"}'::int[],
  '["Hatchback"]'::jsonb,
  '["Electric"]'::jsonb,
  '["Automatic (Single Speed)"]'::jsonb,
  6,
  3
)

insert into public.vehicle_generations (
  id,
  model_id,
  code,
  start_year,
  end_year,
  facelift,
  production_countries,
  body_types,
  fuel_types,
  transmission_types,
  summary
)
values (
  'f60bc2b5-bf77-ba4f-61f0-87209275b021',
  '278618bf-f5fe-7080-d2e1-978fcfcc1230',
  'A306',
  2007,
  2011,
  false,
  '{"Finland","United States"}'::text[],
  null,
  null,
  null,
  'The main commercial model, featuring ZEBRA (Sodium-Nickel Chloride) or Lithium-ion battery options.'
)

insert into public.vehicle_generations (
  id,
  model_id,
  code,
  start_year,
  end_year,
  facelift,
  production_countries,
  body_types,
  fuel_types,
  transmission_types,
  summary
)
values (
  'ab671883-272c-b556-ca5c-d8744f837d50',
  '278618bf-f5fe-7080-d2e1-978fcfcc1230',
  'A306 FL',
  2011,
  2012,
  true,
  '{"Finland","United States"}'::text[],
  null,
  null,
  null,
  'Minor updates, primarily focused on battery integration and regional compliance.'
)

insert into public.vehicle_insights (
  model_id,
  pros,
  cons,
  inspection_tips,
  notable_features,
  engine_examples,
  common_issues_by_engine,
  reliability_score,
  popularity_score
)
values (
  '278618bf-f5fe-7080-d2e1-978fcfcc1230',
  '["Экологичность и отсутствие выбросов","Очень низкие эксплуатационные расходы на энергию","Идеален для городской эксплуатации и парковки"]'::jsonb,
  '["Ограниченный запас хода и максимальная скорость","Трудности с поиском оригинальных запчастей и специализированного сервиса","Дороговизна замены высоковольтной батареи (особенно ZEBRA)"]'::jsonb,
  '["Проверить состояние кузова на предмет коррозии (особенно после эксплуатации в суровом климате)","Оценить реальную деградацию батареи (пробег на полном заряде)","Проверить работу климатической системы (отопление и кондиционирование)"]'::jsonb,
  '["Fully recyclable body panels (thermoplastics)","Compact and highly maneuverable design","Electric drivetrain"]'::jsonb,
  '["Siemens 27 kW","Acura 34 kW"]'::jsonb,
  '[{"engine_code":"EV_34kW","common_issues_ru":["Проблемы с системой подогрева и охлаждения батареи ZEBRA","Сбои в работе системы управления питанием (BMS)","Выход из строя бортового зарядного устройства"]}]'::jsonb,
  null,
  null
)

insert into public.vehicle_models (
  id,
  make_id,
  slug,
  name_en,
  first_model_year,
  last_model_year,
  years_available,
  body_types_available,
  fuel_types_available,
  transmission_available,
  reliability_score,
  popularity_score
)
values (
  '75e4f30d-2f70-89a0-0f2d-04c383c35d19',
  '9e722826-55c5-1344-b24e-7a26cf556627',
  'think-city-a206',
  'City (First Generation)',
  1999,
  2002,
  '{"1999","2000","2001","2002"}'::int[],
  '["Hatchback"]'::jsonb,
  '["Electric"]'::jsonb,
  '["Automatic (Single Speed)"]'::jsonb,
  4.5,
  1.5
)

insert into public.vehicle_generations (
  id,
  model_id,
  code,
  start_year,
  end_year,
  facelift,
  production_countries,
  body_types,
  fuel_types,
  transmission_types,
  summary
)
values (
  'b4861677-051a-d901-e043-bf1c01903c32',
  '75e4f30d-2f70-89a0-0f2d-04c383c35d19',
  'A206',
  1999,
  2002,
  false,
  '{"Norway"}'::text[],
  null,
  null,
  null,
  'The first generation produced under Ford ownership, utilizing lead-acid batteries primarily.'
)

insert into public.vehicle_insights (
  model_id,
  pros,
  cons,
  inspection_tips,
  notable_features,
  engine_examples,
  common_issues_by_engine,
  reliability_score,
  popularity_score
)
values (
  '75e4f30d-2f70-89a0-0f2d-04c383c35d19',
  '["Коллекционная ценность","Простота конструкции (минимум электроники)"]'::jsonb,
  '["Исторически низкий запас хода","Крайняя редкость запчастей","Устаревшая технология батарей"]'::jsonb,
  '["Внимание к состоянию высоковольтной системы и окислению контактов","Проверка общей целостности шасси"]'::jsonb,
  '["Early EV mass production attempt","Compact design"]'::jsonb,
  '["DC Electric Motor"]'::jsonb,
  '[{"engine_code":"EV_A206","common_issues_ru":["Чрезвычайно ограниченный ресурс свинцово-кислотных батарей","Проблемы с зарядным устройством и контроллером из-за возраста"]}]'::jsonb,
  null,
  null
)

insert into public.vehicle_models (
  id,
  make_id,
  slug,
  name_en,
  first_model_year,
  last_model_year,
  years_available,
  body_types_available,
  fuel_types_available,
  transmission_available,
  reliability_score,
  popularity_score
)
values (
  '6dc5f201-b7a1-34ad-5bf4-71d4d6c6d2cc',
  '9e722826-55c5-1344-b24e-7a26cf556627',
  'think-city-utility',
  'City Utility',
  2009,
  2011,
  '{"2009","2010","2011"}'::int[],
  '["Pickup (Prototype)"]'::jsonb,
  '["Electric"]'::jsonb,
  '["Automatic (Single Speed)"]'::jsonb,
  5,
  5
)

insert into public.vehicle_generations (
  id,
  model_id,
  code,
  start_year,
  end_year,
  facelift,
  production_countries,
  body_types,
  fuel_types,
  transmission_types,
  summary
)
values (
  'e4699da4-3a57-6332-7e0b-d7fa64968007',
  '6dc5f201-b7a1-34ad-5bf4-71d4d6c6d2cc',
  'A306 Utility',
  2009,
  2011,
  false,
  '{"Finland"}'::text[],
  null,
  null,
  null,
  'A limited-run prototype and concept utility version based on the A306 platform.'
)

insert into public.vehicle_insights (
  model_id,
  pros,
  cons,
  inspection_tips,
  notable_features,
  engine_examples,
  common_issues_by_engine,
  reliability_score,
  popularity_score
)
values (
  '6dc5f201-b7a1-34ad-5bf4-71d4d6c6d2cc',
  '["Уникальность модели","Потенциал использования в закрытых зонах"]'::jsonb,
  '["Очень низкая грузоподъемность","Крайне редкий и несерийный экземпляр","Отсутствие серийной поддержки"]'::jsonb,
  '["Проверить состояние преобразователя напряжения","Осмотр рамы на предмет трещин"]'::jsonb,
  '["Utility focus on a small EV platform","Open cargo bed"]'::jsonb,
  '["Siemens 27 kW"]'::jsonb,
  '[{"engine_code":"EV_Cargo","common_issues_ru":["Слабая конструкция задней подвески при полной загрузке","Проблемы с интеграцией багажного отсека"]}]'::jsonb,
  null,
  null
)

insert into public.vehicle_makes (id, slug, name_en, country, segment_class, is_active, category_path)
values (
  'c5c023d4-d8cc-c98d-93e1-fe4c1086b835',
  'toyota',
  'Toyota',
  'Japan',
  'Mass Market/General',
  true,
  '/passenger/japan'
)

insert into public.vehicle_models (
  id,
  make_id,
  slug,
  name_en,
  first_model_year,
  last_model_year,
  years_available,
  body_types_available,
  fuel_types_available,
  transmission_available,
  reliability_score,
  popularity_score
)
values (
  '2236c913-4737-3610-3031-ebe59d1ca47b',
  'c5c023d4-d8cc-c98d-93e1-fe4c1086b835',
  'corolla',
  'Corolla',
  1966,
  2024,
  '{"2018","2019","2020","2021","2022","2023","2024"}'::int[],
  '["Sedan","Hatchback","Wagon"]'::jsonb,
  '["Petrol","Diesel","Hybrid"]'::jsonb,
  '["Manual","Automatic (CVT)"]'::jsonb,
  9.8,
  9.5
)

insert into public.vehicle_generations (
  id,
  model_id,
  code,
  start_year,
  end_year,
  facelift,
  production_countries,
  body_types,
  fuel_types,
  transmission_types,
  summary
)
values (
  '033e1133-75c2-ee11-0264-0d35c5db5547',
  '2236c913-4737-3610-3031-ebe59d1ca47b',
  'E170/E180',
  2013,
  2018,
  false,
  '{"Japan","Turkey","USA"}'::text[],
  null,
  null,
  null,
  'The 11th generation, known for its extreme reliability and focus on global market requirements, offering different variants for different regions.'
)

insert into public.vehicle_generations (
  id,
  model_id,
  code,
  start_year,
  end_year,
  facelift,
  production_countries,
  body_types,
  fuel_types,
  transmission_types,
  summary
)
values (
  'eec352ad-2abe-e8e7-6485-b9006224207c',
  '2236c913-4737-3610-3031-ebe59d1ca47b',
  'E210',
  2018,
  2024,
  false,
  '{"Japan","Turkey","China"}'::text[],
  null,
  null,
  null,
  'The 12th generation, built on the TNGA platform, bringing improved dynamics, modern safety features, and strong hybrid options.'
)

insert into public.vehicle_insights (
  model_id,
  pros,
  cons,
  inspection_tips,
  notable_features,
  engine_examples,
  common_issues_by_engine,
  reliability_score,
  popularity_score
)
values (
  '2236c913-4737-3610-3031-ebe59d1ca47b',
  '["Легендарная надежность и долговечность","Низкая стоимость владения","Отличная ликвидность на вторичном рынке"]'::jsonb,
  '["Слабая шумоизоляция","Простота материалов отделки салона","Недостаточная динамика в базовых версиях"]'::jsonb,
  '["Проверить работу вариатора (CVT) на рывки","Оценить состояние ЛКП (Лакокрасочное покрытие) на сколы","Проверить подвеску на стуки, характерные для российских дорог"]'::jsonb,
  '["TNGA Platform","High fuel efficiency","Advanced Toyota Safety Sense (TSS)"]'::jsonb,
  '["1ZR-FE (1.6L)","2ZR-FAE (1.8L Valvematic)","M20A-FKS (2.0L Dynamic Force)"]'::jsonb,
  '[{"engine_code":"1ZR-FE","common_issues_ru":["Повышенный расход масла на больших пробегах (до 150 тыс. км)","Проблемы с помпой (водяным насосом)","Шум цепи ГРМ"]},{"engine_code":"2ZR-FAE","common_issues_ru":["Требовательность к качеству масла","Сбои в работе системы Valvematic"]}]'::jsonb,
  null,
  null
)

insert into public.vehicle_models (
  id,
  make_id,
  slug,
  name_en,
  first_model_year,
  last_model_year,
  years_available,
  body_types_available,
  fuel_types_available,
  transmission_available,
  reliability_score,
  popularity_score
)
values (
  '642ed388-9d4c-facc-4c9f-c5af5f391cd6',
  'c5c023d4-d8cc-c98d-93e1-fe4c1086b835',
  'camry',
  'Camry',
  1982,
  2024,
  '{"2017","2018","2019","2020","2021","2022","2023","2024"}'::int[],
  '["Sedan"]'::jsonb,
  '["Petrol","Hybrid"]'::jsonb,
  '["Automatic (Standard)","Automatic (8-speed)"]'::jsonb,
  9.6,
  9.3
)

insert into public.vehicle_generations (
  id,
  model_id,
  code,
  start_year,
  end_year,
  facelift,
  production_countries,
  body_types,
  fuel_types,
  transmission_types,
  summary
)
values (
  '0a17febc-2355-612d-bd50-51c8d80e9ec3',
  '642ed388-9d4c-facc-4c9f-c5af5f391cd6',
  'XV50',
  2011,
  2017,
  false,
  '{"Japan","USA","Russia"}'::text[],
  null,
  null,
  null,
  'Known for its conservative design, comfort, and exceptional reliability, dominating the business sedan segment in CIS markets.'
)

insert into public.vehicle_generations (
  id,
  model_id,
  code,
  start_year,
  end_year,
  facelift,
  production_countries,
  body_types,
  fuel_types,
  transmission_types,
  summary
)
values (
  '853df2bb-f3a5-6370-d218-f7267d9a6905',
  '642ed388-9d4c-facc-4c9f-c5af5f391cd6',
  'XV70',
  2017,
  2024,
  false,
  '{"Japan","USA","China"}'::text[],
  null,
  null,
  null,
  'Built on the TNGA platform, offering a much more expressive design and enhanced driving characteristics compared to its predecessor.'
)

insert into public.vehicle_insights (
  model_id,
  pros,
  cons,
  inspection_tips,
  notable_features,
  engine_examples,
  common_issues_by_engine,
  reliability_score,
  popularity_score
)
values (
  '642ed388-9d4c-facc-4c9f-c5af5f391cd6',
  '["Очень высокий уровень комфорта и плавности хода","Просторный салон","Лидер сегмента по надежности"]'::jsonb,
  '["Слабое лакокрасочное покрытие (ЛКП)","Высокая угоняемость (особенно XV50)","Не самая лучшая управляемость (до TNGA)"]'::jsonb,
  '["Проверить состояние радиаторов и охлаждающей системы (подвержены коррозии)","Оценить работу 8-ступенчатой АКПП (XV70) на плавность переключений","Убедиться в отсутствии ржавчины на болтах подвески"]'::jsonb,
  '["Exceptional rear seat space","Standard V6 power option (in certain markets)","Supreme ride comfort"]'::jsonb,
  '["2AR-FE (2.5L)","A25A-FKS (2.5L Dynamic Force)","2GR-FKS (3.5L V6)"]'::jsonb,
  '[{"engine_code":"2AR-FE","common_issues_ru":["Потенциальные течи масла из-под передней крышки","Внутренние стуки (поршневая группа) при холодном пуске (старые версии)"]},{"engine_code":"A25A-FKS","common_issues_ru":["Неравномерная работа двигателя на холостом ходу (особенность прямого впрыска)","Чувствительность к качеству топлива"]}]'::jsonb,
  null,
  null
)

insert into public.vehicle_models (
  id,
  make_id,
  slug,
  name_en,
  first_model_year,
  last_model_year,
  years_available,
  body_types_available,
  fuel_types_available,
  transmission_available,
  reliability_score,
  popularity_score
)
values (
  '5cbea782-76b3-c754-afe6-f75e8b245695',
  'c5c023d4-d8cc-c98d-93e1-fe4c1086b835',
  'rav4',
  'RAV4',
  1994,
  2024,
  '{"2018","2019","2020","2021","2022","2023","2024"}'::int[],
  '["SUV"]'::jsonb,
  '["Petrol","Hybrid"]'::jsonb,
  '["Automatic (CVT)","Automatic (8-speed)"]'::jsonb,
  9.7,
  9.7
)

insert into public.vehicle_generations (
  id,
  model_id,
  code,
  start_year,
  end_year,
  facelift,
  production_countries,
  body_types,
  fuel_types,
  transmission_types,
  summary
)
values (
  '8eb2e69e-45fa-6297-bd18-630013086dcb',
  '5cbea782-76b3-c754-afe6-f75e8b245695',
  'XA40',
  2013,
  2018,
  false,
  '{"Japan","Canada"}'::text[],
  null,
  null,
  null,
  'The fourth generation, shifting towards a more mature design, offering reliable powertrains and practical features.'
)

insert into public.vehicle_generations (
  id,
  model_id,
  code,
  start_year,
  end_year,
  facelift,
  production_countries,
  body_types,
  fuel_types,
  transmission_types,
  summary
)
values (
  'ee6045f9-538e-38cd-aef6-4f9fe8cb5444',
  '5cbea782-76b3-c754-afe6-f75e8b245695',
  'XA50',
  2018,
  2024,
  false,
  '{"Japan","USA"}'::text[],
  null,
  null,
  null,
  'The current generation, built on the TNGA platform, featuring a rugged, aggressive exterior design and significantly improved efficiency.'
)

insert into public.vehicle_insights (
  model_id,
  pros,
  cons,
  inspection_tips,
  notable_features,
  engine_examples,
  common_issues_by_engine,
  reliability_score,
  popularity_score
)
values (
  '5cbea782-76b3-c754-afe6-f75e8b245695',
  '["Отличная надежность и долговечность","Высокий клиренс и хорошие геометрические характеристики","Экономичность (особенно гибридные версии)"]'::jsonb,
  '["Жестковатая подвеска (особенно на 19-дюймовых дисках)","Недостаточная шумоизоляция (до рестайлинга)","Базовые моторы могут казаться слабыми"]'::jsonb,
  '["Обязательно проверить состояние муфты полного привода (если не гибрид)","Протестировать работу системы помощи при спуске/подъеме","Убедиться в отсутствии влаги в багажном отсеке (XA40)"]'::jsonb,
  '["Rugged, bold styling (XA50)","Standard AWD capability (non-hybrid)","Fuel-efficient hybrid option"]'::jsonb,
  '["3ZR-FAE (2.0L)","A25A-FKS (2.5L Dynamic Force)","Hybrid 2.5L"]'::jsonb,
  '[{"engine_code":"M20A-FKS","common_issues_ru":["Вибрации на холостом ходу (особенность 2.0L Dynamic Force)","Потенциальные проблемы с насосом высокого давления"]},{"engine_code":"A25A-FKS","common_issues_ru":["Шумная работа вариатора (CVT) под нагрузкой","Требовательность к обслуживанию системы полного привода Dynamic Torque Control"]}]'::jsonb,
  null,
  null
)

insert into public.vehicle_makes (id, slug, name_en, country, segment_class, is_active, category_path)
values (
  '5e3060e3-058f-c8c7-7c8e-3b8985f682bd',
  'trabant',
  'Trabant',
  'East Germany (GDR)',
  'Microcar/Subcompact',
  false,
  'Passenger Cars/Microcars'
)

insert into public.vehicle_models (
  id,
  make_id,
  slug,
  name_en,
  first_model_year,
  last_model_year,
  years_available,
  body_types_available,
  fuel_types_available,
  transmission_available,
  reliability_score,
  popularity_score
)
values (
  '34dd533a-6e8a-8706-0254-544ccfe3be25',
  '5e3060e3-058f-c8c7-7c8e-3b8985f682bd',
  '601',
  '601',
  1963,
  1990,
  '{"1963","1970","1980","1990"}'::int[],
  '["Sedan","Universal (Kombi)","Kübel (Open top)"]'::jsonb,
  '["Gasoline (2-stroke mixed fuel)"]'::jsonb,
  '["Manual"]'::jsonb,
  4,
  8
)

insert into public.vehicle_generations (
  id,
  model_id,
  code,
  start_year,
  end_year,
  facelift,
  production_countries,
  body_types,
  fuel_types,
  transmission_types,
  summary
)
values (
  'eefd4508-a7f4-32be-fb17-cf8fbe6a600f',
  '34dd533a-6e8a-8706-0254-544ccfe3be25',
  'P 601',
  1963,
  1990,
  false,
  '{"East Germany"}'::text[],
  null,
  null,
  null,
  'The classic Trabant, featuring a lightweight Duroplast body and the iconic 2-stroke engine. It remained largely unchanged throughout its long production run.'
)

insert into public.vehicle_insights (
  model_id,
  pros,
  cons,
  inspection_tips,
  notable_features,
  engine_examples,
  common_issues_by_engine,
  reliability_score,
  popularity_score
)
values (
  '34dd533a-6e8a-8706-0254-544ccfe3be25',
  '["Simplicity and exceptional ease of repair (mechanically)","Low maintenance cost (few moving parts)","Cult status and high historical/collector value"]'::jsonb,
  '["Extremely low power output and acceleration","High smoke emissions and odor (due to 2-stroke engine)","Poor safety standards and crash protection","Duroplast body material requires specialized repair techniques"]'::jsonb,
  '["Check the frame rails and chassis for hidden corrosion, as the Duroplast body hides rust underneath.","Verify the functionality of the vacuum-operated windshield wipers.","Inspect the front suspension and transverse leaf springs for wear."]'::jsonb,
  '["Duroplast body panels","Two-stroke engine requiring mixed fuel","Front-wheel drive layout"]'::jsonb,
  '["600 cc 2-stroke (26 hp)"]'::jsonb,
  '[{"engine_code":"P65/66 (2-stroke)","common_issues_ru":["Перегрев из-за неправильной регулировки зажигания или карбюратора","Износ поршневых колец и прогорание глушителя (связано с маслом в топливе)","Частые проблемы с карбюратором и нестабильный холостой ход"]}]'::jsonb,
  null,
  null
)

insert into public.vehicle_models (
  id,
  make_id,
  slug,
  name_en,
  first_model_year,
  last_model_year,
  years_available,
  body_types_available,
  fuel_types_available,
  transmission_available,
  reliability_score,
  popularity_score
)
values (
  'df997581-c6bd-6eb9-f0e5-1ca8f4a8e328',
  '5e3060e3-058f-c8c7-7c8e-3b8985f682bd',
  '1.1',
  '1.1',
  1990,
  1991,
  '{"1990","1991"}'::int[],
  '["Sedan","Universal (Kombi)"]'::jsonb,
  '["Gasoline"]'::jsonb,
  '["Manual"]'::jsonb,
  5.5,
  5
)

insert into public.vehicle_generations (
  id,
  model_id,
  code,
  start_year,
  end_year,
  facelift,
  production_countries,
  body_types,
  fuel_types,
  transmission_types,
  summary
)
values (
  'bed612bd-f739-d0f5-6eeb-02ab8c12a63e',
  'df997581-c6bd-6eb9-f0e5-1ca8f4a8e328',
  '1.1',
  1990,
  1991,
  false,
  '{"Germany"}'::text[],
  null,
  null,
  null,
  'The final model, produced briefly after reunification, replacing the 2-stroke engine with a four-stroke 1.1L Volkswagen Polo engine.'
)

insert into public.vehicle_insights (
  model_id,
  pros,
  cons,
  inspection_tips,
  notable_features,
  engine_examples,
  common_issues_by_engine,
  reliability_score,
  popularity_score
)
values (
  'df997581-c6bd-6eb9-f0e5-1ca8f4a8e328',
  '["Significantly improved power and torque compared to the 601","Lower emissions and noise levels","Uses standard unleaded gasoline"]'::jsonb,
  '["Very short production run makes specific parts hard to source","Handling and safety were still severely outdated","Higher price when new limited sales"]'::jsonb,
  '["Check the engine bay for signs of modification or improper installation of the VW engine.","Ensure all unique electrical components related to the new engine are functional."]'::jsonb,
  '["Four-stroke Volkswagen engine","Slightly redesigned front grille and taillights"]'::jsonb,
  '["VW 1.1L 4-stroke (40 hp)"]'::jsonb,
  '[{"engine_code":"VW 1.1L","common_issues_ru":["Проблемы с системой охлаждения, не рассчитанной на тепловую нагрузку 4-тактного мотора","Коррозия элементов шасси (унаследованная от 601)","Быстрый износ элементов сцепления из-за повышенной нагрузки"]}]'::jsonb,
  null,
  null
)

insert into public.vehicle_models (
  id,
  make_id,
  slug,
  name_en,
  first_model_year,
  last_model_year,
  years_available,
  body_types_available,
  fuel_types_available,
  transmission_available,
  reliability_score,
  popularity_score
)
values (
  '94c6906a-2c81-635c-15d8-b8ec5a5e0572',
  '5e3060e3-058f-c8c7-7c8e-3b8985f682bd',
  'p50-500',
  'P 50/500',
  1957,
  1962,
  '{"1957","1960","1962"}'::int[],
  '["Sedan"]'::jsonb,
  '["Gasoline (2-stroke mixed fuel)"]'::jsonb,
  '["Manual"]'::jsonb,
  3.5,
  4.5
)

insert into public.vehicle_generations (
  id,
  model_id,
  code,
  start_year,
  end_year,
  facelift,
  production_countries,
  body_types,
  fuel_types,
  transmission_types,
  summary
)
values (
  '3f8cef97-fdda-56ac-8dd8-9b8705667208',
  '94c6906a-2c81-635c-15d8-b8ec5a5e0572',
  'P 50',
  1957,
  1962,
  false,
  '{"East Germany"}'::text[],
  null,
  null,
  null,
  'The first mass-produced Trabant model, initiating the brand’s use of the Duroplast body and two-stroke technology.'
)

insert into public.vehicle_insights (
  model_id,
  pros,
  cons,
  inspection_tips,
  notable_features,
  engine_examples,
  common_issues_by_engine,
  reliability_score,
  popularity_score
)
values (
  '94c6906a-2c81-635c-15d8-b8ec5a5e0572',
  '["Significant historical importance","Simple and charming design"]'::jsonb,
  '["Extremely basic amenities and comfort","Low cruising speed makes highway travel difficult","Spare parts are harder to source than for the subsequent 601 model"]'::jsonb,
  '["Focus inspection on body panels unique to the P50, as replacement Duroplast parts are rare.","Check the early electrical components for signs of failure."]'::jsonb,
  '["Original rounded body shape","Small 500 cc two-stroke engine"]'::jsonb,
  '["P50/P51 2-stroke (18 hp)"]'::jsonb,
  '[{"engine_code":"P50 (2-stroke)","common_issues_ru":["Частые проблемы с электрикой и устаревшей проводкой","Быстрый износ механизмов переключения передач на рулевой колонке","Потребность в постоянной регулировке контактов зажигания"]}]'::jsonb,
  null,
  null
)

insert into public.vehicle_makes (id, slug, name_en, country, segment_class, is_active, category_path)
values (
  'cb2f54e4-f345-f960-0d6d-72c6ac32d6c5',
  'triumph',
  'Triumph',
  'United Kingdom',
  'Classic / Sports Cars',
  false,
  '/passenger-cars/classic-sports-cars'
)

insert into public.vehicle_models (
  id,
  make_id,
  slug,
  name_en,
  first_model_year,
  last_model_year,
  years_available,
  body_types_available,
  fuel_types_available,
  transmission_available,
  reliability_score,
  popularity_score
)
values (
  '0c3fba9c-6658-6d9e-6fb3-287184bd818a',
  'cb2f54e4-f345-f960-0d6d-72c6ac32d6c5',
  'spitfire',
  'Spitfire',
  1962,
  1980,
  '{"1962","1965","1970","1975","1980"}'::int[],
  '["Convertible","Coupe"]'::jsonb,
  '["Gasoline"]'::jsonb,
  '["Manual","Automatic"]'::jsonb,
  6,
  7.5
)

insert into public.vehicle_generations (
  id,
  model_id,
  code,
  start_year,
  end_year,
  facelift,
  production_countries,
  body_types,
  fuel_types,
  transmission_types,
  summary
)
values (
  'be68a39b-ae20-2a62-7f08-5ebb9bd0446c',
  '0c3fba9c-6658-6d9e-6fb3-287184bd818a',
  'Mk I',
  1962,
  1964,
  false,
  '{"United Kingdom"}'::text[],
  null,
  null,
  null,
  'Original model designed by Giovanni Michelotti.'
)

insert into public.vehicle_generations (
  id,
  model_id,
  code,
  start_year,
  end_year,
  facelift,
  production_countries,
  body_types,
  fuel_types,
  transmission_types,
  summary
)
values (
  'aba46932-4e05-6208-4d5f-4b9fa568e9e2',
  '0c3fba9c-6658-6d9e-6fb3-287184bd818a',
  '1500',
  1974,
  1980,
  true,
  '{"United Kingdom"}'::text[],
  null,
  null,
  null,
  'Final version featuring the 1.5L engine and minor styling changes.'
)

insert into public.vehicle_insights (
  model_id,
  pros,
  cons,
  inspection_tips,
  notable_features,
  engine_examples,
  common_issues_by_engine,
  reliability_score,
  popularity_score
)
values (
  '0c3fba9c-6658-6d9e-6fb3-287184bd818a',
  '["Иконический дизайн, разработанный Микелотти","Отличная управляемость (для своего класса)","Простота обслуживания и доступность запчастей"]'::jsonb,
  '["Серьезные проблемы с коррозией шасси и кузова","Ненадежная электрика (типично для британских авто того времени)","Слабая отопительная система"]'::jsonb,
  '["Тщательно проверьте состояние лонжеронов и дверных порогов на предмет ржавчины","Оцените состояние задней подвески (Swinging Spring) на предмет износа","Проверьте работу овердрайва (если установлен)"]'::jsonb,
  '["Body-on-frame construction","Rack and pinion steering","Simple, easily repairable mechanics"]'::jsonb,
  '["1.1L I4","1.3L I4","1.5L I4"]'::jsonb,
  '[{"engine_code":"1500 (FK)","common_issues_ru":["Склонность к перегреву при интенсивной эксплуатации","Выход из строя упорных шайб коленчатого вала","Износ карбюраторов Zenith-Stromberg"]}]'::jsonb,
  null,
  null
)

insert into public.vehicle_models (
  id,
  make_id,
  slug,
  name_en,
  first_model_year,
  last_model_year,
  years_available,
  body_types_available,
  fuel_types_available,
  transmission_available,
  reliability_score,
  popularity_score
)
values (
  '962acc7d-6cb1-42fe-c587-661fe96f4e3e',
  'cb2f54e4-f345-f960-0d6d-72c6ac32d6c5',
  'tr6',
  'TR6',
  1968,
  1976,
  '{"1969","1972","1975"}'::int[],
  '["Convertible"]'::jsonb,
  '["Gasoline"]'::jsonb,
  '["Manual","Automatic"]'::jsonb,
  7,
  9
)

insert into public.vehicle_generations (
  id,
  model_id,
  code,
  start_year,
  end_year,
  facelift,
  production_countries,
  body_types,
  fuel_types,
  transmission_types,
  summary
)
values (
  '4fecb8f6-4371-7ccc-6fd9-b190cccf66ab',
  '962acc7d-6cb1-42fe-c587-661fe96f4e3e',
  'TR6',
  1968,
  1976,
  false,
  '{"United Kingdom"}'::text[],
  null,
  null,
  null,
  'Classic British sports car, successor to the TR5, featuring Karmann body styling updates and the powerful 2.5L straight-six engine.'
)

insert into public.vehicle_insights (
  model_id,
  pros,
  cons,
  inspection_tips,
  notable_features,
  engine_examples,
  common_issues_by_engine,
  reliability_score,
  popularity_score
)
values (
  '962acc7d-6cb1-42fe-c587-661fe96f4e3e',
  '["Мощный и тяговитый 6-цилиндровый двигатель","Классический, мужественный дизайн","Отличная поддержка сообщества и клубов"]'::jsonb,
  '["Сложность ремонта механического впрыска топлива (PI модели)","Ржавчина кузова и рамы","Тяжелый руль на низких скоростях","Поздние модели, предназначенные для США, имели пониженную мощность"]'::jsonb,
  '["Проверьте VIN-номер, чтобы определить, является ли автомобиль европейским PI (более мощным) или американским карбюраторным","Осмотрите состояние задней полузависимой подвески","Проверьте наличие трещин в выпускном коллекторе"]'::jsonb,
  '["2.5-liter inline-six engine","Independent rear suspension","Styled by Karmann"]'::jsonb,
  '["2.5L I6"]'::jsonb,
  '[{"engine_code":"2500 I6 (CP/CR)","common_issues_ru":["Проблемы с механической системой впрыска Lucas (на моделях PI)","Низкое давление масла, связанное с износом подшипников","Утечки в системе охлаждения"]}]'::jsonb,
  null,
  null
)

insert into public.vehicle_models (
  id,
  make_id,
  slug,
  name_en,
  first_model_year,
  last_model_year,
  years_available,
  body_types_available,
  fuel_types_available,
  transmission_available,
  reliability_score,
  popularity_score
)
values (
  '32d666d5-aaf1-3ba8-2c0c-de07d0891a57',
  'cb2f54e4-f345-f960-0d6d-72c6ac32d6c5',
  'dolomite',
  'Dolomite',
  1972,
  1980,
  '{"1972","1976","1980"}'::int[],
  '["Sedan"]'::jsonb,
  '["Gasoline"]'::jsonb,
  '["Manual","Automatic"]'::jsonb,
  6.5,
  6.5
)

insert into public.vehicle_generations (
  id,
  model_id,
  code,
  start_year,
  end_year,
  facelift,
  production_countries,
  body_types,
  fuel_types,
  transmission_types,
  summary
)
values (
  '7ab6f47c-6d0f-408a-0833-d9d47e7d6302',
  '32d666d5-aaf1-3ba8-2c0c-de07d0891a57',
  'Dolomite',
  1972,
  1980,
  false,
  '{"United Kingdom"}'::text[],
  null,
  null,
  null,
  'A compact family saloon that gained fame with the high-performance Dolomite Sprint variant, featuring the innovative 16-valve engine.'
)

insert into public.vehicle_insights (
  model_id,
  pros,
  cons,
  inspection_tips,
  notable_features,
  engine_examples,
  common_issues_by_engine,
  reliability_score,
  popularity_score
)
values (
  '32d666d5-aaf1-3ba8-2c0c-de07d0891a57',
  '["Высокая производительность версии Sprint","Комфортный и практичный салон для своего времени","Доступен в качестве ''повседневной'' классики"]'::jsonb,
  '["Чрезвычайная подверженность ржавчине (особенно дверные пороги и крылья)","Проблемы с надежностью двигателя в первые годы выпуска","Слабая автоматическая коробка передач"]'::jsonb,
  '["Обязательно проверьте состояние кузова под ковром в салоне и багажнике","Прослушайте работу двигателя Sprint на предмет стуков в ГБЦ","Проверьте состояние тормозных магистралей"]'::jsonb,
  '["Powerful 16-valve Sprint engine (world''s first mass-produced 16v engine in a four-door saloon)","Comfortable handling","Premium interior appointments for the class"]'::jsonb,
  '["1.3L I4","1.85L I4","2.0L I4 (Sprint)"]'::jsonb,
  '[{"engine_code":"Sprint 2.0L (HFS)","common_issues_ru":["Проблемы с прокладкой ГБЦ (особенно на ранних моделях)","Сложности настройки 16-клапанной головки блока цилиндров","Износ водяного насоса и проблемы с перегревом"]}]'::jsonb,
  null,
  null
)

insert into public.vehicle_makes (id, slug, name_en, country, segment_class, is_active, category_path)
values (
  '3d630b38-d5ea-63df-f0bd-240674da2e17',
  'uaz',
  'UAZ',
  'Russia',
  'Offroad/Utility',
  true,
  'Automotive/Offroad/Russia'
)

insert into public.vehicle_models (
  id,
  make_id,
  slug,
  name_en,
  first_model_year,
  last_model_year,
  years_available,
  body_types_available,
  fuel_types_available,
  transmission_available,
  reliability_score,
  popularity_score
)
values (
  '9d654f82-a7e1-3059-c296-b45a5e6b938a',
  '3d630b38-d5ea-63df-f0bd-240674da2e17',
  'patriot',
  'Patriot',
  2005,
  2024,
  '{"2005","2006","2007","2008","2009","2010","2011","2012","2013","2014","2015","2016","2017","2018","2019","2020","2021","2022","2023","2024"}'::int[],
  '["SUV"]'::jsonb,
  '["Gasoline","Diesel"]'::jsonb,
  '["Manual","Automatic"]'::jsonb,
  6.5,
  9
)

insert into public.vehicle_generations (
  id,
  model_id,
  code,
  start_year,
  end_year,
  facelift,
  production_countries,
  body_types,
  fuel_types,
  transmission_types,
  summary
)
values (
  'b8037f5b-3995-0641-e84c-148ac758182b',
  '9d654f82-a7e1-3059-c296-b45a5e6b938a',
  '3163',
  2005,
  2014,
  false,
  '{"Russia"}'::text[],
  null,
  null,
  null,
  'First generation of the modern Russian SUV, replacing the Simbir (UAZ-3162).'
)

insert into public.vehicle_generations (
  id,
  model_id,
  code,
  start_year,
  end_year,
  facelift,
  production_countries,
  body_types,
  fuel_types,
  transmission_types,
  summary
)
values (
  'a2b6bc9f-4c68-5039-4a4a-32399e65e3bd',
  '9d654f82-a7e1-3059-c296-b45a5e6b938a',
  '3163 FL1',
  2014,
  2016,
  true,
  '{"Russia"}'::text[],
  null,
  null,
  null,
  'Major update including new interior, climate control, and exterior improvements.'
)

insert into public.vehicle_generations (
  id,
  model_id,
  code,
  start_year,
  end_year,
  facelift,
  production_countries,
  body_types,
  fuel_types,
  transmission_types,
  summary
)
values (
  'd2b2b340-eb7a-7e75-f842-59017182e37d',
  '9d654f82-a7e1-3059-c296-b45a5e6b938a',
  '3163 FL2',
  2016,
  2019,
  true,
  '{"Russia"}'::text[],
  null,
  null,
  null,
  'Introduction of airbags and Electronic Stability Program (ESP).'
)

insert into public.vehicle_generations (
  id,
  model_id,
  code,
  start_year,
  end_year,
  facelift,
  production_countries,
  body_types,
  fuel_types,
  transmission_types,
  summary
)
values (
  'ef8929b5-a263-dbb3-1a42-ab9b2d8c9b46',
  '9d654f82-a7e1-3059-c296-b45a5e6b938a',
  '3163 FL3',
  2019,
  2024,
  true,
  '{"Russia"}'::text[],
  null,
  null,
  null,
  'Improved steering system, enhanced suspension, and introduction of automatic transmission options (since 2020).'
)

insert into public.vehicle_insights (
  model_id,
  pros,
  cons,
  inspection_tips,
  notable_features,
  engine_examples,
  common_issues_by_engine,
  reliability_score,
  popularity_score
)
values (
  '9d654f82-a7e1-3059-c296-b45a5e6b938a',
  '["Отличная проходимость в любых условиях","Просторный салон и багажник","Относительно недорогое обслуживание и запчасти"]'::jsonb,
  '["Низкое качество сборки и ЛКП","Высокий расход топлива у бензиновых версий","Плохая шумоизоляция"]'::jsonb,
  '["Внимательно проверить раму и кузов на предмет коррозии, особенно после 2014 года","Осмотреть состояние карданных валов и крестовин","Проверить работу раздаточной коробки и подключение переднего моста"]'::jsonb,
  '["Part-time 4WD","High ground clearance","Robust body-on-frame design"]'::jsonb,
  '["ZMZ-40905 (2.7L Gasoline)","ZMZ-51432 (2.2L Diesel)"]'::jsonb,
  '[{"engine_code":"ZMZ-409","common_issues_ru":["Проблемы с натяжителем цепи ГРМ","Перегрев двигателя из-за неисправности термостата или помпы","Течи масла через прокладки"]},{"engine_code":"Iveco F1A (Diesel)","common_issues_ru":["Выход из строя форсунок при использовании некачественного топлива","Сложности с запуском в сильный мороз"]}]'::jsonb,
  null,
  null
)

insert into public.vehicle_models (
  id,
  make_id,
  slug,
  name_en,
  first_model_year,
  last_model_year,
  years_available,
  body_types_available,
  fuel_types_available,
  transmission_available,
  reliability_score,
  popularity_score
)
values (
  'b96f7d3e-2aa1-3f5b-7dbd-b6d11f2134ca',
  '3d630b38-d5ea-63df-f0bd-240674da2e17',
  'hunter',
  'Hunter',
  2003,
  2024,
  '{"2003","2004","2005","2006","2007","2008","2009","2010","2011","2012","2013","2014","2015","2016","2017","2018","2019","2020","2021","2022","2023","2024"}'::int[],
  '["SUV 5-door","Off-road Open Top"]'::jsonb,
  '["Gasoline","Diesel"]'::jsonb,
  '["Manual"]'::jsonb,
  8,
  8
)

insert into public.vehicle_generations (
  id,
  model_id,
  code,
  start_year,
  end_year,
  facelift,
  production_countries,
  body_types,
  fuel_types,
  transmission_types,
  summary
)
values (
  'd404fc68-93fc-b6b7-8298-771aeb70fcdf',
  'b96f7d3e-2aa1-3f5b-7dbd-b6d11f2134ca',
  '315195',
  2003,
  2024,
  false,
  '{"Russia"}'::text[],
  null,
  null,
  null,
  'Modernized version of the legendary UAZ-469, retaining extreme off-road geometry and ruggedness.'
)

insert into public.vehicle_insights (
  model_id,
  pros,
  cons,
  inspection_tips,
  notable_features,
  engine_examples,
  common_issues_by_engine,
  reliability_score,
  popularity_score
)
values (
  'b96f7d3e-2aa1-3f5b-7dbd-b6d11f2134ca',
  '["Неубиваемая конструкция, простота обслуживания","Идеальная геометрическая проходимость","Доступность запчастей"]'::jsonb,
  '["Минимальный уровень комфорта и безопасности","Слабые дверные замки и уплотнители","Высокий уровень шума в салоне"]'::jsonb,
  '["Проверить люфты в трансмиссии и рулевом управлении","Оценить состояние мостов и рессор","Коррозия в районе петель дверей и порогов"]'::jsonb,
  '["Unmatched off-road capability","Leaf spring suspension","High reparability"]'::jsonb,
  '["ZMZ-4091 (2.7L Gasoline)","ZMZ-5143 (2.2L Diesel)"]'::jsonb,
  '[{"engine_code":"ZMZ-4091","common_issues_ru":["Вибрации двигателя из-за устаревших опор","Слабое сцепление (особенно в ранних версиях)","Проблемы с карбюратором (на старых моделях)"]}]'::jsonb,
  null,
  null
)

insert into public.vehicle_models (
  id,
  make_id,
  slug,
  name_en,
  first_model_year,
  last_model_year,
  years_available,
  body_types_available,
  fuel_types_available,
  transmission_available,
  reliability_score,
  popularity_score
)
values (
  '62e8bb7c-1319-808b-d2f4-6af01a685919',
  '3d630b38-d5ea-63df-f0bd-240674da2e17',
  'bukhanka',
  'Bukhanka (Van/Minibus)',
  1965,
  2024,
  '{"1965","1975","1985","1995","2005","2015","2024"}'::int[],
  '["Van","Minibus","Pickup"]'::jsonb,
  '["Gasoline"]'::jsonb,
  '["Manual"]'::jsonb,
  8.5,
  7.5
)

insert into public.vehicle_generations (
  id,
  model_id,
  code,
  start_year,
  end_year,
  facelift,
  production_countries,
  body_types,
  fuel_types,
  transmission_types,
  summary
)
values (
  'cbf63a5d-2299-7be3-10a3-8e8616c1316b',
  '62e8bb7c-1319-808b-d2f4-6af01a685919',
  '452',
  1965,
  2024,
  false,
  '{"Russia"}'::text[],
  null,
  null,
  null,
  'The UAZ-452 family (known as Bukhanka/Loaf) is an iconic, continuously produced utility van. Despite minor upgrades, the core design remains unchanged since the 1960s.'
)

insert into public.vehicle_insights (
  model_id,
  pros,
  cons,
  inspection_tips,
  notable_features,
  engine_examples,
  common_issues_by_engine,
  reliability_score,
  popularity_score
)
values (
  '62e8bb7c-1319-808b-d2f4-6af01a685919',
  '["Уникальная ремонтопригодность (ремонт ''на коленке'')","Отличная проходимость благодаря короткой базе","Проверенная временем простая конструкция"]'::jsonb,
  '["Отсутствие современных систем безопасности","Низкая эргономика водительского места","Быстрое развитие коррозии кузова"]'::jsonb,
  '["Обязательно проверить состояние лонжеронов и опор кузова","Проверить работу рулевого редуктора и наличие люфтов","Осмотреть состояние проводки и работу печки"]'::jsonb,
  '["Classic Soviet design","High clearance, capable 4x4","Exceptional cargo/passenger capacity relative to size"]'::jsonb,
  '["UMZ-4213 (2.9L Gasoline/Injector)"]'::jsonb,
  '[{"engine_code":"UMZ-4218/4213","common_issues_ru":["Необходимость частой регулировки клапанов и зажигания","Проблемы с системой охлаждения и патрубками","Быстрый износ водяной помпы"]}]'::jsonb,
  null,
  null
)

insert into public.vehicle_makes (id, slug, name_en, country, segment_class, is_active, category_path)
values (
  'a9e88f01-23cf-9e3a-9eff-dfbbd225fe31',
  'vauxhall',
  'Vauxhall',
  'UK',
  'Mainstream',
  true,
  'Passenger Cars/Mainstream'
)

insert into public.vehicle_models (
  id,
  make_id,
  slug,
  name_en,
  first_model_year,
  last_model_year,
  years_available,
  body_types_available,
  fuel_types_available,
  transmission_available,
  reliability_score,
  popularity_score
)
values (
  'fbf274cb-48fc-2ca0-1989-8ba3415bf399',
  'a9e88f01-23cf-9e3a-9eff-dfbbd225fe31',
  'corsa',
  'Corsa',
  1982,
  2024,
  '{"2019","2020","2021","2022","2023","2024"}'::int[],
  '["Hatchback"]'::jsonb,
  '["Petrol","Diesel","Electric"]'::jsonb,
  '["Manual","Automatic"]'::jsonb,
  8.8,
  9.5
)

insert into public.vehicle_generations (
  id,
  model_id,
  code,
  start_year,
  end_year,
  facelift,
  production_countries,
  body_types,
  fuel_types,
  transmission_types,
  summary
)
values (
  'f0d43308-23fe-cbf5-4919-f489ed782eae',
  'fbf274cb-48fc-2ca0-1989-8ba3415bf399',
  'F',
  2019,
  2024,
  false,
  '{"Spain"}'::text[],
  null,
  null,
  null,
  'The latest generation Corsa, sharing platforms and engines with Stellantis/PSA group vehicles, focusing on efficiency and technology.'
)

insert into public.vehicle_insights (
  model_id,
  pros,
  cons,
  inspection_tips,
  notable_features,
  engine_examples,
  common_issues_by_engine,
  reliability_score,
  popularity_score
)
values (
  'fbf274cb-48fc-2ca0-1989-8ba3415bf399',
  '["Affordable ownership","Good fuel economy","Agile handling"]'::jsonb,
  '["Interior quality average in older models","Limited rear space"]'::jsonb,
  '["Check timing belt service history on Ecotec engines","Verify electrical systems, especially infotainment screen glitches"]'::jsonb,
  '["Apple CarPlay/Android Auto availability","LED Matrix lighting options (newer models)"]'::jsonb,
  '["1.2 PureTech","1.4 Ecotec","1.5 Diesel"]'::jsonb,
  '[{"engine_code":"EB2","common_issues_ru":["Проблемы с ремнем ГРМ в масляной ванне (для 1.2 PureTech)","Повышенный расход масла","Вибрации на холостом ходу"]}]'::jsonb,
  null,
  null
)

insert into public.vehicle_models (
  id,
  make_id,
  slug,
  name_en,
  first_model_year,
  last_model_year,
  years_available,
  body_types_available,
  fuel_types_available,
  transmission_available,
  reliability_score,
  popularity_score
)
values (
  '030421e9-df91-3424-d01c-b3d72be19d26',
  'a9e88f01-23cf-9e3a-9eff-dfbbd225fe31',
  'astra',
  'Astra',
  1991,
  2024,
  '{"2015","2016","2017","2018","2019","2020","2021","2022","2023","2024"}'::int[],
  '["Hatchback","Estate"]'::jsonb,
  '["Petrol","Diesel","Hybrid"]'::jsonb,
  '["Manual","Automatic"]'::jsonb,
  8.5,
  9.2
)

insert into public.vehicle_generations (
  id,
  model_id,
  code,
  start_year,
  end_year,
  facelift,
  production_countries,
  body_types,
  fuel_types,
  transmission_types,
  summary
)
values (
  '7e019eb4-f454-fe64-b8b0-e9b8a3727b18',
  '030421e9-df91-3424-d01c-b3d72be19d26',
  'K',
  2015,
  2021,
  false,
  '{"UK","Poland","Germany"}'::text[],
  null,
  null,
  null,
  'The K generation featured significant weight reduction and improved efficiency, focusing heavily on connected services and IntelliLux matrix lights.'
)

insert into public.vehicle_insights (
  model_id,
  pros,
  cons,
  inspection_tips,
  notable_features,
  engine_examples,
  common_issues_by_engine,
  reliability_score,
  popularity_score
)
values (
  '030421e9-df91-3424-d01c-b3d72be19d26',
  '["Lightweight platform","Good handling and comfortable ride","Spacious cabin"]'::jsonb,
  '["Early models had software bugs","Some plastic trim noise"]'::jsonb,
  '["Check for coolant leaks from thermostat housing on 1.4T engines","Examine condition of clutch and gearbox in manual diesel versions"]'::jsonb,
  '["IntelliLux LED Matrix headlights","OnStar connectivity (in early models)"]'::jsonb,
  '["1.0 SIDI Turbo","1.4 Ecotec Turbo","1.6 CDTi"]'::jsonb,
  '[{"engine_code":"B16DTH","common_issues_ru":["Проблемы с клапаном EGR","Склонность к засорению сажевого фильтра (DPF)","Неисправности масляного насоса"]}]'::jsonb,
  null,
  null
)

insert into public.vehicle_models (
  id,
  make_id,
  slug,
  name_en,
  first_model_year,
  last_model_year,
  years_available,
  body_types_available,
  fuel_types_available,
  transmission_available,
  reliability_score,
  popularity_score
)
values (
  '87abbd1b-a854-f896-7fda-fc87173a676e',
  'a9e88f01-23cf-9e3a-9eff-dfbbd225fe31',
  'insignia',
  'Insignia',
  2008,
  2022,
  '{"2017","2018","2019","2020","2021","2022"}'::int[],
  '["Saloon","Hatchback","Estate"]'::jsonb,
  '["Petrol","Diesel"]'::jsonb,
  '["Manual","Automatic"]'::jsonb,
  8.3,
  8.7
)

insert into public.vehicle_generations (
  id,
  model_id,
  code,
  start_year,
  end_year,
  facelift,
  production_countries,
  body_types,
  fuel_types,
  transmission_types,
  summary
)
values (
  '498d9b28-fdb7-85ba-99ab-43728f85da5e',
  '87abbd1b-a854-f896-7fda-fc87173a676e',
  'B',
  2017,
  2022,
  false,
  '{"Germany"}'::text[],
  null,
  null,
  null,
  'The second generation Insignia (Grand Sport) grew in size, focusing on refinement, technology, and improved efficiency.'
)

insert into public.vehicle_insights (
  model_id,
  pros,
  cons,
  inspection_tips,
  notable_features,
  engine_examples,
  common_issues_by_engine,
  reliability_score,
  popularity_score
)
values (
  '87abbd1b-a854-f896-7fda-fc87173a676e',
  '["Executive level comfort","Huge boot capacity (Estate)","Quiet cruising ability"]'::jsonb,
  '["Slightly high fuel consumption with older petrol engines","Visibility issues due to pillar design"]'::jsonb,
  '["Check alignment of headlights (common issue)","Listen for turbo noise on 2.0 diesel engines","Verify functionality of adaptive cruise control system"]'::jsonb,
  '["Ergonomic AGR seats","FlexRide adaptive chassis"]'::jsonb,
  '["1.5 Turbo","2.0 CDTi","2.0 Turbo"]'::jsonb,
  '[{"engine_code":"B20DTH","common_issues_ru":["Проблемы с датчиком давления масла","Неисправности системы SCR/AdBlue","Износ маховика на МКПП"]}]'::jsonb,
  null,
  null
)

insert into public.vehicle_makes (id, slug, name_en, country, segment_class, is_active, category_path)
values (
  '925b9f61-b1ea-1922-362a-91881752e26e',
  'venturi',
  'Venturi',
  'Monaco',
  'Sports Car / EV',
  true,
  'Sports Cars / Electric Vehicles'
)

insert into public.vehicle_models (
  id,
  make_id,
  slug,
  name_en,
  first_model_year,
  last_model_year,
  years_available,
  body_types_available,
  fuel_types_available,
  transmission_available,
  reliability_score,
  popularity_score
)
values (
  'ed28eb5f-014c-4553-8a60-29df81bac76b',
  '925b9f61-b1ea-1922-362a-91881752e26e',
  'atlantique',
  'Atlantique',
  1995,
  2000,
  '{"1995","1996","1997","1998","1999","2000"}'::int[],
  '["Coupe"]'::jsonb,
  '["Gasoline"]'::jsonb,
  '["Manual"]'::jsonb,
  5.5,
  5
)

insert into public.vehicle_generations (
  id,
  model_id,
  code,
  start_year,
  end_year,
  facelift,
  production_countries,
  body_types,
  fuel_types,
  transmission_types,
  summary
)
values (
  '2dd3629c-abff-bc25-c5da-5c068efd0664',
  'ed28eb5f-014c-4553-8a60-29df81bac76b',
  'Atlantique I',
  1995,
  2000,
  false,
  '{"France"}'::text[],
  null,
  null,
  null,
  'The successor to the 260, the Atlantique refined the styling and driving characteristics, primarily utilizing updated Renault PRV V6 Turbo engines.'
)

insert into public.vehicle_insights (
  model_id,
  pros,
  cons,
  inspection_tips,
  notable_features,
  engine_examples,
  common_issues_by_engine,
  reliability_score,
  popularity_score
)
values (
  'ed28eb5f-014c-4553-8a60-29df81bac76b',
  '["Отличная динамика и управляемость","Эксклюзивность (менее 600 машин)","Привлекательный и элегантный дизайн"]'::jsonb,
  '["Очень высокая стоимость обслуживания","Трудно найти запчасти","Низкий клиренс для дорог СНГ"]'::jsonb,
  '["Проверить состояние турбин и интеркулеров","Оценить работу электрики (характерные проблемы французских спортивных автомобилей)","Осмотреть кузов на предмет коррозии на стальных элементах шасси"]'::jsonb,
  '["Mid-engine layout","Fiberglass body panels","Bespoke leather interior"]'::jsonb,
  '["3.0L V6 Turbo (281 hp)"]'::jsonb,
  '[{"engine_code":"PRV V6 Turbo","common_issues_ru":["Проблемы с перегревом V6 из-за плотной компоновки","Выход из строя датчиков наддува","Сложности с поиском специалистов по обслуживанию редких турбин"]}]'::jsonb,
  null,
  null
)

insert into public.vehicle_models (
  id,
  make_id,
  slug,
  name_en,
  first_model_year,
  last_model_year,
  years_available,
  body_types_available,
  fuel_types_available,
  transmission_available,
  reliability_score,
  popularity_score
)
values (
  '7f200c5b-2962-509d-5fd7-608bbe465b9e',
  '925b9f61-b1ea-1922-362a-91881752e26e',
  '400-gt',
  '400 GT',
  1994,
  1997,
  '{"1994","1995","1996","1997"}'::int[],
  '["Coupe"]'::jsonb,
  '["Gasoline"]'::jsonb,
  '["Manual"]'::jsonb,
  4.5,
  4
)

insert into public.vehicle_generations (
  id,
  model_id,
  code,
  start_year,
  end_year,
  facelift,
  production_countries,
  body_types,
  fuel_types,
  transmission_types,
  summary
)
values (
  'da798509-1697-5473-b87a-d5bb6b95a52f',
  '7f200c5b-2962-509d-5fd7-608bbe465b9e',
  '400 GT',
  1994,
  1997,
  false,
  '{"France"}'::text[],
  null,
  null,
  null,
  'A highly exclusive road-going version of the Venturi 500 Le Mans race car. Known for its aggressive performance and being one of the first cars with standard carbon brakes.'
)

insert into public.vehicle_insights (
  model_id,
  pros,
  cons,
  inspection_tips,
  notable_features,
  engine_examples,
  common_issues_by_engine,
  reliability_score,
  popularity_score
)
values (
  '7f200c5b-2962-509d-5fd7-608bbe465b9e',
  '["Фантастическая мощность и ускорение","Историческая ценность для коллекционеров","Уникальный, бескомпромиссный спортивный автомобиль"]'::jsonb,
  '["Крайне высокая стоимость владения и обслуживания","Очень ограниченный тираж (единицы)","Требует регулярного обслуживания на специализированных СТО"]'::jsonb,
  '["Тщательно проверить состояние тормозной системы (карбоновые диски)","Оценить целостность кузова и отсутствие гоночных повреждений","Проверить давление наддува турбин"]'::jsonb,
  '["AP Racing carbon brakes","Homologated racing specification","Performance comparable to early Ferrari/Porsche supercars"]'::jsonb,
  '["3.0L V6 Twin-Turbo (408 hp)"]'::jsonb,
  '[{"engine_code":"PRV V6 Twin Turbo","common_issues_ru":["Проблемы с системой охлаждения при экстремальных нагрузках","Быстрый износ сцепления из-за высокого крутящего момента","Сложности с поиском и обслуживанием гоночных компонентов"]}]'::jsonb,
  null,
  null
)

insert into public.vehicle_models (
  id,
  make_id,
  slug,
  name_en,
  first_model_year,
  last_model_year,
  years_available,
  body_types_available,
  fuel_types_available,
  transmission_available,
  reliability_score,
  popularity_score
)
values (
  '6ec8298a-e988-0cdf-e008-386ddb41add3',
  '925b9f61-b1ea-1922-362a-91881752e26e',
  'fetish',
  'Fetish',
  2004,
  2007,
  '{"2004","2005","2006","2007"}'::int[],
  '["Roadster"]'::jsonb,
  '["Electric"]'::jsonb,
  '["Automatic"]'::jsonb,
  6,
  3
)

insert into public.vehicle_generations (
  id,
  model_id,
  code,
  start_year,
  end_year,
  facelift,
  production_countries,
  body_types,
  fuel_types,
  transmission_types,
  summary
)
values (
  '6306cfa8-65e2-5ded-909a-bcfa97765d1a',
  '6ec8298a-e988-0cdf-e008-386ddb41add3',
  'Fetish I',
  2004,
  2007,
  false,
  '{"Monaco"}'::text[],
  null,
  null,
  null,
  'One of the world''s first modern electric sports cars, featuring a carbon monocoque chassis and pioneering high-performance EV technology.'
)

insert into public.vehicle_insights (
  model_id,
  pros,
  cons,
  inspection_tips,
  notable_features,
  engine_examples,
  common_issues_by_engine,
  reliability_score,
  popularity_score
)
values (
  '6ec8298a-e988-0cdf-e008-386ddb41add3',
  '["Нулевые выбросы и бесшумность","Мгновенный крутящий момент и быстрое ускорение","Исторически значимая, пионерская модель EV"]'::jsonb,
  '["Ограниченный запас хода по современным меркам","Очень высокая первоначальная цена","Сложность ремонта силовой электроники в СНГ"]'::jsonb,
  '["Проверить состояние высоковольтного батарейного блока и его историю заряда","Оценить работу зарядного оборудования и портов","Убедиться в наличии документации по EV-системе"]'::jsonb,
  '["All-electric sports car concept","Carbon monocoque chassis","Instant torque delivery"]'::jsonb,
  '["Electric Motor (180 kW)"]'::jsonb,
  '[{"engine_code":"Electric Drivetrain (180 kW)","common_issues_ru":["Быстрая деградация ранних литий-ионных батарей","Проблемы с контроллером мощности","Ошибки программного обеспечения зарядной системы"]}]'::jsonb,
  null,
  null
)

insert into public.vehicle_makes (id, slug, name_en, country, segment_class, is_active, category_path)
values (
  'a1f69e5c-e11a-d5ed-d490-7bd2f80f1e19',
  'volga',
  'Volga',
  'Russia',
  'E',
  false,
  'Executive/Large Family Car'
)

insert into public.vehicle_models (
  id,
  make_id,
  slug,
  name_en,
  first_model_year,
  last_model_year,
  years_available,
  body_types_available,
  fuel_types_available,
  transmission_available,
  reliability_score,
  popularity_score
)
values (
  '729f2139-8f02-8a27-154a-8f4484d89436',
  'a1f69e5c-e11a-d5ed-d490-7bd2f80f1e19',
  'gaz-24-volga',
  'GAZ-24 Volga',
  1970,
  1992,
  '{"1970","1971","1972","1973","1974","1975","1976","1977","1978","1979","1980","1981","1982","1983","1984","1985","1986","1987","1988","1989","1990","1991","1992"}'::int[],
  '["Sedan","Wagon"]'::jsonb,
  '["Gasoline"]'::jsonb,
  '["Manual"]'::jsonb,
  4,
  8
)

insert into public.vehicle_generations (
  id,
  model_id,
  code,
  start_year,
  end_year,
  facelift,
  production_countries,
  body_types,
  fuel_types,
  transmission_types,
  summary
)
values (
  'dce8595c-c4ad-3eeb-8be7-aebc3f09924c',
  '729f2139-8f02-8a27-154a-8f4484d89436',
  'Series 1 & 2',
  1970,
  1985,
  false,
  '{"USSR","Russia"}'::text[],
  null,
  null,
  null,
  'The original mass-produced GAZ-24 model, known for its robustness and spaciousness.'
)

insert into public.vehicle_generations (
  id,
  model_id,
  code,
  start_year,
  end_year,
  facelift,
  production_countries,
  body_types,
  fuel_types,
  transmission_types,
  summary
)
values (
  '4eb0dfd4-1673-07e6-b047-b2e75be07db9',
  '729f2139-8f02-8a27-154a-8f4484d89436',
  '24-10',
  1985,
  1992,
  true,
  '{"USSR","Russia"}'::text[],
  null,
  null,
  null,
  'Modernized version (GAZ-24-10) with revised exterior and engine upgrades.'
)

insert into public.vehicle_insights (
  model_id,
  pros,
  cons,
  inspection_tips,
  notable_features,
  engine_examples,
  common_issues_by_engine,
  reliability_score,
  popularity_score
)
values (
  '729f2139-8f02-8a27-154a-8f4484d89436',
  '["Классический дизайн","Просторный салон","Простая и ремонтопригодная конструкция","Дешевые запчасти"]'::jsonb,
  '["Высокий расход топлива","Слабые тормоза","Низкий уровень безопасности по современным меркам","Сильная подверженность коррозии"]'::jsonb,
  '["Проверить состояние лонжеронов и порогов на предмет ржавчины","Оценить работу коробки передач (часто шумная)","Проверить люфт в рулевом управлении"]'::jsonb,
  '["Spring suspension","Solid body construction","Historical significance"]'::jsonb,
  '["ZMZ-24D (2.4L I4)"]'::jsonb,
  '[{"engine_code":"ZMZ-24D","common_issues_ru":["Перегрев при интенсивной нагрузке","Проблемы с системой смазки и износ распредвала","Низкая компрессия из-за износа поршневой группы"]}]'::jsonb,
  null,
  null
)

insert into public.vehicle_models (
  id,
  make_id,
  slug,
  name_en,
  first_model_year,
  last_model_year,
  years_available,
  body_types_available,
  fuel_types_available,
  transmission_available,
  reliability_score,
  popularity_score
)
values (
  '91a73602-246d-5016-4201-be7a03f11e7f',
  'a1f69e5c-e11a-d5ed-d490-7bd2f80f1e19',
  'gaz-3102-volga',
  'GAZ-3102 Volga',
  1982,
  2008,
  '{"1982","1983","1984","1985","1986","1987","1988","1989","1990","1991","1992","1993","1994","1995","1996","1997","1998","1999","2000","2001","2002","2003","2004","2005","2006","2007","2008"}'::int[],
  '["Sedan"]'::jsonb,
  '["Gasoline"]'::jsonb,
  '["Manual"]'::jsonb,
  4.5,
  5.5
)

insert into public.vehicle_generations (
  id,
  model_id,
  code,
  start_year,
  end_year,
  facelift,
  production_countries,
  body_types,
  fuel_types,
  transmission_types,
  summary
)
values (
  'adaca256-c5af-9c72-9512-58e95fd7ed3e',
  '91a73602-246d-5016-4201-be7a03f11e7f',
  '3102',
  1982,
  2008,
  false,
  '{"USSR","Russia"}'::text[],
  null,
  null,
  null,
  'Executive model, initially produced exclusively for government and state security needs, featuring updated styling and specialized engines.'
)

insert into public.vehicle_insights (
  model_id,
  pros,
  cons,
  inspection_tips,
  notable_features,
  engine_examples,
  common_issues_by_engine,
  reliability_score,
  popularity_score
)
values (
  '91a73602-246d-5016-4201-be7a03f11e7f',
  '["Комфортная, мягкая подвеска","Имидж «правительственного» автомобиля","Хорошая плавность хода","Высокий дорожный просвет"]'::jsonb,
  '["Устаревшие технические решения","Сложности с поиском оригинальных запчастей для ранних версий","Тяжелое управление и низкая маневренность"]'::jsonb,
  '["Осмотреть состояние кузова в местах сварки (частые трещины)","Проверить работу вакуумного усилителя тормозов","Обратить внимание на шумность заднего моста"]'::jsonb,
  '["Higher build quality than the standard GAZ-24/31029","Improved interior trim","Disk brakes on front axle (later versions)"]'::jsonb,
  '["ZMZ-4022.1 (Pistol engine)","ZMZ-402 (2.4L I4)"]'::jsonb,
  '[{"engine_code":"ZMZ-402","common_issues_ru":["Нестабильность холостого хода, требующая частой регулировки карбюратора","Протечки масла через прокладки, особенно клапанной крышки и поддона","Склонность к детонации на низкооктановом топливе"]}]'::jsonb,
  null,
  null
)

insert into public.vehicle_models (
  id,
  make_id,
  slug,
  name_en,
  first_model_year,
  last_model_year,
  years_available,
  body_types_available,
  fuel_types_available,
  transmission_available,
  reliability_score,
  popularity_score
)
values (
  'c1789261-bf8b-f9af-b0de-834667b77d7d',
  'a1f69e5c-e11a-d5ed-d490-7bd2f80f1e19',
  'gaz-31105-volga',
  'GAZ-31105 Volga',
  2004,
  2009,
  '{"2004","2005","2006","2007","2008","2009"}'::int[],
  '["Sedan","Wagon"]'::jsonb,
  '["Gasoline","LPG","CNG"]'::jsonb,
  '["Manual"]'::jsonb,
  5,
  6.5
)

insert into public.vehicle_generations (
  id,
  model_id,
  code,
  start_year,
  end_year,
  facelift,
  production_countries,
  body_types,
  fuel_types,
  transmission_types,
  summary
)
values (
  '770dc0d5-37e6-5c0d-3929-688deaf4dd03',
  'c1789261-bf8b-f9af-b0de-834667b77d7d',
  '31105',
  2004,
  2009,
  true,
  '{"Russia"}'::text[],
  null,
  null,
  null,
  'The final major iteration of the classic Volga line, incorporating modern headlights, revised suspension, and optionally, foreign engines (Chrysler).'
)

insert into public.vehicle_insights (
  model_id,
  pros,
  cons,
  inspection_tips,
  notable_features,
  engine_examples,
  common_issues_by_engine,
  reliability_score,
  popularity_score
)
values (
  'c1789261-bf8b-f9af-b0de-834667b77d7d',
  '["Дешевизна обслуживания и ремонта","Просторный салон и большой багажник","Наличие запчастей по всей территории СНГ","Высокий клиренс"]'::jsonb,
  '["Низкое качество сборки и подгонки деталей","Устаревший дизайн интерьера","Плохая шумоизоляция","Недостаточная антикоррозийная обработка"]'::jsonb,
  '["Проверить состояние шаровых опор (быстрый износ)","Оценить работу инжектора (для ZMZ-406)","Тщательно проверить состояние электрики (слабое место модели)"]'::jsonb,
  '["Available with imported Chrysler engines","Improved front suspension (ball joints instead of kingpins)","Power steering standard"]'::jsonb,
  '["ZMZ-406.2 (2.3L I4)","Chrysler 2.4L EDZ"]'::jsonb,
  '[{"engine_code":"ZMZ-406","common_issues_ru":["Быстрый износ цепного привода ГРМ (требует замены каждые 60-80 тыс. км)","Частые отказы датчиков (особенно ДМРВ)","Нестабильная работа системы впрыска топлива"]},{"engine_code":"Chrysler 2.4L EDZ","common_issues_ru":["Чувствительность к перегреву","Сложности с обслуживанием из-за специфичности запчастей на российском рынке"]}]'::jsonb,
  null,
  null
)

insert into public.vehicle_makes (id, slug, name_en, country, segment_class, is_active, category_path)
values (
  'a88ab815-48ca-d0a8-ce01-3ae0efd1b61f',
  'volkswagen',
  'Volkswagen',
  'Germany',
  'Mass Market',
  true,
  'Passenger Cars'
)

insert into public.vehicle_models (
  id,
  make_id,
  slug,
  name_en,
  first_model_year,
  last_model_year,
  years_available,
  body_types_available,
  fuel_types_available,
  transmission_available,
  reliability_score,
  popularity_score
)
values (
  'cb0d0098-cd42-3d11-b130-cbba793b942a',
  'a88ab815-48ca-d0a8-ce01-3ae0efd1b61f',
  'golf',
  'Golf',
  1974,
  2024,
  '{"2012","2013","2014","2015","2016","2017","2018","2019","2020","2021","2022","2023","2024"}'::int[],
  '["Hatchback","Estate"]'::jsonb,
  '["Gasoline","Diesel","CNG","Hybrid"]'::jsonb,
  '["Manual","Automatic (DSG)"]'::jsonb,
  8.5,
  9.5
)

insert into public.vehicle_generations (
  id,
  model_id,
  code,
  start_year,
  end_year,
  facelift,
  production_countries,
  body_types,
  fuel_types,
  transmission_types,
  summary
)
values (
  '5dd61434-3d37-d7e1-2b14-e38470bec55e',
  'cb0d0098-cd42-3d11-b130-cbba793b942a',
  'Typ 5G (VII)',
  2012,
  2020,
  false,
  '{"Germany","Mexico","China"}'::text[],
  null,
  null,
  null,
  'Built on the flexible MQB platform, known for excellent efficiency, refined handling, and advanced safety features.'
)

insert into public.vehicle_generations (
  id,
  model_id,
  code,
  start_year,
  end_year,
  facelift,
  production_countries,
  body_types,
  fuel_types,
  transmission_types,
  summary
)
values (
  '63756215-5fbe-2c73-c364-6784289270ca',
  'cb0d0098-cd42-3d11-b130-cbba793b942a',
  'CD1 (VIII)',
  2019,
  123,
  false,
  '{"Germany"}'::text[],
  null,
  null,
  null,
  'Features a heavily digitalized cockpit and mild-hybrid technology, though initial models faced software challenges.'
)

insert into public.vehicle_insights (
  model_id,
  pros,
  cons,
  inspection_tips,
  notable_features,
  engine_examples,
  common_issues_by_engine,
  reliability_score,
  popularity_score
)
values (
  'cb0d0098-cd42-3d11-b130-cbba793b942a',
  '["Надежные двигатели и коробки (при своевременном обслуживании)","Высокое качество сборки и материалов","Отличная управляемость и комфорт"]'::jsonb,
  '["Expensive maintenance for DSG and complex engines","Software glitches (Golf VIII)","Standard models can feel underpowered"]'::jsonb,
  '["Check DSG clutch wear and oil change history (every 60,000 km)","Inspect timing belt condition (if applicable)","Verify water pump integrity on TSI engines"]'::jsonb,
  '["Adaptive Cruise Control (ACC)","Digital Cockpit","High safety ratings"]'::jsonb,
  '["1.4 TSI EA211","2.0 TDI EA288","2.0 TSI EA888"]'::jsonb,
  '[{"engine_code":"1.4 TSI EA211","common_issues_ru":["Проблемы с помпой (течи антифриза)","Повышенный расход масла (редко, зависит от эксплуатации)"]},{"engine_code":"2.0 TDI EA288","common_issues_ru":["Сбои в работе системы EGR","Потенциальные проблемы с насосом высокого давления (ТНВД)"]}]'::jsonb,
  null,
  null
)

insert into public.vehicle_models (
  id,
  make_id,
  slug,
  name_en,
  first_model_year,
  last_model_year,
  years_available,
  body_types_available,
  fuel_types_available,
  transmission_available,
  reliability_score,
  popularity_score
)
values (
  '55467a6a-92cf-cbe3-fd52-60c79bd4f05f',
  'a88ab815-48ca-d0a8-ce01-3ae0efd1b61f',
  'passat',
  'Passat',
  1973,
  2024,
  '{"2014","2015","2016","2017","2018","2019","2020","2021","2022","2023","2024"}'::int[],
  '["Sedan","Estate"]'::jsonb,
  '["Gasoline","Diesel","Hybrid"]'::jsonb,
  '["Manual","Automatic (DSG)"]'::jsonb,
  8,
  9
)

insert into public.vehicle_generations (
  id,
  model_id,
  code,
  start_year,
  end_year,
  facelift,
  production_countries,
  body_types,
  fuel_types,
  transmission_types,
  summary
)
values (
  '47643d39-e80d-b564-0429-b16147fdbca1',
  '55467a6a-92cf-cbe3-fd52-60c79bd4f05f',
  'B8',
  2014,
  2023,
  true,
  '{"Germany","China"}'::text[],
  null,
  null,
  null,
  'Executive class vehicle built on the MQB platform, offering premium interior quality and technology.'
)

insert into public.vehicle_insights (
  model_id,
  pros,
  cons,
  inspection_tips,
  notable_features,
  engine_examples,
  common_issues_by_engine,
  reliability_score,
  popularity_score
)
values (
  '55467a6a-92cf-cbe3-fd52-60c79bd4f05f',
  '["Просторный салон и огромный багажник (особенно Variant)","Высокий уровень комфорта для дальних поездок","Широкий выбор мощных и экономичных двигателей"]'::jsonb,
  '["High cost of DSG repair/replacement","Electronics and sensor issues can be costly","Cabin squeaks and rattles develop over time"]'::jsonb,
  '["Check for coolant leaks (water pump/thermostat housing are weak points)","Monitor DSG shifting smoothness, especially in traffic","Inspect chassis for signs of structural rust (rare, but check)"]'::jsonb,
  '["Travel Assist (advanced driver assistance)","ErgoComfort seats","Large digital instrument cluster (Active Info Display)"]'::jsonb,
  '["1.8 TSI EA888 Gen 3","2.0 TDI EA288","2.0 TSI"]'::jsonb,
  '[{"engine_code":"1.8 TSI EA888 Gen 3","common_issues_ru":["Проблемы с фазорегулятором и натяжителем цепи (менее актуально для Gen 3)","Износ поршневой группы при плохом обслуживании или длительной работе на холостом ходу"]},{"engine_code":"2.0 TDI EA288","common_issues_ru":["Отказы клапана EGR (система рециркуляции)","Загрязнение сажевого фильтра при частой городской езде"]}]'::jsonb,
  null,
  null
)

insert into public.vehicle_models (
  id,
  make_id,
  slug,
  name_en,
  first_model_year,
  last_model_year,
  years_available,
  body_types_available,
  fuel_types_available,
  transmission_available,
  reliability_score,
  popularity_score
)
values (
  '34820d37-91a7-a80c-a9da-58bb60e5b5db',
  'a88ab815-48ca-d0a8-ce01-3ae0efd1b61f',
  'tiguan',
  'Tiguan',
  2007,
  2024,
  '{"2016","2017","2018","2019","2020","2021","2022","2023","2024"}'::int[],
  '["SUV"]'::jsonb,
  '["Gasoline","Diesel","Hybrid"]'::jsonb,
  '["Manual","Automatic (DSG)"]'::jsonb,
  8.3,
  9.2
)

insert into public.vehicle_generations (
  id,
  model_id,
  code,
  start_year,
  end_year,
  facelift,
  production_countries,
  body_types,
  fuel_types,
  transmission_types,
  summary
)
values (
  '7db1ca58-1d18-3a44-5faf-8326806dc6c3',
  '34820d37-91a7-a80c-a9da-58bb60e5b5db',
  'AD1 (II)',
  2016,
  123,
  true,
  '{"Germany","Russia","China"}'::text[],
  null,
  null,
  null,
  'Second-generation Tiguan, based on MQB platform, offering increased space and technology, including a long-wheelbase ''Allspace'' version.'
)

insert into public.vehicle_insights (
  model_id,
  pros,
  cons,
  inspection_tips,
  notable_features,
  engine_examples,
  common_issues_by_engine,
  reliability_score,
  popularity_score
)
values (
  '34820d37-91a7-a80c-a9da-58bb60e5b5db',
  '["Отличная обзорность и высокая посадка водителя","Надежная система полного привода (при своевременном обслуживании муфты)","Удобный, просторный салон и вместительный багажник"]'::jsonb,
  '["Relatively stiff suspension on R-Line versions/large wheels","Fuel consumption is high with powerful 2.0 TSI engines","Potential issues with panoramic sunroof drains clogging"]'::jsonb,
  '["Check Haldex coupling service history (AWD systems)","Inspect for excessive oil consumption in higher mileage 2.0 TSI units","Test the operation of all infotainment features"]'::jsonb,
  '["Optional 7-seat version (Allspace)","Reliable 4Motion AWD system","High ground clearance"]'::jsonb,
  '["1.4 TSI EA211","2.0 TSI EA888 Gen 3","2.0 TDI"]'::jsonb,
  '[{"engine_code":"1.4 TSI EA211","common_issues_ru":["Течь антифриза из-за неисправной помпы/термостата","Необходимость контроля за уровнем масла"]},{"engine_code":"2.0 TSI EA888 Gen 3","common_issues_ru":["Накопление нагара на впускных клапанах (требуется чистка)","Сбои в работе клапана N75 (управление турбиной)"]}]'::jsonb,
  null,
  null
)

insert into public.vehicle_makes (id, slug, name_en, country, segment_class, is_active, category_path)
values (
  '171b201d-7d8e-fe5f-bb66-4e22acc7dc90',
  'volvo',
  'Volvo',
  'Sweden',
  'Premium',
  true,
  'Premium Brand'
)

insert into public.vehicle_models (
  id,
  make_id,
  slug,
  name_en,
  first_model_year,
  last_model_year,
  years_available,
  body_types_available,
  fuel_types_available,
  transmission_available,
  reliability_score,
  popularity_score
)
values (
  'f42283c2-13de-385a-1509-130efa9cd2f7',
  '171b201d-7d8e-fe5f-bb66-4e22acc7dc90',
  'xc90',
  'XC90',
  2015,
  2024,
  '{"2015","2016","2017","2018","2019","2020","2021","2022","2023","2024"}'::int[],
  '["SUV"]'::jsonb,
  '["Gasoline","Diesel","Hybrid"]'::jsonb,
  '["Automatic"]'::jsonb,
  8.8,
  9.5
)

insert into public.vehicle_generations (
  id,
  model_id,
  code,
  start_year,
  end_year,
  facelift,
  production_countries,
  body_types,
  fuel_types,
  transmission_types,
  summary
)
values (
  'c503a1be-30bb-8969-ef7b-7cf502c37ffa',
  'f42283c2-13de-385a-1509-130efa9cd2f7',
  'SPA Gen 2',
  2015,
  2024,
  false,
  '{"Sweden","China"}'::text[],
  null,
  null,
  null,
  'The second generation XC90 redefined Volvo''s design language and safety focus, utilizing the Scalable Product Architecture (SPA) platform.'
)

insert into public.vehicle_generations (
  id,
  model_id,
  code,
  start_year,
  end_year,
  facelift,
  production_countries,
  body_types,
  fuel_types,
  transmission_types,
  summary
)
values (
  'bdc4b104-1ed1-e20c-6689-dd85ab6a2b7c',
  'f42283c2-13de-385a-1509-130efa9cd2f7',
  'P5 Facelift',
  2019,
  2024,
  true,
  '{"Sweden"}'::text[],
  null,
  null,
  null,
  'Mid-cycle refresh introduced updated tech, mild-hybrid options, and minor exterior tweaks.'
)

insert into public.vehicle_insights (
  model_id,
  pros,
  cons,
  inspection_tips,
  notable_features,
  engine_examples,
  common_issues_by_engine,
  reliability_score,
  popularity_score
)
values (
  'f42283c2-13de-385a-1509-130efa9cd2f7',
  '["Образцовый уровень безопасности (активной и пассивной)","Высочайший уровень комфорта и качества отделки салона","Вместительность, особенно в 7-местном варианте"]'::jsonb,
  '["Высокая стоимость обслуживания и запчастей","Чувствительность сложной электрики и ПО (Sensus)","Дорогостоящий ремонт пневмоподвески после 100 тыс. км"]'::jsonb,
  '["Тщательная диагностика работы мультимедийной системы Sensus и электронных помощников","Проверить работу пневмоподвески во всех режимах (если установлена)","Осмотр состояния тормозной системы, которая быстро изнашивается из-за массы авто"]'::jsonb,
  '["Advanced safety systems (Pilot Assist)","Luxurious interior materials","7-seater option"]'::jsonb,
  '["2.0L T6 (320 hp)","2.0L D5 (235 hp)","2.0L T8 Twin Engine"]'::jsonb,
  '[{"engine_code":"B4204T27 (T6)","common_issues_ru":["Проблемы с нагнетателем (турбо/компрессор)","Выход из строя помпы и термостата","Склонность к повышенному расходу масла"]},{"engine_code":"D4204T11 (D5)","common_issues_ru":["Вибрации на холостом ходу из-за опор двигателя","Проблемы с системой EGR и сажевым фильтром (DPF)","Необходимость обновления ПО для устранения рывков АКПП"]}]'::jsonb,
  null,
  null
)

insert into public.vehicle_models (
  id,
  make_id,
  slug,
  name_en,
  first_model_year,
  last_model_year,
  years_available,
  body_types_available,
  fuel_types_available,
  transmission_available,
  reliability_score,
  popularity_score
)
values (
  '111a4159-81fa-d82e-f332-6963039285ac',
  '171b201d-7d8e-fe5f-bb66-4e22acc7dc90',
  'xc60',
  'XC60',
  2017,
  2024,
  '{"2017","2018","2019","2020","2021","2022","2023","2024"}'::int[],
  '["SUV"]'::jsonb,
  '["Gasoline","Diesel","Hybrid"]'::jsonb,
  '["Automatic"]'::jsonb,
  9,
  9
)

insert into public.vehicle_generations (
  id,
  model_id,
  code,
  start_year,
  end_year,
  facelift,
  production_countries,
  body_types,
  fuel_types,
  transmission_types,
  summary
)
values (
  'f7251e1c-0c89-a8c8-e993-065b2c9f59ea',
  '111a4159-81fa-d82e-f332-6963039285ac',
  'SPA Gen 2',
  2017,
  2024,
  false,
  '{"Sweden","China"}'::text[],
  null,
  null,
  null,
  'The second generation XC60 moved to the SPA platform, offering improved technology, efficiency, and a refined driving experience compared to its predecessor.'
)

insert into public.vehicle_insights (
  model_id,
  pros,
  cons,
  inspection_tips,
  notable_features,
  engine_examples,
  common_issues_by_engine,
  reliability_score,
  popularity_score
)
values (
  '111a4159-81fa-d82e-f332-6963039285ac',
  '["Идеальный баланс размера и премиальности","Стильный дизайн и высокое качество материалов","Хорошая управляемость и комфорт для города"]'::jsonb,
  '["Ограниченное пространство на заднем ряду для высокого пассажира","Чувствительность к состоянию дорог (особенно на больших дисках)","Дорогостоящее обслуживание 8-ступенчатой АКПП"]'::jsonb,
  '["Проверка состояния 8-ступенчатой АКПП Aisin на предмет толчков при переключении","Осмотр люка и панорамной крыши на предмет коррозии или течей","Диагностика тормозных шлангов и колодок"]'::jsonb,
  '["Harmon Kardon sound system option","Elegant exterior styling","Pilot Assist Level 2"]'::jsonb,
  '["2.0L T5 (250 hp)","2.0L D4 (190 hp)","2.0L T8 Plug-in"]'::jsonb,
  '[{"engine_code":"B4204T26 (T5)","common_issues_ru":["Повышенный расход масла при активной езде","Сбои в работе системы Start/Stop, требующие перепрошивки"]},{"engine_code":"D4204T14 (D4)","common_issues_ru":["Загрязнение впускного коллектора при некачественном топливе","Проблемы с датчиком NOx"]}]'::jsonb,
  null,
  null
)

insert into public.vehicle_models (
  id,
  make_id,
  slug,
  name_en,
  first_model_year,
  last_model_year,
  years_available,
  body_types_available,
  fuel_types_available,
  transmission_available,
  reliability_score,
  popularity_score
)
values (
  '35f7eac8-897f-83d1-5b45-d896ed0ab41f',
  '171b201d-7d8e-fe5f-bb66-4e22acc7dc90',
  's60',
  'S60',
  2019,
  2024,
  '{"2019","2020","2021","2022","2023","2024"}'::int[],
  '["Sedan"]'::jsonb,
  '["Gasoline","Hybrid"]'::jsonb,
  '["Automatic"]'::jsonb,
  8.5,
  7.5
)

insert into public.vehicle_generations (
  id,
  model_id,
  code,
  start_year,
  end_year,
  facelift,
  production_countries,
  body_types,
  fuel_types,
  transmission_types,
  summary
)
values (
  '61187449-f1ee-baf7-7e6d-28df96b31a21',
  '35f7eac8-897f-83d1-5b45-d896ed0ab41f',
  'SPA Gen 3',
  2019,
  2024,
  false,
  '{"USA"}'::text[],
  null,
  null,
  null,
  'The third generation S60, built on the SPA platform, abandoned diesel engines entirely, focusing on gasoline and hybrid powertrains. It features a sleek, sporty design.'
)

insert into public.vehicle_insights (
  model_id,
  pros,
  cons,
  inspection_tips,
  notable_features,
  engine_examples,
  common_issues_by_engine,
  reliability_score,
  popularity_score
)
values (
  '35f7eac8-897f-83d1-5b45-d896ed0ab41f',
  '["Отличная шумоизоляция и комфорт в салоне","Острый руль и динамика, нетипичные для Volvo","Высокое качество сборки (сделано в США)"]'::jsonb,
  '["Тесный задний ряд по сравнению с конкурентами","Относительно небольшой багажник","Спортивная подвеска может быть слишком жесткой для плохих дорог"]'::jsonb,
  '["Проверка состояния полного привода Haldex (если установлен)","Внимание к состоянию лакокрасочного покрытия, склонного к царапинам","Диагностика системы охлаждения двигателя"]'::jsonb,
  '["Polestar Engineered performance version","No diesel engines offered globally","High levels of standard safety features"]'::jsonb,
  '["2.0L T4 (190 hp)","2.0L T6 AWD (316 hp)","T8 Plug-in Hybrid"]'::jsonb,
  '[{"engine_code":"B4204T44 (T4)","common_issues_ru":["Стуки клапанов на холодную из-за гидрокомпенсаторов","Быстрый износ свечей зажигания","Неисправности термостата, ведущие к перегреву"]},{"engine_code":"B4204Txx (T8 Plug-in)","common_issues_ru":["Требование дорогостоящего обслуживания гибридной системы","Быстрая деградация аккумулятора при отсутствии регулярной подзарядки"]}]'::jsonb,
  null,
  null
)

insert into public.vehicle_makes (id, slug, name_en, country, segment_class, is_active, category_path)
values (
  'de499a00-b330-0a37-ce3a-f2731e77d16c',
  'voyah',
  'Voyah',
  'China',
  'Premium/Luxury EV',
  true,
  'Passenger Cars/Luxury Electric Vehicles'
)

insert into public.vehicle_models (
  id,
  make_id,
  slug,
  name_en,
  first_model_year,
  last_model_year,
  years_available,
  body_types_available,
  fuel_types_available,
  transmission_available,
  reliability_score,
  popularity_score
)
values (
  '3738f746-7790-58ac-5e4a-89f813f219ef',
  'de499a00-b330-0a37-ce3a-f2731e77d16c',
  'free',
  'Free',
  2021,
  2024,
  '{"2021","2022","2023","2424"}'::int[],
  '["SUV"]'::jsonb,
  '["Electric","Range Extender Electric"]'::jsonb,
  '["Automatic (EV single-speed)"]'::jsonb,
  7.5,
  8.5
)

insert into public.vehicle_generations (
  id,
  model_id,
  code,
  start_year,
  end_year,
  facelift,
  production_countries,
  body_types,
  fuel_types,
  transmission_types,
  summary
)
values (
  '5fad5471-45d0-77d5-fc0f-14361c61b470',
  '3738f746-7790-58ac-5e4a-89f813f219ef',
  'H53',
  2021,
  2023,
  false,
  '{"China"}'::text[],
  null,
  null,
  null,
  'First generation luxury EREV/EV SUV, offering competitive range and smart features.'
)

insert into public.vehicle_generations (
  id,
  model_id,
  code,
  start_year,
  end_year,
  facelift,
  production_countries,
  body_types,
  fuel_types,
  transmission_types,
  summary
)
values (
  '0c03b1b4-633d-d90d-f5ab-3415a767c6ba',
  '3738f746-7790-58ac-5e4a-89f813f219ef',
  'H53 FL',
  2023,
  2024,
  true,
  '{"China"}'::text[],
  null,
  null,
  null,
  'Mid-cycle update bringing performance improvements and updated exterior design.'
)

insert into public.vehicle_insights (
  model_id,
  pros,
  cons,
  inspection_tips,
  notable_features,
  engine_examples,
  common_issues_by_engine,
  reliability_score,
  popularity_score
)
values (
  '3738f746-7790-58ac-5e4a-89f813f219ef',
  '["Мощная динамика","Высокий уровень комфорта и шумоизоляции","Богатое оснащение","Система пневматической подвески"]'::jsonb,
  '["Высокая цена обслуживания у неофициалов","Сложности с поиском запчастей в СНГ","Быстрый разряд батареи при низких температурах"]'::jsonb,
  '["Проверить работу пневмоподвески на всех режимах","Осмотреть состояние высоковольтной батареи (пробег и деградация)","Диагностировать электронику на предмет ошибок локализации"]'::jsonb,
  '["Triple screen infotainment system","Range extender (EREV) option","Air suspension"]'::jsonb,
  '["Electric Motor 510 kW","1.5T Range Extender"]'::jsonb,
  '[{"engine_code":"1.5T B15TF","common_issues_ru":["Нестабильная работа ДВС при низких температурах (в качестве генератора)","Повышенный расход топлива в режиме Range Extender","Вибрации на холостом ходу"]},{"engine_code":"Dual Motor EV","common_issues_ru":["Сбои в программном обеспечении управления тягой","Шум редукторов при интенсивном разгоне"]}]'::jsonb,
  null,
  null
)

insert into public.vehicle_models (
  id,
  make_id,
  slug,
  name_en,
  first_model_year,
  last_model_year,
  years_available,
  body_types_available,
  fuel_types_available,
  transmission_available,
  reliability_score,
  popularity_score
)
values (
  '7cc15a35-5aa5-97ab-c56b-a89968ca6d89',
  'de499a00-b330-0a37-ce3a-f2731e77d16c',
  'dreamer',
  'Dreamer',
  2022,
  2024,
  '{"2022","2023","2024"}'::int[],
  '["MPV/Minivan"]'::jsonb,
  '["Electric","Range Extender Electric"]'::jsonb,
  '["Automatic (EV single-speed)"]'::jsonb,
  7.2,
  7.8
)

insert into public.vehicle_generations (
  id,
  model_id,
  code,
  start_year,
  end_year,
  facelift,
  production_countries,
  body_types,
  fuel_types,
  transmission_types,
  summary
)
values (
  '36823f5c-fea3-94e5-56c2-b0913ae46313',
  '7cc15a35-5aa5-97ab-c56b-a89968ca6d89',
  'H57',
  2022,
  2024,
  false,
  '{"China"}'::text[],
  null,
  null,
  null,
  'Luxury electric MPV/minivan aimed at executive transport, offering high comfort and powerful drivetrain options.'
)

insert into public.vehicle_insights (
  model_id,
  pros,
  cons,
  inspection_tips,
  notable_features,
  engine_examples,
  common_issues_by_engine,
  reliability_score,
  popularity_score
)
values (
  '7cc15a35-5aa5-97ab-c56b-a89968ca6d89',
  '["Непревзойденный комфорт для пассажиров второго ряда","Огромный запас мощности для минивэна","Роскошный интерьер и качество материалов","Плавность хода"]'::jsonb,
  '["Очень большие габариты, сложности с парковкой","Высокое потребление энергии из-за веса","Слабая обзорность сзади"]'::jsonb,
  '["Проверить работу всех электроприводов дверей и сидений","Осмотреть целостность панорамной крыши и отсутствие протечек","Убедиться в отсутствии люфтов в подвеске из-за большого веса"]'::jsonb,
  '["Executive seating layout","Sliding electric doors","Advanced driver assistance systems"]'::jsonb,
  '["Electric Motor 420 kW","1.5T Range Extender"]'::jsonb,
  '[{"engine_code":"1.5T B15TF","common_issues_ru":["Отказы датчиков системы EREV","Повышенный шум от генератора при нагрузке"]},{"engine_code":"Dual Motor EV","common_issues_ru":["Проблемы с зарядным портом (перегрев)","Быстрый износ шин"]}]'::jsonb,
  null,
  null
)

insert into public.vehicle_models (
  id,
  make_id,
  slug,
  name_en,
  first_model_year,
  last_model_year,
  years_available,
  body_types_available,
  fuel_types_available,
  transmission_available,
  reliability_score,
  popularity_score
)
values (
  'c39b8caf-d4fb-29a5-7940-061ac4d38c89',
  'de499a00-b330-0a37-ce3a-f2731e77d16c',
  'passion-zhuiguang',
  'Passion',
  2023,
  2024,
  '{"2023","2024"}'::int[],
  '["Sedan"]'::jsonb,
  '["Electric","Range Extender Electric"]'::jsonb,
  '["Automatic (EV single-speed)"]'::jsonb,
  7.8,
  6.5
)

insert into public.vehicle_generations (
  id,
  model_id,
  code,
  start_year,
  end_year,
  facelift,
  production_countries,
  body_types,
  fuel_types,
  transmission_types,
  summary
)
values (
  'c74b399c-0b6e-f2d6-2668-f09c44003c31',
  'c39b8caf-d4fb-29a5-7940-061ac4d38c89',
  'H70',
  2023,
  2024,
  false,
  '{"China"}'::text[],
  null,
  null,
  null,
  'Flagship luxury electric sedan, competing in the executive D/E segments with high performance and technology.'
)

insert into public.vehicle_insights (
  model_id,
  pros,
  cons,
  inspection_tips,
  notable_features,
  engine_examples,
  common_issues_by_engine,
  reliability_score,
  popularity_score
)
values (
  'c39b8caf-d4fb-29a5-7940-061ac4d38c89',
  '["Фантастическая аэродинамика и дизайн","Очень высокая энерговооруженность","Длительный запас хода в версии EREV","Отличная управляемость для большого седана"]'::jsonb,
  '["Низкий клиренс","Ограниченное пространство над головой сзади из-за покатой крыши","Высокая стоимость КАСКО"]'::jsonb,
  '["Проверить состояние элементов активной аэродинамики (задний спойлер)","Оценить износ тормозных дисков (высокая мощность требует хороших тормозов)","Диагностика системы подруливания задней оси"]'::jsonb,
  '["Active rear spoiler","Four-wheel steering (optional)","High-performance braking system"]'::jsonb,
  '["Electric Motor 375 kW","1.5T Range Extender"]'::jsonb,
  '[{"engine_code":"Dual Motor EV","common_issues_ru":["Скрип тормозных механизмов","Чувствительность к качеству дорожного покрытия (подвеска)"]}]'::jsonb,
  null,
  null
)

insert into public.vehicle_makes (id, slug, name_en, country, segment_class, is_active, category_path)
values (
  'f352a8ed-af39-1e15-51cf-8d4a31e54a15',
  'warszawa',
  'Warszawa',
  'Poland',
  'E',
  false,
  'Cars/Classic'
)

insert into public.vehicle_models (
  id,
  make_id,
  slug,
  name_en,
  first_model_year,
  last_model_year,
  years_available,
  body_types_available,
  fuel_types_available,
  transmission_available,
  reliability_score,
  popularity_score
)
values (
  'ef5adfe6-00f2-b9f3-05dd-18465f01234e',
  'f352a8ed-af39-1e15-51cf-8d4a31e54a15',
  'm20',
  'M20',
  1951,
  1957,
  '{"1951","1952","1953","1954","1955","1956","1957"}'::int[],
  '["Sedan"]'::jsonb,
  '["Gasoline"]'::jsonb,
  '["Manual"]'::jsonb,
  4,
  6
)

insert into public.vehicle_generations (
  id,
  model_id,
  code,
  start_year,
  end_year,
  facelift,
  production_countries,
  body_types,
  fuel_types,
  transmission_types,
  summary
)
values (
  '88aa6318-7c89-d828-02c7-476e663ace21',
  'ef5adfe6-00f2-b9f3-05dd-18465f01234e',
  'M20',
  1951,
  1957,
  false,
  '{"Poland"}'::text[],
  null,
  null,
  null,
  'The original Polish production based on the Soviet GAZ M20 Pobeda.'
)

insert into public.vehicle_insights (
  model_id,
  pros,
  cons,
  inspection_tips,
  notable_features,
  engine_examples,
  common_issues_by_engine,
  reliability_score,
  popularity_score
)
values (
  'ef5adfe6-00f2-b9f3-05dd-18465f01234e',
  '["Classic status","Robust construction","Easy to repair"]'::jsonb,
  '["High fuel consumption","Weak brakes","Slow acceleration"]'::jsonb,
  '["Check for severe rust on frame and chassis.","Inspect gearbox synchronization."]'::jsonb,
  '[]'::jsonb,
  '["M-20"]'::jsonb,
  '[{"engine_code":"M-20","common_issues_ru":["Перегрев при длительной эксплуатации","Проблемы с системой зажигания (контактной)","Быстрый износ сальников"]}]'::jsonb,
  null,
  null
)

insert into public.vehicle_models (
  id,
  make_id,
  slug,
  name_en,
  first_model_year,
  last_model_year,
  years_available,
  body_types_available,
  fuel_types_available,
  transmission_available,
  reliability_score,
  popularity_score
)
values (
  'd2749587-7da8-b66b-4f69-477b62b3a67c',
  'f352a8ed-af39-1e15-51cf-8d4a31e54a15',
  '203-223',
  '203/223 (Sedan/Wagon)',
  1964,
  1973,
  '{"1964","1965","1966","1967","1968","1969","1970","1971","1972","1973"}'::int[],
  '["Sedan","Wagon"]'::jsonb,
  '["Gasoline"]'::jsonb,
  '["Manual"]'::jsonb,
  5,
  7
)

insert into public.vehicle_generations (
  id,
  model_id,
  code,
  start_year,
  end_year,
  facelift,
  production_countries,
  body_types,
  fuel_types,
  transmission_types,
  summary
)
values (
  'ff6ccffb-c4ee-885d-127a-e8a8050587cc',
  'd2749587-7da8-b66b-4f69-477b62b3a67c',
  'Series 200',
  1964,
  1973,
  true,
  '{"Poland"}'::text[],
  null,
  null,
  null,
  'The final major redesign featuring a new overhead valve engine (M20 V-Type) and a modern aesthetic.'
)

insert into public.vehicle_insights (
  model_id,
  pros,
  cons,
  inspection_tips,
  notable_features,
  engine_examples,
  common_issues_by_engine,
  reliability_score,
  popularity_score
)
values (
  'd2749587-7da8-b66b-4f69-477b62b3a67c',
  '["Improved S-21 engine performance","Available in practical wagon body","Good spare parts availability among enthusiasts"]'::jsonb,
  '["Dated handling characteristics","Prone to body rust, especially wagons","Heavy steering"]'::jsonb,
  '["Check the rear leaf springs condition.","Look for oil leaks from the differential."]'::jsonb,
  '[]'::jsonb,
  '["S-21"]'::jsonb,
  '[{"engine_code":"S-21","common_issues_ru":["Проблемы с ГБЦ из-за перегрева","Износ масляного насоса","Нестабильная работа карбюратора"]}]'::jsonb,
  null,
  null
)

insert into public.vehicle_models (
  id,
  make_id,
  slug,
  name_en,
  first_model_year,
  last_model_year,
  years_available,
  body_types_available,
  fuel_types_available,
  transmission_available,
  reliability_score,
  popularity_score
)
values (
  '7ab5a201-8717-c251-c446-1a3b4c3052ca',
  'f352a8ed-af39-1e15-51cf-8d4a31e54a15',
  'utility-223',
  'Pick-up / Van (223K/P)',
  1960,
  1973,
  '{"1960","1961","1962","1963","1964","1965","1966","1967","1968","1969","1970","1971","1972","1973"}'::int[],
  '["Pickup","Van"]'::jsonb,
  '["Gasoline"]'::jsonb,
  '["Manual"]'::jsonb,
  4.5,
  5.5
)

insert into public.vehicle_generations (
  id,
  model_id,
  code,
  start_year,
  end_year,
  facelift,
  production_countries,
  body_types,
  fuel_types,
  transmission_types,
  summary
)
values (
  'd11c2955-c8be-226f-baf1-fc4baf5184f7',
  '7ab5a201-8717-c251-c446-1a3b4c3052ca',
  'Utility',
  1960,
  1973,
  false,
  '{"Poland"}'::text[],
  null,
  null,
  null,
  'Various utility versions including pickups (R) and vans (K) based on the standard chassis.'
)

insert into public.vehicle_insights (
  model_id,
  pros,
  cons,
  inspection_tips,
  notable_features,
  engine_examples,
  common_issues_by_engine,
  reliability_score,
  popularity_score
)
values (
  '7ab5a201-8717-c251-c446-1a3b4c3052ca',
  '["High payload capacity (for the era)","Simple, rugged mechanics","Historical utility vehicle status"]'::jsonb,
  '["Very rough ride when unloaded","Poor cabin insulation","Limited availability today"]'::jsonb,
  '["Examine the load bed structure for excessive damage or repairs.","Check rear axle bearings due to heavy use."]'::jsonb,
  '[]'::jsonb,
  '["S-21"]'::jsonb,
  '[{"engine_code":"S-21","common_issues_ru":["Повышенный износ трансмиссии из-за перегрузок","Частые поломки подвески при эксплуатации на плохих дорогах"]}]'::jsonb,
  null,
  null
)

insert into public.vehicle_makes (id, slug, name_en, country, segment_class, is_active, category_path)
values (
  'f8120cd7-fa20-c025-dbfa-830c8897b100',
  'wartburg',
  'Wartburg',
  'East Germany',
  'C',
  false,
  'Passenger Car'
)

insert into public.vehicle_models (
  id,
  make_id,
  slug,
  name_en,
  first_model_year,
  last_model_year,
  years_available,
  body_types_available,
  fuel_types_available,
  transmission_available,
  reliability_score,
  popularity_score
)
values (
  '47607d33-76cd-8f27-5b36-b17a67680b8e',
  'f8120cd7-fa20-c025-dbfa-830c8897b100',
  'wartburg-353',
  'Wartburg 353',
  1966,
  1989,
  '{"1966","1970","1975","1980","1985","1989"}'::int[],
  '["Sedan","Wagon","Pickup"]'::jsonb,
  '["Gasoline"]'::jsonb,
  '["Manual"]'::jsonb,
  6,
  8
)

insert into public.vehicle_generations (
  id,
  model_id,
  code,
  start_year,
  end_year,
  facelift,
  production_countries,
  body_types,
  fuel_types,
  transmission_types,
  summary
)
values (
  '8ef4b463-502f-49e0-c53d-da5717b331e7',
  '47607d33-76cd-8f27-5b36-b17a67680b8e',
  '353',
  1966,
  1975,
  false,
  '{"East Germany"}'::text[],
  null,
  null,
  null,
  'Original squared design, powered by a 1.0L two-stroke engine.'
)

insert into public.vehicle_generations (
  id,
  model_id,
  code,
  start_year,
  end_year,
  facelift,
  production_countries,
  body_types,
  fuel_types,
  transmission_types,
  summary
)
values (
  'd4703a29-6dbb-3bc4-e82e-97a13ca51f83',
  '47607d33-76cd-8f27-5b36-b17a67680b8e',
  '353W',
  1975,
  1989,
  true,
  '{"East Germany"}'::text[],
  null,
  null,
  null,
  'Updated model (W stands for Weiterentwicklung - further development) featuring safety enhancements and minor visual changes.'
)

insert into public.vehicle_insights (
  model_id,
  pros,
  cons,
  inspection_tips,
  notable_features,
  engine_examples,
  common_issues_by_engine,
  reliability_score,
  popularity_score
)
values (
  '47607d33-76cd-8f27-5b36-b17a67680b8e',
  '["Крайне простая и ремонтопригодная конструкция","Большой багажник, особенно у версии Tourist (универсал)","Низкая стоимость владения (если не считать расход топлива)"]'::jsonb,
  '["Высокий расход топлива и масла","Низкая динамика и громкий двухтактный шум","Устаревшие системы безопасности"]'::jsonb,
  '["Проверить работу механизма свободного хода (freewheel)","Оценить состояние кузова, особенно порогов и колесных арок, на предмет ржавчины","Проверить систему выпуска на наличие отложений сажи"]'::jsonb,
  '["Three-cylinder, two-stroke engine","Independent suspension on all four wheels","Freewheel mechanism in the transmission"]'::jsonb,
  '["1.0L (993 cc) 3-cylinder two-stroke"]'::jsonb,
  '[{"engine_code":"AWZ 993 (2-Stroke)","common_issues_ru":["Износ свечей зажигания из-за масляной смеси","Проблемы с карбюратором и настройкой топливовоздушной смеси","Быстрая коррозия кузова и рамы"]}]'::jsonb,
  null,
  null
)

insert into public.vehicle_models (
  id,
  make_id,
  slug,
  name_en,
  first_model_year,
  last_model_year,
  years_available,
  body_types_available,
  fuel_types_available,
  transmission_available,
  reliability_score,
  popularity_score
)
values (
  'fd99be86-e459-d179-d3ab-9341f77597a0',
  'f8120cd7-fa20-c025-dbfa-830c8897b100',
  'wartburg-311',
  'Wartburg 311',
  1956,
  1965,
  '{"1956","1960","1965"}'::int[],
  '["Sedan","Wagon","Coupe","Convertible","Hardtop"]'::jsonb,
  '["Gasoline"]'::jsonb,
  '["Manual"]'::jsonb,
  5,
  7
)

insert into public.vehicle_generations (
  id,
  model_id,
  code,
  start_year,
  end_year,
  facelift,
  production_countries,
  body_types,
  fuel_types,
  transmission_types,
  summary
)
values (
  '384314ab-8ea0-b256-0178-0e50242e1d9b',
  'fd99be86-e459-d179-d3ab-9341f77597a0',
  '311/312',
  1956,
  1965,
  false,
  '{"East Germany"}'::text[],
  null,
  null,
  null,
  'Classic model featuring curved body lines and a wide range of specialized body styles.'
)

insert into public.vehicle_insights (
  model_id,
  pros,
  cons,
  inspection_tips,
  notable_features,
  engine_examples,
  common_issues_by_engine,
  reliability_score,
  popularity_score
)
values (
  'fd99be86-e459-d179-d3ab-9341f77597a0',
  '["Высокая коллекционная ценность","Классический, элегантный дизайн","Простота конструкции шасси"]'::jsonb,
  '["Очень медленный по современным меркам","Низкий уровень пассивной безопасности","Сложность в эксплуатации для неопытных водителей"]'::jsonb,
  '["Тщательно проверить состояние деревянных элементов (если применимо)","Проверить состояние рессор и амортизаторов, так как они часто требуют замены","Убедиться в наличии и исправности оригинальных документов и инструментов"]'::jsonb,
  '["Body-on-frame construction","Wide array of specialized variants (e.g., camping, cabriolet)","Styling typical of the late 1950s"]'::jsonb,
  '["0.9L (900 cc) 3-cylinder two-stroke"]'::jsonb,
  '[{"engine_code":"900 cc (2-Stroke)","common_issues_ru":["Требуется частая регулировка зажигания","Ограниченная доступность специфических кузовных запчастей","Слабая эффективность барабанных тормозов"]}]'::jsonb,
  null,
  null
)

insert into public.vehicle_models (
  id,
  make_id,
  slug,
  name_en,
  first_model_year,
  last_model_year,
  years_available,
  body_types_available,
  fuel_types_available,
  transmission_available,
  reliability_score,
  popularity_score
)
values (
  '3dad9341-782a-66e1-5eca-6efbbfc4f769',
  'f8120cd7-fa20-c025-dbfa-830c8897b100',
  'wartburg-1-3',
  'Wartburg 1.3',
  1988,
  1991,
  '{"1988","1989","1990","1991"}'::int[],
  '["Sedan","Wagon"]'::jsonb,
  '["Gasoline"]'::jsonb,
  '["Manual"]'::jsonb,
  7,
  6
)

insert into public.vehicle_generations (
  id,
  model_id,
  code,
  start_year,
  end_year,
  facelift,
  production_countries,
  body_types,
  fuel_types,
  transmission_types,
  summary
)
values (
  '42c8d5b2-83a8-2330-bc4f-3de29a457004',
  '3dad9341-782a-66e1-5eca-6efbbfc4f769',
  '1.3',
  1988,
  1991,
  false,
  '{"East Germany"}'::text[],
  null,
  null,
  null,
  'The final model, essentially a 353 chassis fitted with a modern 4-cylinder Volkswagen engine.'
)

insert into public.vehicle_insights (
  model_id,
  pros,
  cons,
  inspection_tips,
  notable_features,
  engine_examples,
  common_issues_by_engine,
  reliability_score,
  popularity_score
)
values (
  '3dad9341-782a-66e1-5eca-6efbbfc4f769',
  '["Надежный и экономичный четырехтактный двигатель","Более низкий уровень шума и вибрации","Лучшая пригодность для современного трафика"]'::jsonb,
  '["Высокая цена при старте продаж","Недостаточное торможение для нового двигателя","Сочетание новой технологии двигателя со старым шасси"]'::jsonb,
  '["Проверить герметичность крепления двигателя, так как он был импортирован","Оценить состояние коробки передач на предмет посторонних шумов","Убедиться в наличии оригинальных запчастей VW, которые легче достать"]'::jsonb,
  '["First Wartburg with a 4-stroke engine","Engine sourced from Volkswagen Polo"]'::jsonb,
  '["VW EA111 1.3L 4-cylinder (58 hp)"]'::jsonb,
  '[{"engine_code":"VW EA111 1.3L","common_issues_ru":["Несоответствие мощности двигателя старой трансмиссии (быстрый износ сцепления)","Проблемы с адаптацией систем охлаждения и электроники","Низкое качество сборки последних лет выпуска"]}]'::jsonb,
  null,
  null
)

insert into public.vehicle_makes (id, slug, name_en, country, segment_class, is_active, category_path)
values (
  'e9657f88-fdef-eff6-9cb5-5f8f5165778d',
  'weltmeister',
  'Weltmeister',
  'China',
  'E',
  true,
  'Passenger Cars/Electric Vehicles'
)

insert into public.vehicle_models (
  id,
  make_id,
  slug,
  name_en,
  first_model_year,
  last_model_year,
  years_available,
  body_types_available,
  fuel_types_available,
  transmission_available,
  reliability_score,
  popularity_score
)
values (
  'cd3c6e0d-cca2-ef57-bfb6-737628116080',
  'e9657f88-fdef-eff6-9cb5-5f8f5165778d',
  'ex5',
  'EX5',
  2018,
  2021,
  '{"2018","2019","2020","2021"}'::int[],
  '["SUV"]'::jsonb,
  '["Electric"]'::jsonb,
  '["Automatic (Single Speed)"]'::jsonb,
  6.5,
  7
)

insert into public.vehicle_generations (
  id,
  model_id,
  code,
  start_year,
  end_year,
  facelift,
  production_countries,
  body_types,
  fuel_types,
  transmission_types,
  summary
)
values (
  '9672fd8e-b00f-8afe-9169-64817f14d61a',
  'cd3c6e0d-cca2-ef57-bfb6-737628116080',
  'EX5 I',
  2018,
  2021,
  false,
  '{"China"}'::text[],
  null,
  null,
  null,
  'First mass-produced EV by Weltmeister, known for range and technology features.'
)

insert into public.vehicle_insights (
  model_id,
  pros,
  cons,
  inspection_tips,
  notable_features,
  engine_examples,
  common_issues_by_engine,
  reliability_score,
  popularity_score
)
values (
  'cd3c6e0d-cca2-ef57-bfb6-737628116080',
  '["Long range options","Advanced digital cockpit","Spacious interior"]'::jsonb,
  '["Inconsistent build quality","Software glitches","Rapid depreciation"]'::jsonb,
  '["Check battery degradation history","Verify functionality of all sensors and screen components","Inspect suspension components due to weight"]'::jsonb,
  '["Living Pilot system","Face recognition start","Rotating central screen"]'::jsonb,
  '["Permanent Magnet Synchronous Motor (160 kW)"]'::jsonb,
  '[{"engine_code":"PMSM 160kW","common_issues_ru":["Проблемы с датчиками давления в шинах","Сбои в работе системы кондиционирования","Быстрый износ тормозных колодок"]}]'::jsonb,
  null,
  null
)

insert into public.vehicle_models (
  id,
  make_id,
  slug,
  name_en,
  first_model_year,
  last_model_year,
  years_available,
  body_types_available,
  fuel_types_available,
  transmission_available,
  reliability_score,
  popularity_score
)
values (
  '4b7c00ae-7c33-989b-677c-9eb9773cd448',
  'e9657f88-fdef-eff6-9cb5-5f8f5165778d',
  'ex6',
  'EX6',
  2019,
  2021,
  '{"2019","2020","2021"}'::int[],
  '["SUV"]'::jsonb,
  '["Electric"]'::jsonb,
  '["Automatic (Single Speed)"]'::jsonb,
  6.8,
  5.5
)

insert into public.vehicle_generations (
  id,
  model_id,
  code,
  start_year,
  end_year,
  facelift,
  production_countries,
  body_types,
  fuel_types,
  transmission_types,
  summary
)
values (
  '14c50459-0e82-77ff-9cde-f66daa694359',
  '4b7c00ae-7c33-989b-677c-9eb9773cd448',
  'EX6 I',
  2019,
  2021,
  false,
  '{"China"}'::text[],
  null,
  null,
  null,
  'Larger, 7-seater version based on the EX platform, aiming for family market.'
)

insert into public.vehicle_insights (
  model_id,
  pros,
  cons,
  inspection_tips,
  notable_features,
  engine_examples,
  common_issues_by_engine,
  reliability_score,
  popularity_score
)
values (
  '4b7c00ae-7c33-989b-677c-9eb9773cd448',
  '["Large interior space","Good battery range for its size","Comfortable ride"]'::jsonb,
  '["Heavy weight affecting handling","Limited availability outside China","Interior materials quality variability"]'::jsonb,
  '["Check rear axle noise","Inspect charging port integrity","Verify proper operation of third-row folding mechanism"]'::jsonb,
  '["7-seater layout option","Panoramic sunroof"]'::jsonb,
  '["Permanent Magnet Synchronous Motor (160 kW)"]'::jsonb,
  '[{"engine_code":"PMSM 160kW","common_issues_ru":["Проблемы с дренажной системой панорамной крыши","Медленная скорость зарядки на старых станциях","Ранний выход из строя датчиков парковки"]}]'::jsonb,
  null,
  null
)

insert into public.vehicle_models (
  id,
  make_id,
  slug,
  name_en,
  first_model_year,
  last_model_year,
  years_available,
  body_types_available,
  fuel_types_available,
  transmission_available,
  reliability_score,
  popularity_score
)
values (
  '389a8727-a114-dc7b-3816-11df72adbf9e',
  'e9657f88-fdef-eff6-9cb5-5f8f5165778d',
  'w6',
  'W6',
  2021,
  2023,
  '{"2021","2022","2023"}'::int[],
  '["SUV"]'::jsonb,
  '["Electric"]'::jsonb,
  '["Automatic (Single Speed)"]'::jsonb,
  7.2,
  6
)

insert into public.vehicle_generations (
  id,
  model_id,
  code,
  start_year,
  end_year,
  facelift,
  production_countries,
  body_types,
  fuel_types,
  transmission_types,
  summary
)
values (
  '13020efb-6131-8d96-03a4-6a3e3690bde1',
  '389a8727-a114-dc7b-3816-11df72adbf9e',
  'W6 I',
  2021,
  2023,
  false,
  '{"China"}'::text[],
  null,
  null,
  null,
  'Successor model featuring advanced autonomous parking capabilities (AVP) powered by Baidu Apollo.'
)

insert into public.vehicle_insights (
  model_id,
  pros,
  cons,
  inspection_tips,
  notable_features,
  engine_examples,
  common_issues_by_engine,
  reliability_score,
  popularity_score
)
values (
  '389a8727-a114-dc7b-3816-11df72adbf9e',
  '["Advanced Level 2+ driving assistance","Impressive internal tech screens","Good range (up to 620 km CLTC)"]'::jsonb,
  '["High dependency on software updates","Potential issues with Baidu mapping/connectivity outside China","Build quality still variable"]'::jsonb,
  '["Ensure all connectivity services are functioning","Check brake system (calipers often undersized for weight)","Inspect suspension integrity"]'::jsonb,
  '["AVP (Autonomous Valet Parking)","Dual screen integration"]'::jsonb,
  '["Permanent Magnet Synchronous Motor (160 kW)"]'::jsonb,
  '[{"engine_code":"PMSM 160kW","common_issues_ru":["Проблемы с калибровкой систем ADAS после обслуживания","Зависание центрального экрана управления","Шум от редуктора на низких скоростях"]}]'::jsonb,
  null,
  null
)

insert into public.vehicle_makes (id, slug, name_en, country, segment_class, is_active, category_path)
values (
  '9487beb2-3c52-9b66-732b-7b424ecbeb17',
  'wiesmann',
  'Wiesmann',
  'Germany',
  'S - Sport cars',
  true,
  'Cars/Sports/Wiesmann'
)

insert into public.vehicle_models (
  id,
  make_id,
  slug,
  name_en,
  first_model_year,
  last_model_year,
  years_available,
  body_types_available,
  fuel_types_available,
  transmission_available,
  reliability_score,
  popularity_score
)
values (
  'a6ac7be5-e593-11c4-1dd3-9244da82e9d6',
  '9487beb2-3c52-9b66-732b-7b424ecbeb17',
  'mf-3-roadster',
  'MF 3 Roadster',
  1993,
  2014,
  '{"1993","1994","1995","1996","1997","1998","1999","2000","2001","2002","2003","2004","2005","2006","2007","2008","2009","2010","2011","2012","2013","2014"}'::int[],
  '["Roadster"]'::jsonb,
  '["Gasoline"]'::jsonb,
  '["Manual","Automatic"]'::jsonb,
  8,
  7.5
)

insert into public.vehicle_generations (
  id,
  model_id,
  code,
  start_year,
  end_year,
  facelift,
  production_countries,
  body_types,
  fuel_types,
  transmission_types,
  summary
)
values (
  'b0d2b7e5-6723-5d8f-93b1-d5b6fb70e043',
  'a6ac7be5-e593-11c4-1dd3-9244da82e9d6',
  'S54',
  2003,
  2014,
  false,
  '{"Germany"}'::text[],
  null,
  null,
  null,
  'The highly successful MF 3 Roadster utilized the BMW S54 3.2L straight-six engine, known from the E46 M3. It was lightweight and extremely agile, defining the Wiesmann brand image.'
)

insert into public.vehicle_insights (
  model_id,
  pros,
  cons,
  inspection_tips,
  notable_features,
  engine_examples,
  common_issues_by_engine,
  reliability_score,
  popularity_score
)
values (
  'a6ac7be5-e593-11c4-1dd3-9244da82e9d6',
  '["Extremely agile handling and low weight","Unique design and high rarity","Reliability of the BMW S54 engine"]'::jsonb,
  '["Very high maintenance costs","Lack of practical features (minimal luggage space)","Difficult finding specialized repair services"]'::jsonb,
  '["Inspect the fiberglass body for signs of damage or poor repair.","Verify maintenance history, especially concerning engine bearing replacements."]'::jsonb,
  '["Retro styling combined with modern BMW powertrain","Hand-built quality"]'::jsonb,
  '["BMW S54B32 (3.2L I6)"]'::jsonb,
  '[{"engine_code":"S54B32","common_issues_ru":["Проблемы с шатунными вкладышами (требуется регулярная замена)","Отказы VANOS при несоблюдении интервалов замены масла","Течи масла из прокладок"]}]'::jsonb,
  null,
  null
)

insert into public.vehicle_models (
  id,
  make_id,
  slug,
  name_en,
  first_model_year,
  last_model_year,
  years_available,
  body_types_available,
  fuel_types_available,
  transmission_available,
  reliability_score,
  popularity_score
)
values (
  '8db1baf5-b19a-e4ba-15a0-820143e22232',
  '9487beb2-3c52-9b66-732b-7b424ecbeb17',
  'gt-mf-4',
  'GT MF 4',
  2009,
  2014,
  '{"2009","2010","2011","2012","2013","2014"}'::int[],
  '["Coupe","Roadster"]'::jsonb,
  '["Gasoline"]'::jsonb,
  '["Manual","Automatic"]'::jsonb,
  7.5,
  7
)

insert into public.vehicle_generations (
  id,
  model_id,
  code,
  start_year,
  end_year,
  facelift,
  production_countries,
  body_types,
  fuel_types,
  transmission_types,
  summary
)
values (
  '15fbb231-2340-be23-3596-d3e72cd694c7',
  '8db1baf5-b19a-e4ba-15a0-820143e22232',
  'N62/N63',
  2009,
  2014,
  false,
  '{"Germany"}'::text[],
  null,
  null,
  null,
  'The GT MF 4 was a larger, more modern model, offering both Coupe and Roadster body styles. It used naturally aspirated and later twin-turbo V8 engines sourced from BMW.'
)

insert into public.vehicle_insights (
  model_id,
  pros,
  cons,
  inspection_tips,
  notable_features,
  engine_examples,
  common_issues_by_engine,
  reliability_score,
  popularity_score
)
values (
  '8db1baf5-b19a-e4ba-15a0-820143e22232',
  '["Exceptional straight-line performance","High level of exclusivity and rarity","Luxurious hand-stitched interior finish"]'::jsonb,
  '["Complex electronics derived from modern BMWs","High cost of specialized body parts","Weight increased compared to MF 3"]'::jsonb,
  '["Check for oil leaks common in the N63 twin-turbo V8.","Ensure all electronic modules (BMW origin) are functioning correctly."]'::jsonb,
  '["Advanced aerodynamics for stability at high speed","Aluminum monocoque chassis"]'::jsonb,
  '["BMW N62B48 (4.8L V8)","BMW N63B44 (4.4L V8 Twin Turbo)"]'::jsonb,
  '[{"engine_code":"N63B44","common_issues_ru":["Чрезмерный расход масла из-за конструкции турбонаддува","Перегрев в результате расположения турбин в развале блока","Проблемы с топливными форсунками высокого давления"]}]'::jsonb,
  null,
  null
)

insert into public.vehicle_models (
  id,
  make_id,
  slug,
  name_en,
  first_model_year,
  last_model_year,
  years_available,
  body_types_available,
  fuel_types_available,
  transmission_available,
  reliability_score,
  popularity_score
)
values (
  'bf7dba96-02de-8c97-23d2-ccdb26f527a0',
  '9487beb2-3c52-9b66-732b-7b424ecbeb17',
  'gt-mf-5',
  'GT MF 5',
  2009,
  2011,
  '{"2009","2010","2011"}'::int[],
  '["Coupe","Roadster"]'::jsonb,
  '["Gasoline"]'::jsonb,
  '["Automatic"]'::jsonb,
  6.5,
  8
)

insert into public.vehicle_generations (
  id,
  model_id,
  code,
  start_year,
  end_year,
  facelift,
  production_countries,
  body_types,
  fuel_types,
  transmission_types,
  summary
)
values (
  '070eacfc-0e2f-6039-4835-c9c8baca3855',
  'bf7dba96-02de-8c97-23d2-ccdb26f527a0',
  'S85',
  2009,
  2011,
  false,
  '{"Germany"}'::text[],
  null,
  null,
  null,
  'The flagship GT MF 5 was powered by the iconic high-revving 5.0L V10 engine from the BMW M5/M6 (E60/E63), offering the highest performance levels in the Wiesmann lineup.'
)

insert into public.vehicle_insights (
  model_id,
  pros,
  cons,
  inspection_tips,
  notable_features,
  engine_examples,
  common_issues_by_engine,
  reliability_score,
  popularity_score
)
values (
  'bf7dba96-02de-8c97-23d2-ccdb26f527a0',
  '["Incredible V10 sound and exhilarating performance","Ultimate collector status and rarity","Outstanding power-to-weight ratio"]'::jsonb,
  '["Extremely high running costs (fuel and maintenance)","V10 engine reliability concerns (rod bearings are a known failure point)","Limited production parts availability due to rarity"]'::jsonb,
  '["Check the status of the V10 rod bearings replacement records and intervals.","Listen carefully for VANOS pump noises during startup.","Verify the functionality of the SMG transmission clutch (if applicable)."]'::jsonb,
  '["BMW V10 engine sound and power in a lightweight package","Limited production run (55 units total)"]'::jsonb,
  '["BMW S85B50 (5.0L V10)"]'::jsonb,
  '[{"engine_code":"S85B50","common_issues_ru":["Износ шатунных вкладышей, требующий превентивной замены","Проблемы с актуаторами дроссельных заслонок","Высокий расход масла и топлива"]}]'::jsonb,
  null,
  null
)

insert into public.vehicle_makes (id, slug, name_en, country, segment_class, is_active, category_path)
values (
  'b1cafe30-c60c-e327-4b9b-f70fe5d27f4d',
  'xpeng',
  'XPeng',
  'China',
  'Electric Luxury Vehicles',
  true,
  'Passenger Cars/Electric Vehicles'
)

insert into public.vehicle_models (
  id,
  make_id,
  slug,
  name_en,
  first_model_year,
  last_model_year,
  years_available,
  body_types_available,
  fuel_types_available,
  transmission_available,
  reliability_score,
  popularity_score
)
values (
  'c0e27ce9-a33a-8931-bb5d-c2294e561eaa',
  'b1cafe30-c60c-e327-4b9b-f70fe5d27f4d',
  'p7',
  'P7',
  2020,
  2024,
  '{"2020","2021","2022","2023","2024"}'::int[],
  '["Sedan","Coupe"]'::jsonb,
  '["Electric"]'::jsonb,
  '["Automatic (Single-speed fixed gear)"]'::jsonb,
  8,
  8.5
)

insert into public.vehicle_generations (
  id,
  model_id,
  code,
  start_year,
  end_year,
  facelift,
  production_countries,
  body_types,
  fuel_types,
  transmission_types,
  summary
)
values (
  '9a5836c5-4c38-b640-97a3-10fa6c7dc220',
  'c0e27ce9-a33a-8931-bb5d-c2294e561eaa',
  'Gen 1',
  2020,
  2024,
  false,
  '{"China"}'::text[],
  null,
  null,
  null,
  'First generation of XPeng''s flagship sports sedan, known for its long range and advanced technology.'
)

insert into public.vehicle_insights (
  model_id,
  pros,
  cons,
  inspection_tips,
  notable_features,
  engine_examples,
  common_issues_by_engine,
  reliability_score,
  popularity_score
)
values (
  'c0e27ce9-a33a-8931-bb5d-c2294e561eaa',
  '["Длительный запас хода","Быстрая зарядка (800В архитектура на новых моделях)","Высокое качество салона и технологий","Спортивный дизайн"]'::jsonb,
  '["Высокая потеря стоимости на некоторых рынках","Сложности с обслуживанием за пределами официальных дилеров","Настройки подвески могут быть слишком мягкими для спортивного вождения"]'::jsonb,
  '["Check battery health report, especially for models used in cold regions.","Test XNGP autonomous driving features for stability.","Inspect door seals, as frameless windows can sometimes cause minor leaks."]'::jsonb,
  '["Xmart OS","Long Range Capability","Advanced Driver Assistance Systems"]'::jsonb,
  '["RWD Long Range (263 hp)","AWD Performance (473 hp)"]'::jsonb,
  '[{"engine_code":"RWD_LongRange","common_issues_ru":["Проблемы с датчиками давления в шинах","Случаи деградации батареи выше среднего в холодном климате"]},{"engine_code":"AWD_Performance","common_issues_ru":["Повышенный износ передних шин","Сбои в работе мультимедийной системы Xmart OS"]}]'::jsonb,
  null,
  null
)

insert into public.vehicle_models (
  id,
  make_id,
  slug,
  name_en,
  first_model_year,
  last_model_year,
  years_available,
  body_types_available,
  fuel_types_available,
  transmission_available,
  reliability_score,
  popularity_score
)
values (
  '36fc4c06-d74a-272d-6135-c73882820289',
  'b1cafe30-c60c-e327-4b9b-f70fe5d27f4d',
  'g9',
  'G9',
  2022,
  2024,
  '{"2022","2023","2024"}'::int[],
  '["SUV"]'::jsonb,
  '["Electric"]'::jsonb,
  '["Automatic (Single-speed fixed gear)"]'::jsonb,
  8.2,
  7.5
)

insert into public.vehicle_generations (
  id,
  model_id,
  code,
  start_year,
  end_year,
  facelift,
  production_countries,
  body_types,
  fuel_types,
  transmission_types,
  summary
)
values (
  'c3349ecc-bc55-fcef-3a2e-2f46d4b793c9',
  '36fc4c06-d74a-272d-6135-c73882820289',
  'Gen 1',
  2022,
  2024,
  false,
  '{"China"}'::text[],
  null,
  null,
  null,
  'Flagship electric SUV focusing on ultra-fast charging (800V) and luxury features.'
)

insert into public.vehicle_insights (
  model_id,
  pros,
  cons,
  inspection_tips,
  notable_features,
  engine_examples,
  common_issues_by_engine,
  reliability_score,
  popularity_score
)
values (
  '36fc4c06-d74a-272d-6135-c73882820289',
  '["Флагманский комфорт и пространство","Сверхбыстрая зарядка (800В)","Отличная звукоизоляция","Мощная динамика"]'::jsonb,
  '["Большие габариты, усложняющие маневрирование в городе","Высокая цена","Начальные версии программного обеспечения имели ошибки"]'::jsonb,
  '["Verify correct operation of the pneumatic suspension system (if equipped).","Ensure all OTA updates have been applied to the Xmart OS.","Check the condition of the large panoramic glass roof."]'::jsonb,
  '["800V Architecture","Air Suspension","Spacious Interior"]'::jsonb,
  '["RWD Standard Range","AWD Max Performance"]'::jsonb,
  '[{"engine_code":"RWD_Standard","common_issues_ru":["Требовательность к качеству дорожного покрытия из-за пневмоподвески (если установлена)","Мелкие электрические сбои в первые месяцы эксплуатации"]},{"engine_code":"AWD_MaxPerformance","common_issues_ru":["Быстрый разряд батареи при агрессивном вождении","Перегрев при интенсивном использовании режима быстрой зарядки (редко)"]}]'::jsonb,
  null,
  null
)

insert into public.vehicle_models (
  id,
  make_id,
  slug,
  name_en,
  first_model_year,
  last_model_year,
  years_available,
  body_types_available,
  fuel_types_available,
  transmission_available,
  reliability_score,
  popularity_score
)
values (
  '1347e3d2-1620-e09a-3917-7a38b81dbb7e',
  'b1cafe30-c60c-e327-4b9b-f70fe5d27f4d',
  'p5',
  'P5',
  2021,
  2024,
  '{"2021","2022","2023","2024"}'::int[],
  '["Sedan"]'::jsonb,
  '["Electric"]'::jsonb,
  '["Automatic (Single-speed fixed gear)"]'::jsonb,
  7.8,
  7
)

insert into public.vehicle_generations (
  id,
  model_id,
  code,
  start_year,
  end_year,
  facelift,
  production_countries,
  body_types,
  fuel_types,
  transmission_types,
  summary
)
values (
  '9420c65a-bbd6-c1fd-c338-2bd9ec2a9f23',
  '1347e3d2-1620-e09a-3917-7a38b81dbb7e',
  'Gen 1',
  2021,
  2024,
  false,
  '{"China"}'::text[],
  null,
  null,
  null,
  'Compact electric sedan aimed at family use, notable for its integrated lidar technology.'
)

insert into public.vehicle_insights (
  model_id,
  pros,
  cons,
  inspection_tips,
  notable_features,
  engine_examples,
  common_issues_by_engine,
  reliability_score,
  popularity_score
)
values (
  '1347e3d2-1620-e09a-3917-7a38b81dbb7e',
  '["Доступная цена для электромобиля с такими характеристиками","Просторный салон для компактного класса","Богатые опции автономного вождения (XNGP)","Встроенный проектор для отдыха"]'::jsonb,
  '["Спорный дизайн задней части","Менее мощные моторы по сравнению с P7/G9","Интерфейс Xmart OS может быть перегружен функциями"]'::jsonb,
  '["Inspect the Lidar sensors integrated into the headlights for damage.","Verify that the rear passenger entertainment system works properly.","Check for rattles from interior plastic trim."]'::jsonb,
  '["Lidar Technology","Xmart OS","Interior Sleep Mode"]'::jsonb,
  '["FWD Standard (211 hp)"]'::jsonb,
  '[{"engine_code":"FWD_Base","common_issues_ru":["Проблемы с корректной работой климат-контроля зимой","Жалобы на качество лакокрасочного покрытия (мягкое ЛКП)"]}]'::jsonb,
  null,
  null
)

insert into public.vehicle_makes (id, slug, name_en, country, segment_class, is_active, category_path)
values (
  'b1cafe30-c60c-e327-4b9b-f70fe5d27f4d',
  'xpeng',
  'Xpeng',
  'China',
  'Electric Vehicle Manufacturer',
  true,
  'Passenger Vehicles / Electric'
)

insert into public.vehicle_models (
  id,
  make_id,
  slug,
  name_en,
  first_model_year,
  last_model_year,
  years_available,
  body_types_available,
  fuel_types_available,
  transmission_available,
  reliability_score,
  popularity_score
)
values (
  'c0e27ce9-a33a-8931-bb5d-c2294e561eaa',
  'b1cafe30-c60c-e327-4b9b-f70fe5d27f4d',
  'p7',
  'P7',
  2020,
  2024,
  '{"2020","2021","2022","2023","2024"}'::int[],
  '["Sedan"]'::jsonb,
  '["Electric"]'::jsonb,
  '["Automatic (Single Speed)"]'::jsonb,
  8,
  8.5
)

insert into public.vehicle_generations (
  id,
  model_id,
  code,
  start_year,
  end_year,
  facelift,
  production_countries,
  body_types,
  fuel_types,
  transmission_types,
  summary
)
values (
  '997dbf15-beed-f2be-4a83-153b84a6b7ff',
  'c0e27ce9-a33a-8931-bb5d-c2294e561eaa',
  'First Generation',
  2020,
  2023,
  false,
  '{"China"}'::text[],
  null,
  null,
  null,
  'The first generation P7 established Xpeng''s reputation for smart EV technology and long range.'
)

insert into public.vehicle_generations (
  id,
  model_id,
  code,
  start_year,
  end_year,
  facelift,
  production_countries,
  body_types,
  fuel_types,
  transmission_types,
  summary
)
values (
  'a93ee278-c574-d1ba-1b73-ceb5d6da28d0',
  'c0e27ce9-a33a-8931-bb5d-c2294e561eaa',
  'P7i Facelift',
  2023,
  2024,
  true,
  '{"China"}'::text[],
  null,
  null,
  null,
  'Mid-cycle refresh (P7i) brought improvements in handling, charging speed, and software integration.'
)

insert into public.vehicle_insights (
  model_id,
  pros,
  cons,
  inspection_tips,
  notable_features,
  engine_examples,
  common_issues_by_engine,
  reliability_score,
  popularity_score
)
values (
  'c0e27ce9-a33a-8931-bb5d-c2294e561eaa',
  '["Превосходный запас хода (до 700+ км NEDC)","Передовая информационно-развлекательная система","Быстрое ускорение и стабильность (версии AWD)"]'::jsonb,
  '["Настройка подвески может быть мягкой для спортивной езды","Ограниченное признание бренда и сервисная сеть за пределами Китая и Норвегии"]'::jsonb,
  '["Check the condition of the tires, especially the inner edges.","Verify correct operation of all assisted driving features (XPILOT).","Ensure the battery health report shows expected capacity."]'::jsonb,
  '["Xmart OS infotainment system","Frameless doors","XPILOT Advanced Driver Assistance System"]'::jsonb,
  '["RWD Long Range (80 kWh)","AWD Performance (98 kWh)"]'::jsonb,
  '[{"engine_code":"80kWh_RWD","common_issues_ru":["Проблемы с обновлением программного обеспечения (OTA)","Повышенный износ шин из-за веса и настроек подвески","Редкие сбои датчиков парковки"]},{"engine_code":"98kWh_AWD","common_issues_ru":["Высокая стоимость обслуживания тормозной системы из-за рекуперации","Возможные проблемы с балансировкой батареи в холодных условиях"]}]'::jsonb,
  null,
  null
)

insert into public.vehicle_models (
  id,
  make_id,
  slug,
  name_en,
  first_model_year,
  last_model_year,
  years_available,
  body_types_available,
  fuel_types_available,
  transmission_available,
  reliability_score,
  popularity_score
)
values (
  '36fc4c06-d74a-272d-6135-c73882820289',
  'b1cafe30-c60c-e327-4b9b-f70fe5d27f4d',
  'g9',
  'G9',
  2022,
  2024,
  '{"2022","2023","2024"}'::int[],
  '["SUV"]'::jsonb,
  '["Electric"]'::jsonb,
  '["Automatic (Single Speed)"]'::jsonb,
  8.5,
  7.5
)

insert into public.vehicle_generations (
  id,
  model_id,
  code,
  start_year,
  end_year,
  facelift,
  production_countries,
  body_types,
  fuel_types,
  transmission_types,
  summary
)
values (
  '83e52a10-149a-dc15-fdad-fc3c3e068df5',
  '36fc4c06-d74a-272d-6135-c73882820289',
  'First Generation',
  2022,
  2024,
  false,
  '{"China"}'::text[],
  null,
  null,
  null,
  'Flagship SUV known for its 800V architecture and fast charging capabilities.'
)

insert into public.vehicle_insights (
  model_id,
  pros,
  cons,
  inspection_tips,
  notable_features,
  engine_examples,
  common_issues_by_engine,
  reliability_score,
  popularity_score
)
values (
  '36fc4c06-d74a-272d-6135-c73882820289',
  '["Чрезвычайно быстрая архитектура зарядки 800 В","Просторный премиальный салон и высокий уровень комфорта","Отличная звукоизоляция"]'::jsonb,
  '["Высокая начальная цена в Европе","Комплексное взаимодействие с мультимедиа требует привыкания"]'::jsonb,
  '["Check the air suspension system for leaks or uneven settling (if equipped).","Verify the functionality of the central display screen (G9 relies heavily on touch).","Inspect charging port integrity, especially after using ultra-fast chargers."]'::jsonb,
  '["800V High Voltage Platform","Air suspension","5D Music Cockpit"]'::jsonb,
  '["RWD Standard Range (78 kWh)","AWD Performance (98 kWh)"]'::jsonb,
  '[{"engine_code":"98kWh_AWD","common_issues_ru":["Чувствительность к низким температурам при быстрой зарядке","Проблемы с интеграцией сторонних европейских зарядных станций","Возможны ошибки навигационной системы в некитайских регионах"]}]'::jsonb,
  null,
  null
)

insert into public.vehicle_models (
  id,
  make_id,
  slug,
  name_en,
  first_model_year,
  last_model_year,
  years_available,
  body_types_available,
  fuel_types_available,
  transmission_available,
  reliability_score,
  popularity_score
)
values (
  'e1319d78-7977-33e2-902c-0900c4c6e724',
  'b1cafe30-c60c-e327-4b9b-f70fe5d27f4d',
  'g6',
  'G6',
  2023,
  2024,
  '{"2023","2024"}'::int[],
  '["Coupe SUV"]'::jsonb,
  '["Electric"]'::jsonb,
  '["Automatic (Single Speed)"]'::jsonb,
  8.2,
  9
)

insert into public.vehicle_generations (
  id,
  model_id,
  code,
  start_year,
  end_year,
  facelift,
  production_countries,
  body_types,
  fuel_types,
  transmission_types,
  summary
)
values (
  'f229e4fe-e909-372b-9c5b-750e914fb641',
  'e1319d78-7977-33e2-902c-0900c4c6e724',
  'First Generation',
  2023,
  2024,
  false,
  '{"China"}'::text[],
  null,
  null,
  null,
  'A high-volume model built on the highly efficient SEPA 2.0 platform, featuring a fastback coupe design.'
)

insert into public.vehicle_insights (
  model_id,
  pros,
  cons,
  inspection_tips,
  notable_features,
  engine_examples,
  common_issues_by_engine,
  reliability_score,
  popularity_score
)
values (
  'e1319d78-7977-33e2-902c-0900c4c6e724',
  '["Высокоэффективная архитектура (отличное соотношение дальности и батареи)","Конкурентоспособная цена","Спортивный, обтекаемый дизайн"]'::jsonb,
  '["Ограниченное пространство над головой сзади из-за линии крыши купе","Управление функциями сильно зависит от сенсорного экрана"]'::jsonb,
  '["Ensure the heat pump operates effectively in cold climates.","Test the large central display for responsiveness and dead pixels.","Verify alignment of rear hatchback door."]'::jsonb,
  '["SEPA 2.0 Platform","Integrated heat pump","Aggressive fastback design"]'::jsonb,
  '["RWD Standard Range (66 kWh)","RWD Long Range (87.5 kWh)"]'::jsonb,
  '[{"engine_code":"87.5kWh_RWD","common_issues_ru":["Незначительные недоработки в интеграции сторонних приложений (если предусмотрено)","Скрипы в салоне на неровностях (редко, зависит от качества сборки)","Жалобы на недостаток физических кнопок для основных функций"]}]'::jsonb,
  null,
  null
)

insert into public.vehicle_makes (id, slug, name_en, country, segment_class, is_active, category_path)
values (
  'f84e455e-b807-46d0-5642-98dbda8eb794',
  'yugo',
  'Yugo',
  'Serbia',
  'B-Segment',
  false,
  'Passenger Cars'
)

insert into public.vehicle_models (
  id,
  make_id,
  slug,
  name_en,
  first_model_year,
  last_model_year,
  years_available,
  body_types_available,
  fuel_types_available,
  transmission_available,
  reliability_score,
  popularity_score
)
values (
  '76cab6c5-9578-8b42-3169-960500e9140c',
  'f84e455e-b807-46d0-5642-98dbda8eb794',
  'koral',
  'Koral',
  1980,
  2008,
  '{"1980","1981","1982","1983","1984","1985","1986","1987","1988","1989","1990","1991","1992","1993","1994","1995","1996","1997","1998","1999","2000","2001","2002","2003","2004","2005","2006","2007","2008"}'::int[],
  '["Hatchback"]'::jsonb,
  '["Gasoline"]'::jsonb,
  '["Manual"]'::jsonb,
  3,
  7.5
)

insert into public.vehicle_generations (
  id,
  model_id,
  code,
  start_year,
  end_year,
  facelift,
  production_countries,
  body_types,
  fuel_types,
  transmission_types,
  summary
)
values (
  '6d1371f4-df50-fb15-5dfe-eb0fdf796937',
  '76cab6c5-9578-8b42-3169-960500e9140c',
  'M-45/55',
  1980,
  1985,
  false,
  '{"Yugoslavia","Serbia"}'::text[],
  null,
  null,
  null,
  'Original release based heavily on the Fiat 127 platform, featuring 903cc and 1116cc engines.'
)

insert into public.vehicle_generations (
  id,
  model_id,
  code,
  start_year,
  end_year,
  facelift,
  production_countries,
  body_types,
  fuel_types,
  transmission_types,
  summary
)
values (
  'b5da9140-1579-7a58-dd59-ac7252ec337a',
  '76cab6c5-9578-8b42-3169-960500e9140c',
  'Koral',
  1986,
  2008,
  true,
  '{"Serbia"}'::text[],
  null,
  null,
  null,
  'Revised version with updated trim and engine options (including 1.3L 65hp), sold internationally, including the US market.'
)

insert into public.vehicle_insights (
  model_id,
  pros,
  cons,
  inspection_tips,
  notable_features,
  engine_examples,
  common_issues_by_engine,
  reliability_score,
  popularity_score
)
values (
  '76cab6c5-9578-8b42-3169-960500e9140c',
  '["Крайне простая конструкция и легкость ремонта","Очень низкая стоимость запчастей и обслуживания","Экономичный расход топлива"]'::jsonb,
  '["Плохая антикоррозийная защита кузова, быстро гниют пороги и арки","Низкий уровень пассивной безопасности","Ненадежная электрика (особенно на старых моделях)"]'::jsonb,
  '["Тщательно проверять кузов на предмет ржавчины, особенно места крепления задней подвески","Проверить состояние коробки передач (шумы, четкость переключения)","Осмотреть состояние тормозной системы, которая часто требует капитального ремонта"]'::jsonb,
  '["Simple and accessible mechanical design","One of the cheapest cars globally during its production run","Extreme parts commonality with older Fiat models"]'::jsonb,
  '["0.9L (45 hp)","1.1L (55 hp)","1.3L (65 hp)"]'::jsonb,
  '[{"engine_code":"903cc (OHV)","common_issues_ru":["Перегрев при длительной нагрузке и жаре","Проблемы с карбюратором и нестабильный холостой ход","Слабая система охлаждения и частые утечки"]}]'::jsonb,
  null,
  null
)

insert into public.vehicle_models (
  id,
  make_id,
  slug,
  name_en,
  first_model_year,
  last_model_year,
  years_available,
  body_types_available,
  fuel_types_available,
  transmission_available,
  reliability_score,
  popularity_score
)
values (
  '73bf6b96-c0dc-34e8-b9bf-0e145f3a99c4',
  'f84e455e-b807-46d0-5642-98dbda8eb794',
  'florida',
  'Florida',
  1988,
  2008,
  '{"1988","1989","1990","1991","1992","1993","1994","1995","1996","1997","1998","1999","2000","2001","2002","2003","2004","2005","2006","2007","2008"}'::int[],
  '["Hatchback"]'::jsonb,
  '["Gasoline"]'::jsonb,
  '["Manual"]'::jsonb,
  4,
  4.5
)

insert into public.vehicle_generations (
  id,
  model_id,
  code,
  start_year,
  end_year,
  facelift,
  production_countries,
  body_types,
  fuel_types,
  transmission_types,
  summary
)
values (
  '5d0cf817-7c18-6545-6a55-79ec6c9f3ce6',
  '73bf6b96-c0dc-34e8-b9bf-0e145f3a99c4',
  '103',
  1988,
  2008,
  false,
  '{"Yugoslavia","Serbia"}'::text[],
  null,
  null,
  null,
  'A significantly larger and more modern hatchback designed by Giugiaro, based on Fiat Tipo components. Also known as Zastava Sana.'
)

insert into public.vehicle_insights (
  model_id,
  pros,
  cons,
  inspection_tips,
  notable_features,
  engine_examples,
  common_issues_by_engine,
  reliability_score,
  popularity_score
)
values (
  '73bf6b96-c0dc-34e8-b9bf-0e145f3a99c4',
  '["Комфортнее и просторнее, чем Yugo Koral","Более современные двигатели Fiat","Большой багажник для своего класса"]'::jsonb,
  '["Очень низкое качество сборки салона","Трудности с поиском уникальных кузовных запчастей","Проблемы с устойчивостью при высоких скоростях"]'::jsonb,
  '["Проверить работу всех электрических приборов (особенно стеклоподъемники)","Обратить внимание на состояние передней подвески, которая быстро изнашивается","Проверить состояние ремня ГРМ, если нет сервисной истории"]'::jsonb,
  '["Spacious interior compared to the Koral","Giugiaro styling"]'::jsonb,
  '["1.4L (71 hp)","1.6L (90 hp)"]'::jsonb,
  '[{"engine_code":"Fiat 1.4L","common_issues_ru":["Частые проблемы с прокладкой головки блока цилиндров","Ненадежность датчиков и инжектора (на поздних моделях)","Шумные гидрокомпенсаторы"]}]'::jsonb,
  null,
  null
)

insert into public.vehicle_models (
  id,
  make_id,
  slug,
  name_en,
  first_model_year,
  last_model_year,
  years_available,
  body_types_available,
  fuel_types_available,
  transmission_available,
  reliability_score,
  popularity_score
)
values (
  '447c7346-020a-d3f0-42bc-e38b994dae86',
  'f84e455e-b807-46d0-5642-98dbda8eb794',
  'tempo',
  'Tempo',
  1991,
  2001,
  '{"1991","1992","1993","1994","1995","1996","1997","1998","1999","2000","2001"}'::int[],
  '["Hatchback"]'::jsonb,
  '["Gasoline"]'::jsonb,
  '["Manual"]'::jsonb,
  3.5,
  4
)

insert into public.vehicle_generations (
  id,
  model_id,
  code,
  start_year,
  end_year,
  facelift,
  production_countries,
  body_types,
  fuel_types,
  transmission_types,
  summary
)
values (
  'a329fdc9-e780-3a58-5b50-94016012ef03',
  '447c7346-020a-d3f0-42bc-e38b994dae86',
  'Tempo',
  1991,
  2001,
  true,
  '{"Serbia"}'::text[],
  null,
  null,
  null,
  'A localized and often simplified trim level of the Koral, focusing on extreme affordability for the regional market.'
)

insert into public.vehicle_insights (
  model_id,
  pros,
  cons,
  inspection_tips,
  notable_features,
  engine_examples,
  common_issues_by_engine,
  reliability_score,
  popularity_score
)
values (
  '447c7346-020a-d3f0-42bc-e38b994dae86',
  '["Максимальная простота обслуживания","Идеален как второй автомобиль или для дачных поездок","Очень низкий налог и страховка"]'::jsonb,
  '["Очень низкий комфорт вождения на дальние расстояния","Устаревшие системы безопасности и торможения","Шумный двигатель"]'::jsonb,
  '["Проверить наличие люфта в рулевом управлении","Оценить состояние резины и дисков (часто используются изношенные)","Убедиться в отсутствии коррозии в моторном отсеке"]'::jsonb,
  '["Minimalist interior","Extremely high mechanical simplicity"]'::jsonb,
  '["1.1L (55 hp)"]'::jsonb,
  '[{"engine_code":"1.1L","common_issues_ru":["Утечки масла из-под сальников","Проблемы с системой отопления салона","Быстрый износ элементов рулевого управления"]}]'::jsonb,
  null,
  null
)

insert into public.vehicle_makes (id, slug, name_en, country, segment_class, is_active, category_path)
values (
  'd539a043-8d5d-c4fc-6858-feebafa196db',
  'zaz',
  'ZAZ',
  'Ukraine',
  'Budget/Mass Market',
  false,
  'Passenger Car'
)

insert into public.vehicle_models (
  id,
  make_id,
  slug,
  name_en,
  first_model_year,
  last_model_year,
  years_available,
  body_types_available,
  fuel_types_available,
  transmission_available,
  reliability_score,
  popularity_score
)
values (
  '39bd6367-a479-ef73-7f5f-a7adfbb10e59',
  'd539a043-8d5d-c4fc-6858-feebafa196db',
  'lanos-sens',
  'Lanos (Sens)',
  2002,
  2017,
  '{"2002","2003","2004","2005","2006","2007","2008","2009","2010","2011","2012","2013","2014","2015","2016","2017"}'::int[],
  '["Sedan","Hatchback 5D"]'::jsonb,
  '["Petrol","LPG"]'::jsonb,
  '["Manual","Automatic"]'::jsonb,
  7,
  8.5
)

insert into public.vehicle_generations (
  id,
  model_id,
  code,
  start_year,
  end_year,
  facelift,
  production_countries,
  body_types,
  fuel_types,
  transmission_types,
  summary
)
values (
  'b5685ebb-03f6-acad-e48e-4c2d37930394',
  '39bd6367-a479-ef73-7f5f-a7adfbb10e59',
  'T100',
  2002,
  2017,
  false,
  '{"Ukraine"}'::text[],
  null,
  null,
  null,
  'The ZAZ Lanos/Sens production started after ZAZ purchased the production lines from Daewoo, focusing on simplified construction and cheap maintenance for the CIS market.'
)

insert into public.vehicle_insights (
  model_id,
  pros,
  cons,
  inspection_tips,
  notable_features,
  engine_examples,
  common_issues_by_engine,
  reliability_score,
  popularity_score
)
values (
  '39bd6367-a479-ef73-7f5f-a7adfbb10e59',
  '["Simplicity and low maintenance cost","Reliable engines (1.5L version)","Good clearance for poor roads"]'::jsonb,
  '["Poor corrosion protection","Outdated design and weak passive safety","Low build quality"]'::jsonb,
  '["Check for rust in sills, arches, and trunk lid","Inspect cooling system hoses for leaks","Listen for gear shift noise in manual transmission"]'::jsonb,
  '["High local parts availability","Used widely as a taxi vehicle in Ukraine"]'::jsonb,
  '["1.5L E-TEC II (A15SMS)","1.3L MeMZ-307"]'::jsonb,
  '[{"engine_code":"A15SMS (1.5L)","common_issues_ru":["Стук гидрокомпенсаторов","Течи прокладки клапанной крышки и ГБЦ","Проблемы с датчиком холостого хода"]},{"engine_code":"MeMZ-307 (1.3L)","common_issues_ru":["Перегрев двигателя","Повышенные вибрации на холостом ходу","Ненадежный бензонасос"]}]'::jsonb,
  null,
  null
)

insert into public.vehicle_models (
  id,
  make_id,
  slug,
  name_en,
  first_model_year,
  last_model_year,
  years_available,
  body_types_available,
  fuel_types_available,
  transmission_available,
  reliability_score,
  popularity_score
)
values (
  '32646b30-683e-6604-b3da-1244d6ae6739',
  'd539a043-8d5d-c4fc-6858-feebafa196db',
  'tavria-slavuta',
  'Tavria / Slavuta',
  1987,
  2011,
  '{"1987","1988","1989","1990","1991","1992","1993","1994","1995","1996","1997","1998","1999","2000","2001","2002","2003","2004","2005","2006","2007","2008","2009","2010","2011"}'::int[],
  '["Hatchback 3D","Liftback 5D"]'::jsonb,
  '["Petrol"]'::jsonb,
  '["Manual"]'::jsonb,
  5.5,
  6
)

insert into public.vehicle_generations (
  id,
  model_id,
  code,
  start_year,
  end_year,
  facelift,
  production_countries,
  body_types,
  fuel_types,
  transmission_types,
  summary
)
values (
  '20728811-ff5c-1a6f-33f7-c2f9a7f7ca65',
  '32646b30-683e-6604-b3da-1244d6ae6739',
  '1102',
  1987,
  1999,
  false,
  '{"USSR","Ukraine"}'::text[],
  null,
  null,
  null,
  'The original ZAZ Tavria hatchback, designed to replace the Zaporozhets. Known for its compact size and front-wheel drive.'
)

insert into public.vehicle_generations (
  id,
  model_id,
  code,
  start_year,
  end_year,
  facelift,
  production_countries,
  body_types,
  fuel_types,
  transmission_types,
  summary
)
values (
  'ba74ce8f-b36c-e0f8-100a-8f8415802cbc',
  '32646b30-683e-6604-b3da-1244d6ae6739',
  '1103/1105',
  1998,
  2011,
  true,
  '{"Ukraine"}'::text[],
  null,
  null,
  null,
  'Slavuta and Dana models, featuring liftback bodies and minor technical improvements over the original Tavria.'
)

insert into public.vehicle_insights (
  model_id,
  pros,
  cons,
  inspection_tips,
  notable_features,
  engine_examples,
  common_issues_by_engine,
  reliability_score,
  popularity_score
)
values (
  '32646b30-683e-6604-b3da-1244d6ae6739',
  '["Exceptional low cost of ownership","Simple mechanics","Extremely low fuel consumption"]'::jsonb,
  '["Extremely poor safety rating","Severe lack of comfort features","High susceptibility to rust"]'::jsonb,
  '["Thoroughly check load-bearing structure for corrosion","Inspect suspension components, especially CV joints (ШРУСы)","Check oil pressure, as engines are prone to wear"]'::jsonb,
  '["One of the cheapest cars ever produced in Europe","Very light weight"]'::jsonb,
  '["1.1L MeMZ-245","1.3L MeMZ-301"]'::jsonb,
  '[{"engine_code":"MeMZ-245 (1.1L)","common_issues_ru":["Проблемы с карбюратором и системой зажигания","Слабый генератор","Низкий ресурс прокладки ГБЦ"]}]'::jsonb,
  null,
  null
)

insert into public.vehicle_models (
  id,
  make_id,
  slug,
  name_en,
  first_model_year,
  last_model_year,
  years_available,
  body_types_available,
  fuel_types_available,
  transmission_available,
  reliability_score,
  popularity_score
)
values (
  '4e92d9b6-0875-6497-a1b0-e0da936986e0',
  'd539a043-8d5d-c4fc-6858-feebafa196db',
  'forza-a13',
  'Forza (A13)',
  2011,
  2017,
  '{"2011","2012","2013","2014","2015","2016","2017"}'::int[],
  '["Liftback 5D","Hatchback 5D"]'::jsonb,
  '["Petrol"]'::jsonb,
  '["Manual","Automatic"]'::jsonb,
  6.5,
  5
)

insert into public.vehicle_generations (
  id,
  model_id,
  code,
  start_year,
  end_year,
  facelift,
  production_countries,
  body_types,
  fuel_types,
  transmission_types,
  summary
)
values (
  '19865cab-35ba-5a2b-41d2-c3effa3b74be',
  '4e92d9b6-0875-6497-a1b0-e0da936986e0',
  'A13',
  2011,
  2017,
  false,
  '{"Ukraine"}'::text[],
  null,
  null,
  null,
  'ZAZ Forza is a rebadged version of the Chinese Chery Fulwin 2. It offered a more modern alternative to the aging Lanos platform.'
)

insert into public.vehicle_insights (
  model_id,
  pros,
  cons,
  inspection_tips,
  notable_features,
  engine_examples,
  common_issues_by_engine,
  reliability_score,
  popularity_score
)
values (
  '4e92d9b6-0875-6497-a1b0-e0da936986e0',
  '["Spacious cabin and large trunk capacity (Liftback)","Modern engine design (Euro 4/5 standards)","Competitive price upon release"]'::jsonb,
  '["Low resale value","Inconsistent build quality and fitment","Electrical component failures"]'::jsonb,
  '["Check all electrical functions, especially climate control and power windows","Inspect body joints and paint quality (prone to early rusting)","Test drive to check for transmission slips and suspension noises"]'::jsonb,
  '["Relatively modern styling compared to other ZAZ products","Better equipped interior options"]'::jsonb,
  '["1.5L ACTECO SQR477F"]'::jsonb,
  '[{"engine_code":"SQR477F (1.5L)","common_issues_ru":["Шум цепи ГРМ при пробеге свыше 60 тыс. км","Течь антифриза из-под термостата","Нестабильная работа топливной системы"]}]'::jsonb,
  null,
  null
)

insert into public.vehicle_makes (id, slug, name_en, country, segment_class, is_active, category_path)
values (
  'c40d1559-cb17-bebb-627b-9e0e3760f393',
  'zil',
  'ZIL',
  'USSR/Russia',
  'F (Luxury)',
  false,
  '/passenger-cars/luxury/'
)

insert into public.vehicle_models (
  id,
  make_id,
  slug,
  name_en,
  first_model_year,
  last_model_year,
  years_available,
  body_types_available,
  fuel_types_available,
  transmission_available,
  reliability_score,
  popularity_score
)
values (
  '3ba9f670-2ce3-0c50-4132-71c46db5da8b',
  'c40d1559-cb17-bebb-627b-9e0e3760f393',
  'zil-111',
  'ZIL-111',
  1958,
  1967,
  '{"1958","1959","1960","1961","1962","1963","1964","1965","1966","1967"}'::int[],
  '["Sedan","Convertible"]'::jsonb,
  '["Gasoline"]'::jsonb,
  '["Automatic"]'::jsonb,
  7.5,
  6
)

insert into public.vehicle_generations (
  id,
  model_id,
  code,
  start_year,
  end_year,
  facelift,
  production_countries,
  body_types,
  fuel_types,
  transmission_types,
  summary
)
values (
  '84e2ff9e-dd85-8e1a-0fc3-cdcd88356c47',
  '3ba9f670-2ce3-0c50-4132-71c46db5da8b',
  '111',
  1958,
  1962,
  false,
  '{"USSR"}'::text[],
  null,
  null,
  null,
  'First generation of ZIL''s post-war high-luxury limousine.'
)

insert into public.vehicle_generations (
  id,
  model_id,
  code,
  start_year,
  end_year,
  facelift,
  production_countries,
  body_types,
  fuel_types,
  transmission_types,
  summary
)
values (
  '65a480ee-cb2a-f28d-36a3-a3fd7625e0d4',
  '3ba9f670-2ce3-0c50-4132-71c46db5da8b',
  '111G',
  1962,
  1967,
  true,
  '{"USSR"}'::text[],
  null,
  null,
  null,
  'Facelifted version featuring updated styling inspired by US models like the Cadillac Eldorado.'
)

insert into public.vehicle_insights (
  model_id,
  pros,
  cons,
  inspection_tips,
  notable_features,
  engine_examples,
  common_issues_by_engine,
  reliability_score,
  popularity_score
)
values (
  '3ba9f670-2ce3-0c50-4132-71c46db5da8b',
  '["Extremely spacious interior","Historical significance","Powerful V8 engine for its time"]'::jsonb,
  '["Extremely high fuel consumption","Rare parts availability","Complex hydraulic systems"]'::jsonb,
  '["Check condition of specialized automatic transmission fluid","Verify correct operation of power steering and brakes (if equipped)"]'::jsonb,
  '["Push-button automatic transmission selector","Separate climate control zones"]'::jsonb,
  '["ZIL 111 (6.0 L V8)"]'::jsonb,
  '[{"engine_code":"ZIL 111 (6.0 L V8)","common_issues_ru":["Перегрев двигателя при длительной работе","Проблемы с карбюратором и системой зажигания","Износ автоматической коробки передач"]}]'::jsonb,
  null,
  null
)

insert into public.vehicle_models (
  id,
  make_id,
  slug,
  name_en,
  first_model_year,
  last_model_year,
  years_available,
  body_types_available,
  fuel_types_available,
  transmission_available,
  reliability_score,
  popularity_score
)
values (
  '5aa1bf1c-b735-94ca-cec4-fee114912ee8',
  'c40d1559-cb17-bebb-627b-9e0e3760f393',
  'zil-4104',
  'ZIL-4104',
  1978,
  2002,
  '{"1978","1979","1980","1981","1982","1983","1984","1985","1986","1987","1988","1989","1990","1991","1992","1993","1994","1995","1996","1997","1998","1999","2000","2001","2002"}'::int[],
  '["Sedan","Limousine"]'::jsonb,
  '["Gasoline"]'::jsonb,
  '["Automatic"]'::jsonb,
  8,
  7
)

insert into public.vehicle_generations (
  id,
  model_id,
  code,
  start_year,
  end_year,
  facelift,
  production_countries,
  body_types,
  fuel_types,
  transmission_types,
  summary
)
values (
  '616cca21-5a22-4ad0-3b3b-d25df2490e1d',
  '5aa1bf1c-b735-94ca-cec4-fee114912ee8',
  '4104',
  1978,
  1985,
  false,
  '{"USSR"}'::text[],
  null,
  null,
  null,
  'The flagship state limousine of the late Soviet period, featuring a powerful 7.7L V8 engine.'
)

insert into public.vehicle_generations (
  id,
  model_id,
  code,
  start_year,
  end_year,
  facelift,
  production_countries,
  body_types,
  fuel_types,
  transmission_types,
  summary
)
values (
  'f0764c2b-4849-0ebe-84df-b0096749f661',
  '5aa1bf1c-b735-94ca-cec4-fee114912ee8',
  '41047',
  1985,
  2002,
  true,
  '{"USSR","Russia"}'::text[],
  null,
  null,
  null,
  'Minor exterior and interior updates, remaining in service well into the Russian Federation era.'
)

insert into public.vehicle_insights (
  model_id,
  pros,
  cons,
  inspection_tips,
  notable_features,
  engine_examples,
  common_issues_by_engine,
  reliability_score,
  popularity_score
)
values (
  '5aa1bf1c-b735-94ca-cec4-fee114912ee8',
  '["Exceptional ride comfort and sound isolation","Imposing presence","Durable construction"]'::jsonb,
  '["Massive size makes parking difficult","Prohibitive maintenance costs","Outdated technology compared to Western rivals of the era"]'::jsonb,
  '["Inspect chassis and body for hidden rust due to specialized armored variants often being poorly maintained by private collectors.","Verify reliability of complex internal communications systems."]'::jsonb,
  '["Hydropneumatic suspension system","High degree of interior luxury and secrecy features"]'::jsonb,
  '["ZIL 4104 (7.7 L V8)"]'::jsonb,
  '[{"engine_code":"ZIL 4104 (7.7 L V8)","common_issues_ru":["Сложности с поиском оригинальных компонентов системы питания","Проблемы с вакуумным усилителем тормозов","Коррозия кузовных элементов при плохом хранении"]}]'::jsonb,
  null,
  null
)

insert into public.vehicle_models (
  id,
  make_id,
  slug,
  name_en,
  first_model_year,
  last_model_year,
  years_available,
  body_types_available,
  fuel_types_available,
  transmission_available,
  reliability_score,
  popularity_score
)
values (
  '4b93f587-233b-8a7a-2509-95ab319041a3',
  'c40d1559-cb17-bebb-627b-9e0e3760f393',
  'zil-117',
  'ZIL-117',
  1971,
  1978,
  '{"1971","1972","1973","1974","1975","1976","1977","1978"}'::int[],
  '["Sedan"]'::jsonb,
  '["Gasoline"]'::jsonb,
  '["Automatic"]'::jsonb,
  7.8,
  6.5
)

insert into public.vehicle_generations (
  id,
  model_id,
  code,
  start_year,
  end_year,
  facelift,
  production_countries,
  body_types,
  fuel_types,
  transmission_types,
  summary
)
values (
  '3189f3a3-6aad-aaef-67af-ee9a68c514ef',
  '4b93f587-233b-8a7a-2509-95ab319041a3',
  '117',
  1971,
  1978,
  false,
  '{"USSR"}'::text[],
  null,
  null,
  null,
  'The short-wheelbase version of the ZIL-114/115, intended as a chauffeur-driven sedan or fast transport for high-ranking officials.'
)

insert into public.vehicle_insights (
  model_id,
  pros,
  cons,
  inspection_tips,
  notable_features,
  engine_examples,
  common_issues_by_engine,
  reliability_score,
  popularity_score
)
values (
  '4b93f587-233b-8a7a-2509-95ab319041a3',
  '["More manageable size than the full limousines","Classic Soviet luxury styling","High performance V8"]'::jsonb,
  '["Very rare, high cost of acquisition","Heavy steering (pre-power steering issues)"]'::jsonb,
  '["Check exhaust manifold integrity, common point of failure due to heat cycles."]'::jsonb,
  '["Relatively compact size for a ZIL","Powerful acceleration for its class"]'::jsonb,
  '["ZIL 114 (7.0 L V8)"]'::jsonb,
  '[{"engine_code":"ZIL 114 (7.0 L V8)","common_issues_ru":["Повышенный износ подвески из-за веса","Протечки масла из-за старых уплотнителей","Проблемы с электрикой и проводкой"]}]'::jsonb,
  null,
  null
)

insert into public.vehicle_makes (id, slug, name_en, country, segment_class, is_active, category_path)
values (
  '05097fed-a9ad-65e0-a2e4-f536103c440e',
  'zastava',
  'Zastava',
  'Serbia',
  'A/B',
  false,
  'Economy Cars'
)

insert into public.vehicle_models (
  id,
  make_id,
  slug,
  name_en,
  first_model_year,
  last_model_year,
  years_available,
  body_types_available,
  fuel_types_available,
  transmission_available,
  reliability_score,
  popularity_score
)
values (
  '58e12977-0303-6305-393e-7c42ebe9fde6',
  '05097fed-a9ad-65e0-a2e4-f536103c440e',
  'koral',
  'Koral (Yugo)',
  1980,
  2008,
  '{"1980","1985","1995","2005","2008"}'::int[],
  '["Hatchback"]'::jsonb,
  '["Gasoline"]'::jsonb,
  '["Manual"]'::jsonb,
  4,
  7
)

insert into public.vehicle_generations (
  id,
  model_id,
  code,
  start_year,
  end_year,
  facelift,
  production_countries,
  body_types,
  fuel_types,
  transmission_types,
  summary
)
values (
  '024bf3d6-7ae0-d7e1-a16c-a247b1098037',
  '58e12977-0303-6305-393e-7c42ebe9fde6',
  '45/55',
  1980,
  1985,
  false,
  '{"Yugoslavia"}'::text[],
  null,
  null,
  null,
  'Initial release, based heavily on the Fiat 127 platform.'
)

insert into public.vehicle_generations (
  id,
  model_id,
  code,
  start_year,
  end_year,
  facelift,
  production_countries,
  body_types,
  fuel_types,
  transmission_types,
  summary
)
values (
  'c8e85aa6-3855-298d-f99b-ba2ff80849e3',
  '58e12977-0303-6305-393e-7c42ebe9fde6',
  'Koral/Tempo',
  1985,
  2008,
  true,
  '{"Yugoslavia","Serbia"}'::text[],
  null,
  null,
  null,
  'Updated models, including electronic fuel injection in later versions.'
)

insert into public.vehicle_insights (
  model_id,
  pros,
  cons,
  inspection_tips,
  notable_features,
  engine_examples,
  common_issues_by_engine,
  reliability_score,
  popularity_score
)
values (
  '58e12977-0303-6305-393e-7c42ebe9fde6',
  '["Чрезвычайно дешев в покупке и обслуживании","Простая механика, легко ремонтировать самостоятельно","Отличная маневренность в городе"]'::jsonb,
  '["Низкие оценки безопасности","Низкое качество сборки и материалов","Слабая производительность и шум"]'::jsonb,
  '["Проверьте на предмет сильной коррозии на порогах, арках и днище.","Осмотрите надежность электрической системы и проводки."]'::jsonb,
  '["Famously exported to the US market.","Extremely simple and low-tech design."]'::jsonb,
  '["903 cc (45 hp)","1116 cc (60 hp)"]'::jsonb,
  '[{"engine_code":"100GL.000","common_issues_ru":["Проблемы с карбюратором (на старых моделях)","Слабая устойчивость кузова к коррозии","Износ сальников клапанов"]}]'::jsonb,
  null,
  null
)

insert into public.vehicle_models (
  id,
  make_id,
  slug,
  name_en,
  first_model_year,
  last_model_year,
  years_available,
  body_types_available,
  fuel_types_available,
  transmission_available,
  reliability_score,
  popularity_score
)
values (
  '9accf4be-d8b1-2d3a-b0c0-227b6f300989',
  '05097fed-a9ad-65e0-a2e4-f536103c440e',
  'zastava-101',
  '101 (Skala)',
  1971,
  2008,
  '{"1971","1981","1991","2001","2008"}'::int[],
  '["Hatchback","Sedan"]'::jsonb,
  '["Gasoline"]'::jsonb,
  '["Manual"]'::jsonb,
  5,
  8
)

insert into public.vehicle_generations (
  id,
  model_id,
  code,
  start_year,
  end_year,
  facelift,
  production_countries,
  body_types,
  fuel_types,
  transmission_types,
  summary
)
values (
  '318e23f6-7ba3-1606-dfb8-ef07fb750cbf',
  '9accf4be-d8b1-2d3a-b0c0-227b6f300989',
  'Z-101',
  1971,
  1991,
  false,
  '{"Yugoslavia"}'::text[],
  null,
  null,
  null,
  'Original 5-door liftback version, based on the Fiat 128 components.'
)

insert into public.vehicle_generations (
  id,
  model_id,
  code,
  start_year,
  end_year,
  facelift,
  production_countries,
  body_types,
  fuel_types,
  transmission_types,
  summary
)
values (
  'eb00fa97-6ca3-cd07-6b3c-a1175c4132c5',
  '9accf4be-d8b1-2d3a-b0c0-227b6f300989',
  'Skala',
  1991,
  2008,
  true,
  '{"Yugoslavia","Serbia"}'::text[],
  null,
  null,
  null,
  'Later models (Skala 55/65), mainly sold in Eastern Europe.'
)

insert into public.vehicle_insights (
  model_id,
  pros,
  cons,
  inspection_tips,
  notable_features,
  engine_examples,
  common_issues_by_engine,
  reliability_score,
  popularity_score
)
values (
  '9accf4be-d8b1-2d3a-b0c0-227b6f300989',
  '["Надежный и простой в ремонте двигатель (Fiat SOHC)","Дешевые и доступные запчасти","Достаточно просторный для своего класса"]'::jsonb,
  '["Сильная предрасположенность к коррозии кузова","Отсутствие современных функций безопасности (ABS, подушки)","Очень шумный салон"]'::jsonb,
  '["Обязательно проверьте структурную ржавчину, особенно в местах крепления подвески.","Проверьте состояние подвески и рулевого управления (быстрый износ)."]'::jsonb,
  '["One of Zastava''s longest-produced models, serving as a family car for decades.","Unique 5-door body style derived from Fiat 128."]'::jsonb,
  '["1116 cc (55 hp)","1300 cc (65 hp)"]'::jsonb,
  '[{"engine_code":"128A.000","common_issues_ru":["Проблемы с распределителем зажигания","Течи масла из коробки передач","Перегрев из-за забитого радиатора"]}]'::jsonb,
  null,
  null
)

insert into public.vehicle_models (
  id,
  make_id,
  slug,
  name_en,
  first_model_year,
  last_model_year,
  years_available,
  body_types_available,
  fuel_types_available,
  transmission_available,
  reliability_score,
  popularity_score
)
values (
  '3cf47b7e-1ae5-89c8-d42b-084bbeff2f47',
  '05097fed-a9ad-65e0-a2e4-f536103c440e',
  'zastava-750',
  '750 (Fićo)',
  1955,
  1985,
  '{"1955","1965","1975","1985"}'::int[],
  '["Sedan"]'::jsonb,
  '["Gasoline"]'::jsonb,
  '["Manual"]'::jsonb,
  7,
  6
)

insert into public.vehicle_generations (
  id,
  model_id,
  code,
  start_year,
  end_year,
  facelift,
  production_countries,
  body_types,
  fuel_types,
  transmission_types,
  summary
)
values (
  '2384fcce-4cb7-4439-b66f-6a525f933adf',
  '3cf47b7e-1ae5-89c8-d42b-084bbeff2f47',
  '600/750M',
  1955,
  1969,
  false,
  '{"Yugoslavia"}'::text[],
  null,
  null,
  null,
  'Based on the original Fiat 600, rear-engined setup.'
)

insert into public.vehicle_generations (
  id,
  model_id,
  code,
  start_year,
  end_year,
  facelift,
  production_countries,
  body_types,
  fuel_types,
  transmission_types,
  summary
)
values (
  'ce777f14-2094-eea1-4ee1-0b16c3091cbf',
  '3cf47b7e-1ae5-89c8-d42b-084bbeff2f47',
  '750 Specijal',
  1969,
  1985,
  true,
  '{"Yugoslavia"}'::text[],
  null,
  null,
  null,
  'Increased engine size and minor interior/exterior updates.'
)

insert into public.vehicle_insights (
  model_id,
  pros,
  cons,
  inspection_tips,
  notable_features,
  engine_examples,
  common_issues_by_engine,
  reliability_score,
  popularity_score
)
values (
  '3cf47b7e-1ae5-89c8-d42b-084bbeff2f47',
  '["Знаковый классический статус и высокая коллекционная ценность","Чрезвычайно компактный и маневренный","Механизм прост, как велосипед"]'::jsonb,
  '["Полное отсутствие безопасности по современным меркам","Очень низкая мощность","Требует регулярного механического обслуживания"]'::jsonb,
  '["Проверьте на предмет утечек масла из заднего двигателя.","Осмотрите состояние резиновых элементов подвески (быстрый износ)."]'::jsonb,
  '["A cultural icon in the former Yugoslavia (known as ''Fićo'').","Rear-wheel drive, rear-engine layout."]'::jsonb,
  '["767 cc (25 hp)"]'::jsonb,
  '[{"engine_code":"100D.000","common_issues_ru":["Сложности с запуском в холодную погоду (слабый аккумулятор)","Быстрый износ тормозных барабанов","Проблемы с системой охлаждения (перегрев)"]}]'::jsonb,
  null,
  null
)

insert into public.vehicle_makes (id, slug, name_en, country, segment_class, is_active, category_path)
values (
  '89016850-127d-e2a9-46b4-8303e665aef8',
  'zeekr',
  'Zeekr',
  'China',
  'F',
  true,
  'Passenger Cars/Electric Vehicles/Premium'
)

insert into public.vehicle_models (
  id,
  make_id,
  slug,
  name_en,
  first_model_year,
  last_model_year,
  years_available,
  body_types_available,
  fuel_types_available,
  transmission_available,
  reliability_score,
  popularity_score
)
values (
  'c8086881-ed09-c72b-78f7-a7977b958411',
  '89016850-127d-e2a9-46b4-8303e665aef8',
  '001',
  '001',
  2021,
  2024,
  '{"2021","2022","2023","2024"}'::int[],
  '["Shooting Brake","Liftback"]'::jsonb,
  '["Electric"]'::jsonb,
  '["Automatic (Single Speed)"]'::jsonb,
  7.8,
  9
)

insert into public.vehicle_generations (
  id,
  model_id,
  code,
  start_year,
  end_year,
  facelift,
  production_countries,
  body_types,
  fuel_types,
  transmission_types,
  summary
)
values (
  'c17bb34c-8ca9-bb45-43cf-475f4a46ed8c',
  'c8086881-ed09-c72b-78f7-a7977b958411',
  'GE11',
  2021,
  2024,
  false,
  '{"China"}'::text[],
  null,
  null,
  null,
  'First generation of Zeekr''s flagship model, known for its performance and long range.'
)

insert into public.vehicle_insights (
  model_id,
  pros,
  cons,
  inspection_tips,
  notable_features,
  engine_examples,
  common_issues_by_engine,
  reliability_score,
  popularity_score
)
values (
  'c8086881-ed09-c72b-78f7-a7977b958411',
  '["Высокая динамика и отличные характеристики ускорения","Премиальный салон и богатая комплектация","Очень большой запас хода (до 1032 км по CLTC)","Плавность хода и шумоизоляция"]'::jsonb,
  '["Сложности с официальным обслуживанием вне Китая","Высокая стоимость ремонта кузовных элементов","Особенности работы мультимедиа с китайской прошивкой","Большой радиус разворота"]'::jsonb,
  '["Проверить состояние пневмобаллонов и компрессора","Убедиться в отсутствии ошибок в системе управления батареей","Оценить равномерность износа шин"]'::jsonb,
  '["High-capacity battery options (up to 100 kWh)","Fast charging capabilities (up to 360 kW)","Advanced LFP battery technology in newer versions"]'::jsonb,
  '["RWD 200 kW (272 hp)","AWD 400 kW (544 hp)"]'::jsonb,
  '[{"engine_code":"RWD Drive Unit","common_issues_ru":["Проблемы с датчиками дверных ручек и их замерзанием","Сбои в работе пневмоподвески на ранних моделях","Необходимость регулярного обновления ПО для стабильной работы"]},{"engine_code":"AWD Drive Unit","common_issues_ru":["Повышенный износ шин из-за большого веса и мощности","Возможный шум переднего электромотора при интенсивном разгоне"]}]'::jsonb,
  null,
  null
)

insert into public.vehicle_models (
  id,
  make_id,
  slug,
  name_en,
  first_model_year,
  last_model_year,
  years_available,
  body_types_available,
  fuel_types_available,
  transmission_available,
  reliability_score,
  popularity_score
)
values (
  'd7c0f38c-6785-1903-ee16-cfecc6e43d92',
  '89016850-127d-e2a9-46b4-8303e665aef8',
  'x',
  'X',
  2023,
  2024,
  '{"2023","2024"}'::int[],
  '["SUV"]'::jsonb,
  '["Electric"]'::jsonb,
  '["Automatic (Single Speed)"]'::jsonb,
  8,
  8.5
)

insert into public.vehicle_generations (
  id,
  model_id,
  code,
  start_year,
  end_year,
  facelift,
  production_countries,
  body_types,
  fuel_types,
  transmission_types,
  summary
)
values (
  'ac855918-f026-46aa-6a52-25e581d68cd7',
  'd7c0f38c-6785-1903-ee16-cfecc6e43d92',
  'E1M',
  2023,
  2024,
  false,
  '{"China"}'::text[],
  null,
  null,
  null,
  'Compact premium electric SUV, sharing SEA platform architecture.'
)

insert into public.vehicle_insights (
  model_id,
  pros,
  cons,
  inspection_tips,
  notable_features,
  engine_examples,
  common_issues_by_engine,
  reliability_score,
  popularity_score
)
values (
  'd7c0f38c-6785-1903-ee16-cfecc6e43d92',
  '["Компактные размеры для города при просторном салоне","Фантастическое ускорение для своего класса","Высокая технологичность и интеграция ПО","Качественные материалы отделки"]'::jsonb,
  '["Ограниченный объем багажника","Жесткость подвески на плохих дорогах, характерная для Geely SEA","Спорные решения в дизайне интерьера (например, отсутствие большинства физических кнопок)"]'::jsonb,
  '["Осмотреть состояние салона (высококачественная экокожа требует ухода)","Проверить функционирование всех сенсоров и камер"]'::jsonb,
  '["Compact footprint with spacious interior","High performance (especially AWD model)","Frameless doors"]'::jsonb,
  '["RWD 200 kW (272 hp)","AWD 315 kW (428 hp)"]'::jsonb,
  '[{"engine_code":"RWD Motor","common_issues_ru":["Проблемы с центральным замком и выдвижными дверными ручками в морозную погоду","Небольшие программные сбои мультимедийной системы","Некорректная работа парктроников"]}]'::jsonb,
  null,
  null
)

insert into public.vehicle_models (
  id,
  make_id,
  slug,
  name_en,
  first_model_year,
  last_model_year,
  years_available,
  body_types_available,
  fuel_types_available,
  transmission_available,
  reliability_score,
  popularity_score
)
values (
  '96359850-0bc3-f071-599a-760e0819debc',
  '89016850-127d-e2a9-46b4-8303e665aef8',
  '009',
  '009',
  2022,
  2024,
  '{"2022","2023","2024"}'::int[],
  '["Minivan"]'::jsonb,
  '["Electric"]'::jsonb,
  '["Automatic (Single Speed)"]'::jsonb,
  8.2,
  7.5
)

insert into public.vehicle_generations (
  id,
  model_id,
  code,
  start_year,
  end_year,
  facelift,
  production_countries,
  body_types,
  fuel_types,
  transmission_types,
  summary
)
values (
  '336ce02a-9103-e7e9-44f1-60faa5037826',
  '96359850-0bc3-f071-599a-760e0819debc',
  'V2E',
  2022,
  2024,
  false,
  '{"China"}'::text[],
  null,
  null,
  null,
  'Luxury full-size electric MPV designed primarily for executive transport.'
)

insert into public.vehicle_insights (
  model_id,
  pros,
  cons,
  inspection_tips,
  notable_features,
  engine_examples,
  common_issues_by_engine,
  reliability_score,
  popularity_score
)
values (
  '96359850-0bc3-f071-599a-760e0819debc',
  '["Непревзойденный уровень комфорта для пассажиров второго ряда","Огромный запас мощности","Исключительно тихий и плавный ход","Высочайший уровень безопасности"]'::jsonb,
  '["Сложности с парковкой из-за очень больших габаритов","Очень высокая цена и сложность импорта","Большой вес негативно влияет на эффективность"]'::jsonb,
  '["Проверить работу всех электрических приводов сдвижных дверей и кресел","Оценить целостность роскошной отделки салона"]'::jsonb,
  '["High level of luxury and rear seat comfort (captain chairs)","Unique exterior design","Powerful AWD system"]'::jsonb,
  '["AWD 400 kW (544 hp)"]'::jsonb,
  '[{"engine_code":"AWD Dual Motor System","common_issues_ru":["Требовательность к качеству дорожного покрытия из-за пневмоподвески","Потенциальные сложности с поиском специализированного сервиса","Медленная скорость зарядки на некоторых неофициальных станциях"]}]'::jsonb,
  null,
  null
)

commit;

