-- AUTO-GENERATED SEED FOR vehicle_* TABLES (filtered >= 1980);


-- Generated: 2025-11-03T17:53:38.395Z;


begin;


insert into public.vehicle_makes (id, slug, name_en, country, segment_class, is_active, category_path)
values (
  '6e681b80-4a1b-a386-d9be-abbad0b25196',
  'acura',
  'Acura',
  'Япония',
  null,
  true,
  'transport/legkovye-avtomobili'
)
on conflict (id) do nothing;


insert into public.vehicle_models (
  id,
  make_id,
  slug,
  name_en,
  first_model_year,
  last_model_year,
  years_available,
  body_types_available,
  fuel_types_available,
  transmission_available,
  reliability_score,
  popularity_score
)
values (
  'c3c5c024-0f34-c11b-7b85-0aabadcd0bad',
  '6e681b80-4a1b-a386-d9be-abbad0b25196',
  'mdx',
  'MDX',
  2001,
  2024,
  '{2001,2002,2003,2004,2005,2006,2007,2008,2009,2010,2011,2012,2013,2014,2015,2016,2017,2018,2019,2020,2021,2022,2023,2024}'::int[],
  '["SUV"]'::jsonb,
  '["Gasoline","Hybrid"]'::jsonb,
  '["Automatic","Manual (early models)"]'::jsonb,
  7.8,
  8.5
)
on conflict (make_id, slug) do nothing;


insert into public.vehicle_generations (
  id,
  model_id,
  code,
  start_year,
  end_year,
  facelift,
  production_countries,
  body_types,
  fuel_types,
  transmission_types,
  summary
)
values (
  '0bb4e5ed-5f15-2391-8fa5-1d1d3cd45487',
  'c3c5c024-0f34-c11b-7b85-0aabadcd0bad',
  'First Generation (2001-2006)',
  2001,
  2006,
  true,
  '{"Canada","United States"}'::text[],
  '["SUV"]'::jsonb,
  '["Gasoline"]'::jsonb,
  '["Automatic"]'::jsonb,
  'The first generation MDX was a mid-size luxury SUV based on the Honda Pilot platform. It featured a 3.5L V6 engine and offered standard all-wheel drive.'
)
on conflict (model_id, code) do nothing;


insert into public.vehicle_generations (
  id,
  model_id,
  code,
  start_year,
  end_year,
  facelift,
  production_countries,
  body_types,
  fuel_types,
  transmission_types,
  summary
)
values (
  'a33379ae-1c44-5f50-a558-841ebd4a70dc',
  'c3c5c024-0f34-c11b-7b85-0aabadcd0bad',
  'Second Generation (2007-2013)',
  2007,
  2013,
  true,
  '{"Canada","United States"}'::text[],
  '["SUV"]'::jsonb,
  '["Gasoline"]'::jsonb,
  '["Automatic"]'::jsonb,
  'The second generation MDX grew in size and power, with a 3.7L V6 engine. It also received updated styling and technology features.'
)
on conflict (model_id, code) do nothing;


insert into public.vehicle_generations (
  id,
  model_id,
  code,
  start_year,
  end_year,
  facelift,
  production_countries,
  body_types,
  fuel_types,
  transmission_types,
  summary
)
values (
  '4f90757f-60b0-e33e-4738-add4a2350ee6',
  'c3c5c024-0f34-c11b-7b85-0aabadcd0bad',
  'Third Generation (2014-2021)',
  2014,
  2021,
  true,
  '{"United States"}'::text[],
  '["SUV"]'::jsonb,
  '["Gasoline","Hybrid"]'::jsonb,
  '["Automatic"]'::jsonb,
  'The third generation MDX introduced a new design and a more luxurious interior. A hybrid variant was added in later years.'
)
on conflict (model_id, code) do nothing;


insert into public.vehicle_generations (
  id,
  model_id,
  code,
  start_year,
  end_year,
  facelift,
  production_countries,
  body_types,
  fuel_types,
  transmission_types,
  summary
)
values (
  '1f96f756-6691-273f-239f-76df21a3b5e2',
  'c3c5c024-0f34-c11b-7b85-0aabadcd0bad',
  'Fourth Generation (2022-Current)',
  2022,
  2024,
  false,
  '{"United States"}'::text[],
  '["SUV"]'::jsonb,
  '["Gasoline"]'::jsonb,
  '["Automatic"]'::jsonb,
  'The fourth generation MDX features a new platform, updated styling, and a more powerful engine. It also includes advanced safety and technology features.'
)
on conflict (model_id, code) do nothing;


insert into public.vehicle_insights (
  model_id,
  pros,
  cons,
  inspection_tips,
  notable_features,
  engine_examples,
  common_issues_by_engine,
  reliability_score,
  popularity_score
)
values (
  'c3c5c024-0f34-c11b-7b85-0aabadcd0bad',
  '["Spacious interior","Strong engine","Good safety ratings"]'::jsonb,
  '["Fuel economy could be better","Infotainment system can be complex"]'::jsonb,
  '["Check for transmission issues","Inspect suspension components"]'::jsonb,
  '["Super Handling All-Wheel Drive (SH-AWD)","AcuraWatch safety suite"]'::jsonb,
  '["3.5L V6","3.7L V6","3.0L V6 Hybrid"]'::jsonb,
  '[{"engine_code":"J35","common_issues_ru":["Растяжение цепи ГРМ","Утечка масла из клапанной крышки"]},{"engine_code":"J37","common_issues_ru":["Проблемы с системой VCM","Утечка антифриза"]},{"engine_code":"3.0L Hybrid","common_issues_ru":["Проблемы с батареей","Неисправности инвертора"]}]'::jsonb,
  null,
  null
)
on conflict (model_id) do nothing;


insert into public.vehicle_models (
  id,
  make_id,
  slug,
  name_en,
  first_model_year,
  last_model_year,
  years_available,
  body_types_available,
  fuel_types_available,
  transmission_available,
  reliability_score,
  popularity_score
)
values (
  '7a01a3c4-9ffe-f9b8-88a5-20487377f6d6',
  '6e681b80-4a1b-a386-d9be-abbad0b25196',
  'nsx',
  'NSX',
  1990,
  2022,
  '{1990,1991,1992,1993,1994,1995,1996,1997,1998,1999,2000,2001,2002,2003,2004,2005,2017,2018,2019,2020,2021,2022}'::int[],
  '["Coupe","Targa"]'::jsonb,
  '["Gasoline"]'::jsonb,
  '["Manual","Automatic"]'::jsonb,
  8.2,
  7.9
)
on conflict (make_id, slug) do nothing;


insert into public.vehicle_generations (
  id,
  model_id,
  code,
  start_year,
  end_year,
  facelift,
  production_countries,
  body_types,
  fuel_types,
  transmission_types,
  summary
)
values (
  '6ff1f268-e5c5-bfde-cc3b-b48f2a11b4ae',
  '7a01a3c4-9ffe-f9b8-88a5-20487377f6d6',
  'First Generation (1990-2005)',
  1990,
  2005,
  true,
  '{"Japan"}'::text[],
  '["Coupe","Targa"]'::jsonb,
  '["Gasoline"]'::jsonb,
  '["Manual","Automatic"]'::jsonb,
  'The original NSX was a groundbreaking sports car, featuring an all-aluminum body and a mid-engine layout. It was known for its exceptional handling and reliability.'
)
on conflict (model_id, code) do nothing;


insert into public.vehicle_generations (
  id,
  model_id,
  code,
  start_year,
  end_year,
  facelift,
  production_countries,
  body_types,
  fuel_types,
  transmission_types,
  summary
)
values (
  '688740b6-d743-4236-a61f-847f9195d520',
  '7a01a3c4-9ffe-f9b8-88a5-20487377f6d6',
  'Second Generation (2017-2022)',
  2017,
  2022,
  true,
  '{"United States"}'::text[],
  '["Coupe"]'::jsonb,
  '["Gasoline","Hybrid"]'::jsonb,
  '["Automatic"]'::jsonb,
  'The second-generation NSX was a hybrid supercar, featuring a twin-turbocharged V6 engine and electric motors. It offered impressive performance and advanced technology.'
)
on conflict (model_id, code) do nothing;


insert into public.vehicle_insights (
  model_id,
  pros,
  cons,
  inspection_tips,
  notable_features,
  engine_examples,
  common_issues_by_engine,
  reliability_score,
  popularity_score
)
values (
  '7a01a3c4-9ffe-f9b8-88a5-20487377f6d6',
  '["Exceptional handling","High performance","Reliable engine (first gen)"]'::jsonb,
  '["High price","Expensive maintenance","Complex hybrid system (second gen)"]'::jsonb,
  '["Check for engine leaks","Inspect suspension components","Check hybrid system (second gen)"]'::jsonb,
  '["All-aluminum body","Mid-engine layout","Super Handling All-Wheel Drive (SH-AWD) (second gen)"]'::jsonb,
  '["3.0L V6","3.2L V6","3.5L V6 Twin-Turbo Hybrid"]'::jsonb,
  '[{"engine_code":"C30A/C32B","common_issues_ru":["Проблемы с системой зажигания","Износ водяной помпы"]},{"engine_code":"3.5L Twin-Turbo Hybrid","common_issues_ru":["Проблемы с батареей","Неисправности электрических компонентов"]}]'::jsonb,
  null,
  null
)
on conflict (model_id) do nothing;


insert into public.vehicle_models (
  id,
  make_id,
  slug,
  name_en,
  first_model_year,
  last_model_year,
  years_available,
  body_types_available,
  fuel_types_available,
  transmission_available,
  reliability_score,
  popularity_score
)
values (
  '72155604-5ba0-032e-43bd-67bb30e846a4',
  '6e681b80-4a1b-a386-d9be-abbad0b25196',
  'rdx',
  'RDX',
  2007,
  2024,
  '{2007,2008,2009,2010,2011,2012,2013,2014,2015,2016,2017,2018,2019,2020,2021,2022,2023,2024}'::int[],
  '["SUV"]'::jsonb,
  '["Gasoline"]'::jsonb,
  '["Automatic"]'::jsonb,
  7.7,
  8.1
)
on conflict (make_id, slug) do nothing;


insert into public.vehicle_generations (
  id,
  model_id,
  code,
  start_year,
  end_year,
  facelift,
  production_countries,
  body_types,
  fuel_types,
  transmission_types,
  summary
)
values (
  '3d7dc2eb-d20f-4516-ac20-e06674029942',
  '72155604-5ba0-032e-43bd-67bb30e846a4',
  'First Generation (2007-2012)',
  2007,
  2012,
  true,
  '{"Canada","United States"}'::text[],
  '["SUV"]'::jsonb,
  '["Gasoline"]'::jsonb,
  '["Automatic"]'::jsonb,
  'The first generation RDX was a compact luxury SUV, featuring a turbocharged 2.3L inline-four engine and standard all-wheel drive.'
)
on conflict (model_id, code) do nothing;


insert into public.vehicle_generations (
  id,
  model_id,
  code,
  start_year,
  end_year,
  facelift,
  production_countries,
  body_types,
  fuel_types,
  transmission_types,
  summary
)
values (
  'ce5433c9-74b8-00b6-e184-3a36622ba7ec',
  '72155604-5ba0-032e-43bd-67bb30e846a4',
  'Second Generation (2013-2018)',
  2013,
  2018,
  true,
  '{"United States"}'::text[],
  '["SUV"]'::jsonb,
  '["Gasoline"]'::jsonb,
  '["Automatic"]'::jsonb,
  'The second generation RDX received a new design and a more fuel-efficient 3.5L V6 engine.'
)
on conflict (model_id, code) do nothing;


insert into public.vehicle_generations (
  id,
  model_id,
  code,
  start_year,
  end_year,
  facelift,
  production_countries,
  body_types,
  fuel_types,
  transmission_types,
  summary
)
values (
  '59ec4624-3fa9-3dad-b95e-f3d167477484',
  '72155604-5ba0-032e-43bd-67bb30e846a4',
  'Third Generation (2019-Current)',
  2019,
  2024,
  true,
  '{"United States"}'::text[],
  '["SUV"]'::jsonb,
  '["Gasoline"]'::jsonb,
  '["Automatic"]'::jsonb,
  'The third generation RDX features a new platform, a turbocharged 2.0L inline-four engine, and a more luxurious interior.'
)
on conflict (model_id, code) do nothing;


insert into public.vehicle_insights (
  model_id,
  pros,
  cons,
  inspection_tips,
  notable_features,
  engine_examples,
  common_issues_by_engine,
  reliability_score,
  popularity_score
)
values (
  '72155604-5ba0-032e-43bd-67bb30e846a4',
  '["Sporty handling","Stylish design","Advanced technology features"]'::jsonb,
  '["Ride can be firm","Infotainment system can be slow (older models)"]'::jsonb,
  '["Check for turbocharger issues","Inspect suspension components"]'::jsonb,
  '["Turbocharged engine","AcuraWatch safety suite","SH-AWD"]'::jsonb,
  '["2.3L Turbo I4","3.5L V6","2.0L Turbo I4"]'::jsonb,
  '[{"engine_code":"K23A1","common_issues_ru":["Проблемы с турбокомпрессором","Утечка масла"]},{"engine_code":"J35","common_issues_ru":["Растяжение цепи ГРМ","Утечка масла"]},{"engine_code":"K20C4","common_issues_ru":["Проблемы с турбокомпрессором","Утечка масла"]}]'::jsonb,
  null,
  null
)
on conflict (model_id) do nothing;


insert into public.vehicle_models (
  id,
  make_id,
  slug,
  name_en,
  first_model_year,
  last_model_year,
  years_available,
  body_types_available,
  fuel_types_available,
  transmission_available,
  reliability_score,
  popularity_score
)
values (
  '69df56c4-b687-8b7f-ffcd-8ab1ee31d2dc',
  '6e681b80-4a1b-a386-d9be-abbad0b25196',
  'tlx',
  'TLX',
  2004,
  2024,
  '{2004,2005,2006,2007,2008,2009,2010,2011,2012,2013,2014,2015,2016,2017,2018,2019,2020,2021,2022,2023,2024}'::int[],
  '["Sedan"]'::jsonb,
  '["Gasoline"]'::jsonb,
  '["Automatic","Manual (early models)"]'::jsonb,
  7.6,
  8.3
)
on conflict (make_id, slug) do nothing;


insert into public.vehicle_generations (
  id,
  model_id,
  code,
  start_year,
  end_year,
  facelift,
  production_countries,
  body_types,
  fuel_types,
  transmission_types,
  summary
)
values (
  '6cdbc0ae-4431-e73f-5554-fb7157e67fc5',
  '69df56c4-b687-8b7f-ffcd-8ab1ee31d2dc',
  'First Generation (2004-2008) - TL',
  2004,
  2008,
  true,
  '{"United States"}'::text[],
  '["Sedan"]'::jsonb,
  '["Gasoline"]'::jsonb,
  '["Automatic","Manual"]'::jsonb,
  'The first generation TL was a mid-size luxury sedan known for its performance and value. It offered a choice of V6 engines and available manual transmission.'
)
on conflict (model_id, code) do nothing;


insert into public.vehicle_generations (
  id,
  model_id,
  code,
  start_year,
  end_year,
  facelift,
  production_countries,
  body_types,
  fuel_types,
  transmission_types,
  summary
)
values (
  '3eee00c0-e374-a605-4500-f384e88e0d91',
  '69df56c4-b687-8b7f-ffcd-8ab1ee31d2dc',
  'Second Generation (2009-2014) - TL',
  2009,
  2014,
  true,
  '{"United States"}'::text[],
  '["Sedan"]'::jsonb,
  '["Gasoline"]'::jsonb,
  '["Automatic","Manual"]'::jsonb,
  'The second generation TL featured a more aggressive design and offered a more powerful engine option. It also introduced Super Handling All-Wheel Drive (SH-AWD).'
)
on conflict (model_id, code) do nothing;


insert into public.vehicle_generations (
  id,
  model_id,
  code,
  start_year,
  end_year,
  facelift,
  production_countries,
  body_types,
  fuel_types,
  transmission_types,
  summary
)
values (
  'a33fd7a0-5ec1-ba6b-8599-6f1e600a870d',
  '69df56c4-b687-8b7f-ffcd-8ab1ee31d2dc',
  'Third Generation (2015-2020) - TLX',
  2015,
  2020,
  true,
  '{"United States"}'::text[],
  '["Sedan"]'::jsonb,
  '["Gasoline"]'::jsonb,
  '["Automatic"]'::jsonb,
  'The third generation TLX was a compact luxury sedan, replacing the TL and TSX. It offered a choice of four-cylinder and V6 engines.'
)
on conflict (model_id, code) do nothing;


insert into public.vehicle_generations (
  id,
  model_id,
  code,
  start_year,
  end_year,
  facelift,
  production_countries,
  body_types,
  fuel_types,
  transmission_types,
  summary
)
values (
  '09b14d2b-61e8-52e1-a9b7-5cee0dce6b0a',
  '69df56c4-b687-8b7f-ffcd-8ab1ee31d2dc',
  'Fourth Generation (2021-Current) - TLX',
  2021,
  2024,
  false,
  '{"United States"}'::text[],
  '["Sedan"]'::jsonb,
  '["Gasoline"]'::jsonb,
  '["Automatic"]'::jsonb,
  'The fourth generation TLX features a new platform, a more refined interior, and a turbocharged engine. It also offers a Type S performance variant.'
)
on conflict (model_id, code) do nothing;


insert into public.vehicle_insights (
  model_id,
  pros,
  cons,
  inspection_tips,
  notable_features,
  engine_examples,
  common_issues_by_engine,
  reliability_score,
  popularity_score
)
values (
  '69df56c4-b687-8b7f-ffcd-8ab1ee31d2dc',
  '["Sporty handling","Stylish design","Available SH-AWD"]'::jsonb,
  '["Ride can be firm","Infotainment system can be complex (older models)"]'::jsonb,
  '["Check for transmission issues","Inspect suspension components"]'::jsonb,
  '["SH-AWD","AcuraWatch safety suite","Turbocharged engine (later models)"]'::jsonb,
  '["2.0L I4 Turbo","3.5L V6","3.0L V6 Turbo (Type S)"]'::jsonb,
  '[{"engine_code":"J35","common_issues_ru":["Растяжение цепи ГРМ","Утечка масла"]},{"engine_code":"K20C4","common_issues_ru":["Проблемы с турбокомпрессором","Утечка масла"]},{"engine_code":"J30AC","common_issues_ru":["Проблемы с турбокомпрессором","Утечка масла"]}]'::jsonb,
  null,
  null
)
on conflict (model_id) do nothing;


insert into public.vehicle_makes (id, slug, name_en, country, segment_class, is_active, category_path)
values (
  'ba7f78e5-4434-8fee-d85f-6e233c6b16fd',
  'alfa-romeo',
  'Alfa Romeo',
  'Италия',
  null,
  true,
  'transport/legkovye-avtomobili'
)
on conflict (id) do nothing;


insert into public.vehicle_models (
  id,
  make_id,
  slug,
  name_en,
  first_model_year,
  last_model_year,
  years_available,
  body_types_available,
  fuel_types_available,
  transmission_available,
  reliability_score,
  popularity_score
)
values (
  '1f38d491-d900-bb5a-354a-5f57bcbcf798',
  'ba7f78e5-4434-8fee-d85f-6e233c6b16fd',
  'giulia-2015-current',
  'Giulia',
  2015,
  2024,
  '{2016,2017,2018,2019,2020,2021,2022,2023,2024}'::int[],
  '["Sedan"]'::jsonb,
  '["Gasoline","Diesel"]'::jsonb,
  '["Automatic"]'::jsonb,
  6.8,
  7.5
)
on conflict (make_id, slug) do nothing;


insert into public.vehicle_generations (
  id,
  model_id,
  code,
  start_year,
  end_year,
  facelift,
  production_countries,
  body_types,
  fuel_types,
  transmission_types,
  summary
)
values (
  'b37adb40-d1cf-7773-9ad1-589fdb7e21f0',
  '1f38d491-d900-bb5a-354a-5f57bcbcf798',
  'Generation I (2015-Present)',
  2015,
  2024,
  true,
  '{"Italy"}'::text[],
  '["Sedan"]'::jsonb,
  '["Gasoline","Diesel"]'::jsonb,
  '["Automatic"]'::jsonb,
  'The Giulia marked Alfa Romeo''s return to the mid-size sedan segment. It features a sporty design and performance-oriented engines.'
)
on conflict (model_id, code) do nothing;


insert into public.vehicle_insights (
  model_id,
  pros,
  cons,
  inspection_tips,
  notable_features,
  engine_examples,
  common_issues_by_engine,
  reliability_score,
  popularity_score
)
values (
  '1f38d491-d900-bb5a-354a-5f57bcbcf798',
  '["Sporty handling","Stylish design","Powerful engines"]'::jsonb,
  '["Infotainment system issues","Some reliability concerns","Limited rear passenger space"]'::jsonb,
  '["Check for electrical issues","Inspect suspension components","Listen for unusual engine noises"]'::jsonb,
  '["Quadrifoglio trim with Ferrari-derived engine","Active suspension","Advanced driver-assistance systems"]'::jsonb,
  '["2.0L I4 Turbo","2.9L V6 Twin-Turbo"]'::jsonb,
  '[{"engine_code":"2.0L I4 Turbo","common_issues_ru":["Проблемы с турбокомпрессором","Утечки масла","Неисправности системы охлаждения"]},{"engine_code":"2.9L V6 Twin-Turbo","common_issues_ru":["Перегрев двигателя","Проблемы с топливной системой","Неисправности электроники"]}]'::jsonb,
  null,
  null
)
on conflict (model_id) do nothing;


insert into public.vehicle_models (
  id,
  make_id,
  slug,
  name_en,
  first_model_year,
  last_model_year,
  years_available,
  body_types_available,
  fuel_types_available,
  transmission_available,
  reliability_score,
  popularity_score
)
values (
  '95383661-ad05-de03-9af8-6a2d255e7fce',
  'ba7f78e5-4434-8fee-d85f-6e233c6b16fd',
  'stelvio-2017-current',
  'Stelvio',
  2017,
  2024,
  '{2018,2019,2020,2021,2022,2023,2024}'::int[],
  '["SUV"]'::jsonb,
  '["Gasoline"]'::jsonb,
  '["Automatic"]'::jsonb,
  6.5,
  7
)
on conflict (make_id, slug) do nothing;


insert into public.vehicle_generations (
  id,
  model_id,
  code,
  start_year,
  end_year,
  facelift,
  production_countries,
  body_types,
  fuel_types,
  transmission_types,
  summary
)
values (
  'f66a7e60-83cf-019f-21f2-33679a6c0c91',
  '95383661-ad05-de03-9af8-6a2d255e7fce',
  'Generation I (2017-Present)',
  2017,
  2024,
  true,
  '{"Italy"}'::text[],
  '["SUV"]'::jsonb,
  '["Gasoline"]'::jsonb,
  '["Automatic"]'::jsonb,
  'The Stelvio is Alfa Romeo''s first SUV, offering sporty handling and performance in a compact package.'
)
on conflict (model_id, code) do nothing;


insert into public.vehicle_insights (
  model_id,
  pros,
  cons,
  inspection_tips,
  notable_features,
  engine_examples,
  common_issues_by_engine,
  reliability_score,
  popularity_score
)
values (
  '95383661-ad05-de03-9af8-6a2d255e7fce',
  '["Sporty handling for an SUV","Stylish design","Powerful engines"]'::jsonb,
  '["Infotainment system issues","Some reliability concerns","Cargo space could be better"]'::jsonb,
  '["Check for electrical issues","Inspect suspension components","Test the all-wheel-drive system"]'::jsonb,
  '["Quadrifoglio trim with Ferrari-derived engine","All-wheel drive","Advanced driver-assistance systems"]'::jsonb,
  '["2.0L I4 Turbo","2.9L V6 Twin-Turbo"]'::jsonb,
  '[{"engine_code":"2.0L I4 Turbo","common_issues_ru":["Проблемы с турбокомпрессором","Утечки масла","Неисправности системы охлаждения"]},{"engine_code":"2.9L V6 Twin-Turbo","common_issues_ru":["Перегрев двигателя","Проблемы с топливной системой","Неисправности электроники"]}]'::jsonb,
  null,
  null
)
on conflict (model_id) do nothing;


insert into public.vehicle_makes (id, slug, name_en, country, segment_class, is_active, category_path)
values (
  '5b494f07-e14a-bb29-4571-26b8389bf97f',
  'aston-martin',
  'Aston Martin',
  'Великобритания',
  null,
  true,
  'transport/legkovye-avtomobili'
)
on conflict (id) do nothing;


insert into public.vehicle_models (
  id,
  make_id,
  slug,
  name_en,
  first_model_year,
  last_model_year,
  years_available,
  body_types_available,
  fuel_types_available,
  transmission_available,
  reliability_score,
  popularity_score
)
values (
  'cefeb8b3-64a0-514a-7a47-c3e155c6fff8',
  '5b494f07-e14a-bb29-4571-26b8389bf97f',
  'db11',
  'DB11',
  2016,
  2024,
  '{2016,2017,2018,2019,2020,2021,2022,2023,2024}'::int[],
  '["Coupe","Convertible"]'::jsonb,
  '["Gasoline"]'::jsonb,
  '["Automatic"]'::jsonb,
  6.8,
  7.5
)
on conflict (make_id, slug) do nothing;


insert into public.vehicle_generations (
  id,
  model_id,
  code,
  start_year,
  end_year,
  facelift,
  production_countries,
  body_types,
  fuel_types,
  transmission_types,
  summary
)
values (
  '398087ec-9559-b4f4-97fd-795f15eb0095',
  'cefeb8b3-64a0-514a-7a47-c3e155c6fff8',
  'First Generation (2016-Present)',
  2016,
  2024,
  true,
  '{"United Kingdom"}'::text[],
  '["Coupe","Convertible"]'::jsonb,
  '["Gasoline"]'::jsonb,
  '["Automatic"]'::jsonb,
  'The DB11 marked a new era for Aston Martin, featuring a modern design and advanced technology. It offered powerful engine options and luxurious interiors.'
)
on conflict (model_id, code) do nothing;


insert into public.vehicle_insights (
  model_id,
  pros,
  cons,
  inspection_tips,
  notable_features,
  engine_examples,
  common_issues_by_engine,
  reliability_score,
  popularity_score
)
values (
  'cefeb8b3-64a0-514a-7a47-c3e155c6fff8',
  '["Stunning design","Powerful engines","Luxurious interior"]'::jsonb,
  '["High price","Infotainment system can be slow","Maintenance costs"]'::jsonb,
  '["Check for paint imperfections","Inspect the convertible top (if applicable)","Test all electronic features"]'::jsonb,
  '["Adaptive suspension","Touchscreen infotainment system","Burmester sound system (optional)"]'::jsonb,
  '["4.0L Twin-Turbo V8","5.2L Twin-Turbo V12"]'::jsonb,
  '[{"engine_code":"M177/M178 (4.0L V8)","common_issues_ru":["Утечки масла","Проблемы с турбокомпрессорами","Неисправности электроники"]},{"engine_code":"AE31 (5.2L V12)","common_issues_ru":["Проблемы с системой охлаждения","Неисправности катушек зажигания","Утечки масла"]}]'::jsonb,
  null,
  null
)
on conflict (model_id) do nothing;


insert into public.vehicle_models (
  id,
  make_id,
  slug,
  name_en,
  first_model_year,
  last_model_year,
  years_available,
  body_types_available,
  fuel_types_available,
  transmission_available,
  reliability_score,
  popularity_score
)
values (
  '5d84bf4e-0179-4fd3-184c-942af77d8d4e',
  '5b494f07-e14a-bb29-4571-26b8389bf97f',
  'dbx',
  'DBX',
  2020,
  2024,
  '{2020,2021,2022,2023,2024}'::int[],
  '["SUV"]'::jsonb,
  '["Gasoline"]'::jsonb,
  '["Automatic"]'::jsonb,
  6.5,
  8.2
)
on conflict (make_id, slug) do nothing;


insert into public.vehicle_generations (
  id,
  model_id,
  code,
  start_year,
  end_year,
  facelift,
  production_countries,
  body_types,
  fuel_types,
  transmission_types,
  summary
)
values (
  '71e2970d-af44-06ba-b0db-64f644ffe757',
  '5d84bf4e-0179-4fd3-184c-942af77d8d4e',
  'First Generation (2020-Present)',
  2020,
  2024,
  false,
  '{"United Kingdom"}'::text[],
  '["SUV"]'::jsonb,
  '["Gasoline"]'::jsonb,
  '["Automatic"]'::jsonb,
  'The DBX is Aston Martin''s first SUV, combining luxury, performance, and practicality. It features a powerful engine and a stylish design.'
)
on conflict (model_id, code) do nothing;


insert into public.vehicle_insights (
  model_id,
  pros,
  cons,
  inspection_tips,
  notable_features,
  engine_examples,
  common_issues_by_engine,
  reliability_score,
  popularity_score
)
values (
  '5d84bf4e-0179-4fd3-184c-942af77d8d4e',
  '["Luxurious interior","Powerful engine","Stylish design","Good handling for an SUV"]'::jsonb,
  '["High price","Infotainment system can be improved","Fuel economy"]'::jsonb,
  '["Check for paint imperfections","Inspect the suspension","Test all electronic features"]'::jsonb,
  '["Adaptive air suspension","All-wheel drive","Panoramic sunroof (optional)"]'::jsonb,
  '["4.0L Twin-Turbo V8"]'::jsonb,
  '[{"engine_code":"M177/M178 (4.0L V8)","common_issues_ru":["Утечки масла","Проблемы с турбокомпрессорами","Неисправности электроники"]}]'::jsonb,
  null,
  null
)
on conflict (model_id) do nothing;


insert into public.vehicle_makes (id, slug, name_en, country, segment_class, is_active, category_path)
values (
  'b5a343da-2fc6-32f4-7f83-63bac8bebd76',
  'audi',
  'Audi',
  'Германия',
  null,
  true,
  'transport/legkovye-avtomobili'
)
on conflict (id) do nothing;


insert into public.vehicle_models (
  id,
  make_id,
  slug,
  name_en,
  first_model_year,
  last_model_year,
  years_available,
  body_types_available,
  fuel_types_available,
  transmission_available,
  reliability_score,
  popularity_score
)
values (
  '8cfcda8a-dcd9-3bb5-34cc-b2bacfacb0a0',
  'b5a343da-2fc6-32f4-7f83-63bac8bebd76',
  'a1',
  'A1',
  2010,
  2024,
  '{2010,2011,2012,2013,2014,2015,2016,2017,2018,2019,2020,2021,2022,2023,2024}'::int[],
  '["Hatchback","Sportback"]'::jsonb,
  '["Gasoline","Diesel"]'::jsonb,
  '["Manual","Automatic (S tronic)"]'::jsonb,
  7,
  7.5
)
on conflict (make_id, slug) do nothing;


insert into public.vehicle_generations (
  id,
  model_id,
  code,
  start_year,
  end_year,
  facelift,
  production_countries,
  body_types,
  fuel_types,
  transmission_types,
  summary
)
values (
  '1e848f07-cef6-9122-e7f0-a3b784f29587',
  '8cfcda8a-dcd9-3bb5-34cc-b2bacfacb0a0',
  'Generation I (8X, 2010-2018)',
  2010,
  2018,
  true,
  '{"Belgium","Germany"}'::text[],
  '["Hatchback","Sportback"]'::jsonb,
  '["Gasoline","Diesel"]'::jsonb,
  '["Manual","Automatic (S tronic)"]'::jsonb,
  'First generation of the A1, a compact hatchback. Facelift in 2015.'
)
on conflict (model_id, code) do nothing;


insert into public.vehicle_generations (
  id,
  model_id,
  code,
  start_year,
  end_year,
  facelift,
  production_countries,
  body_types,
  fuel_types,
  transmission_types,
  summary
)
values (
  '312f476e-1e41-38c3-f3e7-6031be07302c',
  '8cfcda8a-dcd9-3bb5-34cc-b2bacfacb0a0',
  'Generation II (GB, 2018-2024)',
  2018,
  2024,
  false,
  '{"Spain"}'::text[],
  '["Hatchback","Sportback"]'::jsonb,
  '["Gasoline"]'::jsonb,
  '["Manual","Automatic (S tronic)"]'::jsonb,
  'Second generation A1, based on the MQB A0 platform.'
)
on conflict (model_id, code) do nothing;


insert into public.vehicle_insights (
  model_id,
  pros,
  cons,
  inspection_tips,
  notable_features,
  engine_examples,
  common_issues_by_engine,
  reliability_score,
  popularity_score
)
values (
  '8cfcda8a-dcd9-3bb5-34cc-b2bacfacb0a0',
  '["Fuel-efficient","Stylish design"]'::jsonb,
  '["Small rear seats","Ride can be firm"]'::jsonb,
  '["Check for oil leaks","Inspect suspension components"]'::jsonb,
  '["LED headlights","Virtual cockpit"]'::jsonb,
  '["1.0L TFSI","1.4L TFSI","1.6L TDI"]'::jsonb,
  '[{"engine_code":"1.4L TFSI","common_issues_ru":["Растяжение цепи ГРМ","Утечка масла"]}]'::jsonb,
  null,
  null
)
on conflict (model_id) do nothing;


insert into public.vehicle_models (
  id,
  make_id,
  slug,
  name_en,
  first_model_year,
  last_model_year,
  years_available,
  body_types_available,
  fuel_types_available,
  transmission_available,
  reliability_score,
  popularity_score
)
values (
  '696bb5dd-b8c9-de2e-1d32-1ff0018bf352',
  'b5a343da-2fc6-32f4-7f83-63bac8bebd76',
  'a3',
  'A3',
  1996,
  2024,
  '{1996,2000,2005,2010,2015,2020,2024}'::int[],
  '["Hatchback","Sedan","Sportback","Cabriolet"]'::jsonb,
  '["Gasoline","Diesel","Hybrid"]'::jsonb,
  '["Manual","Automatic (Tiptronic/S tronic)"]'::jsonb,
  7.8,
  8.2
)
on conflict (make_id, slug) do nothing;


insert into public.vehicle_generations (
  id,
  model_id,
  code,
  start_year,
  end_year,
  facelift,
  production_countries,
  body_types,
  fuel_types,
  transmission_types,
  summary
)
values (
  'fcbf6b35-17d9-40e9-d16e-1d27758bdf1c',
  '696bb5dd-b8c9-de2e-1d32-1ff0018bf352',
  'Generation I (8L, 1996-2003)',
  1996,
  2003,
  true,
  '{"Germany","Brazil"}'::text[],
  '["Hatchback"]'::jsonb,
  '["Gasoline","Diesel"]'::jsonb,
  '["Manual","Automatic (Tiptronic)"]'::jsonb,
  'First generation A3, based on the Volkswagen Group A platform.'
)
on conflict (model_id, code) do nothing;


insert into public.vehicle_generations (
  id,
  model_id,
  code,
  start_year,
  end_year,
  facelift,
  production_countries,
  body_types,
  fuel_types,
  transmission_types,
  summary
)
values (
  '4ffdd3a3-a08c-0969-f2cd-dfb186ea3825',
  '696bb5dd-b8c9-de2e-1d32-1ff0018bf352',
  'Generation II (8P/8PA, 2003-2013)',
  2003,
  2013,
  true,
  '{"Germany","Hungary","China"}'::text[],
  '["Hatchback","Sportback","Cabriolet"]'::jsonb,
  '["Gasoline","Diesel"]'::jsonb,
  '["Manual","Automatic (S tronic)"]'::jsonb,
  'Second generation A3, based on the Volkswagen Group PQ35 platform.'
)
on conflict (model_id, code) do nothing;


insert into public.vehicle_generations (
  id,
  model_id,
  code,
  start_year,
  end_year,
  facelift,
  production_countries,
  body_types,
  fuel_types,
  transmission_types,
  summary
)
values (
  '023dec0f-7381-df67-99c0-9e63a66d3abb',
  '696bb5dd-b8c9-de2e-1d32-1ff0018bf352',
  'Generation III (8V, 2012-2020)',
  2012,
  2020,
  true,
  '{"Germany","Hungary","China"}'::text[],
  '["Hatchback","Sedan","Sportback","Cabriolet"]'::jsonb,
  '["Gasoline","Diesel","Hybrid"]'::jsonb,
  '["Manual","Automatic (S tronic)"]'::jsonb,
  'Third generation A3, based on the Volkswagen Group MQB platform.'
)
on conflict (model_id, code) do nothing;


insert into public.vehicle_generations (
  id,
  model_id,
  code,
  start_year,
  end_year,
  facelift,
  production_countries,
  body_types,
  fuel_types,
  transmission_types,
  summary
)
values (
  '0d485fe4-6538-c67d-3993-91a8447cdea9',
  '696bb5dd-b8c9-de2e-1d32-1ff0018bf352',
  'Generation IV (8Y, 2020-2024)',
  2020,
  2024,
  false,
  '{"Germany","Hungary","China"}'::text[],
  '["Hatchback","Sedan","Sportback"]'::jsonb,
  '["Gasoline","Diesel","Hybrid"]'::jsonb,
  '["Manual","Automatic (S tronic)"]'::jsonb,
  'Fourth generation A3, based on the Volkswagen Group MQB platform.'
)
on conflict (model_id, code) do nothing;


insert into public.vehicle_insights (
  model_id,
  pros,
  cons,
  inspection_tips,
  notable_features,
  engine_examples,
  common_issues_by_engine,
  reliability_score,
  popularity_score
)
values (
  '696bb5dd-b8c9-de2e-1d32-1ff0018bf352',
  '["Good handling","Premium interior"]'::jsonb,
  '["Some engines can be unreliable","Maintenance costs can be high"]'::jsonb,
  '["Check for DSG gearbox issues","Inspect timing belt/chain"]'::jsonb,
  '["Virtual cockpit","Matrix LED headlights"]'::jsonb,
  '["1.4L TFSI","2.0L TFSI","2.0L TDI"]'::jsonb,
  '[{"engine_code":"1.4L TFSI","common_issues_ru":["Растяжение цепи ГРМ","Утечка масла"]},{"engine_code":"2.0L TDI","common_issues_ru":["Износ форсунок","Проблемы с турбокомпрессором"]}]'::jsonb,
  null,
  null
)
on conflict (model_id) do nothing;


insert into public.vehicle_models (
  id,
  make_id,
  slug,
  name_en,
  first_model_year,
  last_model_year,
  years_available,
  body_types_available,
  fuel_types_available,
  transmission_available,
  reliability_score,
  popularity_score
)
values (
  'b624ed12-c9a2-fd6b-4707-ce04a49ea57b',
  'b5a343da-2fc6-32f4-7f83-63bac8bebd76',
  'a4',
  'A4',
  1994,
  2024,
  '{1994,2000,2005,2010,2015,2020,2024}'::int[],
  '["Sedan","Wagon (Avant)"]'::jsonb,
  '["Gasoline","Diesel","CNG"]'::jsonb,
  '["Manual","Automatic (Tiptronic/Multitronic/S tronic)"]'::jsonb,
  7.2,
  8.5
)
on conflict (make_id, slug) do nothing;


insert into public.vehicle_generations (
  id,
  model_id,
  code,
  start_year,
  end_year,
  facelift,
  production_countries,
  body_types,
  fuel_types,
  transmission_types,
  summary
)
values (
  'cb2cb3dd-02a6-ef7d-92bb-17a03a8d07ab',
  'b624ed12-c9a2-fd6b-4707-ce04a49ea57b',
  'Generation I (B5, 1994-2001)',
  1994,
  2001,
  true,
  '{"Germany"}'::text[],
  '["Sedan","Wagon (Avant)"]'::jsonb,
  '["Gasoline","Diesel"]'::jsonb,
  '["Manual","Automatic (Tiptronic)"]'::jsonb,
  'First generation A4, based on the Volkswagen Group B platform.'
)
on conflict (model_id, code) do nothing;


insert into public.vehicle_generations (
  id,
  model_id,
  code,
  start_year,
  end_year,
  facelift,
  production_countries,
  body_types,
  fuel_types,
  transmission_types,
  summary
)
values (
  'a1dd97a8-98bc-af5c-8c25-22f1315eabe5',
  'b624ed12-c9a2-fd6b-4707-ce04a49ea57b',
  'Generation II (B6/B7, 2000-2008)',
  2000,
  2008,
  true,
  '{"Germany"}'::text[],
  '["Sedan","Wagon (Avant)","Cabriolet (B7)"]'::jsonb,
  '["Gasoline","Diesel"]'::jsonb,
  '["Manual","Automatic (Tiptronic/Multitronic)"]'::jsonb,
  'Second generation A4, based on the Volkswagen Group B platform. B7 included a Cabriolet version.'
)
on conflict (model_id, code) do nothing;


insert into public.vehicle_generations (
  id,
  model_id,
  code,
  start_year,
  end_year,
  facelift,
  production_countries,
  body_types,
  fuel_types,
  transmission_types,
  summary
)
values (
  'b19e4b5b-ab67-2a24-ccb9-186a0cf623e8',
  'b624ed12-c9a2-fd6b-4707-ce04a49ea57b',
  'Generation III (B8, 2007-2016)',
  2007,
  2016,
  true,
  '{"Germany","China"}'::text[],
  '["Sedan","Wagon (Avant)","Allroad"]'::jsonb,
  '["Gasoline","Diesel","CNG"]'::jsonb,
  '["Manual","Automatic (Tiptronic/Multitronic/S tronic)"]'::jsonb,
  'Third generation A4, based on the Volkswagen Group MLB platform.'
)
on conflict (model_id, code) do nothing;


insert into public.vehicle_generations (
  id,
  model_id,
  code,
  start_year,
  end_year,
  facelift,
  production_countries,
  body_types,
  fuel_types,
  transmission_types,
  summary
)
values (
  'ed13f96a-5fd7-1373-dfac-18e8d372ac45',
  'b624ed12-c9a2-fd6b-4707-ce04a49ea57b',
  'Generation IV (B9, 2015-2024)',
  2015,
  2024,
  true,
  '{"Germany","China"}'::text[],
  '["Sedan","Wagon (Avant)","Allroad"]'::jsonb,
  '["Gasoline","Diesel","Hybrid"]'::jsonb,
  '["Manual","Automatic (S tronic/Tiptronic)"]'::jsonb,
  'Fourth generation A4, based on the Volkswagen Group MLBevo platform.'
)
on conflict (model_id, code) do nothing;


insert into public.vehicle_insights (
  model_id,
  pros,
  cons,
  inspection_tips,
  notable_features,
  engine_examples,
  common_issues_by_engine,
  reliability_score,
  popularity_score
)
values (
  'b624ed12-c9a2-fd6b-4707-ce04a49ea57b',
  '["Comfortable ride","Stylish design"]'::jsonb,
  '["Some engines can be problematic","Maintenance can be expensive"]'::jsonb,
  '["Check for oil leaks","Inspect suspension components"]'::jsonb,
  '["Quattro all-wheel drive","Virtual cockpit"]'::jsonb,
  '["1.8L TFSI","2.0L TFSI","2.0L TDI"]'::jsonb,
  '[{"engine_code":"2.0L TFSI","common_issues_ru":["Расход масла","Растяжение цепи ГРМ"]},{"engine_code":"2.0L TDI","common_issues_ru":["Износ форсунок","Проблемы с турбокомпрессором"]}]'::jsonb,
  null,
  null
)
on conflict (model_id) do nothing;


insert into public.vehicle_models (
  id,
  make_id,
  slug,
  name_en,
  first_model_year,
  last_model_year,
  years_available,
  body_types_available,
  fuel_types_available,
  transmission_available,
  reliability_score,
  popularity_score
)
values (
  '645ef81a-604b-a928-5309-d9021243ff68',
  'b5a343da-2fc6-32f4-7f83-63bac8bebd76',
  'a5',
  'A5',
  2007,
  2024,
  '{2007,2010,2015,2020,2024}'::int[],
  '["Coupe","Sportback","Cabriolet"]'::jsonb,
  '["Gasoline","Diesel"]'::jsonb,
  '["Manual","Automatic (S tronic/Tiptronic)"]'::jsonb,
  7.3,
  8
)
on conflict (make_id, slug) do nothing;


insert into public.vehicle_generations (
  id,
  model_id,
  code,
  start_year,
  end_year,
  facelift,
  production_countries,
  body_types,
  fuel_types,
  transmission_types,
  summary
)
values (
  '6c19884f-9bf9-1f01-fb8b-ccc79e8123bf',
  '645ef81a-604b-a928-5309-d9021243ff68',
  'Generation I (8T/8F, 2007-2016)',
  2007,
  2016,
  true,
  '{"Germany"}'::text[],
  '["Coupe","Sportback","Cabriolet"]'::jsonb,
  '["Gasoline","Diesel"]'::jsonb,
  '["Manual","Automatic (S tronic/Tiptronic)"]'::jsonb,
  'First generation A5, based on the Volkswagen Group MLB platform.'
)
on conflict (model_id, code) do nothing;


insert into public.vehicle_generations (
  id,
  model_id,
  code,
  start_year,
  end_year,
  facelift,
  production_countries,
  body_types,
  fuel_types,
  transmission_types,
  summary
)
values (
  '4f7a2e22-8297-c74e-1c9a-1d5ea610d7db',
  '645ef81a-604b-a928-5309-d9021243ff68',
  'Generation II (F5, 2016-2024)',
  2016,
  2024,
  true,
  '{"Germany"}'::text[],
  '["Coupe","Sportback","Cabriolet"]'::jsonb,
  '["Gasoline","Diesel"]'::jsonb,
  '["Manual","Automatic (S tronic/Tiptronic)"]'::jsonb,
  'Second generation A5, based on the Volkswagen Group MLBevo platform.'
)
on conflict (model_id, code) do nothing;


insert into public.vehicle_insights (
  model_id,
  pros,
  cons,
  inspection_tips,
  notable_features,
  engine_examples,
  common_issues_by_engine,
  reliability_score,
  popularity_score
)
values (
  '645ef81a-604b-a928-5309-d9021243ff68',
  '["Stylish design","Good handling"]'::jsonb,
  '["Rear seat space limited","Maintenance can be costly"]'::jsonb,
  '["Check for oil leaks","Inspect suspension components"]'::jsonb,
  '["Quattro all-wheel drive","Virtual cockpit"]'::jsonb,
  '["2.0L TFSI","3.0L TFSI","3.0L TDI"]'::jsonb,
  '[{"engine_code":"2.0L TFSI","common_issues_ru":["Расход масла","Растяжение цепи ГРМ"]},{"engine_code":"3.0L TDI","common_issues_ru":["Износ форсунок","Проблемы с турбокомпрессором"]}]'::jsonb,
  null,
  null
)
on conflict (model_id) do nothing;


insert into public.vehicle_models (
  id,
  make_id,
  slug,
  name_en,
  first_model_year,
  last_model_year,
  years_available,
  body_types_available,
  fuel_types_available,
  transmission_available,
  reliability_score,
  popularity_score
)
values (
  '635101f1-b6b5-fa4d-ef3d-f6fbf50e516e',
  'b5a343da-2fc6-32f4-7f83-63bac8bebd76',
  'a6',
  'A6',
  1994,
  2024,
  '{1994,2000,2005,2010,2015,2020,2024}'::int[],
  '["Sedan","Wagon (Avant)"]'::jsonb,
  '["Gasoline","Diesel","Hybrid"]'::jsonb,
  '["Manual","Automatic (Tiptronic/Multitronic/S tronic)"]'::jsonb,
  7.6,
  8.8
)
on conflict (make_id, slug) do nothing;


insert into public.vehicle_generations (
  id,
  model_id,
  code,
  start_year,
  end_year,
  facelift,
  production_countries,
  body_types,
  fuel_types,
  transmission_types,
  summary
)
values (
  '75fb66c8-42ed-0367-8f75-59ddd84cbb07',
  '635101f1-b6b5-fa4d-ef3d-f6fbf50e516e',
  'Generation I (C4, 1994-1997)',
  1994,
  1997,
  false,
  '{"Germany"}'::text[],
  '["Sedan","Wagon (Avant)"]'::jsonb,
  '["Gasoline","Diesel"]'::jsonb,
  '["Manual","Automatic (Tiptronic)"]'::jsonb,
  'First generation A6, based on the Audi C platform.'
)
on conflict (model_id, code) do nothing;


insert into public.vehicle_generations (
  id,
  model_id,
  code,
  start_year,
  end_year,
  facelift,
  production_countries,
  body_types,
  fuel_types,
  transmission_types,
  summary
)
values (
  '8faf57e8-ae43-bbab-92a8-c323be2cafba',
  '635101f1-b6b5-fa4d-ef3d-f6fbf50e516e',
  'Generation II (C5, 1997-2004)',
  1997,
  2004,
  true,
  '{"Germany"}'::text[],
  '["Sedan","Wagon (Avant)"]'::jsonb,
  '["Gasoline","Diesel"]'::jsonb,
  '["Manual","Automatic (Tiptronic/Multitronic)"]'::jsonb,
  'Second generation A6, based on the Volkswagen Group C5 platform.'
)
on conflict (model_id, code) do nothing;


insert into public.vehicle_generations (
  id,
  model_id,
  code,
  start_year,
  end_year,
  facelift,
  production_countries,
  body_types,
  fuel_types,
  transmission_types,
  summary
)
values (
  '75f02b27-971a-d189-ee16-84b2ab0007a5',
  '635101f1-b6b5-fa4d-ef3d-f6fbf50e516e',
  'Generation III (C6, 2004-2011)',
  2004,
  2011,
  true,
  '{"Germany","China"}'::text[],
  '["Sedan","Wagon (Avant)"]'::jsonb,
  '["Gasoline","Diesel"]'::jsonb,
  '["Manual","Automatic (Tiptronic/Multitronic/S tronic)"]'::jsonb,
  'Third generation A6, based on the Volkswagen Group C6 platform.'
)
on conflict (model_id, code) do nothing;


insert into public.vehicle_generations (
  id,
  model_id,
  code,
  start_year,
  end_year,
  facelift,
  production_countries,
  body_types,
  fuel_types,
  transmission_types,
  summary
)
values (
  'd6556b3c-dc49-6931-939c-f18565266740',
  '635101f1-b6b5-fa4d-ef3d-f6fbf50e516e',
  'Generation IV (C7, 2011-2018)',
  2011,
  2018,
  true,
  '{"Germany","China"}'::text[],
  '["Sedan","Wagon (Avant)"]'::jsonb,
  '["Gasoline","Diesel","Hybrid"]'::jsonb,
  '["Manual","Automatic (Tiptronic/S tronic)"]'::jsonb,
  'Fourth generation A6, based on the Volkswagen Group MLB platform.'
)
on conflict (model_id, code) do nothing;


insert into public.vehicle_generations (
  id,
  model_id,
  code,
  start_year,
  end_year,
  facelift,
  production_countries,
  body_types,
  fuel_types,
  transmission_types,
  summary
)
values (
  'c2f52a5a-f94d-0a7f-3bfd-21d45b1fb631',
  '635101f1-b6b5-fa4d-ef3d-f6fbf50e516e',
  'Generation V (C8, 2018-2024)',
  2018,
  2024,
  true,
  '{"Germany","China"}'::text[],
  '["Sedan","Wagon (Avant)"]'::jsonb,
  '["Gasoline","Diesel","Hybrid"]'::jsonb,
  '["Automatic (S tronic/Tiptronic)"]'::jsonb,
  'Fifth generation A6, based on the Volkswagen Group MLBevo platform.'
)
on conflict (model_id, code) do nothing;


insert into public.vehicle_insights (
  model_id,
  pros,
  cons,
  inspection_tips,
  notable_features,
  engine_examples,
  common_issues_by_engine,
  reliability_score,
  popularity_score
)
values (
  '635101f1-b6b5-fa4d-ef3d-f6fbf50e516e',
  '["Spacious interior","Comfortable ride"]'::jsonb,
  '["Maintenance can be expensive","Some engines can have issues"]'::jsonb,
  '["Check for oil leaks","Inspect suspension components"]'::jsonb,
  '["Quattro all-wheel drive","Virtual cockpit"]'::jsonb,
  '["2.0L TFSI","3.0L TFSI","3.0L TDI"]'::jsonb,
  '[{"engine_code":"2.0L TFSI","common_issues_ru":["Расход масла","Растяжение цепи ГРМ"]},{"engine_code":"3.0L TDI","common_issues_ru":["Износ форсунок","Проблемы с турбокомпрессором"]}]'::jsonb,
  null,
  null
)
on conflict (model_id) do nothing;


insert into public.vehicle_models (
  id,
  make_id,
  slug,
  name_en,
  first_model_year,
  last_model_year,
  years_available,
  body_types_available,
  fuel_types_available,
  transmission_available,
  reliability_score,
  popularity_score
)
values (
  'd1326a74-6b8d-76fc-7a3e-7f8e53eec315',
  'b5a343da-2fc6-32f4-7f83-63bac8bebd76',
  'a7',
  'A7',
  2010,
  2024,
  '{2010,2015,2020,2024}'::int[],
  '["Liftback"]'::jsonb,
  '["Gasoline","Diesel","Hybrid"]'::jsonb,
  '["Automatic (S tronic/Tiptronic)"]'::jsonb,
  7.4,
  8.1
)
on conflict (make_id, slug) do nothing;


insert into public.vehicle_generations (
  id,
  model_id,
  code,
  start_year,
  end_year,
  facelift,
  production_countries,
  body_types,
  fuel_types,
  transmission_types,
  summary
)
values (
  'b6cbde58-dd37-97f8-fd61-308d1991c2c2',
  'd1326a74-6b8d-76fc-7a3e-7f8e53eec315',
  'Generation I (4G8, 2010-2018)',
  2010,
  2018,
  true,
  '{"Germany"}'::text[],
  '["Liftback"]'::jsonb,
  '["Gasoline","Diesel"]'::jsonb,
  '["Automatic (S tronic/Tiptronic)"]'::jsonb,
  'First generation A7, based on the Volkswagen Group MLB platform.'
)
on conflict (model_id, code) do nothing;


insert into public.vehicle_generations (
  id,
  model_id,
  code,
  start_year,
  end_year,
  facelift,
  production_countries,
  body_types,
  fuel_types,
  transmission_types,
  summary
)
values (
  'f71f6874-fb92-770f-8e79-a2b5dfeb1ee6',
  'd1326a74-6b8d-76fc-7a3e-7f8e53eec315',
  'Generation II (4K8, 2018-2024)',
  2018,
  2024,
  true,
  '{"Germany"}'::text[],
  '["Liftback"]'::jsonb,
  '["Gasoline","Diesel","Hybrid"]'::jsonb,
  '["Automatic (S tronic/Tiptronic)"]'::jsonb,
  'Second generation A7, based on the Volkswagen Group MLBevo platform.'
)
on conflict (model_id, code) do nothing;


insert into public.vehicle_insights (
  model_id,
  pros,
  cons,
  inspection_tips,
  notable_features,
  engine_examples,
  common_issues_by_engine,
  reliability_score,
  popularity_score
)
values (
  'd1326a74-6b8d-76fc-7a3e-7f8e53eec315',
  '["Stylish design","Spacious interior"]'::jsonb,
  '["Limited rear headroom","Maintenance can be expensive"]'::jsonb,
  '["Check for oil leaks","Inspect suspension components"]'::jsonb,
  '["Quattro all-wheel drive","Virtual cockpit"]'::jsonb,
  '["2.0L TFSI","3.0L TFSI","3.0L TDI"]'::jsonb,
  '[{"engine_code":"2.0L TFSI","common_issues_ru":["Расход масла","Растяжение цепи ГРМ"]},{"engine_code":"3.0L TDI","common_issues_ru":["Износ форсунок","Проблемы с турбокомпрессором"]}]'::jsonb,
  null,
  null
)
on conflict (model_id) do nothing;


insert into public.vehicle_models (
  id,
  make_id,
  slug,
  name_en,
  first_model_year,
  last_model_year,
  years_available,
  body_types_available,
  fuel_types_available,
  transmission_available,
  reliability_score,
  popularity_score
)
values (
  '46aae415-360c-2245-92d0-464d6fe6a626',
  'b5a343da-2fc6-32f4-7f83-63bac8bebd76',
  'a8',
  'A8',
  1994,
  2024,
  '{1994,2000,2005,2010,2015,2020,2024}'::int[],
  '["Sedan"]'::jsonb,
  '["Gasoline","Diesel","Hybrid"]'::jsonb,
  '["Automatic (Tiptronic/S tronic)"]'::jsonb,
  7,
  8.3
)
on conflict (make_id, slug) do nothing;


insert into public.vehicle_generations (
  id,
  model_id,
  code,
  start_year,
  end_year,
  facelift,
  production_countries,
  body_types,
  fuel_types,
  transmission_types,
  summary
)
values (
  '1258dd76-bbfb-616d-4871-d02045bebcb4',
  '46aae415-360c-2245-92d0-464d6fe6a626',
  'Generation I (D2, 1994-2002)',
  1994,
  2002,
  true,
  '{"Germany"}'::text[],
  '["Sedan"]'::jsonb,
  '["Gasoline","Diesel"]'::jsonb,
  '["Automatic (Tiptronic)"]'::jsonb,
  'First generation A8, based on the Audi D platform.'
)
on conflict (model_id, code) do nothing;


insert into public.vehicle_generations (
  id,
  model_id,
  code,
  start_year,
  end_year,
  facelift,
  production_countries,
  body_types,
  fuel_types,
  transmission_types,
  summary
)
values (
  '97b3ad38-43ba-db77-7985-430ca213fcad',
  '46aae415-360c-2245-92d0-464d6fe6a626',
  'Generation II (D3, 2002-2010)',
  2002,
  2010,
  true,
  '{"Germany"}'::text[],
  '["Sedan"]'::jsonb,
  '["Gasoline","Diesel"]'::jsonb,
  '["Automatic (Tiptronic)"]'::jsonb,
  'Second generation A8, based on the Volkswagen Group D3 platform.'
)
on conflict (model_id, code) do nothing;


insert into public.vehicle_generations (
  id,
  model_id,
  code,
  start_year,
  end_year,
  facelift,
  production_countries,
  body_types,
  fuel_types,
  transmission_types,
  summary
)
values (
  '843a3613-e750-170b-0c99-e8427675123c',
  '46aae415-360c-2245-92d0-464d6fe6a626',
  'Generation III (D4, 2009-2017)',
  2009,
  2017,
  true,
  '{"Germany"}'::text[],
  '["Sedan"]'::jsonb,
  '["Gasoline","Diesel","Hybrid"]'::jsonb,
  '["Automatic (Tiptronic/S tronic)"]'::jsonb,
  'Third generation A8, based on the Volkswagen Group D4 platform.'
)
on conflict (model_id, code) do nothing;


insert into public.vehicle_generations (
  id,
  model_id,
  code,
  start_year,
  end_year,
  facelift,
  production_countries,
  body_types,
  fuel_types,
  transmission_types,
  summary
)
values (
  '88bc0e87-5e74-3029-ee79-3824891c93c8',
  '46aae415-360c-2245-92d0-464d6fe6a626',
  'Generation IV (D5, 2017-2024)',
  2017,
  2024,
  true,
  '{"Germany"}'::text[],
  '["Sedan"]'::jsonb,
  '["Gasoline","Diesel","Hybrid"]'::jsonb,
  '["Automatic (Tiptronic/S tronic)"]'::jsonb,
  'Fourth generation A8, based on the Volkswagen Group MLBevo platform.'
)
on conflict (model_id, code) do nothing;


insert into public.vehicle_insights (
  model_id,
  pros,
  cons,
  inspection_tips,
  notable_features,
  engine_examples,
  common_issues_by_engine,
  reliability_score,
  popularity_score
)
values (
  '46aae415-360c-2245-92d0-464d6fe6a626',
  '["Luxurious interior","Smooth ride"]'::jsonb,
  '["Expensive to maintain","Complex technology"]'::jsonb,
  '["Check for air suspension issues","Inspect electronics"]'::jsonb,
  '["Quattro all-wheel drive","Advanced driver-assistance systems"]'::jsonb,
  '["3.0L TFSI","4.0L TFSI","3.0L TDI"]'::jsonb,
  '[{"engine_code":"3.0L TFSI","common_issues_ru":["Расход масла","Проблемы с цепью ГРМ"]},{"engine_code":"3.0L TDI","common_issues_ru":["Износ форсунок","Проблемы с турбокомпрессором"]}]'::jsonb,
  null,
  null
)
on conflict (model_id) do nothing;


insert into public.vehicle_models (
  id,
  make_id,
  slug,
  name_en,
  first_model_year,
  last_model_year,
  years_available,
  body_types_available,
  fuel_types_available,
  transmission_available,
  reliability_score,
  popularity_score
)
values (
  '12487a10-926c-cf21-1558-70ce2e82d7c3',
  'b5a343da-2fc6-32f4-7f83-63bac8bebd76',
  'e-tron-q8-e-tron',
  'e-tron (Q8 e-tron)',
  2018,
  2024,
  '{2018,2019,2020,2021,2022,2023,2024}'::int[],
  '["SUV"]'::jsonb,
  '["Electric"]'::jsonb,
  '["Automatic"]'::jsonb,
  7.5,
  7.8
)
on conflict (make_id, slug) do nothing;


insert into public.vehicle_generations (
  id,
  model_id,
  code,
  start_year,
  end_year,
  facelift,
  production_countries,
  body_types,
  fuel_types,
  transmission_types,
  summary
)
values (
  'fc42c35e-9a24-b1df-6d57-3ed5d15d41f2',
  '12487a10-926c-cf21-1558-70ce2e82d7c3',
  'Generation I (GE, 2018-2024)',
  2018,
  2024,
  true,
  '{"Belgium","Germany"}'::text[],
  '["SUV"]'::jsonb,
  '["Electric"]'::jsonb,
  '["Automatic"]'::jsonb,
  'All-electric SUV.'
)
on conflict (model_id, code) do nothing;


insert into public.vehicle_insights (
  model_id,
  pros,
  cons,
  inspection_tips,
  notable_features,
  engine_examples,
  common_issues_by_engine,
  reliability_score,
  popularity_score
)
values (
  '12487a10-926c-cf21-1558-70ce2e82d7c3',
  '["Quiet and smooth ride","Advanced technology"]'::jsonb,
  '["Charging infrastructure limitations","Pricey"]'::jsonb,
  '["Check battery health","Inspect charging port"]'::jsonb,
  '["Electric all-wheel drive","Virtual cockpit"]'::jsonb,
  '["Dual electric motors"]'::jsonb,
  '[{"engine_code":"Electric Motors","common_issues_ru":["Проблемы с зарядкой","Неисправности батареи"]}]'::jsonb,
  null,
  null
)
on conflict (model_id) do nothing;


insert into public.vehicle_models (
  id,
  make_id,
  slug,
  name_en,
  first_model_year,
  last_model_year,
  years_available,
  body_types_available,
  fuel_types_available,
  transmission_available,
  reliability_score,
  popularity_score
)
values (
  '4f714ce4-df42-9024-87d6-f00b256dd83c',
  'b5a343da-2fc6-32f4-7f83-63bac8bebd76',
  'e-tron-gt',
  'e-tron GT',
  2021,
  2024,
  '{2021,2022,2023,2024}'::int[],
  '["Sedan"]'::jsonb,
  '["Electric"]'::jsonb,
  '["Automatic"]'::jsonb,
  7.7,
  8
)
on conflict (make_id, slug) do nothing;


insert into public.vehicle_generations (
  id,
  model_id,
  code,
  start_year,
  end_year,
  facelift,
  production_countries,
  body_types,
  fuel_types,
  transmission_types,
  summary
)
values (
  'dfa9ec36-7573-0836-73ab-615122782a6d',
  '4f714ce4-df42-9024-87d6-f00b256dd83c',
  'Generation I (F5, 2021-2024)',
  2021,
  2024,
  false,
  '{"Germany"}'::text[],
  '["Sedan"]'::jsonb,
  '["Electric"]'::jsonb,
  '["Automatic"]'::jsonb,
  'All-electric Gran Turismo.'
)
on conflict (model_id, code) do nothing;


insert into public.vehicle_insights (
  model_id,
  pros,
  cons,
  inspection_tips,
  notable_features,
  engine_examples,
  common_issues_by_engine,
  reliability_score,
  popularity_score
)
values (
  '4f714ce4-df42-9024-87d6-f00b256dd83c',
  '["Fast acceleration","Stylish design"]'::jsonb,
  '["Limited rear seat space","Charging infrastructure limitations"]'::jsonb,
  '["Check battery health","Inspect charging port"]'::jsonb,
  '["Electric all-wheel drive","Matrix LED headlights"]'::jsonb,
  '["Dual electric motors"]'::jsonb,
  '[{"engine_code":"Electric Motors","common_issues_ru":["Проблемы с зарядкой","Неисправности батареи"]}]'::jsonb,
  null,
  null
)
on conflict (model_id) do nothing;


insert into public.vehicle_models (
  id,
  make_id,
  slug,
  name_en,
  first_model_year,
  last_model_year,
  years_available,
  body_types_available,
  fuel_types_available,
  transmission_available,
  reliability_score,
  popularity_score
)
values (
  'de5df764-f95b-03cd-a0cb-d3720dd68094',
  'b5a343da-2fc6-32f4-7f83-63bac8bebd76',
  'q2',
  'Q2',
  2016,
  2024,
  '{2016,2017,2018,2019,2020,2021,2022,2023,2024}'::int[],
  '["SUV"]'::jsonb,
  '["Gasoline","Diesel"]'::jsonb,
  '["Manual","Automatic (S tronic)"]'::jsonb,
  7.1,
  7.6
)
on conflict (make_id, slug) do nothing;


insert into public.vehicle_generations (
  id,
  model_id,
  code,
  start_year,
  end_year,
  facelift,
  production_countries,
  body_types,
  fuel_types,
  transmission_types,
  summary
)
values (
  'b0d3d5a8-107b-7fd6-3f77-a00fb68dcecc',
  'de5df764-f95b-03cd-a0cb-d3720dd68094',
  'Generation I (GA, 2016-2024)',
  2016,
  2024,
  true,
  '{"Germany"}'::text[],
  '["SUV"]'::jsonb,
  '["Gasoline","Diesel"]'::jsonb,
  '["Manual","Automatic (S tronic)"]'::jsonb,
  'Compact SUV.'
)
on conflict (model_id, code) do nothing;


insert into public.vehicle_insights (
  model_id,
  pros,
  cons,
  inspection_tips,
  notable_features,
  engine_examples,
  common_issues_by_engine,
  reliability_score,
  popularity_score
)
values (
  'de5df764-f95b-03cd-a0cb-d3720dd68094',
  '["Compact size","Stylish design"]'::jsonb,
  '["Small cargo space","Ride can be firm"]'::jsonb,
  '["Check for oil leaks","Inspect suspension components"]'::jsonb,
  '["Virtual cockpit","LED headlights"]'::jsonb,
  '["1.0L TFSI","1.4L TFSI","1.6L TDI"]'::jsonb,
  '[{"engine_code":"1.4L TFSI","common_issues_ru":["Расход масла","Растяжение цепи ГРМ"]}]'::jsonb,
  null,
  null
)
on conflict (model_id) do nothing;


insert into public.vehicle_models (
  id,
  make_id,
  slug,
  name_en,
  first_model_year,
  last_model_year,
  years_available,
  body_types_available,
  fuel_types_available,
  transmission_available,
  reliability_score,
  popularity_score
)
values (
  '90aef3f0-0217-06a3-6994-7a8abc82eba5',
  'b5a343da-2fc6-32f4-7f83-63bac8bebd76',
  'audi-q3',
  'Audi Q3',
  2011,
  2024,
  '{2011,2015,2019,2024}'::int[],
  '["SUV"]'::jsonb,
  '["Gasoline","Diesel"]'::jsonb,
  '["Automatic"]'::jsonb,
  7,
  7.8
)
on conflict (make_id, slug) do nothing;


insert into public.vehicle_generations (
  id,
  model_id,
  code,
  start_year,
  end_year,
  facelift,
  production_countries,
  body_types,
  fuel_types,
  transmission_types,
  summary
)
values (
  'bb5b32f8-34df-08cb-9861-da7a7d50be1f',
  '90aef3f0-0217-06a3-6994-7a8abc82eba5',
  'Generation I (2011-2018)',
  2011,
  2018,
  true,
  '{"Germany","Spain"}'::text[],
  '["SUV"]'::jsonb,
  '["Gasoline","Diesel"]'::jsonb,
  '["Automatic"]'::jsonb,
  'First generation of the compact SUV, based on the Volkswagen Group''s PQ35 platform.'
)
on conflict (model_id, code) do nothing;


insert into public.vehicle_generations (
  id,
  model_id,
  code,
  start_year,
  end_year,
  facelift,
  production_countries,
  body_types,
  fuel_types,
  transmission_types,
  summary
)
values (
  '09551dfd-d518-65c3-3e64-ffa8d7fdea1e',
  '90aef3f0-0217-06a3-6994-7a8abc82eba5',
  'Generation II (2018-Present)',
  2018,
  2024,
  false,
  '{"Germany","Hungary","China"}'::text[],
  '["SUV","SUV Coupe (Sportback)"]'::jsonb,
  '["Gasoline","Diesel","Plug-in Hybrid"]'::jsonb,
  '["Automatic"]'::jsonb,
  'Second generation, built on the MQB platform, offering more space and updated technology.'
)
on conflict (model_id, code) do nothing;


insert into public.vehicle_insights (
  model_id,
  pros,
  cons,
  inspection_tips,
  notable_features,
  engine_examples,
  common_issues_by_engine,
  reliability_score,
  popularity_score
)
values (
  '90aef3f0-0217-06a3-6994-7a8abc82eba5',
  '["Stylish design","Fuel efficiency","Good handling"]'::jsonb,
  '["Small cargo space","Infotainment system can be slow","Ride can be firm"]'::jsonb,
  '["Check for oil leaks","Inspect the suspension","Test the infotainment system"]'::jsonb,
  '["Quattro all-wheel drive","Virtual Cockpit","Advanced driver-assistance systems"]'::jsonb,
  '["2.0L TFSI","1.4L TFSI","2.0L TDI"]'::jsonb,
  '[{"engine_code":"2.0 TFSI","common_issues_ru":["Расход масла","Проблемы с цепью ГРМ"]},{"engine_code":"2.0 TDI","common_issues_ru":["Проблемы с сажевым фильтром","Износ форсунок"]}]'::jsonb,
  null,
  null
)
on conflict (model_id) do nothing;


insert into public.vehicle_models (
  id,
  make_id,
  slug,
  name_en,
  first_model_year,
  last_model_year,
  years_available,
  body_types_available,
  fuel_types_available,
  transmission_available,
  reliability_score,
  popularity_score
)
values (
  '6ccd20f6-43df-badb-ce64-886b2432bb67',
  'b5a343da-2fc6-32f4-7f83-63bac8bebd76',
  'audi-q4',
  'Audi Q4 e-tron',
  2021,
  2024,
  '{2021,2024}'::int[],
  '["SUV","SUV Coupe (Sportback)"]'::jsonb,
  '["Electric"]'::jsonb,
  '["Automatic"]'::jsonb,
  7.2,
  7.5
)
on conflict (make_id, slug) do nothing;


insert into public.vehicle_generations (
  id,
  model_id,
  code,
  start_year,
  end_year,
  facelift,
  production_countries,
  body_types,
  fuel_types,
  transmission_types,
  summary
)
values (
  '55788baa-6f1a-6627-280d-cf52839629f9',
  '6ccd20f6-43df-badb-ce64-886b2432bb67',
  'Generation I (2021-Present)',
  2021,
  2024,
  false,
  '{"Germany","China"}'::text[],
  '["SUV","SUV Coupe (Sportback)"]'::jsonb,
  '["Electric"]'::jsonb,
  '["Automatic"]'::jsonb,
  'All-electric compact SUV based on the Volkswagen Group''s MEB platform.'
)
on conflict (model_id, code) do nothing;


insert into public.vehicle_insights (
  model_id,
  pros,
  cons,
  inspection_tips,
  notable_features,
  engine_examples,
  common_issues_by_engine,
  reliability_score,
  popularity_score
)
values (
  '6ccd20f6-43df-badb-ce64-886b2432bb67',
  '["Electric powertrain","Spacious interior","Modern design"]'::jsonb,
  '["Charging infrastructure limitations","Price","Touchscreen controls can be distracting"]'::jsonb,
  '["Check battery health","Inspect charging port","Test infotainment system"]'::jsonb,
  '["Electric all-wheel drive (e-tron quattro)","Virtual Cockpit","Matrix LED headlights"]'::jsonb,
  '["Single motor","Dual motor"]'::jsonb,
  '[{"engine_code":"Electric Motor","common_issues_ru":["Проблемы с зарядкой","Неисправности инвертора"]}]'::jsonb,
  null,
  null
)
on conflict (model_id) do nothing;


insert into public.vehicle_models (
  id,
  make_id,
  slug,
  name_en,
  first_model_year,
  last_model_year,
  years_available,
  body_types_available,
  fuel_types_available,
  transmission_available,
  reliability_score,
  popularity_score
)
values (
  '3b69958a-5287-1025-b913-19f71deb515a',
  'b5a343da-2fc6-32f4-7f83-63bac8bebd76',
  'audi-q5',
  'Audi Q5',
  2008,
  2024,
  '{2008,2012,2017,2020,2024}'::int[],
  '["SUV"]'::jsonb,
  '["Gasoline","Diesel","Plug-in Hybrid"]'::jsonb,
  '["Manual","Automatic"]'::jsonb,
  7.3,
  8.2
)
on conflict (make_id, slug) do nothing;


insert into public.vehicle_generations (
  id,
  model_id,
  code,
  start_year,
  end_year,
  facelift,
  production_countries,
  body_types,
  fuel_types,
  transmission_types,
  summary
)
values (
  '5d20300c-c15e-0c21-04d7-c960b0912adc',
  '3b69958a-5287-1025-b913-19f71deb515a',
  'Generation I (2008-2017)',
  2008,
  2017,
  true,
  '{"Germany","China"}'::text[],
  '["SUV"]'::jsonb,
  '["Gasoline","Diesel"]'::jsonb,
  '["Manual","Automatic"]'::jsonb,
  'First generation of the mid-size SUV, based on the MLB platform.'
)
on conflict (model_id, code) do nothing;


insert into public.vehicle_generations (
  id,
  model_id,
  code,
  start_year,
  end_year,
  facelift,
  production_countries,
  body_types,
  fuel_types,
  transmission_types,
  summary
)
values (
  'a37f4eb9-2986-bde6-dfae-99f26d8d16c8',
  '3b69958a-5287-1025-b913-19f71deb515a',
  'Generation II (2017-Present)',
  2017,
  2024,
  true,
  '{"Germany","Mexico","China"}'::text[],
  '["SUV","SUV Coupe (Sportback)"]'::jsonb,
  '["Gasoline","Diesel","Plug-in Hybrid"]'::jsonb,
  '["Automatic"]'::jsonb,
  'Second generation, built on the MLBevo platform, offering improved performance and technology.'
)
on conflict (model_id, code) do nothing;


insert into public.vehicle_insights (
  model_id,
  pros,
  cons,
  inspection_tips,
  notable_features,
  engine_examples,
  common_issues_by_engine,
  reliability_score,
  popularity_score
)
values (
  '3b69958a-5287-1025-b913-19f71deb515a',
  '["Comfortable ride","Stylish interior","Available plug-in hybrid option"]'::jsonb,
  '["Infotainment system can be complex","Some engines can be thirsty","Maintenance costs can be high"]'::jsonb,
  '["Check for oil leaks","Inspect the suspension","Test the air conditioning"]'::jsonb,
  '["Quattro all-wheel drive","Virtual Cockpit","Adaptive cruise control"]'::jsonb,
  '["2.0L TFSI","3.0L TFSI","2.0L TDI"]'::jsonb,
  '[{"engine_code":"2.0 TFSI","common_issues_ru":["Расход масла","Проблемы с цепью ГРМ"]},{"engine_code":"3.0 TFSI","common_issues_ru":["Утечка антифриза","Неисправности водяного насоса"]},{"engine_code":"2.0 TDI","common_issues_ru":["Проблемы с сажевым фильтром","Износ форсунок"]}]'::jsonb,
  null,
  null
)
on conflict (model_id) do nothing;


insert into public.vehicle_models (
  id,
  make_id,
  slug,
  name_en,
  first_model_year,
  last_model_year,
  years_available,
  body_types_available,
  fuel_types_available,
  transmission_available,
  reliability_score,
  popularity_score
)
values (
  '6cd3ea85-c93b-af62-5b2f-2084167fc335',
  'b5a343da-2fc6-32f4-7f83-63bac8bebd76',
  'audi-q7',
  'Audi Q7',
  2005,
  2024,
  '{2005,2010,2015,2019,2024}'::int[],
  '["SUV"]'::jsonb,
  '["Gasoline","Diesel","Plug-in Hybrid"]'::jsonb,
  '["Automatic"]'::jsonb,
  6.8,
  7.9
)
on conflict (make_id, slug) do nothing;


insert into public.vehicle_generations (
  id,
  model_id,
  code,
  start_year,
  end_year,
  facelift,
  production_countries,
  body_types,
  fuel_types,
  transmission_types,
  summary
)
values (
  '77204f7a-7321-b406-ffd6-1a9b5df592e4',
  '6cd3ea85-c93b-af62-5b2f-2084167fc335',
  'Generation I (2005-2015)',
  2005,
  2015,
  true,
  '{"Germany","India"}'::text[],
  '["SUV"]'::jsonb,
  '["Gasoline","Diesel"]'::jsonb,
  '["Automatic"]'::jsonb,
  'First generation of the full-size SUV, sharing the platform with the Porsche Cayenne and Volkswagen Touareg.'
)
on conflict (model_id, code) do nothing;


insert into public.vehicle_generations (
  id,
  model_id,
  code,
  start_year,
  end_year,
  facelift,
  production_countries,
  body_types,
  fuel_types,
  transmission_types,
  summary
)
values (
  '7db718f5-0d09-08c2-f854-3b2a5744c7d4',
  '6cd3ea85-c93b-af62-5b2f-2084167fc335',
  'Generation II (2015-Present)',
  2015,
  2024,
  true,
  '{"Germany","India"}'::text[],
  '["SUV"]'::jsonb,
  '["Gasoline","Diesel","Plug-in Hybrid"]'::jsonb,
  '["Automatic"]'::jsonb,
  'Second generation, built on the MLBevo platform, offering a lighter and more efficient design.'
)
on conflict (model_id, code) do nothing;


insert into public.vehicle_insights (
  model_id,
  pros,
  cons,
  inspection_tips,
  notable_features,
  engine_examples,
  common_issues_by_engine,
  reliability_score,
  popularity_score
)
values (
  '6cd3ea85-c93b-af62-5b2f-2084167fc335',
  '["Spacious interior","Powerful engines","Luxurious features"]'::jsonb,
  '["Fuel economy can be poor","Maintenance costs are high","Infotainment system can be complex"]'::jsonb,
  '["Check for air suspension issues","Inspect the brakes","Test the electrical systems"]'::jsonb,
  '["Quattro all-wheel drive","Adaptive air suspension","Advanced driver-assistance systems"]'::jsonb,
  '["3.0L TFSI","3.0L TDI","4.0L TDI"]'::jsonb,
  '[{"engine_code":"3.0 TFSI","common_issues_ru":["Расход масла","Проблемы с водяным насосом"]},{"engine_code":"3.0 TDI","common_issues_ru":["Проблемы с цепью ГРМ","Износ форсунок"]},{"engine_code":"4.0 TDI","common_issues_ru":["Неисправности турбокомпрессора","Проблемы с сажевым фильтром"]}]'::jsonb,
  null,
  null
)
on conflict (model_id) do nothing;


insert into public.vehicle_models (
  id,
  make_id,
  slug,
  name_en,
  first_model_year,
  last_model_year,
  years_available,
  body_types_available,
  fuel_types_available,
  transmission_available,
  reliability_score,
  popularity_score
)
values (
  '3a3ad522-4914-5fb4-e345-1f9fa993b658',
  'b5a343da-2fc6-32f4-7f83-63bac8bebd76',
  'audi-q8',
  'Audi Q8',
  2018,
  2024,
  '{2018,2020,2024}'::int[],
  '["SUV Coupe"]'::jsonb,
  '["Gasoline","Diesel"]'::jsonb,
  '["Automatic"]'::jsonb,
  7.1,
  8.1
)
on conflict (make_id, slug) do nothing;


insert into public.vehicle_generations (
  id,
  model_id,
  code,
  start_year,
  end_year,
  facelift,
  production_countries,
  body_types,
  fuel_types,
  transmission_types,
  summary
)
values (
  '349a0cc2-d7e7-de2d-dfa2-facf4729c0c8',
  '3a3ad522-4914-5fb4-e345-1f9fa993b658',
  'Generation I (2018-Present)',
  2018,
  2024,
  false,
  '{"Slovakia"}'::text[],
  '["SUV Coupe"]'::jsonb,
  '["Gasoline","Diesel"]'::jsonb,
  '["Automatic"]'::jsonb,
  'A coupe-styled SUV, based on the same platform as the Q7.'
)
on conflict (model_id, code) do nothing;


insert into public.vehicle_insights (
  model_id,
  pros,
  cons,
  inspection_tips,
  notable_features,
  engine_examples,
  common_issues_by_engine,
  reliability_score,
  popularity_score
)
values (
  '3a3ad522-4914-5fb4-e345-1f9fa993b658',
  '["Stylish design","Luxurious interior","Powerful engines"]'::jsonb,
  '["Limited rear visibility","Expensive","Ride can be firm"]'::jsonb,
  '["Check for air suspension issues","Inspect the brakes","Test the infotainment system"]'::jsonb,
  '["Quattro all-wheel drive","Virtual Cockpit","Matrix LED headlights"]'::jsonb,
  '["3.0L TFSI","3.0L TDI"]'::jsonb,
  '[{"engine_code":"3.0 TFSI","common_issues_ru":["Расход масла","Проблемы с водяным насосом"]},{"engine_code":"3.0 TDI","common_issues_ru":["Проблемы с цепью ГРМ","Износ форсунок"]}]'::jsonb,
  null,
  null
)
on conflict (model_id) do nothing;


insert into public.vehicle_models (
  id,
  make_id,
  slug,
  name_en,
  first_model_year,
  last_model_year,
  years_available,
  body_types_available,
  fuel_types_available,
  transmission_available,
  reliability_score,
  popularity_score
)
values (
  '93ddd245-d13f-2aed-8faf-a2964dcb714d',
  'b5a343da-2fc6-32f4-7f83-63bac8bebd76',
  'audi-r8',
  'Audi R8',
  2006,
  2024,
  '{2006,2010,2015,2019,2024}'::int[],
  '["Coupe","Spyder"]'::jsonb,
  '["Gasoline"]'::jsonb,
  '["Manual","Automatic"]'::jsonb,
  6.5,
  7.7
)
on conflict (make_id, slug) do nothing;


insert into public.vehicle_generations (
  id,
  model_id,
  code,
  start_year,
  end_year,
  facelift,
  production_countries,
  body_types,
  fuel_types,
  transmission_types,
  summary
)
values (
  '837c237c-b9ff-9b73-633e-a33ad911535f',
  '93ddd245-d13f-2aed-8faf-a2964dcb714d',
  'Generation I (2006-2015)',
  2006,
  2015,
  true,
  '{"Germany"}'::text[],
  '["Coupe","Spyder"]'::jsonb,
  '["Gasoline"]'::jsonb,
  '["Manual","Automatic"]'::jsonb,
  'First generation of the mid-engine sports car, based on the Lamborghini Gallardo platform.'
)
on conflict (model_id, code) do nothing;


insert into public.vehicle_generations (
  id,
  model_id,
  code,
  start_year,
  end_year,
  facelift,
  production_countries,
  body_types,
  fuel_types,
  transmission_types,
  summary
)
values (
  '59214d43-2a38-d8a1-77c6-f76f909baf3d',
  '93ddd245-d13f-2aed-8faf-a2964dcb714d',
  'Generation II (2015-Present)',
  2015,
  2024,
  true,
  '{"Germany"}'::text[],
  '["Coupe","Spyder"]'::jsonb,
  '["Gasoline"]'::jsonb,
  '["Automatic"]'::jsonb,
  'Second generation, featuring a more powerful engine and updated design.'
)
on conflict (model_id, code) do nothing;


insert into public.vehicle_insights (
  model_id,
  pros,
  cons,
  inspection_tips,
  notable_features,
  engine_examples,
  common_issues_by_engine,
  reliability_score,
  popularity_score
)
values (
  '93ddd245-d13f-2aed-8faf-a2964dcb714d',
  '["Exceptional performance","Striking design","Exhilarating driving experience"]'::jsonb,
  '["Expensive to maintain","Limited practicality","Fuel economy is poor"]'::jsonb,
  '["Check for engine oil leaks","Inspect the brakes","Test the transmission"]'::jsonb,
  '["Quattro all-wheel drive","V10 engine","Magnetic Ride suspension"]'::jsonb,
  '["4.2L V8","5.2L V10"]'::jsonb,
  '[{"engine_code":"4.2L V8","common_issues_ru":["Расход масла","Проблемы с катализатором"]},{"engine_code":"5.2L V10","common_issues_ru":["Расход масла","Проблемы с дроссельной заслонкой"]}]'::jsonb,
  null,
  null
)
on conflict (model_id) do nothing;


insert into public.vehicle_models (
  id,
  make_id,
  slug,
  name_en,
  first_model_year,
  last_model_year,
  years_available,
  body_types_available,
  fuel_types_available,
  transmission_available,
  reliability_score,
  popularity_score
)
values (
  '3c89fa26-9023-544c-3785-88a6147e0260',
  'b5a343da-2fc6-32f4-7f83-63bac8bebd76',
  'audi-tt',
  'Audi TT',
  1998,
  2023,
  '{1998,2000,2005,2007,2010,2014,2018,2023}'::int[],
  '["Coupe","Roadster"]'::jsonb,
  '["Gasoline"]'::jsonb,
  '["Manual","Automatic"]'::jsonb,
  7.4,
  7.6
)
on conflict (make_id, slug) do nothing;


insert into public.vehicle_generations (
  id,
  model_id,
  code,
  start_year,
  end_year,
  facelift,
  production_countries,
  body_types,
  fuel_types,
  transmission_types,
  summary
)
values (
  'd6fd95b8-413e-9234-6c3d-9436f6487ec5',
  '3c89fa26-9023-544c-3785-88a6147e0260',
  'Generation I (1998-2006)',
  1998,
  2006,
  true,
  '{"Germany","Hungary"}'::text[],
  '["Coupe","Roadster"]'::jsonb,
  '["Gasoline"]'::jsonb,
  '["Manual","Automatic"]'::jsonb,
  'First generation of the compact sports car, known for its distinctive design.'
)
on conflict (model_id, code) do nothing;


insert into public.vehicle_generations (
  id,
  model_id,
  code,
  start_year,
  end_year,
  facelift,
  production_countries,
  body_types,
  fuel_types,
  transmission_types,
  summary
)
values (
  'c4bf1bf7-7a77-f639-15a7-6e8ec916da5b',
  '3c89fa26-9023-544c-3785-88a6147e0260',
  'Generation II (2006-2014)',
  2006,
  2014,
  true,
  '{"Germany","Hungary"}'::text[],
  '["Coupe","Roadster"]'::jsonb,
  '["Gasoline"]'::jsonb,
  '["Manual","Automatic"]'::jsonb,
  'Second generation, featuring a more modern design and improved performance.'
)
on conflict (model_id, code) do nothing;


insert into public.vehicle_generations (
  id,
  model_id,
  code,
  start_year,
  end_year,
  facelift,
  production_countries,
  body_types,
  fuel_types,
  transmission_types,
  summary
)
values (
  'bda2ca04-6097-3ab5-6006-ecdcf8cd2df7',
  '3c89fa26-9023-544c-3785-88a6147e0260',
  'Generation III (2014-2023)',
  2014,
  2023,
  true,
  '{"Hungary"}'::text[],
  '["Coupe","Roadster"]'::jsonb,
  '["Gasoline"]'::jsonb,
  '["Manual","Automatic"]'::jsonb,
  'Third generation, with a more angular design and updated technology, including the Virtual Cockpit.'
)
on conflict (model_id, code) do nothing;


insert into public.vehicle_insights (
  model_id,
  pros,
  cons,
  inspection_tips,
  notable_features,
  engine_examples,
  common_issues_by_engine,
  reliability_score,
  popularity_score
)
values (
  '3c89fa26-9023-544c-3785-88a6147e0260',
  '["Stylish design","Fun to drive","Relatively affordable"]'::jsonb,
  '["Small rear seats","Ride can be firm","Some interior materials feel cheap"]'::jsonb,
  '["Check for oil leaks","Inspect the suspension","Test the air conditioning"]'::jsonb,
  '["Quattro all-wheel drive","Virtual Cockpit","Turbocharged engines"]'::jsonb,
  '["1.8L Turbo","2.0L TFSI","2.5L TFSI"]'::jsonb,
  '[{"engine_code":"1.8L Turbo","common_issues_ru":["Расход масла","Проблемы с турбокомпрессором"]},{"engine_code":"2.0L TFSI","common_issues_ru":["Расход масла","Проблемы с цепью ГРМ"]},{"engine_code":"2.5L TFSI","common_issues_ru":["Расход масла","Проблемы с топливным насосом"]}]'::jsonb,
  null,
  null
)
on conflict (model_id) do nothing;


insert into public.vehicle_makes (id, slug, name_en, country, segment_class, is_active, category_path)
values (
  '3fb95c6b-731a-978f-cf27-52e84e333943',
  'bentley',
  'Bentley',
  'Великобритания',
  null,
  true,
  'transport/legkovye-avtomobili'
)
on conflict (id) do nothing;


insert into public.vehicle_models (
  id,
  make_id,
  slug,
  name_en,
  first_model_year,
  last_model_year,
  years_available,
  body_types_available,
  fuel_types_available,
  transmission_available,
  reliability_score,
  popularity_score
)
values (
  'ed74dc37-17f9-9d01-b117-ad2165a4862a',
  '3fb95c6b-731a-978f-cf27-52e84e333943',
  'bentayga',
  'Bentayga',
  2015,
  2024,
  '{2015,2016,2017,2018,2019,2020,2021,2022,2023,2024}'::int[],
  '["SUV"]'::jsonb,
  '["Gasoline","Plug-in Hybrid","Diesel (Discontinued)"]'::jsonb,
  '["Automatic"]'::jsonb,
  6.8,
  8.5
)
on conflict (make_id, slug) do nothing;


insert into public.vehicle_generations (
  id,
  model_id,
  code,
  start_year,
  end_year,
  facelift,
  production_countries,
  body_types,
  fuel_types,
  transmission_types,
  summary
)
values (
  '36fbe1df-f8fe-70a2-15d4-ee80e367d627',
  'ed74dc37-17f9-9d01-b117-ad2165a4862a',
  'Generation I (2015-2023)',
  2015,
  2023,
  true,
  '{"United Kingdom"}'::text[],
  '["SUV"]'::jsonb,
  '["Gasoline","Diesel","Plug-in Hybrid"]'::jsonb,
  '["Automatic"]'::jsonb,
  'First generation of Bentley''s SUV, offering a luxurious and powerful driving experience.'
)
on conflict (model_id, code) do nothing;


insert into public.vehicle_generations (
  id,
  model_id,
  code,
  start_year,
  end_year,
  facelift,
  production_countries,
  body_types,
  fuel_types,
  transmission_types,
  summary
)
values (
  'ac68b11b-cf29-4faa-d960-280b95df41ac',
  'ed74dc37-17f9-9d01-b117-ad2165a4862a',
  'Generation II (2024-Present)',
  2024,
  2024,
  false,
  '{"United Kingdom"}'::text[],
  '["SUV"]'::jsonb,
  '["Gasoline","Plug-in Hybrid"]'::jsonb,
  '["Automatic"]'::jsonb,
  'Current generation with updated styling and technology.'
)
on conflict (model_id, code) do nothing;


insert into public.vehicle_insights (
  model_id,
  pros,
  cons,
  inspection_tips,
  notable_features,
  engine_examples,
  common_issues_by_engine,
  reliability_score,
  popularity_score
)
values (
  'ed74dc37-17f9-9d01-b117-ad2165a4862a',
  '["Luxurious interior","Powerful engines","Off-road capability"]'::jsonb,
  '["High price","Expensive maintenance","Fuel consumption"]'::jsonb,
  '["Check air suspension","Inspect for electrical issues","Verify service history"]'::jsonb,
  '["All-wheel drive","Adaptive air suspension","Massaging seats"]'::jsonb,
  '["4.0L V8","6.0L W12","3.0L V6 Plug-in Hybrid"]'::jsonb,
  '[{"engine_code":"4.0L V8","common_issues_ru":["Утечка масла","Проблемы с турбонаддувом"]},{"engine_code":"6.0L W12","common_issues_ru":["Повышенный расход масла","Проблемы с катушками зажигания"]}]'::jsonb,
  null,
  null
)
on conflict (model_id) do nothing;


insert into public.vehicle_models (
  id,
  make_id,
  slug,
  name_en,
  first_model_year,
  last_model_year,
  years_available,
  body_types_available,
  fuel_types_available,
  transmission_available,
  reliability_score,
  popularity_score
)
values (
  '7f5074f3-b028-dc5a-8b88-756643857c93',
  '3fb95c6b-731a-978f-cf27-52e84e333943',
  'continental',
  'Continental',
  2003,
  2024,
  '{2003,2005,2010,2015,2020,2024}'::int[],
  '["Coupe","Convertible"]'::jsonb,
  '["Gasoline"]'::jsonb,
  '["Automatic"]'::jsonb,
  7,
  8.2
)
on conflict (make_id, slug) do nothing;


insert into public.vehicle_generations (
  id,
  model_id,
  code,
  start_year,
  end_year,
  facelift,
  production_countries,
  body_types,
  fuel_types,
  transmission_types,
  summary
)
values (
  '5080d222-145d-f97b-d539-0e43a8c89ffe',
  '7f5074f3-b028-dc5a-8b88-756643857c93',
  'Generation I (2003-2011)',
  2003,
  2011,
  true,
  '{"United Kingdom"}'::text[],
  '["Coupe","Convertible"]'::jsonb,
  '["Gasoline"]'::jsonb,
  '["Automatic"]'::jsonb,
  'First generation of the modern Continental, marking Bentley''s return to prominence.'
)
on conflict (model_id, code) do nothing;


insert into public.vehicle_generations (
  id,
  model_id,
  code,
  start_year,
  end_year,
  facelift,
  production_countries,
  body_types,
  fuel_types,
  transmission_types,
  summary
)
values (
  '09d441b2-62b4-d7a1-d966-10bb1d4585c0',
  '7f5074f3-b028-dc5a-8b88-756643857c93',
  'Generation II (2011-2018)',
  2011,
  2018,
  true,
  '{"United Kingdom"}'::text[],
  '["Coupe","Convertible"]'::jsonb,
  '["Gasoline"]'::jsonb,
  '["Automatic"]'::jsonb,
  'Second generation with updated styling and improved performance.'
)
on conflict (model_id, code) do nothing;


insert into public.vehicle_generations (
  id,
  model_id,
  code,
  start_year,
  end_year,
  facelift,
  production_countries,
  body_types,
  fuel_types,
  transmission_types,
  summary
)
values (
  '03b99713-c8b9-c52b-c039-a9042d652b19',
  '7f5074f3-b028-dc5a-8b88-756643857c93',
  'Generation III (2018-Present)',
  2018,
  2024,
  false,
  '{"United Kingdom"}'::text[],
  '["Coupe","Convertible"]'::jsonb,
  '["Gasoline"]'::jsonb,
  '["Automatic"]'::jsonb,
  'Current generation with a new design and enhanced technology.'
)
on conflict (model_id, code) do nothing;


insert into public.vehicle_insights (
  model_id,
  pros,
  cons,
  inspection_tips,
  notable_features,
  engine_examples,
  common_issues_by_engine,
  reliability_score,
  popularity_score
)
values (
  '7f5074f3-b028-dc5a-8b88-756643857c93',
  '["Luxurious interior","Powerful engines","High performance"]'::jsonb,
  '["Expensive maintenance","Fuel consumption","Depreciation"]'::jsonb,
  '["Check for leaks","Inspect the suspension","Verify service records"]'::jsonb,
  '["All-wheel drive","Twin-turbocharged engine","Advanced infotainment system"]'::jsonb,
  '["6.0L W12","4.0L V8"]'::jsonb,
  '[{"engine_code":"6.0L W12","common_issues_ru":["Утечка масла","Проблемы с катушками зажигания"]},{"engine_code":"4.0L V8","common_issues_ru":["Утечка масла","Проблемы с турбонаддувом"]}]'::jsonb,
  null,
  null
)
on conflict (model_id) do nothing;


insert into public.vehicle_models (
  id,
  make_id,
  slug,
  name_en,
  first_model_year,
  last_model_year,
  years_available,
  body_types_available,
  fuel_types_available,
  transmission_available,
  reliability_score,
  popularity_score
)
values (
  'd03f69d3-c02c-9b5f-36a7-b5d6acafd919',
  '3fb95c6b-731a-978f-cf27-52e84e333943',
  'flying-spur',
  'Flying Spur',
  2005,
  2024,
  '{2005,2010,2015,2020,2024}'::int[],
  '["Sedan"]'::jsonb,
  '["Gasoline","Plug-in Hybrid"]'::jsonb,
  '["Automatic"]'::jsonb,
  6.5,
  7.8
)
on conflict (make_id, slug) do nothing;


insert into public.vehicle_generations (
  id,
  model_id,
  code,
  start_year,
  end_year,
  facelift,
  production_countries,
  body_types,
  fuel_types,
  transmission_types,
  summary
)
values (
  '5f4fe590-4262-a8aa-46ff-a4b28b1b0b33',
  'd03f69d3-c02c-9b5f-36a7-b5d6acafd919',
  'Generation I (2005-2013)',
  2005,
  2013,
  true,
  '{"United Kingdom"}'::text[],
  '["Sedan"]'::jsonb,
  '["Gasoline"]'::jsonb,
  '["Automatic"]'::jsonb,
  'First generation, a four-door sedan based on the Continental GT platform.'
)
on conflict (model_id, code) do nothing;


insert into public.vehicle_generations (
  id,
  model_id,
  code,
  start_year,
  end_year,
  facelift,
  production_countries,
  body_types,
  fuel_types,
  transmission_types,
  summary
)
values (
  '82afb281-a4ce-151b-8f44-a1c14d8603f5',
  'd03f69d3-c02c-9b5f-36a7-b5d6acafd919',
  'Generation II (2013-2019)',
  2013,
  2019,
  true,
  '{"United Kingdom"}'::text[],
  '["Sedan"]'::jsonb,
  '["Gasoline"]'::jsonb,
  '["Automatic"]'::jsonb,
  'Second generation with updated styling and improved performance.'
)
on conflict (model_id, code) do nothing;


insert into public.vehicle_generations (
  id,
  model_id,
  code,
  start_year,
  end_year,
  facelift,
  production_countries,
  body_types,
  fuel_types,
  transmission_types,
  summary
)
values (
  'ebff5bc6-f6eb-c2bb-adce-6f81896e5b61',
  'd03f69d3-c02c-9b5f-36a7-b5d6acafd919',
  'Generation III (2019-Present)',
  2019,
  2024,
  false,
  '{"United Kingdom"}'::text[],
  '["Sedan"]'::jsonb,
  '["Gasoline","Plug-in Hybrid"]'::jsonb,
  '["Automatic"]'::jsonb,
  'Current generation with a new design and enhanced technology, including a plug-in hybrid option.'
)
on conflict (model_id, code) do nothing;


insert into public.vehicle_insights (
  model_id,
  pros,
  cons,
  inspection_tips,
  notable_features,
  engine_examples,
  common_issues_by_engine,
  reliability_score,
  popularity_score
)
values (
  'd03f69d3-c02c-9b5f-36a7-b5d6acafd919',
  '["Luxurious interior","Spacious cabin","Powerful engines"]'::jsonb,
  '["High price","Expensive maintenance","Fuel consumption"]'::jsonb,
  '["Check air suspension","Inspect for electrical issues","Verify service history"]'::jsonb,
  '["All-wheel drive","Adaptive air suspension","Massaging seats"]'::jsonb,
  '["6.0L W12","4.0L V8","2.9L V6 Plug-in Hybrid"]'::jsonb,
  '[{"engine_code":"6.0L W12","common_issues_ru":["Утечка масла","Проблемы с катушками зажигания"]},{"engine_code":"4.0L V8","common_issues_ru":["Утечка масла","Проблемы с турбонаддувом"]}]'::jsonb,
  null,
  null
)
on conflict (model_id) do nothing;


insert into public.vehicle_makes (id, slug, name_en, country, segment_class, is_active, category_path)
values (
  'dbf71abd-38bf-264c-01d8-8b17f0fc404f',
  'bmw',
  'BMW',
  'Германия',
  null,
  true,
  'transport/legkovye-avtomobili'
)
on conflict (id) do nothing;


insert into public.vehicle_models (
  id,
  make_id,
  slug,
  name_en,
  first_model_year,
  last_model_year,
  years_available,
  body_types_available,
  fuel_types_available,
  transmission_available,
  reliability_score,
  popularity_score
)
values (
  '40a1b4c4-9585-2748-cefb-a23c58aaabd0',
  'dbf71abd-38bf-264c-01d8-8b17f0fc404f',
  '1-series',
  '1 Series',
  2004,
  2024,
  '{}'::int[],
  '[]'::jsonb,
  '[]'::jsonb,
  '[]'::jsonb,
  null,
  null
)
on conflict (make_id, slug) do nothing;


insert into public.vehicle_models (
  id,
  make_id,
  slug,
  name_en,
  first_model_year,
  last_model_year,
  years_available,
  body_types_available,
  fuel_types_available,
  transmission_available,
  reliability_score,
  popularity_score
)
values (
  '0825f8bf-6301-7b22-9c18-3b4d00b554d5',
  'dbf71abd-38bf-264c-01d8-8b17f0fc404f',
  '2-series',
  '2 Series',
  2014,
  2024,
  '{}'::int[],
  '[]'::jsonb,
  '[]'::jsonb,
  '[]'::jsonb,
  null,
  null
)
on conflict (make_id, slug) do nothing;


insert into public.vehicle_models (
  id,
  make_id,
  slug,
  name_en,
  first_model_year,
  last_model_year,
  years_available,
  body_types_available,
  fuel_types_available,
  transmission_available,
  reliability_score,
  popularity_score
)
values (
  '12d87f92-e47d-bc74-75ba-1082cbe5a456',
  'dbf71abd-38bf-264c-01d8-8b17f0fc404f',
  '3-series',
  '3 Series',
  1975,
  2024,
  '{}'::int[],
  '[]'::jsonb,
  '[]'::jsonb,
  '[]'::jsonb,
  null,
  null
)
on conflict (make_id, slug) do nothing;


insert into public.vehicle_models (
  id,
  make_id,
  slug,
  name_en,
  first_model_year,
  last_model_year,
  years_available,
  body_types_available,
  fuel_types_available,
  transmission_available,
  reliability_score,
  popularity_score
)
values (
  'ccfaeea0-e920-6ec0-8a09-aceda83e70ac',
  'dbf71abd-38bf-264c-01d8-8b17f0fc404f',
  '4-series',
  '4 Series',
  2013,
  2024,
  '{}'::int[],
  '[]'::jsonb,
  '[]'::jsonb,
  '[]'::jsonb,
  null,
  null
)
on conflict (make_id, slug) do nothing;


insert into public.vehicle_models (
  id,
  make_id,
  slug,
  name_en,
  first_model_year,
  last_model_year,
  years_available,
  body_types_available,
  fuel_types_available,
  transmission_available,
  reliability_score,
  popularity_score
)
values (
  '5e83cdc8-c3b3-e7cb-a2f7-154c84aa015d',
  'dbf71abd-38bf-264c-01d8-8b17f0fc404f',
  '5-series',
  '5 Series',
  1972,
  2024,
  '{}'::int[],
  '[]'::jsonb,
  '[]'::jsonb,
  '[]'::jsonb,
  null,
  null
)
on conflict (make_id, slug) do nothing;


insert into public.vehicle_models (
  id,
  make_id,
  slug,
  name_en,
  first_model_year,
  last_model_year,
  years_available,
  body_types_available,
  fuel_types_available,
  transmission_available,
  reliability_score,
  popularity_score
)
values (
  '64bec9dc-8e3d-2cf5-9c2a-cd3c4c150fe1',
  'dbf71abd-38bf-264c-01d8-8b17f0fc404f',
  '6-series',
  '6 Series',
  1976,
  2024,
  '{}'::int[],
  '[]'::jsonb,
  '[]'::jsonb,
  '[]'::jsonb,
  null,
  null
)
on conflict (make_id, slug) do nothing;


insert into public.vehicle_models (
  id,
  make_id,
  slug,
  name_en,
  first_model_year,
  last_model_year,
  years_available,
  body_types_available,
  fuel_types_available,
  transmission_available,
  reliability_score,
  popularity_score
)
values (
  'f9f7beef-a524-d1a8-6e6a-55ba6ec161da',
  'dbf71abd-38bf-264c-01d8-8b17f0fc404f',
  '7-series',
  '7 Series',
  1977,
  2024,
  '{}'::int[],
  '[]'::jsonb,
  '[]'::jsonb,
  '[]'::jsonb,
  null,
  null
)
on conflict (make_id, slug) do nothing;


insert into public.vehicle_models (
  id,
  make_id,
  slug,
  name_en,
  first_model_year,
  last_model_year,
  years_available,
  body_types_available,
  fuel_types_available,
  transmission_available,
  reliability_score,
  popularity_score
)
values (
  'ed90d040-f6cb-bcd2-5e15-d220d110611b',
  'dbf71abd-38bf-264c-01d8-8b17f0fc404f',
  '8-series',
  '8 Series',
  1989,
  2024,
  '{}'::int[],
  '[]'::jsonb,
  '[]'::jsonb,
  '[]'::jsonb,
  null,
  null
)
on conflict (make_id, slug) do nothing;


insert into public.vehicle_models (
  id,
  make_id,
  slug,
  name_en,
  first_model_year,
  last_model_year,
  years_available,
  body_types_available,
  fuel_types_available,
  transmission_available,
  reliability_score,
  popularity_score
)
values (
  '4e7f404b-2eee-5c27-a983-bd5361ddcdfb',
  'dbf71abd-38bf-264c-01d8-8b17f0fc404f',
  'i3',
  'i3',
  2013,
  2024,
  '{}'::int[],
  '[]'::jsonb,
  '[]'::jsonb,
  '[]'::jsonb,
  null,
  null
)
on conflict (make_id, slug) do nothing;


insert into public.vehicle_models (
  id,
  make_id,
  slug,
  name_en,
  first_model_year,
  last_model_year,
  years_available,
  body_types_available,
  fuel_types_available,
  transmission_available,
  reliability_score,
  popularity_score
)
values (
  'a8c2adde-471a-cdd4-f8cb-ef77f0becfdf',
  'dbf71abd-38bf-264c-01d8-8b17f0fc404f',
  'i7',
  'i7',
  2021,
  2024,
  '{}'::int[],
  '[]'::jsonb,
  '[]'::jsonb,
  '[]'::jsonb,
  null,
  null
)
on conflict (make_id, slug) do nothing;


insert into public.vehicle_models (
  id,
  make_id,
  slug,
  name_en,
  first_model_year,
  last_model_year,
  years_available,
  body_types_available,
  fuel_types_available,
  transmission_available,
  reliability_score,
  popularity_score
)
values (
  '01c02eeb-2f54-4c03-17b6-5d0806c20355',
  'dbf71abd-38bf-264c-01d8-8b17f0fc404f',
  'i8',
  'i8',
  2014,
  2020,
  '{2014,2015,2016,2017,2018,2019,2020}'::int[],
  '["Coupe","Roadster"]'::jsonb,
  '["Hybrid"]'::jsonb,
  '["Automatic"]'::jsonb,
  6.5,
  7
)
on conflict (make_id, slug) do nothing;


insert into public.vehicle_generations (
  id,
  model_id,
  code,
  start_year,
  end_year,
  facelift,
  production_countries,
  body_types,
  fuel_types,
  transmission_types,
  summary
)
values (
  'bf77a331-3483-82c6-b831-f4982e0a794b',
  '01c02eeb-2f54-4c03-17b6-5d0806c20355',
  'Generation I (2014-2020)',
  2014,
  2020,
  true,
  '{"Germany"}'::text[],
  '["Coupe","Roadster"]'::jsonb,
  '["Hybrid"]'::jsonb,
  '["Automatic"]'::jsonb,
  'The i8 was a plug-in hybrid sports car known for its futuristic design and performance.'
)
on conflict (model_id, code) do nothing;


insert into public.vehicle_insights (
  model_id,
  pros,
  cons,
  inspection_tips,
  notable_features,
  engine_examples,
  common_issues_by_engine,
  reliability_score,
  popularity_score
)
values (
  '01c02eeb-2f54-4c03-17b6-5d0806c20355',
  '["Eye-catching design","Fuel efficiency","Performance"]'::jsonb,
  '["High price","Limited cargo space","Battery degradation over time"]'::jsonb,
  '["Check battery health","Inspect carbon fiber body panels"]'::jsonb,
  '["Butterfly doors","Laser headlights","Plug-in hybrid system"]'::jsonb,
  '["1.5L I3 Turbo + Electric Motor"]'::jsonb,
  '[{"engine_code":"B38","common_issues_ru":["Проблемы с высоковольтной батареей","Неисправности электромотора"]}]'::jsonb,
  null,
  null
)
on conflict (model_id) do nothing;


insert into public.vehicle_models (
  id,
  make_id,
  slug,
  name_en,
  first_model_year,
  last_model_year,
  years_available,
  body_types_available,
  fuel_types_available,
  transmission_available,
  reliability_score,
  popularity_score
)
values (
  'd1f831f2-c045-391f-17b4-6b722f468b6e',
  'dbf71abd-38bf-264c-01d8-8b17f0fc404f',
  'x1',
  'X1',
  2009,
  2024,
  '{2009,2010,2015,2016,2020,2021,2024}'::int[],
  '["SUV"]'::jsonb,
  '["Gasoline","Diesel","Electric"]'::jsonb,
  '["Manual","Automatic"]'::jsonb,
  7,
  8
)
on conflict (make_id, slug) do nothing;


insert into public.vehicle_generations (
  id,
  model_id,
  code,
  start_year,
  end_year,
  facelift,
  production_countries,
  body_types,
  fuel_types,
  transmission_types,
  summary
)
values (
  'e12f715d-23a3-de53-b449-8b724e8b74dc',
  'd1f831f2-c045-391f-17b4-6b722f468b6e',
  'Generation I (E84, 2009-2015)',
  2009,
  2015,
  true,
  '{"Germany","China"}'::text[],
  '["SUV"]'::jsonb,
  '["Gasoline","Diesel"]'::jsonb,
  '["Manual","Automatic"]'::jsonb,
  'First generation of the X1, a compact SUV based on the 3 Series platform.'
)
on conflict (model_id, code) do nothing;


insert into public.vehicle_generations (
  id,
  model_id,
  code,
  start_year,
  end_year,
  facelift,
  production_countries,
  body_types,
  fuel_types,
  transmission_types,
  summary
)
values (
  '3dfede76-2755-681c-44ef-f38a1bda810f',
  'd1f831f2-c045-391f-17b4-6b722f468b6e',
  'Generation II (F48, 2015-2022)',
  2015,
  2022,
  true,
  '{"Germany","Mexico","Netherlands"}'::text[],
  '["SUV"]'::jsonb,
  '["Gasoline","Diesel","Plug-in Hybrid"]'::jsonb,
  '["Automatic"]'::jsonb,
  'Second generation X1, with a more spacious interior and updated technology.'
)
on conflict (model_id, code) do nothing;


insert into public.vehicle_generations (
  id,
  model_id,
  code,
  start_year,
  end_year,
  facelift,
  production_countries,
  body_types,
  fuel_types,
  transmission_types,
  summary
)
values (
  '57e0ae85-11e2-8646-4e80-1ac5c01ec82e',
  'd1f831f2-c045-391f-17b4-6b722f468b6e',
  'Generation III (U11, 2022-Present)',
  2022,
  2024,
  false,
  '{"Germany","Mexico"}'::text[],
  '["SUV"]'::jsonb,
  '["Gasoline","Diesel","Plug-in Hybrid","Electric"]'::jsonb,
  '["Automatic"]'::jsonb,
  'Third generation X1, with a new design and available electric powertrain.'
)
on conflict (model_id, code) do nothing;


insert into public.vehicle_insights (
  model_id,
  pros,
  cons,
  inspection_tips,
  notable_features,
  engine_examples,
  common_issues_by_engine,
  reliability_score,
  popularity_score
)
values (
  'd1f831f2-c045-391f-17b4-6b722f468b6e',
  '["Good handling","Fuel efficiency","Practicality"]'::jsonb,
  '["Ride can be firm","Rear seat space can be limited","Some engine reliability issues"]'::jsonb,
  '["Check for oil leaks","Inspect suspension components"]'::jsonb,
  '["xDrive all-wheel drive","iDrive infotainment system"]'::jsonb,
  '["2.0L I4 Turbo","2.0L Diesel"]'::jsonb,
  '[{"engine_code":"N20","common_issues_ru":["Растяжение цепи ГРМ","Утечка масла"]}]'::jsonb,
  null,
  null
)
on conflict (model_id) do nothing;


insert into public.vehicle_models (
  id,
  make_id,
  slug,
  name_en,
  first_model_year,
  last_model_year,
  years_available,
  body_types_available,
  fuel_types_available,
  transmission_available,
  reliability_score,
  popularity_score
)
values (
  'bbcca3b5-f0e6-4952-5e62-f6d7537c0753',
  'dbf71abd-38bf-264c-01d8-8b17f0fc404f',
  'x2',
  'X2',
  2018,
  2024,
  '{2018,2019,2020,2021,2022,2023,2024}'::int[],
  '["SUV"]'::jsonb,
  '["Gasoline","Diesel","Electric"]'::jsonb,
  '["Automatic"]'::jsonb,
  7.2,
  7.5
)
on conflict (make_id, slug) do nothing;


insert into public.vehicle_generations (
  id,
  model_id,
  code,
  start_year,
  end_year,
  facelift,
  production_countries,
  body_types,
  fuel_types,
  transmission_types,
  summary
)
values (
  'dc7c0e6d-b0b2-f111-2e5b-d944afec5d1d',
  'bbcca3b5-f0e6-4952-5e62-f6d7537c0753',
  'Generation I (F39, 2018-Present)',
  2018,
  2024,
  true,
  '{"Germany"}'::text[],
  '["SUV"]'::jsonb,
  '["Gasoline","Diesel","Plug-in Hybrid","Electric"]'::jsonb,
  '["Automatic"]'::jsonb,
  'The X2 is a compact SUV with a coupe-like roofline, offering a sporty design.'
)
on conflict (model_id, code) do nothing;


insert into public.vehicle_insights (
  model_id,
  pros,
  cons,
  inspection_tips,
  notable_features,
  engine_examples,
  common_issues_by_engine,
  reliability_score,
  popularity_score
)
values (
  'bbcca3b5-f0e6-4952-5e62-f6d7537c0753',
  '["Stylish design","Good handling","Fuel efficiency"]'::jsonb,
  '["Limited rear headroom","Ride can be firm","Cargo space is less than X1"]'::jsonb,
  '["Check for suspension issues","Inspect for oil leaks"]'::jsonb,
  '["Sporty design","xDrive all-wheel drive","iDrive infotainment system"]'::jsonb,
  '["2.0L I4 Turbo"]'::jsonb,
  '[{"engine_code":"B48","common_issues_ru":["Утечка масла","Неисправности системы охлаждения"]}]'::jsonb,
  null,
  null
)
on conflict (model_id) do nothing;


insert into public.vehicle_models (
  id,
  make_id,
  slug,
  name_en,
  first_model_year,
  last_model_year,
  years_available,
  body_types_available,
  fuel_types_available,
  transmission_available,
  reliability_score,
  popularity_score
)
values (
  '53611c18-3bbb-a0ce-4360-9b2922b1671a',
  'dbf71abd-38bf-264c-01d8-8b17f0fc404f',
  'x3',
  'X3',
  2003,
  2024,
  '{2003,2005,2010,2015,2020,2024}'::int[],
  '["SUV"]'::jsonb,
  '["Gasoline","Diesel","Plug-in Hybrid"]'::jsonb,
  '["Manual","Automatic"]'::jsonb,
  7.8,
  8.5
)
on conflict (make_id, slug) do nothing;


insert into public.vehicle_generations (
  id,
  model_id,
  code,
  start_year,
  end_year,
  facelift,
  production_countries,
  body_types,
  fuel_types,
  transmission_types,
  summary
)
values (
  '0fa93a37-534f-5664-ae9b-22b2728e80a5',
  '53611c18-3bbb-a0ce-4360-9b2922b1671a',
  'Generation I (E83, 2003-2010)',
  2003,
  2010,
  true,
  '{"Austria","Germany"}'::text[],
  '["SUV"]'::jsonb,
  '["Gasoline","Diesel"]'::jsonb,
  '["Manual","Automatic"]'::jsonb,
  'First generation X3, a compact SUV offering a blend of practicality and performance.'
)
on conflict (model_id, code) do nothing;


insert into public.vehicle_generations (
  id,
  model_id,
  code,
  start_year,
  end_year,
  facelift,
  production_countries,
  body_types,
  fuel_types,
  transmission_types,
  summary
)
values (
  '6a4275aa-3c63-806e-ce31-562cdba4d831',
  '53611c18-3bbb-a0ce-4360-9b2922b1671a',
  'Generation II (F25, 2010-2017)',
  2010,
  2017,
  true,
  '{"USA","Germany"}'::text[],
  '["SUV"]'::jsonb,
  '["Gasoline","Diesel"]'::jsonb,
  '["Automatic"]'::jsonb,
  'Second generation X3, with improved interior space and updated technology.'
)
on conflict (model_id, code) do nothing;


insert into public.vehicle_generations (
  id,
  model_id,
  code,
  start_year,
  end_year,
  facelift,
  production_countries,
  body_types,
  fuel_types,
  transmission_types,
  summary
)
values (
  'fe35ec44-1ad0-a486-5b86-1a02bedb724e',
  '53611c18-3bbb-a0ce-4360-9b2922b1671a',
  'Generation III (G01, 2017-Present)',
  2017,
  2024,
  true,
  '{"USA","Mexico","Germany"}'::text[],
  '["SUV"]'::jsonb,
  '["Gasoline","Diesel","Plug-in Hybrid"]'::jsonb,
  '["Automatic"]'::jsonb,
  'Third generation X3, featuring a more modern design and advanced features.'
)
on conflict (model_id, code) do nothing;


insert into public.vehicle_insights (
  model_id,
  pros,
  cons,
  inspection_tips,
  notable_features,
  engine_examples,
  common_issues_by_engine,
  reliability_score,
  popularity_score
)
values (
  '53611c18-3bbb-a0ce-4360-9b2922b1671a',
  '["Spacious interior","Good driving dynamics","Available technology"]'::jsonb,
  '["Ride can be firm","Some engine issues","Higher maintenance costs"]'::jsonb,
  '["Check for oil leaks","Inspect suspension components","Check for electrical issues"]'::jsonb,
  '["xDrive all-wheel drive","iDrive infotainment system","Advanced driver-assistance systems"]'::jsonb,
  '["2.0L I4 Turbo","3.0L I6 Turbo","3.0L Diesel"]'::jsonb,
  '[{"engine_code":"N55","common_issues_ru":["Утечка масла","Проблемы с водяной помпой"]}]'::jsonb,
  null,
  null
)
on conflict (model_id) do nothing;


insert into public.vehicle_models (
  id,
  make_id,
  slug,
  name_en,
  first_model_year,
  last_model_year,
  years_available,
  body_types_available,
  fuel_types_available,
  transmission_available,
  reliability_score,
  popularity_score
)
values (
  'b73d6945-cc20-38dc-e21c-d810f6ce8e4c',
  'dbf71abd-38bf-264c-01d8-8b17f0fc404f',
  'x4',
  'X4',
  2014,
  2024,
  '{2014,2015,2020,2021,2024}'::int[],
  '["SUV"]'::jsonb,
  '["Gasoline","Diesel"]'::jsonb,
  '["Automatic"]'::jsonb,
  7.5,
  8
)
on conflict (make_id, slug) do nothing;


insert into public.vehicle_generations (
  id,
  model_id,
  code,
  start_year,
  end_year,
  facelift,
  production_countries,
  body_types,
  fuel_types,
  transmission_types,
  summary
)
values (
  'd9ce095d-8c0e-55a9-004e-3d4f5aea26be',
  'b73d6945-cc20-38dc-e21c-d810f6ce8e4c',
  'Generation I (F26, 2014-2018)',
  2014,
  2018,
  true,
  '{"USA"}'::text[],
  '["SUV"]'::jsonb,
  '["Gasoline","Diesel"]'::jsonb,
  '["Automatic"]'::jsonb,
  'First generation X4, a compact SUV with a coupe-like roofline.'
)
on conflict (model_id, code) do nothing;


insert into public.vehicle_generations (
  id,
  model_id,
  code,
  start_year,
  end_year,
  facelift,
  production_countries,
  body_types,
  fuel_types,
  transmission_types,
  summary
)
values (
  '0ee69f97-7015-860e-0dbe-23180a6a03dd',
  'b73d6945-cc20-38dc-e21c-d810f6ce8e4c',
  'Generation II (G02, 2018-Present)',
  2018,
  2024,
  true,
  '{"USA","Mexico"}'::text[],
  '["SUV"]'::jsonb,
  '["Gasoline","Diesel"]'::jsonb,
  '["Automatic"]'::jsonb,
  'Second generation X4, offering a sporty design and enhanced features.'
)
on conflict (model_id, code) do nothing;


insert into public.vehicle_insights (
  model_id,
  pros,
  cons,
  inspection_tips,
  notable_features,
  engine_examples,
  common_issues_by_engine,
  reliability_score,
  popularity_score
)
values (
  'b73d6945-cc20-38dc-e21c-d810f6ce8e4c',
  '["Stylish design","Good handling","Powerful engines"]'::jsonb,
  '["Limited rear headroom","Cargo space is less than X3","Ride can be firm"]'::jsonb,
  '["Check for suspension issues","Inspect for oil leaks"]'::jsonb,
  '["Sporty design","xDrive all-wheel drive","iDrive infotainment system"]'::jsonb,
  '["2.0L I4 Turbo","3.0L I6 Turbo"]'::jsonb,
  '[{"engine_code":"B48","common_issues_ru":["Утечка масла","Неисправности системы охлаждения"]}]'::jsonb,
  null,
  null
)
on conflict (model_id) do nothing;


insert into public.vehicle_models (
  id,
  make_id,
  slug,
  name_en,
  first_model_year,
  last_model_year,
  years_available,
  body_types_available,
  fuel_types_available,
  transmission_available,
  reliability_score,
  popularity_score
)
values (
  '9afc5fbf-461a-c178-faae-697a239647df',
  'dbf71abd-38bf-264c-01d8-8b17f0fc404f',
  'x5',
  'X5',
  1999,
  2024,
  '{1999,2000,2005,2010,2015,2020,2024}'::int[],
  '["SUV"]'::jsonb,
  '["Gasoline","Diesel","Plug-in Hybrid"]'::jsonb,
  '["Automatic"]'::jsonb,
  7,
  9
)
on conflict (make_id, slug) do nothing;


insert into public.vehicle_generations (
  id,
  model_id,
  code,
  start_year,
  end_year,
  facelift,
  production_countries,
  body_types,
  fuel_types,
  transmission_types,
  summary
)
values (
  '82b3c941-e094-f392-5cd2-b725c4b583e3',
  '9afc5fbf-461a-c178-faae-697a239647df',
  'Generation I (E53, 1999-2006)',
  1999,
  2006,
  true,
  '{"USA"}'::text[],
  '["SUV"]'::jsonb,
  '["Gasoline","Diesel"]'::jsonb,
  '["Automatic"]'::jsonb,
  'First generation X5, the original luxury SUV from BMW.'
)
on conflict (model_id, code) do nothing;


insert into public.vehicle_generations (
  id,
  model_id,
  code,
  start_year,
  end_year,
  facelift,
  production_countries,
  body_types,
  fuel_types,
  transmission_types,
  summary
)
values (
  'c4cacddd-277b-c0e9-7027-b941f480d9c7',
  '9afc5fbf-461a-c178-faae-697a239647df',
  'Generation II (E70, 2006-2013)',
  2006,
  2013,
  true,
  '{"USA"}'::text[],
  '["SUV"]'::jsonb,
  '["Gasoline","Diesel"]'::jsonb,
  '["Automatic"]'::jsonb,
  'Second generation X5, with a more modern design and improved features.'
)
on conflict (model_id, code) do nothing;


insert into public.vehicle_generations (
  id,
  model_id,
  code,
  start_year,
  end_year,
  facelift,
  production_countries,
  body_types,
  fuel_types,
  transmission_types,
  summary
)
values (
  '508b3314-dc99-3dc7-8982-595c806573c9',
  '9afc5fbf-461a-c178-faae-697a239647df',
  'Generation III (F15, 2013-2018)',
  2013,
  2018,
  true,
  '{"USA"}'::text[],
  '["SUV"]'::jsonb,
  '["Gasoline","Diesel","Plug-in Hybrid"]'::jsonb,
  '["Automatic"]'::jsonb,
  'Third generation X5, with a focus on luxury and technology.'
)
on conflict (model_id, code) do nothing;


insert into public.vehicle_generations (
  id,
  model_id,
  code,
  start_year,
  end_year,
  facelift,
  production_countries,
  body_types,
  fuel_types,
  transmission_types,
  summary
)
values (
  '00e9f8e6-c2eb-6052-6244-0c6b48f0f224',
  '9afc5fbf-461a-c178-faae-697a239647df',
  'Generation IV (G05, 2018-Present)',
  2018,
  2024,
  true,
  '{"USA","Thailand"}'::text[],
  '["SUV"]'::jsonb,
  '["Gasoline","Diesel","Plug-in Hybrid"]'::jsonb,
  '["Automatic"]'::jsonb,
  'Fourth generation X5, with a refined design and advanced features.'
)
on conflict (model_id, code) do nothing;


insert into public.vehicle_insights (
  model_id,
  pros,
  cons,
  inspection_tips,
  notable_features,
  engine_examples,
  common_issues_by_engine,
  reliability_score,
  popularity_score
)
values (
  '9afc5fbf-461a-c178-faae-697a239647df',
  '["Luxurious interior","Powerful engines","Spacious cabin"]'::jsonb,
  '["High maintenance costs","Some reliability issues","Fuel economy can be poor"]'::jsonb,
  '["Check for oil leaks","Inspect suspension components","Check for electrical issues"]'::jsonb,
  '["xDrive all-wheel drive","iDrive infotainment system","Advanced driver-assistance systems"]'::jsonb,
  '["3.0L I6 Turbo","4.4L V8 Twin-Turbo","3.0L Diesel"]'::jsonb,
  '[{"engine_code":"N63","common_issues_ru":["Утечка масла","Проблемы с клапанами"]}]'::jsonb,
  null,
  null
)
on conflict (model_id) do nothing;


insert into public.vehicle_models (
  id,
  make_id,
  slug,
  name_en,
  first_model_year,
  last_model_year,
  years_available,
  body_types_available,
  fuel_types_available,
  transmission_available,
  reliability_score,
  popularity_score
)
values (
  '0edcafe3-d323-9b28-1ecc-63cdd90127da',
  'dbf71abd-38bf-264c-01d8-8b17f0fc404f',
  'x6',
  'X6',
  2008,
  2024,
  '{2008,2010,2015,2020,2024}'::int[],
  '["SUV"]'::jsonb,
  '["Gasoline","Diesel","Plug-in Hybrid"]'::jsonb,
  '["Automatic"]'::jsonb,
  7,
  8
)
on conflict (make_id, slug) do nothing;


insert into public.vehicle_generations (
  id,
  model_id,
  code,
  start_year,
  end_year,
  facelift,
  production_countries,
  body_types,
  fuel_types,
  transmission_types,
  summary
)
values (
  '55bb1f1e-c6d5-940d-58c4-d7494b71f1db',
  '0edcafe3-d323-9b28-1ecc-63cdd90127da',
  'Generation I (E71, 2008-2014)',
  2008,
  2014,
  true,
  '{"USA"}'::text[],
  '["SUV"]'::jsonb,
  '["Gasoline","Diesel"]'::jsonb,
  '["Automatic"]'::jsonb,
  'First generation X6, a Sports Activity Coupe with a distinctive design.'
)
on conflict (model_id, code) do nothing;


insert into public.vehicle_generations (
  id,
  model_id,
  code,
  start_year,
  end_year,
  facelift,
  production_countries,
  body_types,
  fuel_types,
  transmission_types,
  summary
)
values (
  '41f7f1a2-9872-64f0-a74d-d320edcea596',
  '0edcafe3-d323-9b28-1ecc-63cdd90127da',
  'Generation II (F16, 2014-2019)',
  2014,
  2019,
  true,
  '{"USA"}'::text[],
  '["SUV"]'::jsonb,
  '["Gasoline","Diesel"]'::jsonb,
  '["Automatic"]'::jsonb,
  'Second generation X6, with updated styling and features.'
)
on conflict (model_id, code) do nothing;


insert into public.vehicle_generations (
  id,
  model_id,
  code,
  start_year,
  end_year,
  facelift,
  production_countries,
  body_types,
  fuel_types,
  transmission_types,
  summary
)
values (
  'dab4341c-1bbc-9aa9-904a-1ffe935328eb',
  '0edcafe3-d323-9b28-1ecc-63cdd90127da',
  'Generation III (G06, 2019-Present)',
  2019,
  2024,
  true,
  '{"USA"}'::text[],
  '["SUV"]'::jsonb,
  '["Gasoline","Diesel","Plug-in Hybrid"]'::jsonb,
  '["Automatic"]'::jsonb,
  'Third generation X6, with a more modern design and advanced technology.'
)
on conflict (model_id, code) do nothing;


insert into public.vehicle_insights (
  model_id,
  pros,
  cons,
  inspection_tips,
  notable_features,
  engine_examples,
  common_issues_by_engine,
  reliability_score,
  popularity_score
)
values (
  '0edcafe3-d323-9b28-1ecc-63cdd90127da',
  '["Stylish design","Powerful engines","Luxurious interior"]'::jsonb,
  '["Limited rear headroom","Cargo space is less than X5","High price"]'::jsonb,
  '["Check for suspension issues","Inspect for oil leaks"]'::jsonb,
  '["Sporty design","xDrive all-wheel drive","iDrive infotainment system"]'::jsonb,
  '["3.0L I6 Turbo","4.4L V8 Twin-Turbo"]'::jsonb,
  '[{"engine_code":"N63","common_issues_ru":["Утечка масла","Проблемы с клапанами"]}]'::jsonb,
  null,
  null
)
on conflict (model_id) do nothing;


insert into public.vehicle_models (
  id,
  make_id,
  slug,
  name_en,
  first_model_year,
  last_model_year,
  years_available,
  body_types_available,
  fuel_types_available,
  transmission_available,
  reliability_score,
  popularity_score
)
values (
  '151103ad-9304-d9a7-c7e5-62e881745530',
  'dbf71abd-38bf-264c-01d8-8b17f0fc404f',
  'x7',
  'X7',
  2019,
  2024,
  '{2019,2020,2021,2022,2023,2024}'::int[],
  '["SUV"]'::jsonb,
  '["Gasoline","Diesel","Plug-in Hybrid"]'::jsonb,
  '["Automatic"]'::jsonb,
  7.3,
  8.2
)
on conflict (make_id, slug) do nothing;


insert into public.vehicle_generations (
  id,
  model_id,
  code,
  start_year,
  end_year,
  facelift,
  production_countries,
  body_types,
  fuel_types,
  transmission_types,
  summary
)
values (
  '7b7e491e-65f7-3b18-42ef-fdf7a545b861',
  '151103ad-9304-d9a7-c7e5-62e881745530',
  'Generation I (G07, 2019-Present)',
  2019,
  2024,
  true,
  '{"USA"}'::text[],
  '["SUV"]'::jsonb,
  '["Gasoline","Diesel","Plug-in Hybrid"]'::jsonb,
  '["Automatic"]'::jsonb,
  'The X7 is a full-size luxury SUV, offering three rows of seating.'
)
on conflict (model_id, code) do nothing;


insert into public.vehicle_insights (
  model_id,
  pros,
  cons,
  inspection_tips,
  notable_features,
  engine_examples,
  common_issues_by_engine,
  reliability_score,
  popularity_score
)
values (
  '151103ad-9304-d9a7-c7e5-62e881745530',
  '["Spacious interior","Luxurious features","Powerful engines"]'::jsonb,
  '["High price","Large size","Fuel economy"]'::jsonb,
  '["Check for air suspension issues","Inspect for electrical problems"]'::jsonb,
  '["Three-row seating","xDrive all-wheel drive","iDrive infotainment system"]'::jsonb,
  '["3.0L I6 Turbo","4.4L V8 Twin-Turbo"]'::jsonb,
  '[{"engine_code":"N63","common_issues_ru":["Утечка масла","Проблемы с клапанами"]}]'::jsonb,
  null,
  null
)
on conflict (model_id) do nothing;


insert into public.vehicle_models (
  id,
  make_id,
  slug,
  name_en,
  first_model_year,
  last_model_year,
  years_available,
  body_types_available,
  fuel_types_available,
  transmission_available,
  reliability_score,
  popularity_score
)
values (
  '78742d19-2158-373c-55c1-a835458d7680',
  'dbf71abd-38bf-264c-01d8-8b17f0fc404f',
  'z4',
  'Z4',
  2002,
  2024,
  '{2002,2005,2010,2015,2020,2024}'::int[],
  '["Roadster","Coupe"]'::jsonb,
  '["Gasoline"]'::jsonb,
  '["Manual","Automatic"]'::jsonb,
  7,
  7.5
)
on conflict (make_id, slug) do nothing;


insert into public.vehicle_generations (
  id,
  model_id,
  code,
  start_year,
  end_year,
  facelift,
  production_countries,
  body_types,
  fuel_types,
  transmission_types,
  summary
)
values (
  'd5080b5c-3643-1fd2-3650-2c130cd76160',
  '78742d19-2158-373c-55c1-a835458d7680',
  'Generation I (E85/E86, 2002-2008)',
  2002,
  2008,
  true,
  '{"Germany"}'::text[],
  '["Roadster","Coupe"]'::jsonb,
  '["Gasoline"]'::jsonb,
  '["Manual","Automatic"]'::jsonb,
  'First generation Z4, a sporty roadster and coupe.'
)
on conflict (model_id, code) do nothing;


insert into public.vehicle_generations (
  id,
  model_id,
  code,
  start_year,
  end_year,
  facelift,
  production_countries,
  body_types,
  fuel_types,
  transmission_types,
  summary
)
values (
  '5b7ec3bb-4d26-fc9a-a355-2e45b1bfadcf',
  '78742d19-2158-373c-55c1-a835458d7680',
  'Generation II (E89, 2009-2016)',
  2009,
  2016,
  true,
  '{"Germany"}'::text[],
  '["Roadster"]'::jsonb,
  '["Gasoline"]'::jsonb,
  '["Manual","Automatic"]'::jsonb,
  'Second generation Z4, featuring a retractable hardtop.'
)
on conflict (model_id, code) do nothing;


insert into public.vehicle_generations (
  id,
  model_id,
  code,
  start_year,
  end_year,
  facelift,
  production_countries,
  body_types,
  fuel_types,
  transmission_types,
  summary
)
values (
  'e06f6a14-738c-03c4-3f0f-562efd11a494',
  '78742d19-2158-373c-55c1-a835458d7680',
  'Generation III (G29, 2018-Present)',
  2018,
  2024,
  false,
  '{"Austria"}'::text[],
  '["Roadster"]'::jsonb,
  '["Gasoline"]'::jsonb,
  '["Automatic"]'::jsonb,
  'Third generation Z4, developed in partnership with Toyota.'
)
on conflict (model_id, code) do nothing;


insert into public.vehicle_insights (
  model_id,
  pros,
  cons,
  inspection_tips,
  notable_features,
  engine_examples,
  common_issues_by_engine,
  reliability_score,
  popularity_score
)
values (
  '78742d19-2158-373c-55c1-a835458d7680',
  '["Fun to drive","Stylish design","Good handling"]'::jsonb,
  '["Limited cargo space","Ride can be firm","Some reliability issues"]'::jsonb,
  '["Check for oil leaks","Inspect the convertible top mechanism"]'::jsonb,
  '["Retractable hardtop (E89)","Sporty handling","Powerful engines"]'::jsonb,
  '["2.0L I4 Turbo","3.0L I6 Turbo"]'::jsonb,
  '[{"engine_code":"N52","common_issues_ru":["Утечка масла","Проблемы с водяной помпой"]}]'::jsonb,
  null,
  null
)
on conflict (model_id) do nothing;


insert into public.vehicle_makes (id, slug, name_en, country, segment_class, is_active, category_path)
values (
  '2b1c44f5-55b5-d681-69fc-313775a2e36c',
  'bugatti',
  'Bugatti',
  'Франция',
  null,
  true,
  'transport/legkovye-avtomobili'
)
on conflict (id) do nothing;


insert into public.vehicle_models (
  id,
  make_id,
  slug,
  name_en,
  first_model_year,
  last_model_year,
  years_available,
  body_types_available,
  fuel_types_available,
  transmission_available,
  reliability_score,
  popularity_score
)
values (
  '06973653-a642-9adc-3933-938d8ed61361',
  '2b1c44f5-55b5-d681-69fc-313775a2e36c',
  'bugatti-chiron',
  'Bugatti Chiron',
  2016,
  2024,
  '{2016,2017,2018,2019,2020,2021,2022,2023,2024}'::int[],
  '["Coupe"]'::jsonb,
  '["Gasoline"]'::jsonb,
  '["Automatic"]'::jsonb,
  6,
  9
)
on conflict (make_id, slug) do nothing;


insert into public.vehicle_generations (
  id,
  model_id,
  code,
  start_year,
  end_year,
  facelift,
  production_countries,
  body_types,
  fuel_types,
  transmission_types,
  summary
)
values (
  '3d7a72c1-afb3-9958-b19e-d3bd0a40783a',
  '06973653-a642-9adc-3933-938d8ed61361',
  'Generation I (2016-2024)',
  2016,
  2024,
  true,
  '{"France"}'::text[],
  '["Coupe"]'::jsonb,
  '["Gasoline"]'::jsonb,
  '["Automatic"]'::jsonb,
  'The Bugatti Chiron is a mid-engine two-seater sports car developed and manufactured by Bugatti Automobiles S.A.S. It is the successor to the Bugatti Veyron. The Chiron is based on the same platform as the Veyron, but features a redesigned body, more powerful engine, and updated technology.'
)
on conflict (model_id, code) do nothing;


insert into public.vehicle_insights (
  model_id,
  pros,
  cons,
  inspection_tips,
  notable_features,
  engine_examples,
  common_issues_by_engine,
  reliability_score,
  popularity_score
)
values (
  '06973653-a642-9adc-3933-938d8ed61361',
  '["Incredible performance","Luxurious interior","Exclusive ownership"]'::jsonb,
  '["Extremely expensive","High maintenance costs","Limited practicality"]'::jsonb,
  '["Check for any mechanical issues","Inspect the tires and brakes","Verify the service history"]'::jsonb,
  '["8.0L quad-turbocharged W16 engine","All-wheel drive","Advanced aerodynamics"]'::jsonb,
  '["8.0L W16"]'::jsonb,
  '[{"engine_code":"8.0L W16","common_issues_ru":["Проблемы с турбонаддувом","Утечки масла","Неисправности трансмиссии"]}]'::jsonb,
  null,
  null
)
on conflict (model_id) do nothing;


insert into public.vehicle_makes (id, slug, name_en, country, segment_class, is_active, category_path)
values (
  '70cae819-6454-b8bd-8167-7ab46c587795',
  'byd',
  'BYD',
  'Китай',
  null,
  true,
  'transport/legkovye-avtomobili'
)
on conflict (id) do nothing;


insert into public.vehicle_models (
  id,
  make_id,
  slug,
  name_en,
  first_model_year,
  last_model_year,
  years_available,
  body_types_available,
  fuel_types_available,
  transmission_available,
  reliability_score,
  popularity_score
)
values (
  '7db75e36-a919-dffc-040d-1045d34d651d',
  '70cae819-6454-b8bd-8167-7ab46c587795',
  'atto-3',
  'BYD Atto 3',
  2021,
  2024,
  '{2022,2023,2024}'::int[],
  '["SUV"]'::jsonb,
  '["Electric"]'::jsonb,
  '["Automatic"]'::jsonb,
  7.8,
  8.2
)
on conflict (make_id, slug) do nothing;


insert into public.vehicle_generations (
  id,
  model_id,
  code,
  start_year,
  end_year,
  facelift,
  production_countries,
  body_types,
  fuel_types,
  transmission_types,
  summary
)
values (
  'ebdf0853-4cb8-6a99-d732-f0ec6ea05b63',
  '7db75e36-a919-dffc-040d-1045d34d651d',
  'Generation I (2021-Present)',
  2021,
  2024,
  false,
  '{"China"}'::text[],
  '["SUV"]'::jsonb,
  '["Electric"]'::jsonb,
  '["Automatic"]'::jsonb,
  'The Atto 3 is a compact electric SUV known for its Blade Battery technology and modern features.'
)
on conflict (model_id, code) do nothing;


insert into public.vehicle_insights (
  model_id,
  pros,
  cons,
  inspection_tips,
  notable_features,
  engine_examples,
  common_issues_by_engine,
  reliability_score,
  popularity_score
)
values (
  '7db75e36-a919-dffc-040d-1045d34d651d',
  '["Long range","Stylish design","Advanced technology"]'::jsonb,
  '["Infotainment system quirks","Ride comfort could be improved"]'::jsonb,
  '["Check battery health","Inspect infotainment system"]'::jsonb,
  '["Blade Battery","Rotating touchscreen"]'::jsonb,
  '["Electric Motor (150 kW)"]'::jsonb,
  '[{"engine_code":"Electric Motor","common_issues_ru":["Проблемы с программным обеспечением","Неисправности зарядного устройства"]}]'::jsonb,
  null,
  null
)
on conflict (model_id) do nothing;


insert into public.vehicle_models (
  id,
  make_id,
  slug,
  name_en,
  first_model_year,
  last_model_year,
  years_available,
  body_types_available,
  fuel_types_available,
  transmission_available,
  reliability_score,
  popularity_score
)
values (
  'ec08b4da-a29e-9e53-db30-552a6f91e1f1',
  '70cae819-6454-b8bd-8167-7ab46c587795',
  'dm-i',
  'BYD DM-i',
  2020,
  2024,
  '{2021,2022,2023,2024}'::int[],
  '["Sedan","SUV"]'::jsonb,
  '["Hybrid (Plug-in)"]'::jsonb,
  '["Automatic"]'::jsonb,
  7.5,
  8.5
)
on conflict (make_id, slug) do nothing;


insert into public.vehicle_generations (
  id,
  model_id,
  code,
  start_year,
  end_year,
  facelift,
  production_countries,
  body_types,
  fuel_types,
  transmission_types,
  summary
)
values (
  'd977c4a3-b525-a166-800d-a3fd0b6f4270',
  'ec08b4da-a29e-9e53-db30-552a6f91e1f1',
  'Generation I (2020-Present)',
  2020,
  2024,
  false,
  '{"China"}'::text[],
  '["Sedan","SUV"]'::jsonb,
  '["Hybrid (Plug-in)"]'::jsonb,
  '["Automatic"]'::jsonb,
  'The DM-i series represents BYD''s plug-in hybrid technology, offering excellent fuel efficiency and electric range.'
)
on conflict (model_id, code) do nothing;


insert into public.vehicle_insights (
  model_id,
  pros,
  cons,
  inspection_tips,
  notable_features,
  engine_examples,
  common_issues_by_engine,
  reliability_score,
  popularity_score
)
values (
  'ec08b4da-a29e-9e53-db30-552a6f91e1f1',
  '["Excellent fuel economy","Long electric range","Smooth driving experience"]'::jsonb,
  '["Infotainment system can be slow","Some interior materials could be improved"]'::jsonb,
  '["Check battery health","Inspect hybrid system components"]'::jsonb,
  '["DM-i hybrid system","Electric motor drive"]'::jsonb,
  '["1.5L Engine + Electric Motor"]'::jsonb,
  '[{"engine_code":"1.5L Engine","common_issues_ru":["Проблемы с инвертором","Неисправности высоковольтной батареи"]}]'::jsonb,
  null,
  null
)
on conflict (model_id) do nothing;


insert into public.vehicle_models (
  id,
  make_id,
  slug,
  name_en,
  first_model_year,
  last_model_year,
  years_available,
  body_types_available,
  fuel_types_available,
  transmission_available,
  reliability_score,
  popularity_score
)
values (
  '85bd0541-ca96-c68e-06cd-1386d047527d',
  '70cae819-6454-b8bd-8167-7ab46c587795',
  'qin',
  'BYD Qin',
  2010,
  2024,
  '{2012,2015,2018,2020,2022,2024}'::int[],
  '["Sedan"]'::jsonb,
  '["Gasoline","Hybrid (Plug-in)","Electric"]'::jsonb,
  '["Automatic","Manual"]'::jsonb,
  7,
  7.5
)
on conflict (make_id, slug) do nothing;


insert into public.vehicle_generations (
  id,
  model_id,
  code,
  start_year,
  end_year,
  facelift,
  production_countries,
  body_types,
  fuel_types,
  transmission_types,
  summary
)
values (
  'f3c9fe9f-d0ec-2b9d-013d-66a47fb5bf89',
  '85bd0541-ca96-c68e-06cd-1386d047527d',
  'Generation I (2012-2018)',
  2012,
  2018,
  true,
  '{"China"}'::text[],
  '["Sedan"]'::jsonb,
  '["Gasoline","Hybrid (Plug-in)"]'::jsonb,
  '["Automatic","Manual"]'::jsonb,
  'The first generation Qin was a compact sedan, available with gasoline and plug-in hybrid powertrains.'
)
on conflict (model_id, code) do nothing;


insert into public.vehicle_generations (
  id,
  model_id,
  code,
  start_year,
  end_year,
  facelift,
  production_countries,
  body_types,
  fuel_types,
  transmission_types,
  summary
)
values (
  'db695161-0b43-16a6-aa7a-844122425abc',
  '85bd0541-ca96-c68e-06cd-1386d047527d',
  'Generation II (2018-Present)',
  2018,
  2024,
  true,
  '{"China"}'::text[],
  '["Sedan"]'::jsonb,
  '["Hybrid (Plug-in)","Electric"]'::jsonb,
  '["Automatic"]'::jsonb,
  'The second generation Qin evolved with updated styling and powertrain options, including all-electric versions.'
)
on conflict (model_id, code) do nothing;


insert into public.vehicle_insights (
  model_id,
  pros,
  cons,
  inspection_tips,
  notable_features,
  engine_examples,
  common_issues_by_engine,
  reliability_score,
  popularity_score
)
values (
  '85bd0541-ca96-c68e-06cd-1386d047527d',
  '["Good value for money","Fuel-efficient hybrid options","Available electric versions"]'::jsonb,
  '["Interior quality can vary","Ride comfort could be improved"]'::jsonb,
  '["Check battery health (hybrid/electric)","Inspect suspension components"]'::jsonb,
  '["Plug-in hybrid technology","Electric motor drive"]'::jsonb,
  '["1.5L Engine","Electric Motor"]'::jsonb,
  '[{"engine_code":"1.5L Engine","common_issues_ru":["Проблемы с системой охлаждения","Неисправности топливной системы"]},{"engine_code":"Electric Motor","common_issues_ru":["Проблемы с инвертором","Неисправности высоковольтной батареи"]}]'::jsonb,
  null,
  null
)
on conflict (model_id) do nothing;


insert into public.vehicle_models (
  id,
  make_id,
  slug,
  name_en,
  first_model_year,
  last_model_year,
  years_available,
  body_types_available,
  fuel_types_available,
  transmission_available,
  reliability_score,
  popularity_score
)
values (
  'cfbc8710-c26c-e095-a029-9f36115a0f86',
  '70cae819-6454-b8bd-8167-7ab46c587795',
  'seagull',
  'BYD Seagull',
  2023,
  2024,
  '{2023,2024}'::int[],
  '["Hatchback"]'::jsonb,
  '["Electric"]'::jsonb,
  '["Automatic"]'::jsonb,
  7.2,
  7.8
)
on conflict (make_id, slug) do nothing;


insert into public.vehicle_generations (
  id,
  model_id,
  code,
  start_year,
  end_year,
  facelift,
  production_countries,
  body_types,
  fuel_types,
  transmission_types,
  summary
)
values (
  'e173d75f-79d0-ab4f-4a8a-d4e3f55d330b',
  'cfbc8710-c26c-e095-a029-9f36115a0f86',
  'Generation I (2023-Present)',
  2023,
  2024,
  false,
  '{"China"}'::text[],
  '["Hatchback"]'::jsonb,
  '["Electric"]'::jsonb,
  '["Automatic"]'::jsonb,
  'The Seagull is a compact electric hatchback, designed for urban driving and affordability.'
)
on conflict (model_id, code) do nothing;


insert into public.vehicle_insights (
  model_id,
  pros,
  cons,
  inspection_tips,
  notable_features,
  engine_examples,
  common_issues_by_engine,
  reliability_score,
  popularity_score
)
values (
  'cfbc8710-c26c-e095-a029-9f36115a0f86',
  '["Affordable price","Compact size","Efficient electric powertrain"]'::jsonb,
  '["Limited range compared to larger EVs","Interior materials could be improved"]'::jsonb,
  '["Check battery health","Inspect charging system"]'::jsonb,
  '["Blade Battery","Compact design"]'::jsonb,
  '["Electric Motor"]'::jsonb,
  '[{"engine_code":"Electric Motor","common_issues_ru":["Проблемы с программным обеспечением","Неисправности зарядного устройства"]}]'::jsonb,
  null,
  null
)
on conflict (model_id) do nothing;


insert into public.vehicle_models (
  id,
  make_id,
  slug,
  name_en,
  first_model_year,
  last_model_year,
  years_available,
  body_types_available,
  fuel_types_available,
  transmission_available,
  reliability_score,
  popularity_score
)
values (
  '2e39cc9b-c63e-1d43-41fd-f80a85c2969a',
  '70cae819-6454-b8bd-8167-7ab46c587795',
  'song',
  'BYD Song',
  2008,
  2024,
  '{2008,2010,2015,2018,2020,2022,2024}'::int[],
  '["SUV"]'::jsonb,
  '["Gasoline","Hybrid (Plug-in)","Electric"]'::jsonb,
  '["Manual","Automatic"]'::jsonb,
  7.3,
  8
)
on conflict (make_id, slug) do nothing;


insert into public.vehicle_generations (
  id,
  model_id,
  code,
  start_year,
  end_year,
  facelift,
  production_countries,
  body_types,
  fuel_types,
  transmission_types,
  summary
)
values (
  '07513d0e-7759-cbea-d684-16ca91d5a544',
  '2e39cc9b-c63e-1d43-41fd-f80a85c2969a',
  'Generation I (2008-2014)',
  2008,
  2014,
  false,
  '{"China"}'::text[],
  '["SUV"]'::jsonb,
  '["Gasoline"]'::jsonb,
  '["Manual","Automatic"]'::jsonb,
  'The first generation Song was a compact SUV, primarily offered with gasoline engines.'
)
on conflict (model_id, code) do nothing;


insert into public.vehicle_generations (
  id,
  model_id,
  code,
  start_year,
  end_year,
  facelift,
  production_countries,
  body_types,
  fuel_types,
  transmission_types,
  summary
)
values (
  '9cb97750-1bff-e446-e264-69aaff3de8b9',
  '2e39cc9b-c63e-1d43-41fd-f80a85c2969a',
  'Generation II (2015-2018)',
  2015,
  2018,
  true,
  '{"China"}'::text[],
  '["SUV"]'::jsonb,
  '["Gasoline","Hybrid (Plug-in)"]'::jsonb,
  '["Automatic"]'::jsonb,
  'The second generation introduced hybrid options and updated styling.'
)
on conflict (model_id, code) do nothing;


insert into public.vehicle_generations (
  id,
  model_id,
  code,
  start_year,
  end_year,
  facelift,
  production_countries,
  body_types,
  fuel_types,
  transmission_types,
  summary
)
values (
  '4931f0e8-e8f8-872b-9a8d-02fef372a6ed',
  '2e39cc9b-c63e-1d43-41fd-f80a85c2969a',
  'Generation III (2018-Present)',
  2018,
  2024,
  true,
  '{"China"}'::text[],
  '["SUV"]'::jsonb,
  '["Hybrid (Plug-in)","Electric"]'::jsonb,
  '["Automatic"]'::jsonb,
  'The third generation Song expanded its powertrain options to include plug-in hybrids and electric versions.'
)
on conflict (model_id, code) do nothing;


insert into public.vehicle_insights (
  model_id,
  pros,
  cons,
  inspection_tips,
  notable_features,
  engine_examples,
  common_issues_by_engine,
  reliability_score,
  popularity_score
)
values (
  '2e39cc9b-c63e-1d43-41fd-f80a85c2969a',
  '["Spacious interior","Variety of powertrain options","Good value for money"]'::jsonb,
  '["Ride quality can be firm","Infotainment system can be slow"]'::jsonb,
  '["Check battery health (hybrid/electric)","Inspect suspension components"]'::jsonb,
  '["Plug-in hybrid technology","Electric motor drive"]'::jsonb,
  '["1.5L Engine","Electric Motor"]'::jsonb,
  '[{"engine_code":"1.5L Engine","common_issues_ru":["Проблемы с системой охлаждения","Неисправности топливной системы"]},{"engine_code":"Electric Motor","common_issues_ru":["Проблемы с инвертором","Неисправности высоковольтной батареи"]}]'::jsonb,
  null,
  null
)
on conflict (model_id) do nothing;


insert into public.vehicle_models (
  id,
  make_id,
  slug,
  name_en,
  first_model_year,
  last_model_year,
  years_available,
  body_types_available,
  fuel_types_available,
  transmission_available,
  reliability_score,
  popularity_score
)
values (
  '63d93afb-0061-3541-d373-05097e49154f',
  '70cae819-6454-b8bd-8167-7ab46c587795',
  'song-dm-i-sedan',
  'BYD Song DM-i Sedan',
  2020,
  2024,
  '{2021,2022,2023,2024}'::int[],
  '["Sedan"]'::jsonb,
  '["Hybrid (Plug-in)"]'::jsonb,
  '["Automatic"]'::jsonb,
  7.6,
  8.3
)
on conflict (make_id, slug) do nothing;


insert into public.vehicle_generations (
  id,
  model_id,
  code,
  start_year,
  end_year,
  facelift,
  production_countries,
  body_types,
  fuel_types,
  transmission_types,
  summary
)
values (
  '85673a27-571c-fbf9-6aa6-ecf8e2fae6e5',
  '63d93afb-0061-3541-d373-05097e49154f',
  'Generation I (2020-Present)',
  2020,
  2024,
  false,
  '{"China"}'::text[],
  '["Sedan"]'::jsonb,
  '["Hybrid (Plug-in)"]'::jsonb,
  '["Automatic"]'::jsonb,
  'The Song DM-i Sedan is a plug-in hybrid sedan, offering a blend of fuel efficiency and electric driving.'
)
on conflict (model_id, code) do nothing;


insert into public.vehicle_insights (
  model_id,
  pros,
  cons,
  inspection_tips,
  notable_features,
  engine_examples,
  common_issues_by_engine,
  reliability_score,
  popularity_score
)
values (
  '63d93afb-0061-3541-d373-05097e49154f',
  '["Excellent fuel economy","Long electric range","Comfortable ride"]'::jsonb,
  '["Infotainment system can be slow","Interior design could be more premium"]'::jsonb,
  '["Check battery health","Inspect hybrid system components"]'::jsonb,
  '["DM-i hybrid system","Electric motor drive"]'::jsonb,
  '["1.5L Engine + Electric Motor"]'::jsonb,
  '[{"engine_code":"1.5L Engine","common_issues_ru":["Проблемы с инвертором","Неисправности высоковольтной батареи"]}]'::jsonb,
  null,
  null
)
on conflict (model_id) do nothing;


insert into public.vehicle_models (
  id,
  make_id,
  slug,
  name_en,
  first_model_year,
  last_model_year,
  years_available,
  body_types_available,
  fuel_types_available,
  transmission_available,
  reliability_score,
  popularity_score
)
values (
  'f7bbe9f5-2b78-7eb3-fa33-465596114f7c',
  '70cae819-6454-b8bd-8167-7ab46c587795',
  'song-max-dm-i',
  'BYD Song MAX DM-i',
  2021,
  2024,
  '{2021,2022,2023,2024}'::int[],
  '["MPV"]'::jsonb,
  '["Hybrid (Plug-in)"]'::jsonb,
  '["Automatic"]'::jsonb,
  7.7,
  8.4
)
on conflict (make_id, slug) do nothing;


insert into public.vehicle_generations (
  id,
  model_id,
  code,
  start_year,
  end_year,
  facelift,
  production_countries,
  body_types,
  fuel_types,
  transmission_types,
  summary
)
values (
  '61ac1faa-a5ce-6ded-a085-1d774dcffa8c',
  'f7bbe9f5-2b78-7eb3-fa33-465596114f7c',
  'Generation I (2021-Present)',
  2021,
  2024,
  false,
  '{"China"}'::text[],
  '["MPV"]'::jsonb,
  '["Hybrid (Plug-in)"]'::jsonb,
  '["Automatic"]'::jsonb,
  'The Song MAX DM-i is a plug-in hybrid MPV, offering spaciousness and fuel efficiency.'
)
on conflict (model_id, code) do nothing;


insert into public.vehicle_insights (
  model_id,
  pros,
  cons,
  inspection_tips,
  notable_features,
  engine_examples,
  common_issues_by_engine,
  reliability_score,
  popularity_score
)
values (
  'f7bbe9f5-2b78-7eb3-fa33-465596114f7c',
  '["Spacious interior","Excellent fuel economy","Comfortable ride"]'::jsonb,
  '["Infotainment system can be slow","Some interior materials could be improved"]'::jsonb,
  '["Check battery health","Inspect hybrid system components"]'::jsonb,
  '["DM-i hybrid system","Electric motor drive"]'::jsonb,
  '["1.5L Engine + Electric Motor"]'::jsonb,
  '[{"engine_code":"1.5L Engine","common_issues_ru":["Проблемы с инвертором","Неисправности высоковольтной батареи"]}]'::jsonb,
  null,
  null
)
on conflict (model_id) do nothing;


insert into public.vehicle_models (
  id,
  make_id,
  slug,
  name_en,
  first_model_year,
  last_model_year,
  years_available,
  body_types_available,
  fuel_types_available,
  transmission_available,
  reliability_score,
  popularity_score
)
values (
  '5758bf4e-0c22-94e7-8522-e60e2e47471e',
  '70cae819-6454-b8bd-8167-7ab46c587795',
  'yuan-plus',
  'BYD Yuan Plus',
  2021,
  2024,
  '{2022,2023,2024}'::int[],
  '["SUV"]'::jsonb,
  '["Electric"]'::jsonb,
  '["Automatic"]'::jsonb,
  7.9,
  8.6
)
on conflict (make_id, slug) do nothing;


insert into public.vehicle_generations (
  id,
  model_id,
  code,
  start_year,
  end_year,
  facelift,
  production_countries,
  body_types,
  fuel_types,
  transmission_types,
  summary
)
values (
  '1e183e02-5593-c259-ff87-879a8e38e1f0',
  '5758bf4e-0c22-94e7-8522-e60e2e47471e',
  'Generation I (2021-Present)',
  2021,
  2024,
  false,
  '{"China"}'::text[],
  '["SUV"]'::jsonb,
  '["Electric"]'::jsonb,
  '["Automatic"]'::jsonb,
  'The Yuan Plus is a compact electric SUV, known for its modern design and advanced features.'
)
on conflict (model_id, code) do nothing;


insert into public.vehicle_insights (
  model_id,
  pros,
  cons,
  inspection_tips,
  notable_features,
  engine_examples,
  common_issues_by_engine,
  reliability_score,
  popularity_score
)
values (
  '5758bf4e-0c22-94e7-8522-e60e2e47471e',
  '["Stylish design","Spacious interior","Long range"]'::jsonb,
  '["Infotainment system can be complex","Ride quality could be improved"]'::jsonb,
  '["Check battery health","Inspect infotainment system"]'::jsonb,
  '["Blade Battery","Rotating touchscreen"]'::jsonb,
  '["Electric Motor"]'::jsonb,
  '[{"engine_code":"Electric Motor","common_issues_ru":["Проблемы с программным обеспечением","Неисправности зарядного устройства"]}]'::jsonb,
  null,
  null
)
on conflict (model_id) do nothing;


insert into public.vehicle_makes (id, slug, name_en, country, segment_class, is_active, category_path)
values (
  '0c22505e-5c57-fe74-827b-06e210370ad2',
  'cadillac',
  'Cadillac',
  'США',
  null,
  true,
  'transport/legkovye-avtomobili'
)
on conflict (id) do nothing;


insert into public.vehicle_models (
  id,
  make_id,
  slug,
  name_en,
  first_model_year,
  last_model_year,
  years_available,
  body_types_available,
  fuel_types_available,
  transmission_available,
  reliability_score,
  popularity_score
)
values (
  '6023f234-aa51-a61b-f802-eff19591d5e2',
  '0c22505e-5c57-fe74-827b-06e210370ad2',
  'cadillac-escalade',
  'Cadillac Escalade',
  1999,
  2024,
  '{1999,2000,2001,2002,2003,2004,2005,2006,2007,2008,2009,2010,2011,2012,2013,2014,2015,2016,2017,2018,2019,2020,2021,2022,2023,2024}'::int[],
  '["SUV"]'::jsonb,
  '["Gasoline"]'::jsonb,
  '["Automatic"]'::jsonb,
  6.5,
  8.5
)
on conflict (make_id, slug) do nothing;


insert into public.vehicle_generations (
  id,
  model_id,
  code,
  start_year,
  end_year,
  facelift,
  production_countries,
  body_types,
  fuel_types,
  transmission_types,
  summary
)
values (
  '8eee14cc-37c8-b121-2c9b-09ea427709ae',
  '6023f234-aa51-a61b-f802-eff19591d5e2',
  'Generation I (1999-2000)',
  1999,
  2000,
  false,
  '{"USA"}'::text[],
  '["SUV"]'::jsonb,
  '["Gasoline"]'::jsonb,
  '["Automatic"]'::jsonb,
  'First generation based on the Chevrolet Tahoe/GMC Yukon platform. Offered a luxurious interior and powerful V8 engine.'
)
on conflict (model_id, code) do nothing;


insert into public.vehicle_generations (
  id,
  model_id,
  code,
  start_year,
  end_year,
  facelift,
  production_countries,
  body_types,
  fuel_types,
  transmission_types,
  summary
)
values (
  '7aee2682-416e-f853-c47f-f04603643bd0',
  '6023f234-aa51-a61b-f802-eff19591d5e2',
  'Generation II (2002-2006)',
  2002,
  2006,
  false,
  '{"USA"}'::text[],
  '["SUV","EXT (Pickup)"]'::jsonb,
  '["Gasoline"]'::jsonb,
  '["Automatic"]'::jsonb,
  'Redesigned with a more modern look and improved features.  Introduced the Escalade EXT, a pickup truck variant.'
)
on conflict (model_id, code) do nothing;


insert into public.vehicle_generations (
  id,
  model_id,
  code,
  start_year,
  end_year,
  facelift,
  production_countries,
  body_types,
  fuel_types,
  transmission_types,
  summary
)
values (
  'ec7e6bdd-679b-9534-8e26-5d16d61d66a3',
  '6023f234-aa51-a61b-f802-eff19591d5e2',
  'Generation III (2007-2014)',
  2007,
  2014,
  true,
  '{"USA"}'::text[],
  '["SUV","ESV (Extended-length SUV)","EXT (Pickup)"]'::jsonb,
  '["Gasoline"]'::jsonb,
  '["Automatic"]'::jsonb,
  'Based on the GMT900 platform.  Offered a more powerful engine and updated styling. Facelift in 2010.'
)
on conflict (model_id, code) do nothing;


insert into public.vehicle_generations (
  id,
  model_id,
  code,
  start_year,
  end_year,
  facelift,
  production_countries,
  body_types,
  fuel_types,
  transmission_types,
  summary
)
values (
  'ada23b33-60e6-3eeb-d4af-1ff9e94e5036',
  '6023f234-aa51-a61b-f802-eff19591d5e2',
  'Generation IV (2015-2020)',
  2015,
  2020,
  false,
  '{"USA"}'::text[],
  '["SUV","ESV (Extended-length SUV)"]'::jsonb,
  '["Gasoline"]'::jsonb,
  '["Automatic"]'::jsonb,
  'Completely redesigned with a more luxurious interior and advanced technology.  Offered a more efficient engine.'
)
on conflict (model_id, code) do nothing;


insert into public.vehicle_generations (
  id,
  model_id,
  code,
  start_year,
  end_year,
  facelift,
  production_countries,
  body_types,
  fuel_types,
  transmission_types,
  summary
)
values (
  'e7f886f3-1ea9-591d-dc48-78f353f750c3',
  '6023f234-aa51-a61b-f802-eff19591d5e2',
  'Generation V (2021-Present)',
  2021,
  2024,
  false,
  '{"USA"}'::text[],
  '["SUV","ESV (Extended-length SUV)"]'::jsonb,
  '["Gasoline"]'::jsonb,
  '["Automatic"]'::jsonb,
  'Features a new independent rear suspension, a curved OLED display, and advanced driver-assistance systems.'
)
on conflict (model_id, code) do nothing;


insert into public.vehicle_insights (
  model_id,
  pros,
  cons,
  inspection_tips,
  notable_features,
  engine_examples,
  common_issues_by_engine,
  reliability_score,
  popularity_score
)
values (
  '6023f234-aa51-a61b-f802-eff19591d5e2',
  '["Spacious interior","Powerful engine options","Luxurious features"]'::jsonb,
  '["High fuel consumption","Can be expensive to maintain","Large size can be difficult to maneuver"]'::jsonb,
  '["Check for suspension issues","Inspect the transmission","Examine the condition of the infotainment system"]'::jsonb,
  '["Magnetic Ride Control","Surround Vision camera system","AKG audio system"]'::jsonb,
  '["6.0L V8","6.2L V8","3.0L Turbo Diesel (2021+)"]'::jsonb,
  '[{"engine_code":"6.0L V8","common_issues_ru":["Утечка масла","Проблемы с системой охлаждения"]},{"engine_code":"6.2L V8","common_issues_ru":["Повышенный расход масла","Неисправности топливного насоса"]},{"engine_code":"3.0L Turbo Diesel","common_issues_ru":["Проблемы с сажевым фильтром","Утечки охлаждающей жидкости"]}]'::jsonb,
  null,
  null
)
on conflict (model_id) do nothing;


insert into public.vehicle_makes (id, slug, name_en, country, segment_class, is_active, category_path)
values (
  '38f18415-0361-ed37-d6df-493a58106953',
  'caterham',
  'Caterham',
  'Великобритания',
  null,
  true,
  'transport/legkovye-avtomobili'
)
on conflict (id) do nothing;


insert into public.vehicle_models (
  id,
  make_id,
  slug,
  name_en,
  first_model_year,
  last_model_year,
  years_available,
  body_types_available,
  fuel_types_available,
  transmission_available,
  reliability_score,
  popularity_score
)
values (
  'a6a9c1aa-980a-8aa3-3b25-d1aa03b19b68',
  '38f18415-0361-ed37-d6df-493a58106953',
  'caterham-seven',
  'Seven',
  1973,
  2024,
  '{1973,1980,1990,2000,2010,2020,2024}'::int[],
  '["Roadster"]'::jsonb,
  '["Gasoline"]'::jsonb,
  '["Manual"]'::jsonb,
  7,
  6.5
)
on conflict (make_id, slug) do nothing;


insert into public.vehicle_generations (
  id,
  model_id,
  code,
  start_year,
  end_year,
  facelift,
  production_countries,
  body_types,
  fuel_types,
  transmission_types,
  summary
)
values (
  '2d323b56-58cc-fa91-5d45-eb1de2165c91',
  'a6a9c1aa-980a-8aa3-3b25-d1aa03b19b68',
  'Original Series (1973-1980)',
  1973,
  1980,
  false,
  '{"United Kingdom"}'::text[],
  '["Roadster"]'::jsonb,
  '["Gasoline"]'::jsonb,
  '["Manual"]'::jsonb,
  'The original Caterham Seven, based on the Lotus Seven. Offered with various Ford engines.'
)
on conflict (model_id, code) do nothing;


insert into public.vehicle_generations (
  id,
  model_id,
  code,
  start_year,
  end_year,
  facelift,
  production_countries,
  body_types,
  fuel_types,
  transmission_types,
  summary
)
values (
  'fb36bf21-f77a-cb89-93c4-f6792514807b',
  'a6a9c1aa-980a-8aa3-3b25-d1aa03b19b68',
  'Series 2 (1980-1993)',
  1980,
  1993,
  false,
  '{"United Kingdom"}'::text[],
  '["Roadster"]'::jsonb,
  '["Gasoline"]'::jsonb,
  '["Manual"]'::jsonb,
  'Continued the evolution of the Seven, with refinements and engine updates.'
)
on conflict (model_id, code) do nothing;


insert into public.vehicle_generations (
  id,
  model_id,
  code,
  start_year,
  end_year,
  facelift,
  production_countries,
  body_types,
  fuel_types,
  transmission_types,
  summary
)
values (
  '0afd4c70-4708-9db8-709a-9da00a4428da',
  'a6a9c1aa-980a-8aa3-3b25-d1aa03b19b68',
  'Series 3 (1993-2004)',
  1993,
  2004,
  false,
  '{"United Kingdom"}'::text[],
  '["Roadster"]'::jsonb,
  '["Gasoline"]'::jsonb,
  '["Manual"]'::jsonb,
  'Further development with more engine options and chassis improvements.'
)
on conflict (model_id, code) do nothing;


insert into public.vehicle_generations (
  id,
  model_id,
  code,
  start_year,
  end_year,
  facelift,
  production_countries,
  body_types,
  fuel_types,
  transmission_types,
  summary
)
values (
  'adce4c16-7571-2268-1111-d3627bddfc6f',
  'a6a9c1aa-980a-8aa3-3b25-d1aa03b19b68',
  'Series 4 (2004-2013)',
  2004,
  2013,
  false,
  '{"United Kingdom"}'::text[],
  '["Roadster"]'::jsonb,
  '["Gasoline"]'::jsonb,
  '["Manual"]'::jsonb,
  'Continued with various engine options, including Ford and Caterham''s own developments.'
)
on conflict (model_id, code) do nothing;


insert into public.vehicle_generations (
  id,
  model_id,
  code,
  start_year,
  end_year,
  facelift,
  production_countries,
  body_types,
  fuel_types,
  transmission_types,
  summary
)
values (
  '6b2c071d-6d80-fb25-8762-e0403b13c077',
  'a6a9c1aa-980a-8aa3-3b25-d1aa03b19b68',
  'Current Generation (2013-2024)',
  2013,
  2024,
  false,
  '{"United Kingdom"}'::text[],
  '["Roadster"]'::jsonb,
  '["Gasoline"]'::jsonb,
  '["Manual"]'::jsonb,
  'Continues the Seven''s legacy with various engine options, including Ford and Caterham''s own developments. Continues to evolve with new models and special editions.'
)
on conflict (model_id, code) do nothing;


insert into public.vehicle_insights (
  model_id,
  pros,
  cons,
  inspection_tips,
  notable_features,
  engine_examples,
  common_issues_by_engine,
  reliability_score,
  popularity_score
)
values (
  'a6a9c1aa-980a-8aa3-3b25-d1aa03b19b68',
  '["Lightweight and agile handling","Pure driving experience","Highly customizable"]'::jsonb,
  '["Basic interior","Limited practicality","Weather protection can be poor"]'::jsonb,
  '["Check chassis for corrosion","Inspect suspension components","Verify engine condition"]'::jsonb,
  '["Lightweight construction","Open-top driving","High power-to-weight ratio"]'::jsonb,
  '["1.6L Ford Sigma","2.0L Ford Duratec","660cc Suzuki"]'::jsonb,
  '[{"engine_code":"Ford Sigma","common_issues_ru":["Утечки масла","Износ сцепления"]},{"engine_code":"Ford Duratec","common_issues_ru":["Проблемы с датчиками","Износ цепи ГРМ"]},{"engine_code":"Suzuki 660cc","common_issues_ru":["Проблемы с турбонаддувом","Нестабильная работа двигателя"]}]'::jsonb,
  null,
  null
)
on conflict (model_id) do nothing;


insert into public.vehicle_makes (id, slug, name_en, country, segment_class, is_active, category_path)
values (
  'bb1b3f4f-48ec-f883-2185-ef22b44f76c3',
  'changan',
  'Changan',
  'Китай',
  null,
  true,
  'transport/legkovye-avtomobili'
)
on conflict (id) do nothing;


insert into public.vehicle_models (
  id,
  make_id,
  slug,
  name_en,
  first_model_year,
  last_model_year,
  years_available,
  body_types_available,
  fuel_types_available,
  transmission_available,
  reliability_score,
  popularity_score
)
values (
  'd50bf2bf-e82d-abe6-5c73-fc411f24270e',
  'bb1b3f4f-48ec-f883-2185-ef22b44f76c3',
  'cs35-2012-current',
  'Changan CS35',
  2012,
  2024,
  '{2012,2013,2014,2015,2016,2017,2018,2019,2020,2021,2022,2023,2024}'::int[],
  '["SUV"]'::jsonb,
  '["Gasoline"]'::jsonb,
  '["Manual","Automatic"]'::jsonb,
  6.8,
  7.2
)
on conflict (make_id, slug) do nothing;


insert into public.vehicle_generations (
  id,
  model_id,
  code,
  start_year,
  end_year,
  facelift,
  production_countries,
  body_types,
  fuel_types,
  transmission_types,
  summary
)
values (
  '973653b0-8e63-92a8-95f5-12c2f29e6774',
  'd50bf2bf-e82d-abe6-5c73-fc411f24270e',
  'Generation I (2012-2018)',
  2012,
  2018,
  true,
  '{"China"}'::text[],
  '["SUV"]'::jsonb,
  '["Gasoline"]'::jsonb,
  '["Manual","Automatic"]'::jsonb,
  'First generation of the compact SUV, known for its affordability.'
)
on conflict (model_id, code) do nothing;


insert into public.vehicle_generations (
  id,
  model_id,
  code,
  start_year,
  end_year,
  facelift,
  production_countries,
  body_types,
  fuel_types,
  transmission_types,
  summary
)
values (
  '23f68bb0-1e35-ad5b-0a47-7ee37b269d4e',
  'd50bf2bf-e82d-abe6-5c73-fc411f24270e',
  'Generation II (2018-Current)',
  2018,
  2024,
  true,
  '{"China"}'::text[],
  '["SUV"]'::jsonb,
  '["Gasoline"]'::jsonb,
  '["Manual","Automatic"]'::jsonb,
  'Second generation with updated design and features.'
)
on conflict (model_id, code) do nothing;


insert into public.vehicle_insights (
  model_id,
  pros,
  cons,
  inspection_tips,
  notable_features,
  engine_examples,
  common_issues_by_engine,
  reliability_score,
  popularity_score
)
values (
  'd50bf2bf-e82d-abe6-5c73-fc411f24270e',
  '["Affordable price","Fuel efficiency"]'::jsonb,
  '["Basic interior","Limited performance"]'::jsonb,
  '["Check for rust in undercarriage","Inspect suspension components"]'::jsonb,
  '["Touchscreen infotainment","Rear parking sensors"]'::jsonb,
  '["1.6L I4"]'::jsonb,
  '[{"engine_code":"JL474Q5","common_issues_ru":["Неисправности датчика кислорода","Проблемы с катушками зажигания"]}]'::jsonb,
  null,
  null
)
on conflict (model_id) do nothing;


insert into public.vehicle_models (
  id,
  make_id,
  slug,
  name_en,
  first_model_year,
  last_model_year,
  years_available,
  body_types_available,
  fuel_types_available,
  transmission_available,
  reliability_score,
  popularity_score
)
values (
  '29a8e50f-f94e-e826-01bd-d96591e1a383',
  'bb1b3f4f-48ec-f883-2185-ef22b44f76c3',
  'cs75-2014-current',
  'Changan CS75',
  2014,
  2024,
  '{2014,2015,2016,2017,2018,2019,2020,2021,2022,2023,2024}'::int[],
  '["SUV"]'::jsonb,
  '["Gasoline"]'::jsonb,
  '["Manual","Automatic"]'::jsonb,
  7,
  7.8
)
on conflict (make_id, slug) do nothing;


insert into public.vehicle_generations (
  id,
  model_id,
  code,
  start_year,
  end_year,
  facelift,
  production_countries,
  body_types,
  fuel_types,
  transmission_types,
  summary
)
values (
  '714cd3f1-770c-8867-0ece-4c801f50b9d3',
  '29a8e50f-f94e-e826-01bd-d96591e1a383',
  'Generation I (2014-2018)',
  2014,
  2018,
  true,
  '{"China"}'::text[],
  '["SUV"]'::jsonb,
  '["Gasoline"]'::jsonb,
  '["Manual","Automatic"]'::jsonb,
  'First generation of the compact SUV, offering a spacious interior.'
)
on conflict (model_id, code) do nothing;


insert into public.vehicle_generations (
  id,
  model_id,
  code,
  start_year,
  end_year,
  facelift,
  production_countries,
  body_types,
  fuel_types,
  transmission_types,
  summary
)
values (
  'ade90dae-60a8-81d2-adfd-3d8e1b111390',
  '29a8e50f-f94e-e826-01bd-d96591e1a383',
  'Generation II (2018-Current)',
  2018,
  2024,
  true,
  '{"China"}'::text[],
  '["SUV"]'::jsonb,
  '["Gasoline"]'::jsonb,
  '["Automatic"]'::jsonb,
  'Second generation with updated design and technology.'
)
on conflict (model_id, code) do nothing;


insert into public.vehicle_insights (
  model_id,
  pros,
  cons,
  inspection_tips,
  notable_features,
  engine_examples,
  common_issues_by_engine,
  reliability_score,
  popularity_score
)
values (
  '29a8e50f-f94e-e826-01bd-d96591e1a383',
  '["Spacious interior","Modern features"]'::jsonb,
  '["Fuel consumption","Some interior materials"]'::jsonb,
  '["Check for electrical issues","Inspect the transmission"]'::jsonb,
  '["Panoramic sunroof","Adaptive cruise control"]'::jsonb,
  '["1.5L Turbo I4","1.8L Turbo I4"]'::jsonb,
  '[{"engine_code":"JL476ZQ3","common_issues_ru":["Проблемы с турбонаддувом","Неисправности топливного насоса"]}]'::jsonb,
  null,
  null
)
on conflict (model_id) do nothing;


insert into public.vehicle_models (
  id,
  make_id,
  slug,
  name_en,
  first_model_year,
  last_model_year,
  years_available,
  body_types_available,
  fuel_types_available,
  transmission_available,
  reliability_score,
  popularity_score
)
values (
  '032717ef-0d57-27e9-c749-9202a4e929af',
  'bb1b3f4f-48ec-f883-2185-ef22b44f76c3',
  'eado-2015-current',
  'Changan Eado',
  2015,
  2024,
  '{2015,2016,2017,2018,2019,2020,2021,2022,2023,2024}'::int[],
  '["Sedan","Hatchback"]'::jsonb,
  '["Gasoline"]'::jsonb,
  '["Manual","Automatic"]'::jsonb,
  7.3,
  7.5
)
on conflict (make_id, slug) do nothing;


insert into public.vehicle_generations (
  id,
  model_id,
  code,
  start_year,
  end_year,
  facelift,
  production_countries,
  body_types,
  fuel_types,
  transmission_types,
  summary
)
values (
  'ae9bd573-f890-6044-be92-09f10841b903',
  '032717ef-0d57-27e9-c749-9202a4e929af',
  'Generation I (2012-2018)',
  2012,
  2018,
  true,
  '{"China"}'::text[],
  '["Sedan","Hatchback"]'::jsonb,
  '["Gasoline"]'::jsonb,
  '["Manual","Automatic"]'::jsonb,
  'First generation of the compact sedan and hatchback.'
)
on conflict (model_id, code) do nothing;


insert into public.vehicle_generations (
  id,
  model_id,
  code,
  start_year,
  end_year,
  facelift,
  production_countries,
  body_types,
  fuel_types,
  transmission_types,
  summary
)
values (
  'ffb54276-0748-b8ba-2a92-807d10d94cd8',
  '032717ef-0d57-27e9-c749-9202a4e929af',
  'Generation II (2018-Current)',
  2018,
  2024,
  true,
  '{"China"}'::text[],
  '["Sedan","Hatchback"]'::jsonb,
  '["Gasoline"]'::jsonb,
  '["Automatic"]'::jsonb,
  'Second generation with updated design and features.'
)
on conflict (model_id, code) do nothing;


insert into public.vehicle_insights (
  model_id,
  pros,
  cons,
  inspection_tips,
  notable_features,
  engine_examples,
  common_issues_by_engine,
  reliability_score,
  popularity_score
)
values (
  '032717ef-0d57-27e9-c749-9202a4e929af',
  '["Comfortable ride","Good value for money"]'::jsonb,
  '["Basic infotainment system","Some plastic interior trim"]'::jsonb,
  '["Check for body rust","Inspect the air conditioning system"]'::jsonb,
  '["Keyless entry","Sunroof"]'::jsonb,
  '["1.6L I4","1.5L Turbo I4"]'::jsonb,
  '[{"engine_code":"JL478QEA","common_issues_ru":["Проблемы с датчиками","Неисправности системы охлаждения"]}]'::jsonb,
  null,
  null
)
on conflict (model_id) do nothing;


insert into public.vehicle_makes (id, slug, name_en, country, segment_class, is_active, category_path)
values (
  'b600f98c-7939-0428-52ce-becdfc4330e3',
  'chery',
  'Chery',
  'Китай',
  null,
  true,
  'transport/legkovye-avtomobili'
)
on conflict (id) do nothing;


insert into public.vehicle_models (
  id,
  make_id,
  slug,
  name_en,
  first_model_year,
  last_model_year,
  years_available,
  body_types_available,
  fuel_types_available,
  transmission_available,
  reliability_score,
  popularity_score
)
values (
  '96e7b8f0-6f7c-aa91-e927-fce2c735d1f4',
  'b600f98c-7939-0428-52ce-becdfc4330e3',
  'chery-qq',
  'Chery QQ',
  2003,
  2024,
  '{2003,2005,2010,2015,2020,2024}'::int[],
  '["Hatchback"]'::jsonb,
  '["Gasoline","Electric"]'::jsonb,
  '["Manual","Automatic"]'::jsonb,
  6,
  7
)
on conflict (make_id, slug) do nothing;


insert into public.vehicle_generations (
  id,
  model_id,
  code,
  start_year,
  end_year,
  facelift,
  production_countries,
  body_types,
  fuel_types,
  transmission_types,
  summary
)
values (
  'eea86d93-f92d-e481-fdf2-dfe960c14a01',
  '96e7b8f0-6f7c-aa91-e927-fce2c735d1f4',
  'First Generation (2003-2015)',
  2003,
  2015,
  true,
  '{"China"}'::text[],
  '["Hatchback"]'::jsonb,
  '["Gasoline"]'::jsonb,
  '["Manual","Automatic"]'::jsonb,
  'The first generation of the Chery QQ, known for its small size and affordability.  Facelifted in 2009.'
)
on conflict (model_id, code) do nothing;


insert into public.vehicle_generations (
  id,
  model_id,
  code,
  start_year,
  end_year,
  facelift,
  production_countries,
  body_types,
  fuel_types,
  transmission_types,
  summary
)
values (
  'a27e140b-2ac8-3051-540a-e00999d2bc09',
  '96e7b8f0-6f7c-aa91-e927-fce2c735d1f4',
  'Second Generation (2013-2021)',
  2013,
  2021,
  true,
  '{"China"}'::text[],
  '["Hatchback"]'::jsonb,
  '["Gasoline"]'::jsonb,
  '["Manual","Automatic"]'::jsonb,
  'Improved design and features compared to the first generation. Facelifted in 2017.'
)
on conflict (model_id, code) do nothing;


insert into public.vehicle_generations (
  id,
  model_id,
  code,
  start_year,
  end_year,
  facelift,
  production_countries,
  body_types,
  fuel_types,
  transmission_types,
  summary
)
values (
  '0aa7ca58-cbbc-5d61-73ad-d1a3e1dad39a',
  '96e7b8f0-6f7c-aa91-e927-fce2c735d1f4',
  'Third Generation (2021-Present)',
  2021,
  2024,
  false,
  '{"China"}'::text[],
  '["Hatchback"]'::jsonb,
  '["Gasoline","Electric"]'::jsonb,
  '["Manual","Automatic"]'::jsonb,
  'The latest generation, with updated styling and technology, including an electric version.'
)
on conflict (model_id, code) do nothing;


insert into public.vehicle_insights (
  model_id,
  pros,
  cons,
  inspection_tips,
  notable_features,
  engine_examples,
  common_issues_by_engine,
  reliability_score,
  popularity_score
)
values (
  '96e7b8f0-6f7c-aa91-e927-fce2c735d1f4',
  '["Affordable price","Fuel efficiency","Easy to park"]'::jsonb,
  '["Basic interior","Safety concerns","Build quality"]'::jsonb,
  '["Check for rust","Inspect the suspension","Test the air conditioning"]'::jsonb,
  '["Available with automatic transmission","Compact size"]'::jsonb,
  '["0.8L I3","1.0L I3","1.1L I4"]'::jsonb,
  '[{"engine_code":"SQR472","common_issues_ru":["Проблемы с катушками зажигания","Утечки масла"]}]'::jsonb,
  null,
  null
)
on conflict (model_id) do nothing;


insert into public.vehicle_models (
  id,
  make_id,
  slug,
  name_en,
  first_model_year,
  last_model_year,
  years_available,
  body_types_available,
  fuel_types_available,
  transmission_available,
  reliability_score,
  popularity_score
)
values (
  'f0d3acd6-6252-e174-54ee-94d2d50cab57',
  'b600f98c-7939-0428-52ce-becdfc4330e3',
  'chery-tiggo',
  'Chery Tiggo',
  2006,
  2024,
  '{2006,2010,2015,2020,2024}'::int[],
  '["SUV"]'::jsonb,
  '["Gasoline","Diesel"]'::jsonb,
  '["Manual","Automatic","CVT"]'::jsonb,
  7,
  8.5
)
on conflict (make_id, slug) do nothing;


insert into public.vehicle_generations (
  id,
  model_id,
  code,
  start_year,
  end_year,
  facelift,
  production_countries,
  body_types,
  fuel_types,
  transmission_types,
  summary
)
values (
  '74b390aa-06fc-fc41-47e7-32fc2e3e56d2',
  'f0d3acd6-6252-e174-54ee-94d2d50cab57',
  'First Generation (2005-2016)',
  2005,
  2016,
  true,
  '{"China","Russia","Ukraine"}'::text[],
  '["SUV"]'::jsonb,
  '["Gasoline"]'::jsonb,
  '["Manual","Automatic"]'::jsonb,
  'The first generation of the Tiggo, a compact SUV. Facelifted in 2009 and 2013.'
)
on conflict (model_id, code) do nothing;


insert into public.vehicle_generations (
  id,
  model_id,
  code,
  start_year,
  end_year,
  facelift,
  production_countries,
  body_types,
  fuel_types,
  transmission_types,
  summary
)
values (
  '86b04f46-3067-4d36-c1bf-ddf5af154e31',
  'f0d3acd6-6252-e174-54ee-94d2d50cab57',
  'Second Generation (2016-2020)',
  2016,
  2020,
  true,
  '{"China","Russia"}'::text[],
  '["SUV"]'::jsonb,
  '["Gasoline"]'::jsonb,
  '["Manual","Automatic","CVT"]'::jsonb,
  'A redesigned Tiggo with updated styling and features. Facelifted in 2019.'
)
on conflict (model_id, code) do nothing;


insert into public.vehicle_generations (
  id,
  model_id,
  code,
  start_year,
  end_year,
  facelift,
  production_countries,
  body_types,
  fuel_types,
  transmission_types,
  summary
)
values (
  '35e264f6-6d85-db25-c757-5ef4a2fab474',
  'f0d3acd6-6252-e174-54ee-94d2d50cab57',
  'Third Generation (2020-Present)',
  2020,
  2024,
  false,
  '{"China","Russia"}'::text[],
  '["SUV"]'::jsonb,
  '["Gasoline","Electric"]'::jsonb,
  '["Manual","Automatic","CVT"]'::jsonb,
  'The current generation, featuring a modern design and advanced technology. Includes Tiggo 7, Tiggo 8 and other variants.'
)
on conflict (model_id, code) do nothing;


insert into public.vehicle_insights (
  model_id,
  pros,
  cons,
  inspection_tips,
  notable_features,
  engine_examples,
  common_issues_by_engine,
  reliability_score,
  popularity_score
)
values (
  'f0d3acd6-6252-e174-54ee-94d2d50cab57',
  '["Spacious interior","Good value for money","Modern features"]'::jsonb,
  '["Fuel consumption","Build quality can vary","Some reliability concerns"]'::jsonb,
  '["Check for rust","Inspect the suspension","Test the air conditioning","Check the CVT transmission (if equipped)"]'::jsonb,
  '["Available with all-wheel drive","Touchscreen infotainment system","Panoramic sunroof"]'::jsonb,
  '["1.5L Turbo","1.6L Turbo","2.0L"]'::jsonb,
  '[{"engine_code":"SQRE4T15C","common_issues_ru":["Проблемы с турбонаддувом","Неисправности системы охлаждения"]}]'::jsonb,
  null,
  null
)
on conflict (model_id) do nothing;


insert into public.vehicle_makes (id, slug, name_en, country, segment_class, is_active, category_path)
values (
  '1e5027ff-046d-f323-a185-dfecab4695be',
  'chevrolet',
  'Chevrolet',
  'США',
  null,
  true,
  'transport/legkovye-avtomobili'
)
on conflict (id) do nothing;


insert into public.vehicle_models (
  id,
  make_id,
  slug,
  name_en,
  first_model_year,
  last_model_year,
  years_available,
  body_types_available,
  fuel_types_available,
  transmission_available,
  reliability_score,
  popularity_score
)
values (
  '96aabd6c-4ca0-7caf-52e7-1c242d9d97fc',
  '1e5027ff-046d-f323-a185-dfecab4695be',
  'camaro',
  'Camaro',
  1966,
  2024,
  '{1966,1970,1975,1980,1985,1990,1995,2000,2005,2010,2015,2020,2024}'::int[],
  '["Coupe","Convertible"]'::jsonb,
  '["Gasoline"]'::jsonb,
  '["Manual","Automatic"]'::jsonb,
  6.8,
  8.5
)
on conflict (make_id, slug) do nothing;


insert into public.vehicle_generations (
  id,
  model_id,
  code,
  start_year,
  end_year,
  facelift,
  production_countries,
  body_types,
  fuel_types,
  transmission_types,
  summary
)
values (
  'eabfef17-803c-488b-baa4-33f7c7e81c43',
  '96aabd6c-4ca0-7caf-52e7-1c242d9d97fc',
  'First Generation (1967-1969)',
  1967,
  1969,
  false,
  '{"USA"}'::text[],
  '["Coupe","Convertible"]'::jsonb,
  '["Gasoline"]'::jsonb,
  '["Manual","Automatic"]'::jsonb,
  'The first generation Camaro was a pony car introduced to compete with the Ford Mustang. It offered various engine options, from inline-sixes to powerful V8s.'
)
on conflict (model_id, code) do nothing;


insert into public.vehicle_generations (
  id,
  model_id,
  code,
  start_year,
  end_year,
  facelift,
  production_countries,
  body_types,
  fuel_types,
  transmission_types,
  summary
)
values (
  '34a24a89-2633-b9b3-f95d-765e3017b29c',
  '96aabd6c-4ca0-7caf-52e7-1c242d9d97fc',
  'Second Generation (1970-1981)',
  1970,
  1981,
  true,
  '{"USA"}'::text[],
  '["Coupe"]'::jsonb,
  '["Gasoline"]'::jsonb,
  '["Manual","Automatic"]'::jsonb,
  'The second generation featured a longer, wider body and a more aggressive design. Engine options included a variety of V8s, with performance varying throughout the years due to emissions regulations.'
)
on conflict (model_id, code) do nothing;


insert into public.vehicle_generations (
  id,
  model_id,
  code,
  start_year,
  end_year,
  facelift,
  production_countries,
  body_types,
  fuel_types,
  transmission_types,
  summary
)
values (
  'f0bbae7f-583c-4e88-8655-a77ea420c86e',
  '96aabd6c-4ca0-7caf-52e7-1c242d9d97fc',
  'Third Generation (1982-1992)',
  1982,
  1992,
  true,
  '{"USA"}'::text[],
  '["Coupe","Convertible"]'::jsonb,
  '["Gasoline"]'::jsonb,
  '["Manual","Automatic"]'::jsonb,
  'The third generation saw a move to a more modern design with fuel injection and improved aerodynamics. Performance varied, with the IROC-Z being a notable high-performance variant.'
)
on conflict (model_id, code) do nothing;


insert into public.vehicle_generations (
  id,
  model_id,
  code,
  start_year,
  end_year,
  facelift,
  production_countries,
  body_types,
  fuel_types,
  transmission_types,
  summary
)
values (
  '147a444c-427d-4fae-b980-b6e1ba4de8db',
  '96aabd6c-4ca0-7caf-52e7-1c242d9d97fc',
  'Fourth Generation (1993-2002)',
  1993,
  2002,
  true,
  '{"USA"}'::text[],
  '["Coupe","Convertible"]'::jsonb,
  '["Gasoline"]'::jsonb,
  '["Manual","Automatic"]'::jsonb,
  'The fourth generation Camaro featured a new body style and improved performance. The LT1 and LS1 V8 engines were highlights.'
)
on conflict (model_id, code) do nothing;


insert into public.vehicle_generations (
  id,
  model_id,
  code,
  start_year,
  end_year,
  facelift,
  production_countries,
  body_types,
  fuel_types,
  transmission_types,
  summary
)
values (
  'f55c1773-a6bf-4d41-9884-0bf25c2ff544',
  '96aabd6c-4ca0-7caf-52e7-1c242d9d97fc',
  'Fifth Generation (2010-2015)',
  2010,
  2015,
  true,
  '{"USA"}'::text[],
  '["Coupe","Convertible"]'::jsonb,
  '["Gasoline"]'::jsonb,
  '["Manual","Automatic"]'::jsonb,
  'The fifth generation brought back the retro styling and offered a range of engines, including a V6 and powerful V8 options. It was built on the Zeta platform.'
)
on conflict (model_id, code) do nothing;


insert into public.vehicle_generations (
  id,
  model_id,
  code,
  start_year,
  end_year,
  facelift,
  production_countries,
  body_types,
  fuel_types,
  transmission_types,
  summary
)
values (
  '2a3bf331-ba22-f34a-6035-d8910c407829',
  '96aabd6c-4ca0-7caf-52e7-1c242d9d97fc',
  'Sixth Generation (2016-2024)',
  2016,
  2024,
  true,
  '{"USA"}'::text[],
  '["Coupe","Convertible"]'::jsonb,
  '["Gasoline"]'::jsonb,
  '["Manual","Automatic"]'::jsonb,
  'The sixth generation Camaro moved to the Alpha platform, offering improved handling and performance. Engine options included a turbocharged four-cylinder, a V6, and a V8.'
)
on conflict (model_id, code) do nothing;


insert into public.vehicle_insights (
  model_id,
  pros,
  cons,
  inspection_tips,
  notable_features,
  engine_examples,
  common_issues_by_engine,
  reliability_score,
  popularity_score
)
values (
  '96aabd6c-4ca0-7caf-52e7-1c242d9d97fc',
  '["Powerful engines","Iconic design","Strong aftermarket support"]'::jsonb,
  '["Poor rear visibility","Fuel consumption","Interior quality can vary"]'::jsonb,
  '["Check for rust","Inspect the engine for leaks","Test the transmission"]'::jsonb,
  '["LS engines","Supercharged options","Performance packages (e.g., ZL1)"]'::jsonb,
  '["2.0L Turbo I4","3.6L V6","6.2L V8"]'::jsonb,
  '[{"engine_code":"LS3","common_issues_ru":["Расход масла","Проблемы с датчиками"]},{"engine_code":"LT1","common_issues_ru":["Течь охлаждающей жидкости","Неисправности топливного насоса"]}]'::jsonb,
  null,
  null
)
on conflict (model_id) do nothing;


insert into public.vehicle_models (
  id,
  make_id,
  slug,
  name_en,
  first_model_year,
  last_model_year,
  years_available,
  body_types_available,
  fuel_types_available,
  transmission_available,
  reliability_score,
  popularity_score
)
values (
  '867a8a20-dcb5-445e-0c89-ff65426c8c4c',
  '1e5027ff-046d-f323-a185-dfecab4695be',
  'corvette',
  'Corvette',
  1953,
  2024,
  '{1953,1960,1965,1970,1975,1980,1985,1990,1995,2000,2005,2010,2015,2020,2024}'::int[],
  '["Coupe","Convertible"]'::jsonb,
  '["Gasoline"]'::jsonb,
  '["Manual","Automatic"]'::jsonb,
  7,
  9
)
on conflict (make_id, slug) do nothing;


insert into public.vehicle_generations (
  id,
  model_id,
  code,
  start_year,
  end_year,
  facelift,
  production_countries,
  body_types,
  fuel_types,
  transmission_types,
  summary
)
values (
  '19642ea6-9c39-cd72-dd12-0fd985b274fb',
  '867a8a20-dcb5-445e-0c89-ff65426c8c4c',
  'C1 (1953-1962)',
  1953,
  1962,
  true,
  '{"USA"}'::text[],
  '["Convertible"]'::jsonb,
  '["Gasoline"]'::jsonb,
  '["Automatic","Manual"]'::jsonb,
  'The first generation Corvette was introduced as a fiberglass-bodied convertible. It featured inline-six engines initially, later transitioning to V8s.'
)
on conflict (model_id, code) do nothing;


insert into public.vehicle_generations (
  id,
  model_id,
  code,
  start_year,
  end_year,
  facelift,
  production_countries,
  body_types,
  fuel_types,
  transmission_types,
  summary
)
values (
  'eae4f654-6f76-ab72-dcfa-aa0ac0ad44e0',
  '867a8a20-dcb5-445e-0c89-ff65426c8c4c',
  'C2 (1963-1967)',
  1963,
  1967,
  true,
  '{"USA"}'::text[],
  '["Coupe","Convertible"]'::jsonb,
  '["Gasoline"]'::jsonb,
  '["Manual","Automatic"]'::jsonb,
  'The second generation, known as the ''Sting Ray'', introduced a new design and improved performance. It included the iconic split-window coupe in 1963.'
)
on conflict (model_id, code) do nothing;


insert into public.vehicle_generations (
  id,
  model_id,
  code,
  start_year,
  end_year,
  facelift,
  production_countries,
  body_types,
  fuel_types,
  transmission_types,
  summary
)
values (
  '7932cb03-9e7f-a531-7b12-247eadb79bd4',
  '867a8a20-dcb5-445e-0c89-ff65426c8c4c',
  'C3 (1968-1982)',
  1968,
  1982,
  true,
  '{"USA"}'::text[],
  '["Coupe","Convertible"]'::jsonb,
  '["Gasoline"]'::jsonb,
  '["Manual","Automatic"]'::jsonb,
  'The third generation featured a distinctive ''shark'' body style. Engine performance varied over the years due to emissions regulations.'
)
on conflict (model_id, code) do nothing;


insert into public.vehicle_generations (
  id,
  model_id,
  code,
  start_year,
  end_year,
  facelift,
  production_countries,
  body_types,
  fuel_types,
  transmission_types,
  summary
)
values (
  '6a77654d-3f01-20b1-1583-e7bcaeb944e1',
  '867a8a20-dcb5-445e-0c89-ff65426c8c4c',
  'C4 (1984-1996)',
  1984,
  1996,
  true,
  '{"USA"}'::text[],
  '["Coupe","Convertible"]'::jsonb,
  '["Gasoline"]'::jsonb,
  '["Manual","Automatic"]'::jsonb,
  'The fourth generation brought a more modern design and improved handling. The introduction of the LT1 engine in 1992 was a significant performance upgrade.'
)
on conflict (model_id, code) do nothing;


insert into public.vehicle_generations (
  id,
  model_id,
  code,
  start_year,
  end_year,
  facelift,
  production_countries,
  body_types,
  fuel_types,
  transmission_types,
  summary
)
values (
  '5088b2f4-6b57-5faa-a162-ca08d3b2c3d7',
  '867a8a20-dcb5-445e-0c89-ff65426c8c4c',
  'C5 (1997-2004)',
  1997,
  2004,
  true,
  '{"USA"}'::text[],
  '["Coupe","Convertible","Targa Top"]'::jsonb,
  '["Gasoline"]'::jsonb,
  '["Manual","Automatic"]'::jsonb,
  'The fifth generation featured a new chassis and the LS1 engine, offering improved performance and refinement.'
)
on conflict (model_id, code) do nothing;


insert into public.vehicle_generations (
  id,
  model_id,
  code,
  start_year,
  end_year,
  facelift,
  production_countries,
  body_types,
  fuel_types,
  transmission_types,
  summary
)
values (
  '5fe93171-b5aa-2bbe-e709-4bc50f98ff24',
  '867a8a20-dcb5-445e-0c89-ff65426c8c4c',
  'C6 (2005-2013)',
  2005,
  2013,
  true,
  '{"USA"}'::text[],
  '["Coupe","Convertible","Targa Top"]'::jsonb,
  '["Gasoline"]'::jsonb,
  '["Manual","Automatic"]'::jsonb,
  'The sixth generation featured updated styling and the LS2, LS3, and LS7 engines. The Z06 and ZR1 models offered high-performance variants.'
)
on conflict (model_id, code) do nothing;


insert into public.vehicle_generations (
  id,
  model_id,
  code,
  start_year,
  end_year,
  facelift,
  production_countries,
  body_types,
  fuel_types,
  transmission_types,
  summary
)
values (
  'e4633da6-787f-b340-f6d6-51e216f33a5e',
  '867a8a20-dcb5-445e-0c89-ff65426c8c4c',
  'C7 (2014-2019)',
  2014,
  2019,
  true,
  '{"USA"}'::text[],
  '["Coupe","Convertible"]'::jsonb,
  '["Gasoline"]'::jsonb,
  '["Manual","Automatic"]'::jsonb,
  'The seventh generation introduced a new design and the LT1 engine. The Z06 and ZR1 models continued to push performance boundaries.'
)
on conflict (model_id, code) do nothing;


insert into public.vehicle_generations (
  id,
  model_id,
  code,
  start_year,
  end_year,
  facelift,
  production_countries,
  body_types,
  fuel_types,
  transmission_types,
  summary
)
values (
  'd68da402-ad62-e89c-df71-c9a9e01c3e8d',
  '867a8a20-dcb5-445e-0c89-ff65426c8c4c',
  'C8 (2020-2024)',
  2020,
  2024,
  false,
  '{"USA"}'::text[],
  '["Coupe","Convertible"]'::jsonb,
  '["Gasoline"]'::jsonb,
  '["Automatic"]'::jsonb,
  'The eighth generation Corvette marked a significant shift with a mid-engine layout. It features the LT2 engine and offers exceptional performance and handling.'
)
on conflict (model_id, code) do nothing;


insert into public.vehicle_insights (
  model_id,
  pros,
  cons,
  inspection_tips,
  notable_features,
  engine_examples,
  common_issues_by_engine,
  reliability_score,
  popularity_score
)
values (
  '867a8a20-dcb5-445e-0c89-ff65426c8c4c',
  '["High performance","Iconic status","Advanced technology"]'::jsonb,
  '["Can be expensive to maintain","Limited cargo space","Ride can be firm"]'::jsonb,
  '["Check for leaks","Inspect the brakes","Test the electronic systems"]'::jsonb,
  '["Mid-engine layout (C8)","Magnetic Ride Control","Performance Data Recorder"]'::jsonb,
  '["6.2L V8 (LT1)","6.2L V8 (LT2)","5.5L V8 (LT6)"]'::jsonb,
  '[{"engine_code":"LS3","common_issues_ru":["Расход масла","Проблемы с датчиками кислорода"]},{"engine_code":"LT1","common_issues_ru":["Течь охлаждающей жидкости","Неисправности топливного насоса"]},{"engine_code":"LT2","common_issues_ru":["Проблемы с электроникой","Износ тормозных дисков"]}]'::jsonb,
  null,
  null
)
on conflict (model_id) do nothing;


insert into public.vehicle_models (
  id,
  make_id,
  slug,
  name_en,
  first_model_year,
  last_model_year,
  years_available,
  body_types_available,
  fuel_types_available,
  transmission_available,
  reliability_score,
  popularity_score
)
values (
  'f7f91094-3f65-b9cc-4661-dfa2432ec044',
  '1e5027ff-046d-f323-a185-dfecab4695be',
  'equinox',
  'Equinox',
  2005,
  2024,
  '{2005,2010,2015,2020,2024}'::int[],
  '["SUV"]'::jsonb,
  '["Gasoline","Diesel (limited years)"]'::jsonb,
  '["Automatic"]'::jsonb,
  7.2,
  7.8
)
on conflict (make_id, slug) do nothing;


insert into public.vehicle_generations (
  id,
  model_id,
  code,
  start_year,
  end_year,
  facelift,
  production_countries,
  body_types,
  fuel_types,
  transmission_types,
  summary
)
values (
  'f665f69a-35c4-56b0-2836-0feda38869b1',
  'f7f91094-3f65-b9cc-4661-dfa2432ec044',
  'First Generation (2005-2009)',
  2005,
  2009,
  true,
  '{"Canada","USA"}'::text[],
  '["SUV"]'::jsonb,
  '["Gasoline"]'::jsonb,
  '["Automatic"]'::jsonb,
  'The first generation Equinox was a compact SUV based on the Theta platform. It offered a comfortable ride and decent cargo space.'
)
on conflict (model_id, code) do nothing;


insert into public.vehicle_generations (
  id,
  model_id,
  code,
  start_year,
  end_year,
  facelift,
  production_countries,
  body_types,
  fuel_types,
  transmission_types,
  summary
)
values (
  '56d0f210-cee8-e410-db8a-fb92cab10683',
  'f7f91094-3f65-b9cc-4661-dfa2432ec044',
  'Second Generation (2010-2017)',
  2010,
  2017,
  true,
  '{"Canada","USA"}'::text[],
  '["SUV"]'::jsonb,
  '["Gasoline","Diesel (limited)"]'::jsonb,
  '["Automatic"]'::jsonb,
  'The second generation Equinox featured updated styling and improved fuel efficiency. A diesel engine option was available for a few years.'
)
on conflict (model_id, code) do nothing;


insert into public.vehicle_generations (
  id,
  model_id,
  code,
  start_year,
  end_year,
  facelift,
  production_countries,
  body_types,
  fuel_types,
  transmission_types,
  summary
)
values (
  'dd2c565b-e59d-76fd-61ad-9107c8244b55',
  'f7f91094-3f65-b9cc-4661-dfa2432ec044',
  'Third Generation (2018-2024)',
  2018,
  2024,
  true,
  '{"Canada","USA","Mexico"}'::text[],
  '["SUV"]'::jsonb,
  '["Gasoline","Turbocharged Gasoline"]'::jsonb,
  '["Automatic"]'::jsonb,
  'The third generation Equinox is a more modern and stylish compact SUV. It offers a range of turbocharged engines and updated technology features.'
)
on conflict (model_id, code) do nothing;


insert into public.vehicle_insights (
  model_id,
  pros,
  cons,
  inspection_tips,
  notable_features,
  engine_examples,
  common_issues_by_engine,
  reliability_score,
  popularity_score
)
values (
  'f7f91094-3f65-b9cc-4661-dfa2432ec044',
  '["Fuel efficiency","Comfortable ride","Available features"]'::jsonb,
  '["Some engine issues","Interior materials","Infotainment system can be slow"]'::jsonb,
  '["Check for oil leaks","Inspect the suspension","Test the air conditioning"]'::jsonb,
  '["AWD system","Turbocharged engines","Advanced safety features"]'::jsonb,
  '["1.5L Turbo I4","2.0L Turbo I4","2.4L I4"]'::jsonb,
  '[{"engine_code":"2.4L","common_issues_ru":["Расход масла","Растяжение цепи ГРМ"]},{"engine_code":"1.5L","common_issues_ru":["Утечки охлаждающей жидкости","Проблемы с турбокомпрессором"]}]'::jsonb,
  null,
  null
)
on conflict (model_id) do nothing;


insert into public.vehicle_models (
  id,
  make_id,
  slug,
  name_en,
  first_model_year,
  last_model_year,
  years_available,
  body_types_available,
  fuel_types_available,
  transmission_available,
  reliability_score,
  popularity_score
)
values (
  '65082723-4ea4-2151-2e2c-b74c91a20ef5',
  '1e5027ff-046d-f323-a185-dfecab4695be',
  'malibu',
  'Malibu',
  1964,
  2024,
  '{1964,1970,1975,1980,1985,1990,1995,2000,2005,2010,2015,2020,2024}'::int[],
  '["Sedan","Coupe","Wagon"]'::jsonb,
  '["Gasoline","Hybrid (limited years)"]'::jsonb,
  '["Manual","Automatic"]'::jsonb,
  7,
  7.5
)
on conflict (make_id, slug) do nothing;


insert into public.vehicle_generations (
  id,
  model_id,
  code,
  start_year,
  end_year,
  facelift,
  production_countries,
  body_types,
  fuel_types,
  transmission_types,
  summary
)
values (
  'd1f00a24-fb20-b6cb-a7f8-d0a05a48dd8b',
  '65082723-4ea4-2151-2e2c-b74c91a20ef5',
  'First Generation (1964-1967)',
  1964,
  1967,
  true,
  '{"USA"}'::text[],
  '["Sedan","Coupe","Convertible","Wagon"]'::jsonb,
  '["Gasoline"]'::jsonb,
  '["Manual","Automatic"]'::jsonb,
  'The first generation Malibu was a mid-size car offered in various body styles. It was known for its stylish design and available V8 engines.'
)
on conflict (model_id, code) do nothing;


insert into public.vehicle_generations (
  id,
  model_id,
  code,
  start_year,
  end_year,
  facelift,
  production_countries,
  body_types,
  fuel_types,
  transmission_types,
  summary
)
values (
  '875bb95a-d107-9bdd-50e8-486575e0855f',
  '65082723-4ea4-2151-2e2c-b74c91a20ef5',
  'Second Generation (1968-1972)',
  1968,
  1972,
  true,
  '{"USA"}'::text[],
  '["Sedan","Coupe","Convertible","Wagon"]'::jsonb,
  '["Gasoline"]'::jsonb,
  '["Manual","Automatic"]'::jsonb,
  'The second generation Malibu featured a new body style and continued to offer a range of engine options, including powerful V8s.'
)
on conflict (model_id, code) do nothing;


insert into public.vehicle_generations (
  id,
  model_id,
  code,
  start_year,
  end_year,
  facelift,
  production_countries,
  body_types,
  fuel_types,
  transmission_types,
  summary
)
values (
  '8220147a-a6ee-d562-0268-c98aa84f7b8b',
  '65082723-4ea4-2151-2e2c-b74c91a20ef5',
  'Third Generation (1973-1977)',
  1973,
  1977,
  true,
  '{"USA"}'::text[],
  '["Sedan","Coupe","Wagon"]'::jsonb,
  '["Gasoline"]'::jsonb,
  '["Manual","Automatic"]'::jsonb,
  'The third generation Malibu was larger and heavier. Engine options were affected by emissions regulations.'
)
on conflict (model_id, code) do nothing;


insert into public.vehicle_generations (
  id,
  model_id,
  code,
  start_year,
  end_year,
  facelift,
  production_countries,
  body_types,
  fuel_types,
  transmission_types,
  summary
)
values (
  '7a59b722-fcc6-aca2-90e3-248940197f83',
  '65082723-4ea4-2151-2e2c-b74c91a20ef5',
  'Fourth Generation (1978-1983)',
  1978,
  1983,
  true,
  '{"USA"}'::text[],
  '["Sedan","Coupe","Wagon"]'::jsonb,
  '["Gasoline","Diesel (limited)"]'::jsonb,
  '["Automatic"]'::jsonb,
  'The fourth generation Malibu was smaller and lighter. A diesel engine was offered for a short period.'
)
on conflict (model_id, code) do nothing;


insert into public.vehicle_generations (
  id,
  model_id,
  code,
  start_year,
  end_year,
  facelift,
  production_countries,
  body_types,
  fuel_types,
  transmission_types,
  summary
)
values (
  'caa6f16a-248a-509b-55a2-538f239f0ed5',
  '65082723-4ea4-2151-2e2c-b74c91a20ef5',
  'Fifth Generation (1997-2003)',
  1997,
  2003,
  true,
  '{"USA"}'::text[],
  '["Sedan"]'::jsonb,
  '["Gasoline"]'::jsonb,
  '["Automatic"]'::jsonb,
  'The fifth generation Malibu was a front-wheel-drive mid-size sedan. It was based on the GM N platform.'
)
on conflict (model_id, code) do nothing;


insert into public.vehicle_generations (
  id,
  model_id,
  code,
  start_year,
  end_year,
  facelift,
  production_countries,
  body_types,
  fuel_types,
  transmission_types,
  summary
)
values (
  '02b25807-2318-457f-3804-b1e8a83e3d0b',
  '65082723-4ea4-2151-2e2c-b74c91a20ef5',
  'Sixth Generation (2004-2007)',
  2004,
  2007,
  true,
  '{"USA"}'::text[],
  '["Sedan"]'::jsonb,
  '["Gasoline"]'::jsonb,
  '["Automatic"]'::jsonb,
  'The sixth generation Malibu featured updated styling and a new platform. It offered improved safety features.'
)
on conflict (model_id, code) do nothing;


insert into public.vehicle_generations (
  id,
  model_id,
  code,
  start_year,
  end_year,
  facelift,
  production_countries,
  body_types,
  fuel_types,
  transmission_types,
  summary
)
values (
  'f6ce1565-059e-f96a-6c3b-db93a053440e',
  '65082723-4ea4-2151-2e2c-b74c91a20ef5',
  'Seventh Generation (2008-2012)',
  2008,
  2012,
  true,
  '{"USA"}'::text[],
  '["Sedan"]'::jsonb,
  '["Gasoline","Hybrid"]'::jsonb,
  '["Automatic"]'::jsonb,
  'The seventh generation Malibu offered a more refined design and a hybrid version. It was built on the Epsilon platform.'
)
on conflict (model_id, code) do nothing;


insert into public.vehicle_generations (
  id,
  model_id,
  code,
  start_year,
  end_year,
  facelift,
  production_countries,
  body_types,
  fuel_types,
  transmission_types,
  summary
)
values (
  '56960812-613e-7cd2-2ebb-887d0d7bee0d',
  '65082723-4ea4-2151-2e2c-b74c91a20ef5',
  'Eighth Generation (2013-2015)',
  2013,
  2015,
  true,
  '{"USA"}'::text[],
  '["Sedan"]'::jsonb,
  '["Gasoline","Hybrid"]'::jsonb,
  '["Automatic"]'::jsonb,
  'The eighth generation Malibu featured a new design and improved fuel efficiency. A hybrid model was available.'
)
on conflict (model_id, code) do nothing;


insert into public.vehicle_generations (
  id,
  model_id,
  code,
  start_year,
  end_year,
  facelift,
  production_countries,
  body_types,
  fuel_types,
  transmission_types,
  summary
)
values (
  'dd302e19-59e0-7a1a-cad2-285fb6263a8c',
  '65082723-4ea4-2151-2e2c-b74c91a20ef5',
  'Ninth Generation (2016-2024)',
  2016,
  2024,
  true,
  '{"USA","South Korea"}'::text[],
  '["Sedan"]'::jsonb,
  '["Gasoline","Hybrid"]'::jsonb,
  '["Automatic"]'::jsonb,
  'The ninth generation Malibu offers a modern design and a range of engine options, including a hybrid. It is built on the E2 platform.'
)
on conflict (model_id, code) do nothing;


insert into public.vehicle_insights (
  model_id,
  pros,
  cons,
  inspection_tips,
  notable_features,
  engine_examples,
  common_issues_by_engine,
  reliability_score,
  popularity_score
)
values (
  '65082723-4ea4-2151-2e2c-b74c91a20ef5',
  '["Comfortable ride","Fuel efficiency","Available features"]'::jsonb,
  '["Interior quality can vary","Some engine issues","Infotainment system can be slow"]'::jsonb,
  '["Check for rust","Inspect the suspension","Test the air conditioning"]'::jsonb,
  '["Hybrid options","Turbocharged engines","Advanced safety features"]'::jsonb,
  '["1.5L Turbo I4","2.0L Turbo I4","2.5L I4"]'::jsonb,
  '[{"engine_code":"2.4L","common_issues_ru":["Расход масла","Растяжение цепи ГРМ"]},{"engine_code":"1.5L","common_issues_ru":["Утечки охлаждающей жидкости","Проблемы с турбокомпрессором"]}]'::jsonb,
  null,
  null
)
on conflict (model_id) do nothing;


insert into public.vehicle_makes (id, slug, name_en, country, segment_class, is_active, category_path)
values (
  '79c63a7d-f544-3cfd-274d-b664d87189a9',
  'chrysler',
  'Chrysler',
  'США',
  null,
  true,
  'transport/legkovye-avtomobili'
)
on conflict (id) do nothing;


insert into public.vehicle_models (
  id,
  make_id,
  slug,
  name_en,
  first_model_year,
  last_model_year,
  years_available,
  body_types_available,
  fuel_types_available,
  transmission_available,
  reliability_score,
  popularity_score
)
values (
  'f6b81b44-d06f-7064-43fd-ee775f9e09af',
  '79c63a7d-f544-3cfd-274d-b664d87189a9',
  'chrysler-300',
  'Chrysler 300',
  2004,
  2024,
  '{2004,2005,2010,2015,2020,2024}'::int[],
  '["Sedan","Wagon"]'::jsonb,
  '["Gasoline"]'::jsonb,
  '["Automatic"]'::jsonb,
  6.8,
  8.5
)
on conflict (make_id, slug) do nothing;


insert into public.vehicle_generations (
  id,
  model_id,
  code,
  start_year,
  end_year,
  facelift,
  production_countries,
  body_types,
  fuel_types,
  transmission_types,
  summary
)
values (
  '74aa3c87-4aa2-5620-6c63-0a013ffaf3e7',
  'f6b81b44-d06f-7064-43fd-ee775f9e09af',
  'First Generation (2005-2010)',
  2005,
  2010,
  true,
  '{"Canada"}'::text[],
  '["Sedan","Wagon"]'::jsonb,
  '["Gasoline"]'::jsonb,
  '["Automatic"]'::jsonb,
  'The first generation of the Chrysler 300 brought back the classic American sedan style with a focus on luxury and performance.'
)
on conflict (model_id, code) do nothing;


insert into public.vehicle_generations (
  id,
  model_id,
  code,
  start_year,
  end_year,
  facelift,
  production_countries,
  body_types,
  fuel_types,
  transmission_types,
  summary
)
values (
  '1fe094b7-d77c-4d40-f6cd-76a2430226fc',
  'f6b81b44-d06f-7064-43fd-ee775f9e09af',
  'Second Generation (2011-2023)',
  2011,
  2023,
  true,
  '{"Canada"}'::text[],
  '["Sedan"]'::jsonb,
  '["Gasoline"]'::jsonb,
  '["Automatic"]'::jsonb,
  'The second generation refined the design and offered updated technology and engine options.'
)
on conflict (model_id, code) do nothing;


insert into public.vehicle_insights (
  model_id,
  pros,
  cons,
  inspection_tips,
  notable_features,
  engine_examples,
  common_issues_by_engine,
  reliability_score,
  popularity_score
)
values (
  'f6b81b44-d06f-7064-43fd-ee775f9e09af',
  '["Spacious interior","Powerful engine options","Distinctive styling"]'::jsonb,
  '["Fuel economy","Interior materials quality","Some reliability issues"]'::jsonb,
  '["Check for electrical issues","Inspect suspension components","Examine for rust"]'::jsonb,
  '["Available all-wheel drive","Hemi V8 engine","Uconnect infotainment system"]'::jsonb,
  '["2.7L V6","3.6L V6","5.7L V8","6.4L V8"]'::jsonb,
  '[{"engine_code":"2.7L","common_issues_ru":["Проблемы с водяной помпой","Утечки масла"]},{"engine_code":"3.6L","common_issues_ru":["Растяжение цепи ГРМ","Утечки охлаждающей жидкости"]},{"engine_code":"5.7L","common_issues_ru":["Повышенный расход масла","Проблемы с системой MDS"]}]'::jsonb,
  null,
  null
)
on conflict (model_id) do nothing;


insert into public.vehicle_models (
  id,
  make_id,
  slug,
  name_en,
  first_model_year,
  last_model_year,
  years_available,
  body_types_available,
  fuel_types_available,
  transmission_available,
  reliability_score,
  popularity_score
)
values (
  'b41c6f03-57ef-aaf1-ddf6-2cbbd4b69912',
  '79c63a7d-f544-3cfd-274d-b664d87189a9',
  'chrysler-crossfire',
  'Chrysler Crossfire',
  2003,
  2008,
  '{2003,2005,2008}'::int[],
  '["Coupe","Roadster"]'::jsonb,
  '["Gasoline"]'::jsonb,
  '["Manual","Automatic"]'::jsonb,
  6,
  6.5
)
on conflict (make_id, slug) do nothing;


insert into public.vehicle_generations (
  id,
  model_id,
  code,
  start_year,
  end_year,
  facelift,
  production_countries,
  body_types,
  fuel_types,
  transmission_types,
  summary
)
values (
  '8f9f4d34-aa05-ac94-fe95-2e4ceb64d953',
  'b41c6f03-57ef-aaf1-ddf6-2cbbd4b69912',
  'First Generation (2004-2008)',
  2004,
  2008,
  false,
  '{"Germany"}'::text[],
  '["Coupe","Roadster"]'::jsonb,
  '["Gasoline"]'::jsonb,
  '["Manual","Automatic"]'::jsonb,
  'The Chrysler Crossfire was a sporty coupe and roadster based on the Mercedes-Benz SLK platform.'
)
on conflict (model_id, code) do nothing;


insert into public.vehicle_insights (
  model_id,
  pros,
  cons,
  inspection_tips,
  notable_features,
  engine_examples,
  common_issues_by_engine,
  reliability_score,
  popularity_score
)
values (
  'b41c6f03-57ef-aaf1-ddf6-2cbbd4b69912',
  '["Stylish design","Good handling","Relatively affordable"]'::jsonb,
  '["Limited cargo space","Interior quality","Reliability concerns"]'::jsonb,
  '["Check for electrical issues","Inspect for rust","Test the convertible top (Roadster)"]'::jsonb,
  '["Mercedes-Benz underpinnings","Available supercharged engine","Distinctive styling"]'::jsonb,
  '["3.2L V6","3.2L Supercharged V6"]'::jsonb,
  '[{"engine_code":"3.2L","common_issues_ru":["Проблемы с датчиками","Утечки масла"]},{"engine_code":"3.2L Supercharged","common_issues_ru":["Проблемы с нагнетателем","Высокий расход масла"]}]'::jsonb,
  null,
  null
)
on conflict (model_id) do nothing;


insert into public.vehicle_models (
  id,
  make_id,
  slug,
  name_en,
  first_model_year,
  last_model_year,
  years_available,
  body_types_available,
  fuel_types_available,
  transmission_available,
  reliability_score,
  popularity_score
)
values (
  '985dae35-b974-b176-313c-e197e461a56c',
  '79c63a7d-f544-3cfd-274d-b664d87189a9',
  'chrysler-pacifica',
  'Chrysler Pacifica',
  2017,
  2024,
  '{2017,2020,2023,2024}'::int[],
  '["Minivan"]'::jsonb,
  '["Gasoline","Hybrid"]'::jsonb,
  '["Automatic"]'::jsonb,
  6.5,
  7.8
)
on conflict (make_id, slug) do nothing;


insert into public.vehicle_generations (
  id,
  model_id,
  code,
  start_year,
  end_year,
  facelift,
  production_countries,
  body_types,
  fuel_types,
  transmission_types,
  summary
)
values (
  '7e7e422c-3176-8c26-ea16-b5e08dbfd3e4',
  '985dae35-b974-b176-313c-e197e461a56c',
  'First Generation (2017-Present)',
  2017,
  2024,
  true,
  '{"Canada"}'::text[],
  '["Minivan"]'::jsonb,
  '["Gasoline","Hybrid"]'::jsonb,
  '["Automatic"]'::jsonb,
  'The Chrysler Pacifica is a modern minivan offering a comfortable interior, advanced technology, and a plug-in hybrid option.'
)
on conflict (model_id, code) do nothing;


insert into public.vehicle_insights (
  model_id,
  pros,
  cons,
  inspection_tips,
  notable_features,
  engine_examples,
  common_issues_by_engine,
  reliability_score,
  popularity_score
)
values (
  '985dae35-b974-b176-313c-e197e461a56c',
  '["Spacious interior","Available hybrid powertrain","Advanced safety features"]'::jsonb,
  '["Some reliability issues","Infotainment system glitches","Fuel economy (non-hybrid)"]'::jsonb,
  '["Check the hybrid battery (Hybrid models)","Inspect the sliding doors","Test all electronic features"]'::jsonb,
  '["Stow ''n Go seating","Uconnect infotainment system","Plug-in hybrid option"]'::jsonb,
  '["3.6L V6"]'::jsonb,
  '[{"engine_code":"3.6L","common_issues_ru":["Проблемы с водяной помпой","Утечки масла"]}]'::jsonb,
  null,
  null
)
on conflict (model_id) do nothing;


insert into public.vehicle_models (
  id,
  make_id,
  slug,
  name_en,
  first_model_year,
  last_model_year,
  years_available,
  body_types_available,
  fuel_types_available,
  transmission_available,
  reliability_score,
  popularity_score
)
values (
  '2c37e9d9-328c-5b84-7d48-1f703b310735',
  '79c63a7d-f544-3cfd-274d-b664d87189a9',
  'chrysler-pt-cruiser',
  'Chrysler PT Cruiser',
  2001,
  2010,
  '{2001,2005,2008,2010}'::int[],
  '["Hatchback","Convertible"]'::jsonb,
  '["Gasoline"]'::jsonb,
  '["Manual","Automatic"]'::jsonb,
  5.5,
  7
)
on conflict (make_id, slug) do nothing;


insert into public.vehicle_generations (
  id,
  model_id,
  code,
  start_year,
  end_year,
  facelift,
  production_countries,
  body_types,
  fuel_types,
  transmission_types,
  summary
)
values (
  'f0a58f12-f473-f8d7-f143-eb68a8ffaf4b',
  '2c37e9d9-328c-5b84-7d48-1f703b310735',
  'First Generation (2001-2010)',
  2001,
  2010,
  true,
  '{"Mexico"}'::text[],
  '["Hatchback","Convertible"]'::jsonb,
  '["Gasoline"]'::jsonb,
  '["Manual","Automatic"]'::jsonb,
  'The Chrysler PT Cruiser was a retro-styled compact car that offered a unique design and versatile interior.'
)
on conflict (model_id, code) do nothing;


insert into public.vehicle_insights (
  model_id,
  pros,
  cons,
  inspection_tips,
  notable_features,
  engine_examples,
  common_issues_by_engine,
  reliability_score,
  popularity_score
)
values (
  '2c37e9d9-328c-5b84-7d48-1f703b310735',
  '["Unique retro styling","Versatile interior","Affordable price"]'::jsonb,
  '["Poor fuel economy","Reliability issues","Interior quality"]'::jsonb,
  '["Check for rust","Inspect the engine for leaks","Test all electrical components"]'::jsonb,
  '["Retro styling","Available turbo engine","Versatile interior space"]'::jsonb,
  '["2.0L I4","2.4L I4","2.4L Turbo I4"]'::jsonb,
  '[{"engine_code":"2.0L","common_issues_ru":["Проблемы с прокладкой головки блока цилиндров","Утечки масла"]},{"engine_code":"2.4L","common_issues_ru":["Проблемы с водяной помпой","Растяжение цепи ГРМ"]},{"engine_code":"2.4L Turbo","common_issues_ru":["Проблемы с турбокомпрессором","Высокий расход масла"]}]'::jsonb,
  null,
  null
)
on conflict (model_id) do nothing;


insert into public.vehicle_makes (id, slug, name_en, country, segment_class, is_active, category_path)
values (
  '3ccb4d87-f4f7-b2ad-8e80-d17b402e6d2f',
  'citroen',
  'Citroen',
  'Франция',
  null,
  true,
  'transport/legkovye-avtomobili'
)
on conflict (id) do nothing;


insert into public.vehicle_models (
  id,
  make_id,
  slug,
  name_en,
  first_model_year,
  last_model_year,
  years_available,
  body_types_available,
  fuel_types_available,
  transmission_available,
  reliability_score,
  popularity_score
)
values (
  '4c5003f8-0615-cd60-d2ee-1a4c2fc80766',
  '3ccb4d87-f4f7-b2ad-8e80-d17b402e6d2f',
  'c1-2005-current',
  'Citroen C1',
  2005,
  2022,
  '{2005,2010,2015,2020,2022}'::int[],
  '["Hatchback"]'::jsonb,
  '["Gasoline"]'::jsonb,
  '["Manual","Automatic"]'::jsonb,
  7,
  7.5
)
on conflict (make_id, slug) do nothing;


insert into public.vehicle_generations (
  id,
  model_id,
  code,
  start_year,
  end_year,
  facelift,
  production_countries,
  body_types,
  fuel_types,
  transmission_types,
  summary
)
values (
  'f1abede7-c644-767d-7c3e-a89ad86c3098',
  '4c5003f8-0615-cd60-d2ee-1a4c2fc80766',
  'Generation I (2005-2014)',
  2005,
  2014,
  true,
  '{"Czech Republic"}'::text[],
  '["Hatchback"]'::jsonb,
  '["Gasoline"]'::jsonb,
  '["Manual","Automatic"]'::jsonb,
  'First generation of the C1, a city car developed in collaboration with Toyota and Peugeot.'
)
on conflict (model_id, code) do nothing;


insert into public.vehicle_generations (
  id,
  model_id,
  code,
  start_year,
  end_year,
  facelift,
  production_countries,
  body_types,
  fuel_types,
  transmission_types,
  summary
)
values (
  '16408a93-fe6e-6e75-9112-fcd29fe2a637',
  '4c5003f8-0615-cd60-d2ee-1a4c2fc80766',
  'Generation II (2014-2022)',
  2014,
  2022,
  true,
  '{"Czech Republic"}'::text[],
  '["Hatchback"]'::jsonb,
  '["Gasoline"]'::jsonb,
  '["Manual","Automatic"]'::jsonb,
  'Second generation with updated styling and improved fuel efficiency.'
)
on conflict (model_id, code) do nothing;


insert into public.vehicle_insights (
  model_id,
  pros,
  cons,
  inspection_tips,
  notable_features,
  engine_examples,
  common_issues_by_engine,
  reliability_score,
  popularity_score
)
values (
  '4c5003f8-0615-cd60-d2ee-1a4c2fc80766',
  '["Fuel efficiency","Maneuverability","Affordable price"]'::jsonb,
  '["Small size","Limited cargo space","Basic interior"]'::jsonb,
  '["Check for oil leaks","Inspect the clutch (manual)","Test the air conditioning"]'::jsonb,
  '["City car","Compact design"]'::jsonb,
  '["1.0L I3","1.2L I3"]'::jsonb,
  '[{"engine_code":"1KR-FE","common_issues_ru":["Расход масла","Проблемы с катушками зажигания"]}]'::jsonb,
  null,
  null
)
on conflict (model_id) do nothing;


insert into public.vehicle_models (
  id,
  make_id,
  slug,
  name_en,
  first_model_year,
  last_model_year,
  years_available,
  body_types_available,
  fuel_types_available,
  transmission_available,
  reliability_score,
  popularity_score
)
values (
  '61193756-f2fe-c52a-3951-432b41cca070',
  '3ccb4d87-f4f7-b2ad-8e80-d17b402e6d2f',
  'c3-2002-current',
  'Citroen C3',
  2002,
  2024,
  '{2002,2005,2010,2015,2020,2024}'::int[],
  '["Hatchback","SUV"]'::jsonb,
  '["Gasoline","Diesel"]'::jsonb,
  '["Manual","Automatic"]'::jsonb,
  7.2,
  8.2
)
on conflict (make_id, slug) do nothing;


insert into public.vehicle_generations (
  id,
  model_id,
  code,
  start_year,
  end_year,
  facelift,
  production_countries,
  body_types,
  fuel_types,
  transmission_types,
  summary
)
values (
  '5e0d1538-de36-3566-2f05-d84683a573d5',
  '61193756-f2fe-c52a-3951-432b41cca070',
  'Generation I (2002-2009)',
  2002,
  2009,
  true,
  '{"France","Brazil"}'::text[],
  '["Hatchback"]'::jsonb,
  '["Gasoline","Diesel"]'::jsonb,
  '["Manual","Automatic"]'::jsonb,
  'First generation C3, known for its distinctive styling and comfortable ride.'
)
on conflict (model_id, code) do nothing;


insert into public.vehicle_generations (
  id,
  model_id,
  code,
  start_year,
  end_year,
  facelift,
  production_countries,
  body_types,
  fuel_types,
  transmission_types,
  summary
)
values (
  'be2a2371-a768-33b3-a8a3-243a44423327',
  '61193756-f2fe-c52a-3951-432b41cca070',
  'Generation II (2009-2016)',
  2009,
  2016,
  true,
  '{"France","Brazil"}'::text[],
  '["Hatchback"]'::jsonb,
  '["Gasoline","Diesel"]'::jsonb,
  '["Manual","Automatic"]'::jsonb,
  'Second generation with improved interior and updated engines.'
)
on conflict (model_id, code) do nothing;


insert into public.vehicle_generations (
  id,
  model_id,
  code,
  start_year,
  end_year,
  facelift,
  production_countries,
  body_types,
  fuel_types,
  transmission_types,
  summary
)
values (
  'd1cb72f9-bd69-a76d-f76d-82a698fd3008',
  '61193756-f2fe-c52a-3951-432b41cca070',
  'Generation III (2016-2024)',
  2016,
  2024,
  true,
  '{"France","Slovakia","Brazil"}'::text[],
  '["Hatchback","SUV"]'::jsonb,
  '["Gasoline","Diesel"]'::jsonb,
  '["Manual","Automatic"]'::jsonb,
  'Third generation, featuring a more modern design and a focus on personalization.'
)
on conflict (model_id, code) do nothing;


insert into public.vehicle_insights (
  model_id,
  pros,
  cons,
  inspection_tips,
  notable_features,
  engine_examples,
  common_issues_by_engine,
  reliability_score,
  popularity_score
)
values (
  '61193756-f2fe-c52a-3951-432b41cca070',
  '["Comfortable ride","Stylish design","Good fuel economy"]'::jsonb,
  '["Some engine reliability issues","Interior plastics can feel cheap","Infotainment system can be slow"]'::jsonb,
  '["Check for suspension issues","Inspect the clutch (manual)","Test the electrical systems"]'::jsonb,
  '["Airbump panels","Panoramic windscreen"]'::jsonb,
  '["1.2L I3","1.6L I4","1.5L Diesel"]'::jsonb,
  '[{"engine_code":"EB2","common_issues_ru":["Растяжение цепи ГРМ","Утечки масла"]},{"engine_code":"DV6","common_issues_ru":["Проблемы с турбокомпрессором","Засорение сажевого фильтра"]}]'::jsonb,
  null,
  null
)
on conflict (model_id) do nothing;


insert into public.vehicle_models (
  id,
  make_id,
  slug,
  name_en,
  first_model_year,
  last_model_year,
  years_available,
  body_types_available,
  fuel_types_available,
  transmission_available,
  reliability_score,
  popularity_score
)
values (
  'd9a48b11-9e76-0ab6-7986-adb82f982799',
  '3ccb4d87-f4f7-b2ad-8e80-d17b402e6d2f',
  'c4-2004-current',
  'Citroen C4',
  2004,
  2024,
  '{2004,2010,2015,2020,2024}'::int[],
  '["Hatchback","Coupe","SUV"]'::jsonb,
  '["Gasoline","Diesel","Electric"]'::jsonb,
  '["Manual","Automatic"]'::jsonb,
  7,
  7.8
)
on conflict (make_id, slug) do nothing;


insert into public.vehicle_generations (
  id,
  model_id,
  code,
  start_year,
  end_year,
  facelift,
  production_countries,
  body_types,
  fuel_types,
  transmission_types,
  summary
)
values (
  '9ddac7be-9ae9-35fb-9584-2110b23c7214',
  'd9a48b11-9e76-0ab6-7986-adb82f982799',
  'Generation I (2004-2010)',
  2004,
  2010,
  true,
  '{"France","Spain"}'::text[],
  '["Hatchback","Coupe"]'::jsonb,
  '["Gasoline","Diesel"]'::jsonb,
  '["Manual","Automatic"]'::jsonb,
  'First generation C4, known for its distinctive styling and innovative features.'
)
on conflict (model_id, code) do nothing;


insert into public.vehicle_generations (
  id,
  model_id,
  code,
  start_year,
  end_year,
  facelift,
  production_countries,
  body_types,
  fuel_types,
  transmission_types,
  summary
)
values (
  '0eb82c90-b553-e740-853c-1e421304d210',
  'd9a48b11-9e76-0ab6-7986-adb82f982799',
  'Generation II (2010-2018)',
  2010,
  2018,
  true,
  '{"France","Spain"}'::text[],
  '["Hatchback","Coupe"]'::jsonb,
  '["Gasoline","Diesel"]'::jsonb,
  '["Manual","Automatic"]'::jsonb,
  'Second generation with updated styling and improved technology.'
)
on conflict (model_id, code) do nothing;


insert into public.vehicle_generations (
  id,
  model_id,
  code,
  start_year,
  end_year,
  facelift,
  production_countries,
  body_types,
  fuel_types,
  transmission_types,
  summary
)
values (
  '06670245-b696-f1b4-e02c-93630d0edd17',
  'd9a48b11-9e76-0ab6-7986-adb82f982799',
  'Generation III (2020-2024)',
  2020,
  2024,
  false,
  '{"Spain"}'::text[],
  '["Hatchback","SUV","Electric"]'::jsonb,
  '["Gasoline","Diesel","Electric"]'::jsonb,
  '["Automatic"]'::jsonb,
  'Third generation, featuring a more modern design and an electric variant.'
)
on conflict (model_id, code) do nothing;


insert into public.vehicle_insights (
  model_id,
  pros,
  cons,
  inspection_tips,
  notable_features,
  engine_examples,
  common_issues_by_engine,
  reliability_score,
  popularity_score
)
values (
  'd9a48b11-9e76-0ab6-7986-adb82f982799',
  '["Comfortable ride","Stylish design","Good fuel economy"]'::jsonb,
  '["Some engine reliability issues","Interior plastics can feel cheap","Infotainment system can be slow"]'::jsonb,
  '["Check for suspension issues","Inspect the clutch (manual)","Test the electrical systems"]'::jsonb,
  '["Digital instrument cluster","Panoramic roof"]'::jsonb,
  '["1.2L I3","1.6L I4","1.5L Diesel","Electric motor"]'::jsonb,
  '[{"engine_code":"EP6","common_issues_ru":["Растяжение цепи ГРМ","Утечки масла"]},{"engine_code":"DV6","common_issues_ru":["Проблемы с турбокомпрессором","Засорение сажевого фильтра"]}]'::jsonb,
  null,
  null
)
on conflict (model_id) do nothing;


insert into public.vehicle_models (
  id,
  make_id,
  slug,
  name_en,
  first_model_year,
  last_model_year,
  years_available,
  body_types_available,
  fuel_types_available,
  transmission_available,
  reliability_score,
  popularity_score
)
values (
  '419c4d54-2f85-7882-58b9-5b050c9bc979',
  '3ccb4d87-f4f7-b2ad-8e80-d17b402e6d2f',
  'c5-2000-current',
  'Citroen C5',
  2000,
  2017,
  '{2000,2005,2010,2015,2017}'::int[],
  '["Sedan","Wagon"]'::jsonb,
  '["Gasoline","Diesel"]'::jsonb,
  '["Manual","Automatic"]'::jsonb,
  6.8,
  7.5
)
on conflict (make_id, slug) do nothing;


insert into public.vehicle_generations (
  id,
  model_id,
  code,
  start_year,
  end_year,
  facelift,
  production_countries,
  body_types,
  fuel_types,
  transmission_types,
  summary
)
values (
  '41529332-950c-1806-555e-d32cb96cfc71',
  '419c4d54-2f85-7882-58b9-5b050c9bc979',
  'Generation I (2000-2008)',
  2000,
  2008,
  true,
  '{"France"}'::text[],
  '["Sedan","Wagon"]'::jsonb,
  '["Gasoline","Diesel"]'::jsonb,
  '["Manual","Automatic"]'::jsonb,
  'First generation C5, known for its Hydractive suspension and comfortable ride.'
)
on conflict (model_id, code) do nothing;


insert into public.vehicle_generations (
  id,
  model_id,
  code,
  start_year,
  end_year,
  facelift,
  production_countries,
  body_types,
  fuel_types,
  transmission_types,
  summary
)
values (
  '13697502-d6ca-838b-ff73-d546576b100d',
  '419c4d54-2f85-7882-58b9-5b050c9bc979',
  'Generation II (2008-2017)',
  2008,
  2017,
  true,
  '{"France","China"}'::text[],
  '["Sedan","Wagon"]'::jsonb,
  '["Gasoline","Diesel"]'::jsonb,
  '["Manual","Automatic"]'::jsonb,
  'Second generation with updated styling and improved technology.'
)
on conflict (model_id, code) do nothing;


insert into public.vehicle_insights (
  model_id,
  pros,
  cons,
  inspection_tips,
  notable_features,
  engine_examples,
  common_issues_by_engine,
  reliability_score,
  popularity_score
)
values (
  '419c4d54-2f85-7882-58b9-5b050c9bc979',
  '["Comfortable ride","Spacious interior","Hydractive suspension"]'::jsonb,
  '["Hydractive suspension maintenance","Some engine reliability issues","Electrical problems"]'::jsonb,
  '["Check the Hydractive suspension","Inspect the electrical systems","Test the air conditioning"]'::jsonb,
  '["Hydractive suspension","Xenon headlights"]'::jsonb,
  '["2.0L I4","2.2L Diesel","3.0L V6"]'::jsonb,
  '[{"engine_code":"EW10","common_issues_ru":["Растяжение цепи ГРМ","Утечки масла"]},{"engine_code":"DW10","common_issues_ru":["Проблемы с турбокомпрессором","Засорение сажевого фильтра"]}]'::jsonb,
  null,
  null
)
on conflict (model_id) do nothing;


insert into public.vehicle_makes (id, slug, name_en, country, segment_class, is_active, category_path)
values (
  'cadffcf3-f046-b820-344f-d9b2d2821c38',
  'cupra',
  'Cupra',
  'Испания',
  null,
  true,
  'transport/legkovye-avtomobili'
)
on conflict (id) do nothing;


insert into public.vehicle_models (
  id,
  make_id,
  slug,
  name_en,
  first_model_year,
  last_model_year,
  years_available,
  body_types_available,
  fuel_types_available,
  transmission_available,
  reliability_score,
  popularity_score
)
values (
  '9630d529-8ed0-a661-79a2-2192fd67954e',
  'cadffcf3-f046-b820-344f-d9b2d2821c38',
  'cupra-ateca',
  'Cupra Ateca',
  2018,
  2024,
  '{2018,2019,2020,2021,2022,2023,2024}'::int[],
  '["SUV"]'::jsonb,
  '["Gasoline"]'::jsonb,
  '["Automatic"]'::jsonb,
  7.8,
  8.2
)
on conflict (make_id, slug) do nothing;


insert into public.vehicle_generations (
  id,
  model_id,
  code,
  start_year,
  end_year,
  facelift,
  production_countries,
  body_types,
  fuel_types,
  transmission_types,
  summary
)
values (
  '98c016f6-ab26-877f-188c-92dce8a4b079',
  '9630d529-8ed0-a661-79a2-2192fd67954e',
  'Generation I (2018-Present)',
  2018,
  2024,
  true,
  '{"Czech Republic"}'::text[],
  '["SUV"]'::jsonb,
  '["Gasoline"]'::jsonb,
  '["Automatic"]'::jsonb,
  'The first generation of the Cupra Ateca, a performance SUV based on the SEAT Ateca. Features a powerful engine and sporty design.'
)
on conflict (model_id, code) do nothing;


insert into public.vehicle_insights (
  model_id,
  pros,
  cons,
  inspection_tips,
  notable_features,
  engine_examples,
  common_issues_by_engine,
  reliability_score,
  popularity_score
)
values (
  '9630d529-8ed0-a661-79a2-2192fd67954e',
  '["Sporty handling","Powerful engine","Stylish design"]'::jsonb,
  '["Firm ride","Fuel consumption can be high","Infotainment system can be slow"]'::jsonb,
  '["Check brakes for wear","Inspect tires","Listen for unusual engine noises"]'::jsonb,
  '["Adaptive suspension","Brembo brakes","Digital cockpit"]'::jsonb,
  '["2.0L TSI"]'::jsonb,
  '[{"engine_code":"2.0 TSI","common_issues_ru":["Расход масла","Проблемы с турбокомпрессором"]}]'::jsonb,
  null,
  null
)
on conflict (model_id) do nothing;


insert into public.vehicle_models (
  id,
  make_id,
  slug,
  name_en,
  first_model_year,
  last_model_year,
  years_available,
  body_types_available,
  fuel_types_available,
  transmission_available,
  reliability_score,
  popularity_score
)
values (
  '5c0c7eda-6698-b7fa-c87b-893412f84dc8',
  'cadffcf3-f046-b820-344f-d9b2d2821c38',
  'cupra-formentor',
  'Cupra Formentor',
  2020,
  2024,
  '{2020,2021,2022,2023,2024}'::int[],
  '["SUV Coupe"]'::jsonb,
  '["Gasoline","Plug-in Hybrid"]'::jsonb,
  '["Automatic"]'::jsonb,
  7.6,
  8.5
)
on conflict (make_id, slug) do nothing;


insert into public.vehicle_generations (
  id,
  model_id,
  code,
  start_year,
  end_year,
  facelift,
  production_countries,
  body_types,
  fuel_types,
  transmission_types,
  summary
)
values (
  'cf772b4b-24c1-1462-b23f-592293cc5fdb',
  '5c0c7eda-6698-b7fa-c87b-893412f84dc8',
  'Generation I (2020-Present)',
  2020,
  2024,
  false,
  '{"Spain"}'::text[],
  '["SUV Coupe"]'::jsonb,
  '["Gasoline","Plug-in Hybrid"]'::jsonb,
  '["Automatic"]'::jsonb,
  'The Cupra Formentor is a compact SUV coupe, the first model designed exclusively for the Cupra brand. Offers a range of engines, including a plug-in hybrid.'
)
on conflict (model_id, code) do nothing;


insert into public.vehicle_insights (
  model_id,
  pros,
  cons,
  inspection_tips,
  notable_features,
  engine_examples,
  common_issues_by_engine,
  reliability_score,
  popularity_score
)
values (
  '5c0c7eda-6698-b7fa-c87b-893412f84dc8',
  '["Stylish design","Good performance","Available plug-in hybrid","Well-equipped interior"]'::jsonb,
  '["Rear visibility can be limited","Ride can be firm","Some infotainment quirks"]'::jsonb,
  '["Check the charging system on hybrid models","Inspect the tires","Test all electronic features"]'::jsonb,
  '["Adaptive cruise control","Digital cockpit","Cupra Drive Profile"]'::jsonb,
  '["1.5 TSI","2.0 TSI","1.4 e-Hybrid"]'::jsonb,
  '[{"engine_code":"1.5 TSI","common_issues_ru":["Расход масла","Проблемы с водяной помпой"]},{"engine_code":"1.4 e-Hybrid","common_issues_ru":["Проблемы с батареей","Неисправности зарядного устройства"]}]'::jsonb,
  null,
  null
)
on conflict (model_id) do nothing;


insert into public.vehicle_models (
  id,
  make_id,
  slug,
  name_en,
  first_model_year,
  last_model_year,
  years_available,
  body_types_available,
  fuel_types_available,
  transmission_available,
  reliability_score,
  popularity_score
)
values (
  '040fe512-be85-11ec-c810-ed582d6f0315',
  'cadffcf3-f046-b820-344f-d9b2d2821c38',
  'cupra-leon',
  'Cupra Leon',
  2020,
  2024,
  '{2020,2021,2022,2023,2024}'::int[],
  '["Hatchback","Wagon"]'::jsonb,
  '["Gasoline","Plug-in Hybrid"]'::jsonb,
  '["Manual","Automatic"]'::jsonb,
  7.7,
  8.3
)
on conflict (make_id, slug) do nothing;


insert into public.vehicle_generations (
  id,
  model_id,
  code,
  start_year,
  end_year,
  facelift,
  production_countries,
  body_types,
  fuel_types,
  transmission_types,
  summary
)
values (
  '1fa676f9-15cd-9408-bb36-d22eba5a8a8d',
  '040fe512-be85-11ec-c810-ed582d6f0315',
  'Generation IV (2020-Present)',
  2020,
  2024,
  false,
  '{"Spain"}'::text[],
  '["Hatchback","Wagon"]'::jsonb,
  '["Gasoline","Plug-in Hybrid"]'::jsonb,
  '["Manual","Automatic"]'::jsonb,
  'The Cupra Leon is a performance-oriented version of the SEAT Leon. Offers a range of powerful engines, including a plug-in hybrid, and sporty handling.'
)
on conflict (model_id, code) do nothing;


insert into public.vehicle_insights (
  model_id,
  pros,
  cons,
  inspection_tips,
  notable_features,
  engine_examples,
  common_issues_by_engine,
  reliability_score,
  popularity_score
)
values (
  '040fe512-be85-11ec-c810-ed582d6f0315',
  '["Sporty handling","Powerful engine options","Stylish design","Available plug-in hybrid"]'::jsonb,
  '["Firm ride","Some interior plastics could be better","Infotainment system can be slow"]'::jsonb,
  '["Check brakes for wear","Inspect tires","Test all electronic features"]'::jsonb,
  '["Adaptive suspension","Digital cockpit","Cupra Drive Profile"]'::jsonb,
  '["2.0 TSI","1.4 e-Hybrid"]'::jsonb,
  '[{"engine_code":"2.0 TSI","common_issues_ru":["Расход масла","Проблемы с турбокомпрессором"]},{"engine_code":"1.4 e-Hybrid","common_issues_ru":["Проблемы с батареей","Неисправности зарядного устройства"]}]'::jsonb,
  null,
  null
)
on conflict (model_id) do nothing;


insert into public.vehicle_makes (id, slug, name_en, country, segment_class, is_active, category_path)
values (
  '01cbddf9-aae4-8f17-f6d5-0665bae9746a',
  'dacia',
  'Dacia',
  'Румыния',
  null,
  true,
  'transport/legkovye-avtomobili'
)
on conflict (id) do nothing;


insert into public.vehicle_models (
  id,
  make_id,
  slug,
  name_en,
  first_model_year,
  last_model_year,
  years_available,
  body_types_available,
  fuel_types_available,
  transmission_available,
  reliability_score,
  popularity_score
)
values (
  '728bb8c4-1c5a-f295-9c51-f73979740383',
  '01cbddf9-aae4-8f17-f6d5-0665bae9746a',
  'dacia-duster',
  'Dacia Duster',
  2010,
  2024,
  '{2010,2011,2012,2013,2014,2015,2016,2017,2018,2019,2020,2021,2022,2023,2024}'::int[],
  '["SUV"]'::jsonb,
  '["Gasoline","Diesel","LPG"]'::jsonb,
  '["Manual","Automatic"]'::jsonb,
  7,
  8.5
)
on conflict (make_id, slug) do nothing;


insert into public.vehicle_generations (
  id,
  model_id,
  code,
  start_year,
  end_year,
  facelift,
  production_countries,
  body_types,
  fuel_types,
  transmission_types,
  summary
)
values (
  'b6f1b944-181b-9dd1-9617-2bddbc80ab89',
  '728bb8c4-1c5a-f295-9c51-f73979740383',
  'Generation I (2010-2017)',
  2010,
  2017,
  true,
  '{"Romania","Russia","India","Brazil"}'::text[],
  '["SUV"]'::jsonb,
  '["Gasoline","Diesel","LPG"]'::jsonb,
  '["Manual","Automatic"]'::jsonb,
  'First generation of the Duster, known for its affordability and off-road capabilities.'
)
on conflict (model_id, code) do nothing;


insert into public.vehicle_generations (
  id,
  model_id,
  code,
  start_year,
  end_year,
  facelift,
  production_countries,
  body_types,
  fuel_types,
  transmission_types,
  summary
)
values (
  '15d00af1-bf64-09d5-8024-d84b6f4eb4a3',
  '728bb8c4-1c5a-f295-9c51-f73979740383',
  'Generation II (2018-2024)',
  2018,
  2024,
  true,
  '{"Romania","Morocco","Colombia"}'::text[],
  '["SUV"]'::jsonb,
  '["Gasoline","Diesel","LPG"]'::jsonb,
  '["Manual","Automatic"]'::jsonb,
  'Second generation with updated design and improved features.'
)
on conflict (model_id, code) do nothing;


insert into public.vehicle_insights (
  model_id,
  pros,
  cons,
  inspection_tips,
  notable_features,
  engine_examples,
  common_issues_by_engine,
  reliability_score,
  popularity_score
)
values (
  '728bb8c4-1c5a-f295-9c51-f73979740383',
  '["Affordable price","Good fuel economy","Off-road capability (4x4)"]'::jsonb,
  '["Basic interior","Road noise","Some engine reliability issues"]'::jsonb,
  '["Check for rust, especially on older models","Inspect the 4x4 system (if equipped)","Listen for unusual engine noises"]'::jsonb,
  '["4x4 system","Hill descent control","MediaNav infotainment system"]'::jsonb,
  '["1.6L Gasoline","1.5L Diesel","1.0L Turbo Gasoline"]'::jsonb,
  '[{"engine_code":"K9K","common_issues_ru":["Проблемы с турбокомпрессором","Утечки масла","Неисправности форсунок"]},{"engine_code":"H4M","common_issues_ru":["Растяжение цепи ГРМ","Повышенный расход масла"]}]'::jsonb,
  null,
  null
)
on conflict (model_id) do nothing;


insert into public.vehicle_models (
  id,
  make_id,
  slug,
  name_en,
  first_model_year,
  last_model_year,
  years_available,
  body_types_available,
  fuel_types_available,
  transmission_available,
  reliability_score,
  popularity_score
)
values (
  'e0530099-0ec3-0776-6b69-3661544cb04a',
  '01cbddf9-aae4-8f17-f6d5-0665bae9746a',
  'dacia-logan',
  'Dacia Logan',
  2004,
  2024,
  '{2004,2005,2006,2007,2008,2009,2010,2011,2012,2013,2014,2015,2016,2017,2018,2019,2020,2021,2022,2023,2024}'::int[],
  '["Sedan","Wagon","Van"]'::jsonb,
  '["Gasoline","Diesel","LPG"]'::jsonb,
  '["Manual","Automatic"]'::jsonb,
  7.8,
  8.2
)
on conflict (make_id, slug) do nothing;


insert into public.vehicle_generations (
  id,
  model_id,
  code,
  start_year,
  end_year,
  facelift,
  production_countries,
  body_types,
  fuel_types,
  transmission_types,
  summary
)
values (
  '8c43556a-c8d4-946d-70c7-1d147be5b894',
  'e0530099-0ec3-0776-6b69-3661544cb04a',
  'Generation I (2004-2012)',
  2004,
  2012,
  true,
  '{"Romania","Morocco","Russia","Iran"}'::text[],
  '["Sedan","Wagon","Van"]'::jsonb,
  '["Gasoline","Diesel","LPG"]'::jsonb,
  '["Manual","Automatic"]'::jsonb,
  'First generation Logan, known for its simplicity and affordability.'
)
on conflict (model_id, code) do nothing;


insert into public.vehicle_generations (
  id,
  model_id,
  code,
  start_year,
  end_year,
  facelift,
  production_countries,
  body_types,
  fuel_types,
  transmission_types,
  summary
)
values (
  '24895534-e566-c191-c58a-8339c34f7b32',
  'e0530099-0ec3-0776-6b69-3661544cb04a',
  'Generation II (2012-2020)',
  2012,
  2020,
  true,
  '{"Romania","Morocco","Turkey","Algeria"}'::text[],
  '["Sedan","Wagon"]'::jsonb,
  '["Gasoline","Diesel","LPG"]'::jsonb,
  '["Manual","Automatic"]'::jsonb,
  'Second generation with improved design and features.'
)
on conflict (model_id, code) do nothing;


insert into public.vehicle_generations (
  id,
  model_id,
  code,
  start_year,
  end_year,
  facelift,
  production_countries,
  body_types,
  fuel_types,
  transmission_types,
  summary
)
values (
  '844faa71-b7f3-6d96-8274-e71fdaaeb2ef',
  'e0530099-0ec3-0776-6b69-3661544cb04a',
  'Generation III (2020-2024)',
  2020,
  2024,
  false,
  '{"Romania","Morocco"}'::text[],
  '["Sedan","Wagon"]'::jsonb,
  '["Gasoline","LPG"]'::jsonb,
  '["Manual","Automatic"]'::jsonb,
  'Third generation with a modern design and new technologies.'
)
on conflict (model_id, code) do nothing;


insert into public.vehicle_insights (
  model_id,
  pros,
  cons,
  inspection_tips,
  notable_features,
  engine_examples,
  common_issues_by_engine,
  reliability_score,
  popularity_score
)
values (
  'e0530099-0ec3-0776-6b69-3661544cb04a',
  '["Affordable price","Reliable engines","Spacious interior"]'::jsonb,
  '["Basic interior","Limited features","Ride quality"]'::jsonb,
  '["Check for rust","Inspect the suspension","Listen for engine knocking"]'::jsonb,
  '["Large trunk space","Available LPG versions","Simple mechanics"]'::jsonb,
  '["1.4L Gasoline","1.5L Diesel","1.0L Turbo Gasoline"]'::jsonb,
  '[{"engine_code":"K7J","common_issues_ru":["Неисправности катушек зажигания","Утечки масла"]},{"engine_code":"K9K","common_issues_ru":["Проблемы с турбокомпрессором","Износ форсунок"]}]'::jsonb,
  null,
  null
)
on conflict (model_id) do nothing;


insert into public.vehicle_models (
  id,
  make_id,
  slug,
  name_en,
  first_model_year,
  last_model_year,
  years_available,
  body_types_available,
  fuel_types_available,
  transmission_available,
  reliability_score,
  popularity_score
)
values (
  '3ebeaeed-52a8-d8c4-de14-eb3108bdc74f',
  '01cbddf9-aae4-8f17-f6d5-0665bae9746a',
  'dacia-sandero',
  'Dacia Sandero',
  2007,
  2024,
  '{2007,2008,2009,2010,2011,2012,2013,2014,2015,2016,2017,2018,2019,2020,2021,2022,2023,2024}'::int[],
  '["Hatchback"]'::jsonb,
  '["Gasoline","Diesel","LPG"]'::jsonb,
  '["Manual","Automatic"]'::jsonb,
  7.6,
  8.7
)
on conflict (make_id, slug) do nothing;


insert into public.vehicle_generations (
  id,
  model_id,
  code,
  start_year,
  end_year,
  facelift,
  production_countries,
  body_types,
  fuel_types,
  transmission_types,
  summary
)
values (
  '2cc8857b-0c27-c19c-ef24-4f7e8ea76ba6',
  '3ebeaeed-52a8-d8c4-de14-eb3108bdc74f',
  'Generation I (2007-2012)',
  2007,
  2012,
  true,
  '{"Romania","Morocco","Russia","Brazil"}'::text[],
  '["Hatchback"]'::jsonb,
  '["Gasoline","Diesel","LPG"]'::jsonb,
  '["Manual","Automatic"]'::jsonb,
  'First generation Sandero, a practical and affordable hatchback.'
)
on conflict (model_id, code) do nothing;


insert into public.vehicle_generations (
  id,
  model_id,
  code,
  start_year,
  end_year,
  facelift,
  production_countries,
  body_types,
  fuel_types,
  transmission_types,
  summary
)
values (
  '97ff4399-b8ef-70ed-1c79-3e04051a7fae',
  '3ebeaeed-52a8-d8c4-de14-eb3108bdc74f',
  'Generation II (2012-2020)',
  2012,
  2020,
  true,
  '{"Romania","Morocco","Turkey","Algeria"}'::text[],
  '["Hatchback"]'::jsonb,
  '["Gasoline","Diesel","LPG"]'::jsonb,
  '["Manual","Automatic"]'::jsonb,
  'Second generation with improved design and features.'
)
on conflict (model_id, code) do nothing;


insert into public.vehicle_generations (
  id,
  model_id,
  code,
  start_year,
  end_year,
  facelift,
  production_countries,
  body_types,
  fuel_types,
  transmission_types,
  summary
)
values (
  'dd534b26-4bfc-c631-a907-c18924d61edd',
  '3ebeaeed-52a8-d8c4-de14-eb3108bdc74f',
  'Generation III (2020-2024)',
  2020,
  2024,
  false,
  '{"Romania","Morocco"}'::text[],
  '["Hatchback"]'::jsonb,
  '["Gasoline","LPG"]'::jsonb,
  '["Manual","Automatic"]'::jsonb,
  'Third generation with a modern design and new technologies.'
)
on conflict (model_id, code) do nothing;


insert into public.vehicle_insights (
  model_id,
  pros,
  cons,
  inspection_tips,
  notable_features,
  engine_examples,
  common_issues_by_engine,
  reliability_score,
  popularity_score
)
values (
  '3ebeaeed-52a8-d8c4-de14-eb3108bdc74f',
  '["Affordable price","Good fuel economy","Practicality"]'::jsonb,
  '["Basic interior","Limited features","Ride quality"]'::jsonb,
  '["Check for rust","Inspect the suspension","Listen for engine knocking"]'::jsonb,
  '["Spacious interior","Available LPG versions","Simple mechanics"]'::jsonb,
  '["1.2L Gasoline","1.5L Diesel","1.0L Turbo Gasoline"]'::jsonb,
  '[{"engine_code":"K7J","common_issues_ru":["Неисправности катушек зажигания","Утечки масла"]},{"engine_code":"K9K","common_issues_ru":["Проблемы с турбокомпрессором","Износ форсунок"]}]'::jsonb,
  null,
  null
)
on conflict (model_id) do nothing;


insert into public.vehicle_makes (id, slug, name_en, country, segment_class, is_active, category_path)
values (
  '97eda76e-a913-b26e-4c6c-06434fe6f546',
  'dodge',
  'Dodge',
  'США',
  null,
  true,
  'transport/legkovye-avtomobili'
)
on conflict (id) do nothing;


insert into public.vehicle_models (
  id,
  make_id,
  slug,
  name_en,
  first_model_year,
  last_model_year,
  years_available,
  body_types_available,
  fuel_types_available,
  transmission_available,
  reliability_score,
  popularity_score
)
values (
  'a7564ba0-1130-4c8c-acca-ad433a43ba13',
  '97eda76e-a913-b26e-4c6c-06434fe6f546',
  'dodge-challenger',
  'Dodge Challenger',
  1970,
  2023,
  '{1970,1971,1972,1973,1974,1978,1979,1980,1981,1982,1983,2008,2009,2010,2011,2012,2013,2014,2015,2016,2017,2018,2019,2020,2021,2022,2023}'::int[],
  '["Coupe"]'::jsonb,
  '["Gasoline"]'::jsonb,
  '["Manual","Automatic"]'::jsonb,
  7,
  8.5
)
on conflict (make_id, slug) do nothing;


insert into public.vehicle_generations (
  id,
  model_id,
  code,
  start_year,
  end_year,
  facelift,
  production_countries,
  body_types,
  fuel_types,
  transmission_types,
  summary
)
values (
  'abb3b5d4-9926-dd6d-2dc8-8f5a691bb2eb',
  'a7564ba0-1130-4c8c-acca-ad433a43ba13',
  'First Generation (1970-1974)',
  1970,
  1974,
  false,
  '{"United States"}'::text[],
  '["Coupe"]'::jsonb,
  '["Gasoline"]'::jsonb,
  '["Manual","Automatic"]'::jsonb,
  'The first generation Challenger was a pony car, offered with a wide variety of engines, from a 225 cu in (3.7 L) slant-6 to a 426 cu in (7.0 L) Hemi V8.'
)
on conflict (model_id, code) do nothing;


insert into public.vehicle_generations (
  id,
  model_id,
  code,
  start_year,
  end_year,
  facelift,
  production_countries,
  body_types,
  fuel_types,
  transmission_types,
  summary
)
values (
  'e61ed682-9182-c7fb-35a0-3b419e912eb9',
  'a7564ba0-1130-4c8c-acca-ad433a43ba13',
  'Second Generation (1978-1983)',
  1978,
  1983,
  false,
  '{"United States"}'::text[],
  '["Coupe"]'::jsonb,
  '["Gasoline"]'::jsonb,
  '["Manual","Automatic"]'::jsonb,
  'The second generation was a rebadged Mitsubishi Galant Lambda.'
)
on conflict (model_id, code) do nothing;


insert into public.vehicle_generations (
  id,
  model_id,
  code,
  start_year,
  end_year,
  facelift,
  production_countries,
  body_types,
  fuel_types,
  transmission_types,
  summary
)
values (
  '65bbd6dc-8099-0e53-7936-64de255e24ff',
  'a7564ba0-1130-4c8c-acca-ad433a43ba13',
  'Third Generation (2008-2023)',
  2008,
  2023,
  true,
  '{"Canada"}'::text[],
  '["Coupe"]'::jsonb,
  '["Gasoline"]'::jsonb,
  '["Manual","Automatic"]'::jsonb,
  'The third generation Challenger is a retro-styled muscle car, based on the LX platform shared with the Charger. It offered powerful V6 and V8 engines.'
)
on conflict (model_id, code) do nothing;


insert into public.vehicle_insights (
  model_id,
  pros,
  cons,
  inspection_tips,
  notable_features,
  engine_examples,
  common_issues_by_engine,
  reliability_score,
  popularity_score
)
values (
  'a7564ba0-1130-4c8c-acca-ad433a43ba13',
  '["Powerful engines","Retro styling","Spacious interior"]'::jsonb,
  '["Poor fuel economy","Large size","Limited visibility"]'::jsonb,
  '["Check for rust","Inspect suspension","Test engine performance"]'::jsonb,
  '["Hemi V8 engines","Widebody options","SRT trims"]'::jsonb,
  '["3.6L V6","5.7L V8","6.4L V8","6.2L Supercharged V8"]'::jsonb,
  '[{"engine_code":"3.6L Pentastar V6","common_issues_ru":["Утечка масла","Проблемы с водяной помпой"]},{"engine_code":"5.7L Hemi V8","common_issues_ru":["Проблемы с системой MDS","Утечка масла"]},{"engine_code":"6.4L Hemi V8","common_issues_ru":["Повышенный расход масла","Проблемы с системой охлаждения"]},{"engine_code":"6.2L Supercharged Hemi V8","common_issues_ru":["Проблемы с топливной системой","Износ ремня компрессора"]}]'::jsonb,
  null,
  null
)
on conflict (model_id) do nothing;


insert into public.vehicle_models (
  id,
  make_id,
  slug,
  name_en,
  first_model_year,
  last_model_year,
  years_available,
  body_types_available,
  fuel_types_available,
  transmission_available,
  reliability_score,
  popularity_score
)
values (
  '449d546d-f687-b533-9d50-ef26587643c7',
  '97eda76e-a913-b26e-4c6c-06434fe6f546',
  'dodge-charger',
  'Dodge Charger',
  1966,
  2023,
  '{1966,1967,1968,1969,1970,1971,1972,1973,1974,1975,1976,1983,1984,1985,1986,1987,2006,2007,2008,2009,2010,2011,2012,2013,2014,2015,2016,2017,2018,2019,2020,2021,2022,2023}'::int[],
  '["Coupe","Sedan"]'::jsonb,
  '["Gasoline"]'::jsonb,
  '["Manual","Automatic"]'::jsonb,
  7.2,
  8.2
)
on conflict (make_id, slug) do nothing;


insert into public.vehicle_generations (
  id,
  model_id,
  code,
  start_year,
  end_year,
  facelift,
  production_countries,
  body_types,
  fuel_types,
  transmission_types,
  summary
)
values (
  '85f89d46-e5ea-d9c6-9f08-5ceb0d0db377',
  '449d546d-f687-b533-9d50-ef26587643c7',
  'First Generation (1966-1967)',
  1966,
  1967,
  false,
  '{"United States"}'::text[],
  '["Coupe"]'::jsonb,
  '["Gasoline"]'::jsonb,
  '["Automatic"]'::jsonb,
  'The first generation Charger was a mid-size muscle car, known for its fastback styling.'
)
on conflict (model_id, code) do nothing;


insert into public.vehicle_generations (
  id,
  model_id,
  code,
  start_year,
  end_year,
  facelift,
  production_countries,
  body_types,
  fuel_types,
  transmission_types,
  summary
)
values (
  '7a31302f-ed61-30e6-4946-1b0b045b2c67',
  '449d546d-f687-b533-9d50-ef26587643c7',
  'Second Generation (1968-1970)',
  1968,
  1970,
  false,
  '{"United States"}'::text[],
  '["Coupe"]'::jsonb,
  '["Gasoline"]'::jsonb,
  '["Manual","Automatic"]'::jsonb,
  'The second generation Charger featured iconic styling, including the ''Coke bottle'' shape and hidden headlights.'
)
on conflict (model_id, code) do nothing;


insert into public.vehicle_generations (
  id,
  model_id,
  code,
  start_year,
  end_year,
  facelift,
  production_countries,
  body_types,
  fuel_types,
  transmission_types,
  summary
)
values (
  'e8b204ae-f684-3ba7-2bd1-c12023bfbd78',
  '449d546d-f687-b533-9d50-ef26587643c7',
  'Third Generation (1971-1974)',
  1971,
  1974,
  true,
  '{"United States"}'::text[],
  '["Coupe"]'::jsonb,
  '["Gasoline"]'::jsonb,
  '["Manual","Automatic"]'::jsonb,
  'The third generation Charger was redesigned with a more rounded body style.'
)
on conflict (model_id, code) do nothing;


insert into public.vehicle_generations (
  id,
  model_id,
  code,
  start_year,
  end_year,
  facelift,
  production_countries,
  body_types,
  fuel_types,
  transmission_types,
  summary
)
values (
  '28bcf74b-6a0b-60f9-2869-2265c6526dbc',
  '449d546d-f687-b533-9d50-ef26587643c7',
  'Fourth Generation (1975-1978)',
  1975,
  1978,
  false,
  '{"United States"}'::text[],
  '["Coupe"]'::jsonb,
  '["Gasoline"]'::jsonb,
  '["Automatic"]'::jsonb,
  'The fourth generation Charger was a downsized coupe, based on the Chrysler Cordoba.'
)
on conflict (model_id, code) do nothing;


insert into public.vehicle_generations (
  id,
  model_id,
  code,
  start_year,
  end_year,
  facelift,
  production_countries,
  body_types,
  fuel_types,
  transmission_types,
  summary
)
values (
  '18574591-27fb-20f8-39d4-3fbe2e0270f8',
  '449d546d-f687-b533-9d50-ef26587643c7',
  'Fifth Generation (1983-1987)',
  1983,
  1987,
  false,
  '{"United States"}'::text[],
  '["Hatchback"]'::jsonb,
  '["Gasoline"]'::jsonb,
  '["Manual","Automatic"]'::jsonb,
  'The fifth generation Charger was a compact hatchback, based on the Chrysler L platform.'
)
on conflict (model_id, code) do nothing;


insert into public.vehicle_generations (
  id,
  model_id,
  code,
  start_year,
  end_year,
  facelift,
  production_countries,
  body_types,
  fuel_types,
  transmission_types,
  summary
)
values (
  'b602ea30-c93b-65d0-a463-9ac33efb94e4',
  '449d546d-f687-b533-9d50-ef26587643c7',
  'Sixth Generation (2006-2010)',
  2006,
  2010,
  true,
  '{"Canada"}'::text[],
  '["Sedan"]'::jsonb,
  '["Gasoline"]'::jsonb,
  '["Automatic"]'::jsonb,
  'The sixth generation Charger was a full-size sedan, based on the LX platform.'
)
on conflict (model_id, code) do nothing;


insert into public.vehicle_generations (
  id,
  model_id,
  code,
  start_year,
  end_year,
  facelift,
  production_countries,
  body_types,
  fuel_types,
  transmission_types,
  summary
)
values (
  '57998caa-9363-79a1-dfe3-48043c04ff28',
  '449d546d-f687-b533-9d50-ef26587643c7',
  'Seventh Generation (2011-2023)',
  2011,
  2023,
  true,
  '{"Canada"}'::text[],
  '["Sedan"]'::jsonb,
  '["Gasoline"]'::jsonb,
  '["Automatic"]'::jsonb,
  'The seventh generation Charger continued the full-size sedan design, with updated styling and engine options.'
)
on conflict (model_id, code) do nothing;


insert into public.vehicle_insights (
  model_id,
  pros,
  cons,
  inspection_tips,
  notable_features,
  engine_examples,
  common_issues_by_engine,
  reliability_score,
  popularity_score
)
values (
  '449d546d-f687-b533-9d50-ef26587643c7',
  '["Powerful engines","Aggressive styling","Spacious interior (modern generations)"]'::jsonb,
  '["Poor fuel economy","Large size","Reliability issues (older generations)"]'::jsonb,
  '["Check for rust","Inspect suspension","Test engine performance"]'::jsonb,
  '["Hemi V8 engines","All-wheel drive (AWD)","SRT trims"]'::jsonb,
  '["2.7L V6","3.5L V6","5.7L V8","6.4L V8","6.2L Supercharged V8"]'::jsonb,
  '[{"engine_code":"2.7L V6","common_issues_ru":["Утечка масла","Проблемы с водяной помпой"]},{"engine_code":"3.5L V6","common_issues_ru":["Утечка масла","Проблемы с системой охлаждения"]},{"engine_code":"5.7L Hemi V8","common_issues_ru":["Проблемы с системой MDS","Утечка масла"]},{"engine_code":"6.4L Hemi V8","common_issues_ru":["Повышенный расход масла","Проблемы с системой охлаждения"]},{"engine_code":"6.2L Supercharged Hemi V8","common_issues_ru":["Проблемы с топливной системой","Износ ремня компрессора"]}]'::jsonb,
  null,
  null
)
on conflict (model_id) do nothing;


insert into public.vehicle_models (
  id,
  make_id,
  slug,
  name_en,
  first_model_year,
  last_model_year,
  years_available,
  body_types_available,
  fuel_types_available,
  transmission_available,
  reliability_score,
  popularity_score
)
values (
  '1ce9fdb1-5513-99ae-39ff-ca0a32a93195',
  '97eda76e-a913-b26e-4c6c-06434fe6f546',
  'dodge-durango',
  'Dodge Durango',
  1998,
  2023,
  '{1998,1999,2000,2001,2002,2003,2004,2005,2006,2007,2008,2009,2011,2012,2013,2014,2015,2016,2017,2018,2019,2020,2021,2022,2023}'::int[],
  '["SUV"]'::jsonb,
  '["Gasoline"]'::jsonb,
  '["Automatic"]'::jsonb,
  7.3,
  7.8
)
on conflict (make_id, slug) do nothing;


insert into public.vehicle_generations (
  id,
  model_id,
  code,
  start_year,
  end_year,
  facelift,
  production_countries,
  body_types,
  fuel_types,
  transmission_types,
  summary
)
values (
  '1c612e0c-d05c-307a-55c8-6d6ff772f0d1',
  '1ce9fdb1-5513-99ae-39ff-ca0a32a93195',
  'First Generation (1998-2003)',
  1998,
  2003,
  true,
  '{"United States"}'::text[],
  '["SUV"]'::jsonb,
  '["Gasoline"]'::jsonb,
  '["Automatic"]'::jsonb,
  'The first generation Durango was a mid-size SUV, based on the Dodge Dakota pickup truck.'
)
on conflict (model_id, code) do nothing;


insert into public.vehicle_generations (
  id,
  model_id,
  code,
  start_year,
  end_year,
  facelift,
  production_countries,
  body_types,
  fuel_types,
  transmission_types,
  summary
)
values (
  'ca071544-1d0a-791f-5720-3fb1843db004',
  '1ce9fdb1-5513-99ae-39ff-ca0a32a93195',
  'Second Generation (2004-2009)',
  2004,
  2009,
  true,
  '{"United States"}'::text[],
  '["SUV"]'::jsonb,
  '["Gasoline"]'::jsonb,
  '["Automatic"]'::jsonb,
  'The second generation Durango was redesigned with a more modern look and improved features.'
)
on conflict (model_id, code) do nothing;


insert into public.vehicle_generations (
  id,
  model_id,
  code,
  start_year,
  end_year,
  facelift,
  production_countries,
  body_types,
  fuel_types,
  transmission_types,
  summary
)
values (
  'd9d2aea0-69bf-40af-27b7-ea3ef935c04d',
  '1ce9fdb1-5513-99ae-39ff-ca0a32a93195',
  'Third Generation (2011-2023)',
  2011,
  2023,
  true,
  '{"United States"}'::text[],
  '["SUV"]'::jsonb,
  '["Gasoline"]'::jsonb,
  '["Automatic"]'::jsonb,
  'The third generation Durango is based on the same platform as the Jeep Grand Cherokee, offering a more refined driving experience.'
)
on conflict (model_id, code) do nothing;


insert into public.vehicle_insights (
  model_id,
  pros,
  cons,
  inspection_tips,
  notable_features,
  engine_examples,
  common_issues_by_engine,
  reliability_score,
  popularity_score
)
values (
  '1ce9fdb1-5513-99ae-39ff-ca0a32a93195',
  '["Spacious interior","Powerful engine options","Good towing capacity"]'::jsonb,
  '["Fuel economy","Some reliability issues","Interior materials (older generations)"]'::jsonb,
  '["Check for rust","Inspect suspension","Test engine performance"]'::jsonb,
  '["Hemi V8 engines","All-wheel drive (AWD)","Three-row seating"]'::jsonb,
  '["3.6L V6","4.7L V8","5.7L V8","6.4L V8"]'::jsonb,
  '[{"engine_code":"3.6L Pentastar V6","common_issues_ru":["Утечка масла","Проблемы с водяной помпой"]},{"engine_code":"4.7L V8","common_issues_ru":["Утечка масла","Проблемы с системой охлаждения"]},{"engine_code":"5.7L Hemi V8","common_issues_ru":["Проблемы с системой MDS","Утечка масла"]},{"engine_code":"6.4L Hemi V8","common_issues_ru":["Повышенный расход масла","Проблемы с системой охлаждения"]}]'::jsonb,
  null,
  null
)
on conflict (model_id) do nothing;


insert into public.vehicle_models (
  id,
  make_id,
  slug,
  name_en,
  first_model_year,
  last_model_year,
  years_available,
  body_types_available,
  fuel_types_available,
  transmission_available,
  reliability_score,
  popularity_score
)
values (
  '165f0adb-8f8c-a9a0-f4fe-f40a9d596bde',
  '97eda76e-a913-b26e-4c6c-06434fe6f546',
  'dodge-grand-caravan',
  'Dodge Grand Caravan',
  1984,
  2020,
  '{1984,1985,1986,1987,1988,1989,1990,1991,1992,1993,1994,1995,1996,1997,1998,1999,2000,2001,2002,2003,2004,2005,2006,2007,2008,2009,2010,2011,2012,2013,2014,2015,2016,2017,2018,2019,2020}'::int[],
  '["Minivan"]'::jsonb,
  '["Gasoline"]'::jsonb,
  '["Automatic"]'::jsonb,
  6.8,
  7.5
)
on conflict (make_id, slug) do nothing;


insert into public.vehicle_generations (
  id,
  model_id,
  code,
  start_year,
  end_year,
  facelift,
  production_countries,
  body_types,
  fuel_types,
  transmission_types,
  summary
)
values (
  '00096004-5818-2791-2aa8-dc1837dacb28',
  '165f0adb-8f8c-a9a0-f4fe-f40a9d596bde',
  'First Generation (1984-1990)',
  1984,
  1990,
  false,
  '{"United States"}'::text[],
  '["Minivan"]'::jsonb,
  '["Gasoline"]'::jsonb,
  '["Automatic"]'::jsonb,
  'The first generation Grand Caravan was one of the first minivans, offering a spacious and practical design.'
)
on conflict (model_id, code) do nothing;


insert into public.vehicle_generations (
  id,
  model_id,
  code,
  start_year,
  end_year,
  facelift,
  production_countries,
  body_types,
  fuel_types,
  transmission_types,
  summary
)
values (
  '7b513c86-4296-5867-836b-edf46aa9cef3',
  '165f0adb-8f8c-a9a0-f4fe-f40a9d596bde',
  'Second Generation (1991-1995)',
  1991,
  1995,
  true,
  '{"United States"}'::text[],
  '["Minivan"]'::jsonb,
  '["Gasoline"]'::jsonb,
  '["Automatic"]'::jsonb,
  'The second generation Grand Caravan featured updated styling and improved features.'
)
on conflict (model_id, code) do nothing;


insert into public.vehicle_generations (
  id,
  model_id,
  code,
  start_year,
  end_year,
  facelift,
  production_countries,
  body_types,
  fuel_types,
  transmission_types,
  summary
)
values (
  '3edd7742-5408-9fb8-1e5f-864f5a2ee4aa',
  '165f0adb-8f8c-a9a0-f4fe-f40a9d596bde',
  'Third Generation (1996-2000)',
  1996,
  2000,
  true,
  '{"United States"}'::text[],
  '["Minivan"]'::jsonb,
  '["Gasoline"]'::jsonb,
  '["Automatic"]'::jsonb,
  'The third generation Grand Caravan offered more safety features and a more powerful engine.'
)
on conflict (model_id, code) do nothing;


insert into public.vehicle_generations (
  id,
  model_id,
  code,
  start_year,
  end_year,
  facelift,
  production_countries,
  body_types,
  fuel_types,
  transmission_types,
  summary
)
values (
  '284b77a2-a55c-b839-31e8-3dbf5bc2b917',
  '165f0adb-8f8c-a9a0-f4fe-f40a9d596bde',
  'Fourth Generation (2001-2007)',
  2001,
  2007,
  true,
  '{"United States"}'::text[],
  '["Minivan"]'::jsonb,
  '["Gasoline"]'::jsonb,
  '["Automatic"]'::jsonb,
  'The fourth generation Grand Caravan introduced Stow ''n Go seating.'
)
on conflict (model_id, code) do nothing;


insert into public.vehicle_generations (
  id,
  model_id,
  code,
  start_year,
  end_year,
  facelift,
  production_countries,
  body_types,
  fuel_types,
  transmission_types,
  summary
)
values (
  '391efbd5-b5ab-0a88-63ba-6eaf88d88a4a',
  '165f0adb-8f8c-a9a0-f4fe-f40a9d596bde',
  'Fifth Generation (2008-2020)',
  2008,
  2020,
  true,
  '{"Canada"}'::text[],
  '["Minivan"]'::jsonb,
  '["Gasoline"]'::jsonb,
  '["Automatic"]'::jsonb,
  'The fifth generation Grand Caravan continued to offer Stow ''n Go seating and a variety of features.'
)
on conflict (model_id, code) do nothing;


insert into public.vehicle_insights (
  model_id,
  pros,
  cons,
  inspection_tips,
  notable_features,
  engine_examples,
  common_issues_by_engine,
  reliability_score,
  popularity_score
)
values (
  '165f0adb-8f8c-a9a0-f4fe-f40a9d596bde',
  '["Spacious interior","Practical design","Stow ''n Go seating"]'::jsonb,
  '["Fuel economy","Reliability issues","Outdated design (later years)"]'::jsonb,
  '["Check for rust","Inspect transmission","Test sliding doors"]'::jsonb,
  '["Stow ''n Go seating","Power sliding doors","DVD entertainment system"]'::jsonb,
  '["2.4L I4","3.3L V6","3.8L V6","4.0L V6"]'::jsonb,
  '[{"engine_code":"2.4L I4","common_issues_ru":["Утечка масла","Проблемы с водяной помпой"]},{"engine_code":"3.3L V6","common_issues_ru":["Утечка масла","Проблемы с катализатором"]},{"engine_code":"3.8L V6","common_issues_ru":["Утечка масла","Проблемы с трансмиссией"]},{"engine_code":"4.0L V6","common_issues_ru":["Утечка масла","Проблемы с трансмиссией"]}]'::jsonb,
  null,
  null
)
on conflict (model_id) do nothing;


insert into public.vehicle_models (
  id,
  make_id,
  slug,
  name_en,
  first_model_year,
  last_model_year,
  years_available,
  body_types_available,
  fuel_types_available,
  transmission_available,
  reliability_score,
  popularity_score
)
values (
  'eecee698-1255-0bbf-d8fd-dff3c613f7a9',
  '97eda76e-a913-b26e-4c6c-06434fe6f546',
  'dodge-journey',
  'Dodge Journey',
  2008,
  2020,
  '{2008,2009,2010,2011,2012,2013,2014,2015,2016,2017,2018,2019,2020}'::int[],
  '["SUV"]'::jsonb,
  '["Gasoline"]'::jsonb,
  '["Automatic"]'::jsonb,
  6.5,
  7
)
on conflict (make_id, slug) do nothing;


insert into public.vehicle_generations (
  id,
  model_id,
  code,
  start_year,
  end_year,
  facelift,
  production_countries,
  body_types,
  fuel_types,
  transmission_types,
  summary
)
values (
  '4c257e98-61a5-a563-d352-cb50d16111ff',
  'eecee698-1255-0bbf-d8fd-dff3c613f7a9',
  'First Generation (2008-2020)',
  2008,
  2020,
  true,
  '{"Mexico"}'::text[],
  '["SUV"]'::jsonb,
  '["Gasoline"]'::jsonb,
  '["Automatic"]'::jsonb,
  'The Dodge Journey was a compact crossover SUV, offering available third-row seating.'
)
on conflict (model_id, code) do nothing;


insert into public.vehicle_insights (
  model_id,
  pros,
  cons,
  inspection_tips,
  notable_features,
  engine_examples,
  common_issues_by_engine,
  reliability_score,
  popularity_score
)
values (
  'eecee698-1255-0bbf-d8fd-dff3c613f7a9',
  '["Affordable price","Available third-row seating","Spacious interior"]'::jsonb,
  '["Poor fuel economy","Reliability issues","Outdated design"]'::jsonb,
  '["Check for rust","Inspect suspension","Test engine performance"]'::jsonb,
  '["Available third-row seating","Integrated child booster seats","Touchscreen infotainment system"]'::jsonb,
  '["2.4L I4","3.5L V6","3.6L V6"]'::jsonb,
  '[{"engine_code":"2.4L I4","common_issues_ru":["Утечка масла","Проблемы с водяной помпой"]},{"engine_code":"3.5L V6","common_issues_ru":["Утечка масла","Проблемы с трансмиссией"]},{"engine_code":"3.6L V6","common_issues_ru":["Утечка масла","Проблемы с водяной помпой"]}]'::jsonb,
  null,
  null
)
on conflict (model_id) do nothing;


insert into public.vehicle_models (
  id,
  make_id,
  slug,
  name_en,
  first_model_year,
  last_model_year,
  years_available,
  body_types_available,
  fuel_types_available,
  transmission_available,
  reliability_score,
  popularity_score
)
values (
  '4a833494-3226-36f7-feab-3c6fd973c600',
  '97eda76e-a913-b26e-4c6c-06434fe6f546',
  'dodge-viper',
  'Dodge Viper',
  1992,
  2017,
  '{1992,1993,1994,1995,1996,1997,1998,1999,2000,2001,2002,2003,2004,2005,2006,2008,2009,2010,2013,2014,2015,2016,2017}'::int[],
  '["Roadster","Coupe"]'::jsonb,
  '["Gasoline"]'::jsonb,
  '["Manual"]'::jsonb,
  6,
  7.7
)
on conflict (make_id, slug) do nothing;


insert into public.vehicle_generations (
  id,
  model_id,
  code,
  start_year,
  end_year,
  facelift,
  production_countries,
  body_types,
  fuel_types,
  transmission_types,
  summary
)
values (
  '4b83fce6-8505-099a-ee9d-ad3d8263e2a9',
  '4a833494-3226-36f7-feab-3c6fd973c600',
  'First Generation (1992-2002)',
  1992,
  2002,
  true,
  '{"United States"}'::text[],
  '["Roadster","Coupe"]'::jsonb,
  '["Gasoline"]'::jsonb,
  '["Manual"]'::jsonb,
  'The first generation Viper was a raw, powerful sports car, known for its large V10 engine and aggressive styling.'
)
on conflict (model_id, code) do nothing;


insert into public.vehicle_generations (
  id,
  model_id,
  code,
  start_year,
  end_year,
  facelift,
  production_countries,
  body_types,
  fuel_types,
  transmission_types,
  summary
)
values (
  '2fd2eeea-5708-ed87-b7e4-f5d7af5c2c29',
  '4a833494-3226-36f7-feab-3c6fd973c600',
  'Second Generation (2003-2010)',
  2003,
  2010,
  true,
  '{"United States"}'::text[],
  '["Roadster","Coupe"]'::jsonb,
  '["Gasoline"]'::jsonb,
  '["Manual"]'::jsonb,
  'The second generation Viper featured updated styling and a more powerful engine.'
)
on conflict (model_id, code) do nothing;


insert into public.vehicle_generations (
  id,
  model_id,
  code,
  start_year,
  end_year,
  facelift,
  production_countries,
  body_types,
  fuel_types,
  transmission_types,
  summary
)
values (
  '37d2d912-a487-ed2a-78b2-55aa9b3c05cf',
  '4a833494-3226-36f7-feab-3c6fd973c600',
  'Third Generation (2013-2017)',
  2013,
  2017,
  false,
  '{"United States"}'::text[],
  '["Coupe"]'::jsonb,
  '["Gasoline"]'::jsonb,
  '["Manual"]'::jsonb,
  'The third generation Viper was redesigned with a more modern look and improved features.'
)
on conflict (model_id, code) do nothing;


insert into public.vehicle_insights (
  model_id,
  pros,
  cons,
  inspection_tips,
  notable_features,
  engine_examples,
  common_issues_by_engine,
  reliability_score,
  popularity_score
)
values (
  '4a833494-3226-36f7-feab-3c6fd973c600',
  '["Powerful engine","Aggressive styling","High performance"]'::jsonb,
  '["Poor fuel economy","Limited practicality","High maintenance costs"]'::jsonb,
  '["Check for leaks","Inspect suspension","Test engine performance"]'::jsonb,
  '["V10 engine","Aggressive styling","Track-focused performance"]'::jsonb,
  '["8.0L V10","8.3L V10","8.4L V10"]'::jsonb,
  '[{"engine_code":"8.0L V10","common_issues_ru":["Утечка масла","Проблемы с системой охлаждения"]},{"engine_code":"8.3L V10","common_issues_ru":["Утечка масла","Проблемы с системой охлаждения"]},{"engine_code":"8.4L V10","common_issues_ru":["Утечка масла","Проблемы с системой охлаждения"]}]'::jsonb,
  null,
  null
)
on conflict (model_id) do nothing;


insert into public.vehicle_makes (id, slug, name_en, country, segment_class, is_active, category_path)
values (
  '604d579f-ecf1-1dc8-9a3a-b8d5070526cf',
  'dongfeng',
  'Dongfeng',
  'Китай',
  null,
  true,
  'transport/legkovye-avtomobili'
)
on conflict (id) do nothing;


insert into public.vehicle_models (
  id,
  make_id,
  slug,
  name_en,
  first_model_year,
  last_model_year,
  years_available,
  body_types_available,
  fuel_types_available,
  transmission_available,
  reliability_score,
  popularity_score
)
values (
  '508c6bd6-c09c-76ad-b7e3-5eada72893bf',
  '604d579f-ecf1-1dc8-9a3a-b8d5070526cf',
  'dongfeng-h30',
  'Dongfeng H30',
  2014,
  2024,
  '{2014,2015,2016,2017,2018,2019,2020,2021,2022,2023,2024}'::int[],
  '["Hatchback","Sedan"]'::jsonb,
  '["Gasoline"]'::jsonb,
  '["Manual","Automatic"]'::jsonb,
  6.5,
  7
)
on conflict (make_id, slug) do nothing;


insert into public.vehicle_generations (
  id,
  model_id,
  code,
  start_year,
  end_year,
  facelift,
  production_countries,
  body_types,
  fuel_types,
  transmission_types,
  summary
)
values (
  'ce775b7e-24b6-5a9b-1e4d-03eaace7789c',
  '508c6bd6-c09c-76ad-b7e3-5eada72893bf',
  'First Generation (2014-Present)',
  2014,
  2024,
  true,
  '{"China"}'::text[],
  '["Hatchback","Sedan"]'::jsonb,
  '["Gasoline"]'::jsonb,
  '["Manual","Automatic"]'::jsonb,
  'The Dongfeng H30 is a compact car produced by Dongfeng Motor. It is based on the Peugeot 307 platform.'
)
on conflict (model_id, code) do nothing;


insert into public.vehicle_insights (
  model_id,
  pros,
  cons,
  inspection_tips,
  notable_features,
  engine_examples,
  common_issues_by_engine,
  reliability_score,
  popularity_score
)
values (
  '508c6bd6-c09c-76ad-b7e3-5eada72893bf',
  '["Affordable price","Fuel efficiency"]'::jsonb,
  '["Basic interior","Limited features"]'::jsonb,
  '["Check for rust","Inspect the suspension"]'::jsonb,
  '["Available with automatic transmission"]'::jsonb,
  '["1.6L I4"]'::jsonb,
  '[{"engine_code":"PSA TU5JP4","common_issues_ru":["Течь масла","Проблемы с катушками зажигания"]}]'::jsonb,
  null,
  null
)
on conflict (model_id) do nothing;


insert into public.vehicle_models (
  id,
  make_id,
  slug,
  name_en,
  first_model_year,
  last_model_year,
  years_available,
  body_types_available,
  fuel_types_available,
  transmission_available,
  reliability_score,
  popularity_score
)
values (
  'a96582c9-4391-60a1-66c8-01826361bff8',
  '604d579f-ecf1-1dc8-9a3a-b8d5070526cf',
  'dongfeng-t5',
  'Dongfeng T5',
  2017,
  2024,
  '{2017,2018,2019,2020,2021,2022,2023,2024}'::int[],
  '["SUV"]'::jsonb,
  '["Gasoline"]'::jsonb,
  '["Manual","Automatic"]'::jsonb,
  7,
  7.5
)
on conflict (make_id, slug) do nothing;


insert into public.vehicle_generations (
  id,
  model_id,
  code,
  start_year,
  end_year,
  facelift,
  production_countries,
  body_types,
  fuel_types,
  transmission_types,
  summary
)
values (
  '316d6d70-c55c-07a1-14af-586f7d1dab53',
  'a96582c9-4391-60a1-66c8-01826361bff8',
  'First Generation (2017-Present)',
  2017,
  2024,
  true,
  '{"China"}'::text[],
  '["SUV"]'::jsonb,
  '["Gasoline"]'::jsonb,
  '["Manual","Automatic"]'::jsonb,
  'The Dongfeng T5 is a compact SUV produced by Dongfeng Motor. It offers a spacious interior and a range of features.'
)
on conflict (model_id, code) do nothing;


insert into public.vehicle_insights (
  model_id,
  pros,
  cons,
  inspection_tips,
  notable_features,
  engine_examples,
  common_issues_by_engine,
  reliability_score,
  popularity_score
)
values (
  'a96582c9-4391-60a1-66c8-01826361bff8',
  '["Spacious interior","Modern design"]'::jsonb,
  '["Some reports of electrical issues","Ride quality can be firm"]'::jsonb,
  '["Check the infotainment system","Inspect the brakes"]'::jsonb,
  '["Panoramic sunroof","Touchscreen infotainment system"]'::jsonb,
  '["1.5L Turbo I4","1.6L Turbo I4"]'::jsonb,
  '[{"engine_code":"DFMA15T","common_issues_ru":["Проблемы с турбонаддувом","Нестабильная работа двигателя"]}]'::jsonb,
  null,
  null
)
on conflict (model_id) do nothing;


insert into public.vehicle_makes (id, slug, name_en, country, segment_class, is_active, category_path)
values (
  'f0f3fa3f-43f7-0538-bab7-cc2801b13735',
  'ds',
  'DS',
  'Франция',
  null,
  true,
  'transport/legkovye-avtomobili'
)
on conflict (id) do nothing;


insert into public.vehicle_models (
  id,
  make_id,
  slug,
  name_en,
  first_model_year,
  last_model_year,
  years_available,
  body_types_available,
  fuel_types_available,
  transmission_available,
  reliability_score,
  popularity_score
)
values (
  '67a64b33-7f66-323e-6c66-52d0f0735cce',
  'f0f3fa3f-43f7-0538-bab7-cc2801b13735',
  'ds3-2010-current',
  'DS 3',
  2010,
  2024,
  '{2010,2011,2012,2013,2014,2015,2016,2017,2018,2019,2020,2021,2022,2023,2024}'::int[],
  '["Hatchback","Convertible"]'::jsonb,
  '["Gasoline","Diesel","Electric"]'::jsonb,
  '["Manual","Automatic"]'::jsonb,
  7,
  7.5
)
on conflict (make_id, slug) do nothing;


insert into public.vehicle_generations (
  id,
  model_id,
  code,
  start_year,
  end_year,
  facelift,
  production_countries,
  body_types,
  fuel_types,
  transmission_types,
  summary
)
values (
  '6c9739a9-6d52-9100-7eab-52f565eccd4f',
  '67a64b33-7f66-323e-6c66-52d0f0735cce',
  'Generation I (2010-2016)',
  2010,
  2016,
  true,
  '{"France"}'::text[],
  '["Hatchback","Convertible"]'::jsonb,
  '["Gasoline","Diesel"]'::jsonb,
  '["Manual","Automatic"]'::jsonb,
  'First generation of the DS 3, known for its stylish design and customizable options.'
)
on conflict (model_id, code) do nothing;


insert into public.vehicle_generations (
  id,
  model_id,
  code,
  start_year,
  end_year,
  facelift,
  production_countries,
  body_types,
  fuel_types,
  transmission_types,
  summary
)
values (
  '2429ae43-397c-6cd7-3361-e290093bff4c',
  '67a64b33-7f66-323e-6c66-52d0f0735cce',
  'Generation II (2016-2024)',
  2016,
  2024,
  true,
  '{"France"}'::text[],
  '["Hatchback","Convertible","Electric"]'::jsonb,
  '["Gasoline","Diesel","Electric"]'::jsonb,
  '["Manual","Automatic"]'::jsonb,
  'Second generation, with updated styling and the introduction of an electric variant.'
)
on conflict (model_id, code) do nothing;


insert into public.vehicle_insights (
  model_id,
  pros,
  cons,
  inspection_tips,
  notable_features,
  engine_examples,
  common_issues_by_engine,
  reliability_score,
  popularity_score
)
values (
  '67a64b33-7f66-323e-6c66-52d0f0735cce',
  '["Stylish design","Good fuel economy","Customization options"]'::jsonb,
  '["Small rear seats","Ride can be firm","Infotainment system can be slow"]'::jsonb,
  '["Check for water leaks in the convertible top","Inspect the clutch (manual transmissions)"]'::jsonb,
  '["LED headlights","Touchscreen infotainment system"]'::jsonb,
  '["1.2L PureTech","1.6L THP","1.5L BlueHDi","Electric"]'::jsonb,
  '[{"engine_code":"1.2L PureTech","common_issues_ru":["Обрыв ремня ГРМ","Утечка масла"]},{"engine_code":"1.6L THP","common_issues_ru":["Растяжение цепи ГРМ","Утечка масла"]}]'::jsonb,
  null,
  null
)
on conflict (model_id) do nothing;


insert into public.vehicle_models (
  id,
  make_id,
  slug,
  name_en,
  first_model_year,
  last_model_year,
  years_available,
  body_types_available,
  fuel_types_available,
  transmission_available,
  reliability_score,
  popularity_score
)
values (
  '6c4093df-25ea-3be6-fffa-251ca152b99d',
  'f0f3fa3f-43f7-0538-bab7-cc2801b13735',
  'ds4-2011-current',
  'DS 4',
  2011,
  2024,
  '{2011,2012,2013,2014,2015,2016,2017,2018,2019,2020,2021,2022,2023,2024}'::int[],
  '["Hatchback","Crossover"]'::jsonb,
  '["Gasoline","Diesel","Plug-in Hybrid"]'::jsonb,
  '["Manual","Automatic"]'::jsonb,
  6.8,
  7.2
)
on conflict (make_id, slug) do nothing;


insert into public.vehicle_generations (
  id,
  model_id,
  code,
  start_year,
  end_year,
  facelift,
  production_countries,
  body_types,
  fuel_types,
  transmission_types,
  summary
)
values (
  '7ef53fc5-bdc0-dc29-49ac-3e8cb598f2f5',
  '6c4093df-25ea-3be6-fffa-251ca152b99d',
  'Generation I (2011-2018)',
  2011,
  2018,
  true,
  '{"France"}'::text[],
  '["Hatchback"]'::jsonb,
  '["Gasoline","Diesel"]'::jsonb,
  '["Manual","Automatic"]'::jsonb,
  'First generation of the DS 4, a premium compact hatchback.'
)
on conflict (model_id, code) do nothing;


insert into public.vehicle_generations (
  id,
  model_id,
  code,
  start_year,
  end_year,
  facelift,
  production_countries,
  body_types,
  fuel_types,
  transmission_types,
  summary
)
values (
  'f5ad7d6c-1055-77ed-aaaa-159832f96bc2',
  '6c4093df-25ea-3be6-fffa-251ca152b99d',
  'Generation II (2018-2024)',
  2018,
  2024,
  true,
  '{"France"}'::text[],
  '["Hatchback","Crossover"]'::jsonb,
  '["Gasoline","Diesel","Plug-in Hybrid"]'::jsonb,
  '["Automatic"]'::jsonb,
  'Second generation, with updated styling and the introduction of a plug-in hybrid variant.'
)
on conflict (model_id, code) do nothing;


insert into public.vehicle_insights (
  model_id,
  pros,
  cons,
  inspection_tips,
  notable_features,
  engine_examples,
  common_issues_by_engine,
  reliability_score,
  popularity_score
)
values (
  '6c4093df-25ea-3be6-fffa-251ca152b99d',
  '["Stylish design","Comfortable ride","Premium interior"]'::jsonb,
  '["Infotainment system can be slow","Rear visibility can be limited","Some engines can be thirsty"]'::jsonb,
  '["Check the suspension for leaks","Inspect the infotainment system"]'::jsonb,
  '["LED Matrix headlights","Massaging seats"]'::jsonb,
  '["1.2L PureTech","1.6L THP","1.5L BlueHDi","Plug-in Hybrid"]'::jsonb,
  '[{"engine_code":"1.2L PureTech","common_issues_ru":["Обрыв ремня ГРМ","Утечка масла"]},{"engine_code":"1.6L THP","common_issues_ru":["Растяжение цепи ГРМ","Утечка масла"]}]'::jsonb,
  null,
  null
)
on conflict (model_id) do nothing;


insert into public.vehicle_models (
  id,
  make_id,
  slug,
  name_en,
  first_model_year,
  last_model_year,
  years_available,
  body_types_available,
  fuel_types_available,
  transmission_available,
  reliability_score,
  popularity_score
)
values (
  'acb8eb0f-62f4-76d8-86f4-a75d6f3d2220',
  'f0f3fa3f-43f7-0538-bab7-cc2801b13735',
  'ds7-2017-current',
  'DS 7',
  2017,
  2024,
  '{2017,2018,2019,2020,2021,2022,2023,2024}'::int[],
  '["SUV"]'::jsonb,
  '["Gasoline","Diesel","Plug-in Hybrid"]'::jsonb,
  '["Automatic"]'::jsonb,
  6.5,
  7.8
)
on conflict (make_id, slug) do nothing;


insert into public.vehicle_generations (
  id,
  model_id,
  code,
  start_year,
  end_year,
  facelift,
  production_countries,
  body_types,
  fuel_types,
  transmission_types,
  summary
)
values (
  '055af17f-f37a-a4c6-ee02-a3407af8aeba',
  'acb8eb0f-62f4-76d8-86f4-a75d6f3d2220',
  'Generation I (2017-2024)',
  2017,
  2024,
  true,
  '{"France","China"}'::text[],
  '["SUV"]'::jsonb,
  '["Gasoline","Diesel","Plug-in Hybrid"]'::jsonb,
  '["Automatic"]'::jsonb,
  'First generation of the DS 7, a premium compact SUV.'
)
on conflict (model_id, code) do nothing;


insert into public.vehicle_insights (
  model_id,
  pros,
  cons,
  inspection_tips,
  notable_features,
  engine_examples,
  common_issues_by_engine,
  reliability_score,
  popularity_score
)
values (
  'acb8eb0f-62f4-76d8-86f4-a75d6f3d2220',
  '["Stylish design","Comfortable ride","Luxurious interior"]'::jsonb,
  '["Infotainment system can be slow","Some engines can be thirsty","Reliability can be inconsistent"]'::jsonb,
  '["Check the suspension for leaks","Inspect the infotainment system","Check the hybrid system (if applicable)"]'::jsonb,
  '["Active Scan Suspension","DS Active LED Vision headlights","Rotating BRM Chronographs"]'::jsonb,
  '["1.6L PureTech","2.0L BlueHDi","Plug-in Hybrid"]'::jsonb,
  '[{"engine_code":"1.6L PureTech","common_issues_ru":["Обрыв ремня ГРМ","Утечка масла"]},{"engine_code":"2.0L BlueHDi","common_issues_ru":["Проблемы с сажевым фильтром","Утечка масла"]}]'::jsonb,
  null,
  null
)
on conflict (model_id) do nothing;


insert into public.vehicle_makes (id, slug, name_en, country, segment_class, is_active, category_path)
values (
  '6c74f80c-93a7-4c36-0236-ef702e089cee',
  'faw',
  'FAW',
  'Китай',
  null,
  true,
  'transport/legkovye-avtomobili'
)
on conflict (id) do nothing;


insert into public.vehicle_models (
  id,
  make_id,
  slug,
  name_en,
  first_model_year,
  last_model_year,
  years_available,
  body_types_available,
  fuel_types_available,
  transmission_available,
  reliability_score,
  popularity_score
)
values (
  'b457cc36-a3aa-c92d-9ef0-567a77b791bd',
  '6c74f80c-93a7-4c36-0236-ef702e089cee',
  'besturn-b50',
  'Besturn B50',
  2012,
  2019,
  '{2012,2013,2014,2015,2016,2017,2018,2019}'::int[],
  '["Sedan"]'::jsonb,
  '["Gasoline"]'::jsonb,
  '["Manual","Automatic"]'::jsonb,
  6.8,
  7.2
)
on conflict (make_id, slug) do nothing;


insert into public.vehicle_generations (
  id,
  model_id,
  code,
  start_year,
  end_year,
  facelift,
  production_countries,
  body_types,
  fuel_types,
  transmission_types,
  summary
)
values (
  '18c2dcb5-e89e-ca60-f1ec-e4993744e5c4',
  'b457cc36-a3aa-c92d-9ef0-567a77b791bd',
  'First Generation (2012-2015)',
  2012,
  2015,
  false,
  '{"China"}'::text[],
  '["Sedan"]'::jsonb,
  '["Gasoline"]'::jsonb,
  '["Manual","Automatic"]'::jsonb,
  'The first generation B50 offered a comfortable ride and decent fuel economy.'
)
on conflict (model_id, code) do nothing;


insert into public.vehicle_generations (
  id,
  model_id,
  code,
  start_year,
  end_year,
  facelift,
  production_countries,
  body_types,
  fuel_types,
  transmission_types,
  summary
)
values (
  '04a923be-4bee-93c1-3932-43849134075c',
  'b457cc36-a3aa-c92d-9ef0-567a77b791bd',
  'Second Generation (2016-2019)',
  2016,
  2019,
  true,
  '{"China"}'::text[],
  '["Sedan"]'::jsonb,
  '["Gasoline"]'::jsonb,
  '["Manual","Automatic"]'::jsonb,
  'The second generation received a facelift with updated styling and features.'
)
on conflict (model_id, code) do nothing;


insert into public.vehicle_insights (
  model_id,
  pros,
  cons,
  inspection_tips,
  notable_features,
  engine_examples,
  common_issues_by_engine,
  reliability_score,
  popularity_score
)
values (
  'b457cc36-a3aa-c92d-9ef0-567a77b791bd',
  '["Comfortable ride","Good value for money","Spacious interior"]'::jsonb,
  '["Basic interior materials","Engine performance could be better"]'::jsonb,
  '["Check for rust","Inspect the suspension"]'::jsonb,
  '["Touchscreen infotainment system","Sunroof (optional)"]'::jsonb,
  '["1.6L I4","1.8L I4"]'::jsonb,
  '[{"engine_code":"CA4GB16","common_issues_ru":["Растяжение цепи ГРМ","Утечки масла"]},{"engine_code":"CA4GD18","common_issues_ru":["Нестабильная работа двигателя","Проблемы с датчиками"]}]'::jsonb,
  null,
  null
)
on conflict (model_id) do nothing;


insert into public.vehicle_models (
  id,
  make_id,
  slug,
  name_en,
  first_model_year,
  last_model_year,
  years_available,
  body_types_available,
  fuel_types_available,
  transmission_available,
  reliability_score,
  popularity_score
)
values (
  '8ecc571d-12d8-225c-24da-2d8f2735f595',
  '6c74f80c-93a7-4c36-0236-ef702e089cee',
  'besturn-x40',
  'Besturn X40',
  2016,
  2023,
  '{2016,2017,2018,2019,2020,2021,2022,2023}'::int[],
  '["SUV"]'::jsonb,
  '["Gasoline"]'::jsonb,
  '["Manual","Automatic"]'::jsonb,
  7,
  7.5
)
on conflict (make_id, slug) do nothing;


insert into public.vehicle_generations (
  id,
  model_id,
  code,
  start_year,
  end_year,
  facelift,
  production_countries,
  body_types,
  fuel_types,
  transmission_types,
  summary
)
values (
  '85cef82d-24d9-ea10-c309-6bd303e4a625',
  '8ecc571d-12d8-225c-24da-2d8f2735f595',
  'First Generation (2016-2023)',
  2016,
  2023,
  true,
  '{"China"}'::text[],
  '["SUV"]'::jsonb,
  '["Gasoline"]'::jsonb,
  '["Manual","Automatic"]'::jsonb,
  'The X40 is a compact SUV known for its stylish design and practicality.'
)
on conflict (model_id, code) do nothing;


insert into public.vehicle_insights (
  model_id,
  pros,
  cons,
  inspection_tips,
  notable_features,
  engine_examples,
  common_issues_by_engine,
  reliability_score,
  popularity_score
)
values (
  '8ecc571d-12d8-225c-24da-2d8f2735f595',
  '["Stylish design","Fuel-efficient engine","Affordable price"]'::jsonb,
  '["Basic interior","Limited cargo space"]'::jsonb,
  '["Check the suspension","Inspect the brakes"]'::jsonb,
  '["Touchscreen infotainment system","Rearview camera"]'::jsonb,
  '["1.6L I4"]'::jsonb,
  '[{"engine_code":"CA4GB16","common_issues_ru":["Проблемы с датчиком кислорода","Неисправности в системе охлаждения"]}]'::jsonb,
  null,
  null
)
on conflict (model_id) do nothing;


insert into public.vehicle_makes (id, slug, name_en, country, segment_class, is_active, category_path)
values (
  '15f6161b-ae17-faf3-c376-87b8120b1100',
  'ferrari',
  'Ferrari',
  'Италия',
  null,
  true,
  'transport/legkovye-avtomobili'
)
on conflict (id) do nothing;


insert into public.vehicle_models (
  id,
  make_id,
  slug,
  name_en,
  first_model_year,
  last_model_year,
  years_available,
  body_types_available,
  fuel_types_available,
  transmission_available,
  reliability_score,
  popularity_score
)
values (
  'e3ca75e7-dd0b-4fb3-7e5a-4d822677982c',
  '15f6161b-ae17-faf3-c376-87b8120b1100',
  'f8-tributo',
  'Ferrari F8 Tributo',
  2019,
  2023,
  '{2019,2020,2021,2022,2023}'::int[],
  '["Coupe"]'::jsonb,
  '["Gasoline"]'::jsonb,
  '["Automatic"]'::jsonb,
  6.8,
  8.5
)
on conflict (make_id, slug) do nothing;


insert into public.vehicle_generations (
  id,
  model_id,
  code,
  start_year,
  end_year,
  facelift,
  production_countries,
  body_types,
  fuel_types,
  transmission_types,
  summary
)
values (
  'dbed8af0-d48e-5d6b-9e43-3fc8fa073eec',
  'e3ca75e7-dd0b-4fb3-7e5a-4d822677982c',
  'Generation I (2019-2023)',
  2019,
  2023,
  false,
  '{"Italy"}'::text[],
  '["Coupe"]'::jsonb,
  '["Gasoline"]'::jsonb,
  '["Automatic"]'::jsonb,
  'The F8 Tributo replaced the 488 GTB, featuring a more powerful engine and updated styling.'
)
on conflict (model_id, code) do nothing;


insert into public.vehicle_insights (
  model_id,
  pros,
  cons,
  inspection_tips,
  notable_features,
  engine_examples,
  common_issues_by_engine,
  reliability_score,
  popularity_score
)
values (
  'e3ca75e7-dd0b-4fb3-7e5a-4d822677982c',
  '["Powerful engine","Excellent handling","Striking design"]'::jsonb,
  '["High price","Limited cargo space","Expensive maintenance"]'::jsonb,
  '["Check for paint imperfections","Inspect brake discs and pads","Verify engine performance"]'::jsonb,
  '["Twin-turbocharged V8 engine","Aerodynamic design","Advanced driver-assistance systems"]'::jsonb,
  '["3.9L Twin-Turbo V8"]'::jsonb,
  '[{"engine_code":"F154CD","common_issues_ru":["Проблемы с турбонаддувом","Износ тормозных дисков"]}]'::jsonb,
  null,
  null
)
on conflict (model_id) do nothing;


insert into public.vehicle_models (
  id,
  make_id,
  slug,
  name_en,
  first_model_year,
  last_model_year,
  years_available,
  body_types_available,
  fuel_types_available,
  transmission_available,
  reliability_score,
  popularity_score
)
values (
  '1c5ece1d-6393-d05f-afdd-846bffed450f',
  '15f6161b-ae17-faf3-c376-87b8120b1100',
  'sf90-stradale',
  'Ferrari SF90 Stradale',
  2019,
  2024,
  '{2019,2020,2021,2022,2023,2024}'::int[],
  '["Coupe"]'::jsonb,
  '["Gasoline","Hybrid"]'::jsonb,
  '["Automatic"]'::jsonb,
  6.5,
  8.2
)
on conflict (make_id, slug) do nothing;


insert into public.vehicle_generations (
  id,
  model_id,
  code,
  start_year,
  end_year,
  facelift,
  production_countries,
  body_types,
  fuel_types,
  transmission_types,
  summary
)
values (
  'bd3be36f-7c22-c981-8c66-4fe3fdf9d201',
  '1c5ece1d-6393-d05f-afdd-846bffed450f',
  'Generation I (2019-2024)',
  2019,
  2024,
  false,
  '{"Italy"}'::text[],
  '["Coupe"]'::jsonb,
  '["Gasoline","Hybrid"]'::jsonb,
  '["Automatic"]'::jsonb,
  'The SF90 Stradale is Ferrari''s first plug-in hybrid electric vehicle (PHEV), combining a V8 engine with electric motors.'
)
on conflict (model_id, code) do nothing;


insert into public.vehicle_insights (
  model_id,
  pros,
  cons,
  inspection_tips,
  notable_features,
  engine_examples,
  common_issues_by_engine,
  reliability_score,
  popularity_score
)
values (
  '1c5ece1d-6393-d05f-afdd-846bffed450f',
  '["Incredible performance","Advanced hybrid technology","Cutting-edge design"]'::jsonb,
  '["High price","Complex hybrid system","Potentially high repair costs"]'::jsonb,
  '["Check hybrid system functionality","Inspect battery health","Verify engine performance"]'::jsonb,
  '["Plug-in hybrid system","All-wheel drive","Advanced aerodynamics"]'::jsonb,
  '["4.0L Twin-Turbo V8 + Electric Motors"]'::jsonb,
  '[{"engine_code":"F154FB","common_issues_ru":["Проблемы с электрической системой","Износ тормозных дисков","Сбои в работе гибридной системы"]}]'::jsonb,
  null,
  null
)
on conflict (model_id) do nothing;


insert into public.vehicle_makes (id, slug, name_en, country, segment_class, is_active, category_path)
values (
  '002c16e7-833b-974a-279b-fe66c4b761b5',
  'fiat',
  'Fiat',
  'Италия',
  null,
  true,
  'transport/legkovye-avtomobili'
)
on conflict (id) do nothing;


insert into public.vehicle_models (
  id,
  make_id,
  slug,
  name_en,
  first_model_year,
  last_model_year,
  years_available,
  body_types_available,
  fuel_types_available,
  transmission_available,
  reliability_score,
  popularity_score
)
values (
  'f28effd7-c899-fc14-02ea-6d07be7b7397',
  '002c16e7-833b-974a-279b-fe66c4b761b5',
  'fiat-500',
  'Fiat 500',
  2007,
  2024,
  '{2007,2010,2015,2020,2024}'::int[],
  '["Hatchback","Convertible"]'::jsonb,
  '["Gasoline","Electric"]'::jsonb,
  '["Manual","Automatic"]'::jsonb,
  6.8,
  7.5
)
on conflict (make_id, slug) do nothing;


insert into public.vehicle_generations (
  id,
  model_id,
  code,
  start_year,
  end_year,
  facelift,
  production_countries,
  body_types,
  fuel_types,
  transmission_types,
  summary
)
values (
  'b9e3095d-aee8-4a6c-32da-bdcd73692f60',
  'f28effd7-c899-fc14-02ea-6d07be7b7397',
  'Generation I (2007-2015)',
  2007,
  2015,
  true,
  '{"Poland","Mexico"}'::text[],
  '["Hatchback","Convertible"]'::jsonb,
  '["Gasoline"]'::jsonb,
  '["Manual","Automatic"]'::jsonb,
  'First modern generation of the iconic 500, known for its retro styling and compact size. Facelift in 2012.'
)
on conflict (model_id, code) do nothing;


insert into public.vehicle_generations (
  id,
  model_id,
  code,
  start_year,
  end_year,
  facelift,
  production_countries,
  body_types,
  fuel_types,
  transmission_types,
  summary
)
values (
  'c45fb1f2-e94f-a2b4-c6d2-cc77581e6839',
  'f28effd7-c899-fc14-02ea-6d07be7b7397',
  'Generation II (2015-2020)',
  2015,
  2020,
  false,
  '{"Mexico"}'::text[],
  '["Hatchback","Convertible"]'::jsonb,
  '["Gasoline"]'::jsonb,
  '["Manual","Automatic"]'::jsonb,
  'Minor updates and trim level changes.'
)
on conflict (model_id, code) do nothing;


insert into public.vehicle_generations (
  id,
  model_id,
  code,
  start_year,
  end_year,
  facelift,
  production_countries,
  body_types,
  fuel_types,
  transmission_types,
  summary
)
values (
  '4176ecfe-94a1-1ea3-458c-5a4366637fa7',
  'f28effd7-c899-fc14-02ea-6d07be7b7397',
  'Generation III (2020-Current)',
  2020,
  2024,
  false,
  '{"Italy"}'::text[],
  '["Hatchback","Convertible"]'::jsonb,
  '["Electric"]'::jsonb,
  '["Automatic"]'::jsonb,
  'All-electric version of the 500, with a new design and improved range.'
)
on conflict (model_id, code) do nothing;


insert into public.vehicle_insights (
  model_id,
  pros,
  cons,
  inspection_tips,
  notable_features,
  engine_examples,
  common_issues_by_engine,
  reliability_score,
  popularity_score
)
values (
  'f28effd7-c899-fc14-02ea-6d07be7b7397',
  '["Stylish design","Fuel-efficient","Easy to park"]'::jsonb,
  '["Small interior","Limited cargo space","Can be expensive to maintain"]'::jsonb,
  '["Check for electrical issues","Inspect the convertible top (if applicable)"]'::jsonb,
  '["Turbocharged engines","Uconnect infotainment system"]'::jsonb,
  '["1.2L I4","0.9L TwinAir","Electric Motor"]'::jsonb,
  '[{"engine_code":"0.9L TwinAir","common_issues_ru":["Проблемы с турбонаддувом","Утечки масла"]}]'::jsonb,
  null,
  null
)
on conflict (model_id) do nothing;


insert into public.vehicle_models (
  id,
  make_id,
  slug,
  name_en,
  first_model_year,
  last_model_year,
  years_available,
  body_types_available,
  fuel_types_available,
  transmission_available,
  reliability_score,
  popularity_score
)
values (
  'e397ff52-f4a7-f19b-7f2e-fb9979868f6b',
  '002c16e7-833b-974a-279b-fe66c4b761b5',
  'fiat-panda',
  'Fiat Panda',
  1980,
  2024,
  '{1980,1990,2000,2005,2010,2015,2020,2024}'::int[],
  '["Hatchback","Van"]'::jsonb,
  '["Gasoline","Diesel","CNG"]'::jsonb,
  '["Manual","Automatic"]'::jsonb,
  7,
  7.8
)
on conflict (make_id, slug) do nothing;


insert into public.vehicle_generations (
  id,
  model_id,
  code,
  start_year,
  end_year,
  facelift,
  production_countries,
  body_types,
  fuel_types,
  transmission_types,
  summary
)
values (
  '30ebd814-3396-3e2b-62d1-dc8f928a5d94',
  'e397ff52-f4a7-f19b-7f2e-fb9979868f6b',
  'Generation I (1980-2003)',
  1980,
  2003,
  true,
  '{"Italy","Spain"}'::text[],
  '["Hatchback","Van"]'::jsonb,
  '["Gasoline","Diesel"]'::jsonb,
  '["Manual"]'::jsonb,
  'Original Panda, known for its simplicity and practicality. Facelifts in 1986 and 1991.'
)
on conflict (model_id, code) do nothing;


insert into public.vehicle_generations (
  id,
  model_id,
  code,
  start_year,
  end_year,
  facelift,
  production_countries,
  body_types,
  fuel_types,
  transmission_types,
  summary
)
values (
  '697d8cb9-c74b-9258-5ce3-feef849eff01',
  'e397ff52-f4a7-f19b-7f2e-fb9979868f6b',
  'Generation II (2003-2012)',
  2003,
  2012,
  true,
  '{"Italy","Poland"}'::text[],
  '["Hatchback"]'::jsonb,
  '["Gasoline","Diesel","CNG"]'::jsonb,
  '["Manual","Automatic"]'::jsonb,
  'Modernized Panda with improved features and safety. Facelift in 2009.'
)
on conflict (model_id, code) do nothing;


insert into public.vehicle_generations (
  id,
  model_id,
  code,
  start_year,
  end_year,
  facelift,
  production_countries,
  body_types,
  fuel_types,
  transmission_types,
  summary
)
values (
  'd97f28eb-27ba-c912-6703-4bc7c90975c9',
  'e397ff52-f4a7-f19b-7f2e-fb9979868f6b',
  'Generation III (2011-Current)',
  2011,
  2024,
  true,
  '{"Italy","Poland"}'::text[],
  '["Hatchback"]'::jsonb,
  '["Gasoline","Diesel","CNG"]'::jsonb,
  '["Manual","Automatic"]'::jsonb,
  'Current generation Panda, known for its compact size, versatility, and optional all-wheel drive. Facelift in 2020.'
)
on conflict (model_id, code) do nothing;


insert into public.vehicle_insights (
  model_id,
  pros,
  cons,
  inspection_tips,
  notable_features,
  engine_examples,
  common_issues_by_engine,
  reliability_score,
  popularity_score
)
values (
  'e397ff52-f4a7-f19b-7f2e-fb9979868f6b',
  '["Practical and versatile","Fuel-efficient","Affordable"]'::jsonb,
  '["Basic interior","Not the most refined driving experience","Can feel underpowered"]'::jsonb,
  '["Check for rust","Inspect the suspension","Check the 4x4 system (if applicable)"]'::jsonb,
  '["4x4 versions","City mode steering","Natural Power (CNG) versions"]'::jsonb,
  '["1.0L I3","1.2L I4","1.3L Diesel"]'::jsonb,
  '[{"engine_code":"1.3L Diesel","common_issues_ru":["Проблемы с сажевым фильтром","Износ форсунок"]}]'::jsonb,
  null,
  null
)
on conflict (model_id) do nothing;


insert into public.vehicle_models (
  id,
  make_id,
  slug,
  name_en,
  first_model_year,
  last_model_year,
  years_available,
  body_types_available,
  fuel_types_available,
  transmission_available,
  reliability_score,
  popularity_score
)
values (
  'abef38c0-212c-fa41-7fab-605d6f28281f',
  '002c16e7-833b-974a-279b-fe66c4b761b5',
  'fiat-punto',
  'Fiat Punto',
  1993,
  2018,
  '{1993,2000,2005,2010,2015,2018}'::int[],
  '["Hatchback","Convertible","Van"]'::jsonb,
  '["Gasoline","Diesel","CNG"]'::jsonb,
  '["Manual","Automatic"]'::jsonb,
  6.5,
  7.2
)
on conflict (make_id, slug) do nothing;


insert into public.vehicle_generations (
  id,
  model_id,
  code,
  start_year,
  end_year,
  facelift,
  production_countries,
  body_types,
  fuel_types,
  transmission_types,
  summary
)
values (
  '71bbb03b-039a-9b52-e4e2-e107fc51fc9e',
  'abef38c0-212c-fa41-7fab-605d6f28281f',
  'Generation I (1993-1999)',
  1993,
  1999,
  true,
  '{"Italy","Poland"}'::text[],
  '["Hatchback","Convertible"]'::jsonb,
  '["Gasoline","Diesel"]'::jsonb,
  '["Manual"]'::jsonb,
  'First generation Punto, a popular supermini. Facelift in 1997.'
)
on conflict (model_id, code) do nothing;


insert into public.vehicle_generations (
  id,
  model_id,
  code,
  start_year,
  end_year,
  facelift,
  production_countries,
  body_types,
  fuel_types,
  transmission_types,
  summary
)
values (
  '52de6c03-10dc-dd28-e993-720efa422179',
  'abef38c0-212c-fa41-7fab-605d6f28281f',
  'Generation II (1999-2005)',
  1999,
  2005,
  true,
  '{"Italy","Poland"}'::text[],
  '["Hatchback"]'::jsonb,
  '["Gasoline","Diesel"]'::jsonb,
  '["Manual","Automatic"]'::jsonb,
  'Second generation Punto, with updated styling and features. Facelift in 2003.'
)
on conflict (model_id, code) do nothing;


insert into public.vehicle_generations (
  id,
  model_id,
  code,
  start_year,
  end_year,
  facelift,
  production_countries,
  body_types,
  fuel_types,
  transmission_types,
  summary
)
values (
  '0ee02f76-bf79-1986-6041-a7cd5bff8325',
  'abef38c0-212c-fa41-7fab-605d6f28281f',
  'Generation III (2005-2018)',
  2005,
  2018,
  true,
  '{"Italy","Serbia"}'::text[],
  '["Hatchback"]'::jsonb,
  '["Gasoline","Diesel","CNG"]'::jsonb,
  '["Manual","Automatic"]'::jsonb,
  'Third generation Punto, also known as Grande Punto and Punto Evo. Facelifts in 2009 and 2012.'
)
on conflict (model_id, code) do nothing;


insert into public.vehicle_insights (
  model_id,
  pros,
  cons,
  inspection_tips,
  notable_features,
  engine_examples,
  common_issues_by_engine,
  reliability_score,
  popularity_score
)
values (
  'abef38c0-212c-fa41-7fab-605d6f28281f',
  '["Affordable","Wide range of engines","Relatively spacious interior"]'::jsonb,
  '["Build quality can be inconsistent","Ride quality can be harsh","Some engines can be unreliable"]'::jsonb,
  '["Check for rust","Inspect the electrical system","Check the timing belt (if applicable)"]'::jsonb,
  '["Sporting versions (e.g., Abarth)","Dualogic transmission"]'::jsonb,
  '["1.2L I4","1.4L I4","1.3L Diesel","1.9L Diesel"]'::jsonb,
  '[{"engine_code":"1.9L Diesel","common_issues_ru":["Проблемы с турбонаддувом","Износ сцепления"]}]'::jsonb,
  null,
  null
)
on conflict (model_id) do nothing;


insert into public.vehicle_makes (id, slug, name_en, country, segment_class, is_active, category_path)
values (
  '345a2a0e-88c2-c405-1bf3-66e5d040c753',
  'ford',
  'Ford',
  'США',
  null,
  true,
  'transport/legkovye-avtomobili'
)
on conflict (id) do nothing;


insert into public.vehicle_models (
  id,
  make_id,
  slug,
  name_en,
  first_model_year,
  last_model_year,
  years_available,
  body_types_available,
  fuel_types_available,
  transmission_available,
  reliability_score,
  popularity_score
)
values (
  '71b0dab8-93bb-d1b2-0227-28df643bdc88',
  '345a2a0e-88c2-c405-1bf3-66e5d040c753',
  'explorer-2020-current',
  'Explorer',
  2020,
  2024,
  '{2020,2021,2022,2023,2024}'::int[],
  '["SUV"]'::jsonb,
  '["Gasoline","Hybrid"]'::jsonb,
  '["Automatic"]'::jsonb,
  7,
  8.5
)
on conflict (make_id, slug) do nothing;


insert into public.vehicle_generations (
  id,
  model_id,
  code,
  start_year,
  end_year,
  facelift,
  production_countries,
  body_types,
  fuel_types,
  transmission_types,
  summary
)
values (
  '2b4ae370-8002-fb67-3bf6-16c173a5175d',
  '71b0dab8-93bb-d1b2-0227-28df643bdc88',
  'Sixth Generation (2020-Present)',
  2020,
  2024,
  true,
  '{"United States"}'::text[],
  '["SUV"]'::jsonb,
  '["Gasoline","Hybrid"]'::jsonb,
  '["Automatic"]'::jsonb,
  'The sixth generation Explorer features a new rear-wheel-drive platform, updated styling, and a range of engine options, including a hybrid variant.'
)
on conflict (model_id, code) do nothing;


insert into public.vehicle_insights (
  model_id,
  pros,
  cons,
  inspection_tips,
  notable_features,
  engine_examples,
  common_issues_by_engine,
  reliability_score,
  popularity_score
)
values (
  '71b0dab8-93bb-d1b2-0227-28df643bdc88',
  '["Spacious interior","Powerful engine options","Advanced technology"]'::jsonb,
  '["Some reliability concerns","Fuel economy can be poor","Infotainment system can be glitchy"]'::jsonb,
  '["Check for electrical issues","Inspect the suspension","Test the infotainment system"]'::jsonb,
  '["Ford Co-Pilot360","Terrain Management System","Available ST and Platinum trims"]'::jsonb,
  '["2.3L EcoBoost I4","3.0L EcoBoost V6","3.3L Hybrid V6"]'::jsonb,
  '[{"engine_code":"2.3L EcoBoost","common_issues_ru":["Проблемы с турбокомпрессором","Утечки охлаждающей жидкости"]}]'::jsonb,
  null,
  null
)
on conflict (model_id) do nothing;


insert into public.vehicle_models (
  id,
  make_id,
  slug,
  name_en,
  first_model_year,
  last_model_year,
  years_available,
  body_types_available,
  fuel_types_available,
  transmission_available,
  reliability_score,
  popularity_score
)
values (
  '16136d6e-1870-a3de-6246-d6f1667862dc',
  '345a2a0e-88c2-c405-1bf3-66e5d040c753',
  'f-150-1948-current',
  'F-150',
  1948,
  2024,
  '{1950,1960,1970,1980,1990,2000,2010,2020,2024}'::int[],
  '["Pickup Truck"]'::jsonb,
  '["Gasoline","Diesel","Hybrid","Electric"]'::jsonb,
  '["Automatic","Manual"]'::jsonb,
  7.8,
  9.5
)
on conflict (make_id, slug) do nothing;


insert into public.vehicle_generations (
  id,
  model_id,
  code,
  start_year,
  end_year,
  facelift,
  production_countries,
  body_types,
  fuel_types,
  transmission_types,
  summary
)
values (
  '8aa3754b-49b6-c1ad-24b0-4dca8fd72e70',
  '16136d6e-1870-a3de-6246-d6f1667862dc',
  'Fourteenth Generation (2021-Present)',
  2021,
  2024,
  false,
  '{"United States"}'::text[],
  '["Pickup Truck"]'::jsonb,
  '["Gasoline","Diesel","Hybrid","Electric"]'::jsonb,
  '["Automatic"]'::jsonb,
  'The fourteenth generation F-150 features a new design, updated technology, and a hybrid powertrain option.  The all-electric F-150 Lightning is also part of this generation.'
)
on conflict (model_id, code) do nothing;


insert into public.vehicle_insights (
  model_id,
  pros,
  cons,
  inspection_tips,
  notable_features,
  engine_examples,
  common_issues_by_engine,
  reliability_score,
  popularity_score
)
values (
  '16136d6e-1870-a3de-6246-d6f1667862dc',
  '["Powerful engines","High towing capacity","Wide range of configurations"]'::jsonb,
  '["Fuel economy can be poor","Large size can be difficult to maneuver","Can be expensive"]'::jsonb,
  '["Check for rust","Inspect the suspension","Test the brakes"]'::jsonb,
  '["Pro Power Onboard","Ford Co-Pilot360","Aluminum body"]'::jsonb,
  '["2.7L EcoBoost V6","3.5L EcoBoost V6","5.0L V8","3.0L Power Stroke Diesel","Electric Motors"]'::jsonb,
  '[{"engine_code":"3.5L EcoBoost","common_issues_ru":["Проблемы с водяной помпой","Растяжение цепи ГРМ"]}]'::jsonb,
  null,
  null
)
on conflict (model_id) do nothing;


insert into public.vehicle_models (
  id,
  make_id,
  slug,
  name_en,
  first_model_year,
  last_model_year,
  years_available,
  body_types_available,
  fuel_types_available,
  transmission_available,
  reliability_score,
  popularity_score
)
values (
  '8ad3112d-c231-49d2-49c9-d02327977bb0',
  '345a2a0e-88c2-c405-1bf3-66e5d040c753',
  'fiesta-1976-current',
  'Fiesta',
  1976,
  2023,
  '{1980,1990,2000,2010,2020,2023}'::int[],
  '["Hatchback","Sedan"]'::jsonb,
  '["Gasoline"]'::jsonb,
  '["Manual","Automatic"]'::jsonb,
  7.2,
  7.5
)
on conflict (make_id, slug) do nothing;


insert into public.vehicle_generations (
  id,
  model_id,
  code,
  start_year,
  end_year,
  facelift,
  production_countries,
  body_types,
  fuel_types,
  transmission_types,
  summary
)
values (
  'a8efbad2-8a55-7470-2c33-778caab9c924',
  '8ad3112d-c231-49d2-49c9-d02327977bb0',
  'Seventh Generation (2017-2023)',
  2017,
  2023,
  true,
  '{"Germany","Spain","China"}'::text[],
  '["Hatchback","Sedan"]'::jsonb,
  '["Gasoline"]'::jsonb,
  '["Manual","Automatic"]'::jsonb,
  'The seventh generation Fiesta offered improved styling, technology, and safety features. Production ended in 2023.'
)
on conflict (model_id, code) do nothing;


insert into public.vehicle_insights (
  model_id,
  pros,
  cons,
  inspection_tips,
  notable_features,
  engine_examples,
  common_issues_by_engine,
  reliability_score,
  popularity_score
)
values (
  '8ad3112d-c231-49d2-49c9-d02327977bb0',
  '["Fuel-efficient","Easy to park","Fun to drive"]'::jsonb,
  '["Small interior","Limited cargo space","Some engine options can be underpowered"]'::jsonb,
  '["Check for rust","Inspect the suspension","Test the air conditioning"]'::jsonb,
  '["SYNC infotainment system","Available driver-assistance features","Sporty ST trim"]'::jsonb,
  '["1.0L EcoBoost I3","1.6L I4"]'::jsonb,
  '[{"engine_code":"1.0L EcoBoost","common_issues_ru":["Проблемы с ремнем ГРМ","Утечки масла"]}]'::jsonb,
  null,
  null
)
on conflict (model_id) do nothing;


insert into public.vehicle_models (
  id,
  make_id,
  slug,
  name_en,
  first_model_year,
  last_model_year,
  years_available,
  body_types_available,
  fuel_types_available,
  transmission_available,
  reliability_score,
  popularity_score
)
values (
  '307c35af-ee38-d395-720a-126fd73699a4',
  '345a2a0e-88c2-c405-1bf3-66e5d040c753',
  'focus-1998-current',
  'Focus',
  1998,
  2024,
  '{2000,2005,2010,2015,2020,2024}'::int[],
  '["Hatchback","Sedan","Wagon"]'::jsonb,
  '["Gasoline","Diesel","Electric"]'::jsonb,
  '["Manual","Automatic"]'::jsonb,
  7,
  8
)
on conflict (make_id, slug) do nothing;


insert into public.vehicle_generations (
  id,
  model_id,
  code,
  start_year,
  end_year,
  facelift,
  production_countries,
  body_types,
  fuel_types,
  transmission_types,
  summary
)
values (
  '17c5d488-da63-1e84-f1ff-6d93c2171179',
  '307c35af-ee38-d395-720a-126fd73699a4',
  'Fourth Generation (2018-2024)',
  2018,
  2024,
  true,
  '{"Germany","China"}'::text[],
  '["Hatchback","Wagon"]'::jsonb,
  '["Gasoline","Diesel"]'::jsonb,
  '["Manual","Automatic"]'::jsonb,
  'The fourth generation Focus features updated styling, improved technology, and a range of efficient engines.  Production ended in many markets in 2024.'
)
on conflict (model_id, code) do nothing;


insert into public.vehicle_insights (
  model_id,
  pros,
  cons,
  inspection_tips,
  notable_features,
  engine_examples,
  common_issues_by_engine,
  reliability_score,
  popularity_score
)
values (
  '307c35af-ee38-d395-720a-126fd73699a4',
  '["Good handling","Fuel-efficient","Available in various body styles"]'::jsonb,
  '["Some reliability issues","Interior materials can be cheap","Dual-clutch transmission issues in some models"]'::jsonb,
  '["Check the clutch (DCT models)","Inspect the suspension","Test the air conditioning"]'::jsonb,
  '["SYNC infotainment system","Available driver-assistance features","ST and RS performance models"]'::jsonb,
  '["1.0L EcoBoost I3","1.5L EcoBoost I3","2.0L I4"]'::jsonb,
  '[{"engine_code":"1.0L EcoBoost","common_issues_ru":["Проблемы с ремнем ГРМ","Утечки масла"]}]'::jsonb,
  null,
  null
)
on conflict (model_id) do nothing;


insert into public.vehicle_models (
  id,
  make_id,
  slug,
  name_en,
  first_model_year,
  last_model_year,
  years_available,
  body_types_available,
  fuel_types_available,
  transmission_available,
  reliability_score,
  popularity_score
)
values (
  '33b9f31f-25f2-36a6-809d-e6be68765a14',
  '345a2a0e-88c2-c405-1bf3-66e5d040c753',
  'kuga-2008-current',
  'Kuga',
  2008,
  2024,
  '{2010,2015,2020,2024}'::int[],
  '["SUV"]'::jsonb,
  '["Gasoline","Diesel","Hybrid","Plug-in Hybrid"]'::jsonb,
  '["Manual","Automatic"]'::jsonb,
  6.8,
  7.8
)
on conflict (make_id, slug) do nothing;


insert into public.vehicle_generations (
  id,
  model_id,
  code,
  start_year,
  end_year,
  facelift,
  production_countries,
  body_types,
  fuel_types,
  transmission_types,
  summary
)
values (
  '9ad0ca0b-d1a5-21c1-d464-993251c231dc',
  '33b9f31f-25f2-36a6-809d-e6be68765a14',
  'Third Generation (2019-Present)',
  2019,
  2024,
  true,
  '{"Germany","Spain"}'::text[],
  '["SUV"]'::jsonb,
  '["Gasoline","Diesel","Hybrid","Plug-in Hybrid"]'::jsonb,
  '["Manual","Automatic"]'::jsonb,
  'The third generation Kuga offers a range of engines, including hybrid and plug-in hybrid options, and features updated styling and technology.'
)
on conflict (model_id, code) do nothing;


insert into public.vehicle_insights (
  model_id,
  pros,
  cons,
  inspection_tips,
  notable_features,
  engine_examples,
  common_issues_by_engine,
  reliability_score,
  popularity_score
)
values (
  '33b9f31f-25f2-36a6-809d-e6be68765a14',
  '["Spacious interior","Good fuel economy (hybrid models)","Available in various engine options"]'::jsonb,
  '["Some reliability concerns","Infotainment system can be slow","Ride quality can be firm"]'::jsonb,
  '["Check the hybrid system (hybrid models)","Inspect the suspension","Test the air conditioning"]'::jsonb,
  '["SYNC infotainment system","Ford Co-Pilot360","Available plug-in hybrid option"]'::jsonb,
  '["1.5L EcoBoost I3","2.0L EcoBlue Diesel","2.5L Hybrid"]'::jsonb,
  '[{"engine_code":"1.5L EcoBoost","common_issues_ru":["Проблемы с охлаждающей жидкостью","Ранний износ ремня ГРМ"]}]'::jsonb,
  null,
  null
)
on conflict (model_id) do nothing;


insert into public.vehicle_models (
  id,
  make_id,
  slug,
  name_en,
  first_model_year,
  last_model_year,
  years_available,
  body_types_available,
  fuel_types_available,
  transmission_available,
  reliability_score,
  popularity_score
)
values (
  'f3705025-fbe4-9581-cf9c-92a0c2d84c10',
  '345a2a0e-88c2-c405-1bf3-66e5d040c753',
  'mondeo-1993-current',
  'Mondeo',
  1993,
  2022,
  '{1995,2000,2005,2010,2015,2020,2022}'::int[],
  '["Sedan","Hatchback","Wagon"]'::jsonb,
  '["Gasoline","Diesel","Hybrid"]'::jsonb,
  '["Manual","Automatic"]'::jsonb,
  7.3,
  7
)
on conflict (make_id, slug) do nothing;


insert into public.vehicle_generations (
  id,
  model_id,
  code,
  start_year,
  end_year,
  facelift,
  production_countries,
  body_types,
  fuel_types,
  transmission_types,
  summary
)
values (
  '7b127b17-6601-ee53-e6e4-e86588caf4e0',
  'f3705025-fbe4-9581-cf9c-92a0c2d84c10',
  'Fifth Generation (2014-2022)',
  2014,
  2022,
  true,
  '{"Spain","Belgium"}'::text[],
  '["Sedan","Hatchback","Wagon"]'::jsonb,
  '["Gasoline","Diesel","Hybrid"]'::jsonb,
  '["Manual","Automatic"]'::jsonb,
  'The fifth generation Mondeo offered a sleek design, improved technology, and a hybrid powertrain option. Production ended in 2022.'
)
on conflict (model_id, code) do nothing;


insert into public.vehicle_insights (
  model_id,
  pros,
  cons,
  inspection_tips,
  notable_features,
  engine_examples,
  common_issues_by_engine,
  reliability_score,
  popularity_score
)
values (
  'f3705025-fbe4-9581-cf9c-92a0c2d84c10',
  '["Spacious interior","Comfortable ride","Available hybrid option"]'::jsonb,
  '["Some reliability concerns","Infotainment system can be slow","Not as sporty as some competitors"]'::jsonb,
  '["Check the hybrid system (hybrid models)","Inspect the suspension","Test the air conditioning"]'::jsonb,
  '["SYNC infotainment system","Available driver-assistance features","Hybrid powertrain"]'::jsonb,
  '["1.5L EcoBoost I4","2.0L EcoBlue Diesel","2.0L Hybrid"]'::jsonb,
  '[{"engine_code":"1.5L EcoBoost","common_issues_ru":["Проблемы с охлаждающей жидкостью","Утечки масла"]}]'::jsonb,
  null,
  null
)
on conflict (model_id) do nothing;


insert into public.vehicle_models (
  id,
  make_id,
  slug,
  name_en,
  first_model_year,
  last_model_year,
  years_available,
  body_types_available,
  fuel_types_available,
  transmission_available,
  reliability_score,
  popularity_score
)
values (
  'ff90fd3e-2e3c-2e5d-c4a8-8a355d796809',
  '345a2a0e-88c2-c405-1bf3-66e5d040c753',
  'mustang-1964-current',
  'Mustang',
  1964,
  2024,
  '{1965,1970,1980,1990,2000,2010,2020,2024}'::int[],
  '["Coupe","Convertible"]'::jsonb,
  '["Gasoline"]'::jsonb,
  '["Manual","Automatic"]'::jsonb,
  7.5,
  9
)
on conflict (make_id, slug) do nothing;


insert into public.vehicle_generations (
  id,
  model_id,
  code,
  start_year,
  end_year,
  facelift,
  production_countries,
  body_types,
  fuel_types,
  transmission_types,
  summary
)
values (
  '2d1cef0d-f061-338b-3a17-d1e72a943801',
  'ff90fd3e-2e3c-2e5d-c4a8-8a355d796809',
  'Seventh Generation (2024-Present)',
  2024,
  2024,
  false,
  '{"United States"}'::text[],
  '["Coupe","Convertible"]'::jsonb,
  '["Gasoline"]'::jsonb,
  '["Manual","Automatic"]'::jsonb,
  'The seventh generation Mustang features a new design, updated technology, and powerful engine options.'
)
on conflict (model_id, code) do nothing;


insert into public.vehicle_insights (
  model_id,
  pros,
  cons,
  inspection_tips,
  notable_features,
  engine_examples,
  common_issues_by_engine,
  reliability_score,
  popularity_score
)
values (
  'ff90fd3e-2e3c-2e5d-c4a8-8a355d796809',
  '["Powerful engines","Iconic design","Fun to drive"]'::jsonb,
  '["Fuel economy can be poor","Rear seats can be cramped","Some interior materials can be cheap"]'::jsonb,
  '["Check for rust","Inspect the suspension","Test the brakes"]'::jsonb,
  '["SYNC infotainment system","Available driver-assistance features","GT and Mach-E trims"]'::jsonb,
  '["2.3L EcoBoost I4","5.0L V8"]'::jsonb,
  '[{"engine_code":"5.0L V8","common_issues_ru":["Проблемы с утечкой масла","Износ цепи ГРМ"]}]'::jsonb,
  null,
  null
)
on conflict (model_id) do nothing;


insert into public.vehicle_models (
  id,
  make_id,
  slug,
  name_en,
  first_model_year,
  last_model_year,
  years_available,
  body_types_available,
  fuel_types_available,
  transmission_available,
  reliability_score,
  popularity_score
)
values (
  '6fb6b090-dd56-2925-4099-b48a1b858b38',
  '345a2a0e-88c2-c405-1bf3-66e5d040c753',
  'transit-1965-current',
  'Transit',
  1965,
  2024,
  '{1970,1980,1990,2000,2010,2020,2024}'::int[],
  '["Van","Chassis Cab","Cutaway"]'::jsonb,
  '["Gasoline","Diesel","Electric"]'::jsonb,
  '["Manual","Automatic"]'::jsonb,
  7,
  8.2
)
on conflict (make_id, slug) do nothing;


insert into public.vehicle_generations (
  id,
  model_id,
  code,
  start_year,
  end_year,
  facelift,
  production_countries,
  body_types,
  fuel_types,
  transmission_types,
  summary
)
values (
  '3a7e259c-23da-9a40-aa7d-bf457b930994',
  '6fb6b090-dd56-2925-4099-b48a1b858b38',
  'Fourth Generation (2014-Present)',
  2014,
  2024,
  true,
  '{"Turkey","United States"}'::text[],
  '["Van","Chassis Cab","Cutaway"]'::jsonb,
  '["Gasoline","Diesel","Electric"]'::jsonb,
  '["Automatic"]'::jsonb,
  'The fourth generation Transit offers a range of configurations, engine options, and features.  An all-electric version is also available.'
)
on conflict (model_id, code) do nothing;


insert into public.vehicle_insights (
  model_id,
  pros,
  cons,
  inspection_tips,
  notable_features,
  engine_examples,
  common_issues_by_engine,
  reliability_score,
  popularity_score
)
values (
  '6fb6b090-dd56-2925-4099-b48a1b858b38',
  '["Versatile","Spacious cargo area","Available in various configurations"]'::jsonb,
  '["Fuel economy can be poor","Can be difficult to maneuver in tight spaces","Ride quality can be rough"]'::jsonb,
  '["Check for rust","Inspect the suspension","Test the brakes"]'::jsonb,
  '["Ford Co-Pilot360","Available all-wheel drive","Electric powertrain option"]'::jsonb,
  '["3.5L EcoBoost V6","3.5L V6","2.0L EcoBlue Diesel","Electric Motors"]'::jsonb,
  '[{"engine_code":"3.5L EcoBoost","common_issues_ru":["Проблемы с турбокомпрессором","Утечки масла"]}]'::jsonb,
  null,
  null
)
on conflict (model_id) do nothing;


insert into public.vehicle_models (
  id,
  make_id,
  slug,
  name_en,
  first_model_year,
  last_model_year,
  years_available,
  body_types_available,
  fuel_types_available,
  transmission_available,
  reliability_score,
  popularity_score
)
values (
  'e78c7039-6b40-279c-95b7-c65a1a427d2f',
  '345a2a0e-88c2-c405-1bf3-66e5d040c753',
  'transit-custom-2012-current',
  'Transit Custom',
  2012,
  2024,
  '{2013,2015,2020,2024}'::int[],
  '["Van","Crew Van"]'::jsonb,
  '["Diesel","Plug-in Hybrid","Electric"]'::jsonb,
  '["Manual","Automatic"]'::jsonb,
  7.1,
  7.9
)
on conflict (make_id, slug) do nothing;


insert into public.vehicle_generations (
  id,
  model_id,
  code,
  start_year,
  end_year,
  facelift,
  production_countries,
  body_types,
  fuel_types,
  transmission_types,
  summary
)
values (
  '9d133453-29d0-2960-bd59-b2093b8e085b',
  'e78c7039-6b40-279c-95b7-c65a1a427d2f',
  'First Generation (2012-2023)',
  2012,
  2023,
  true,
  '{"Turkey"}'::text[],
  '["Van","Crew Van"]'::jsonb,
  '["Diesel","Plug-in Hybrid"]'::jsonb,
  '["Manual","Automatic"]'::jsonb,
  'The Transit Custom is a smaller version of the Transit, offering a more maneuverable van with a focus on efficiency and practicality.  A new generation is coming in 2024.'
)
on conflict (model_id, code) do nothing;


insert into public.vehicle_insights (
  model_id,
  pros,
  cons,
  inspection_tips,
  notable_features,
  engine_examples,
  common_issues_by_engine,
  reliability_score,
  popularity_score
)
values (
  'e78c7039-6b40-279c-95b7-c65a1a427d2f',
  '["Fuel-efficient","Good handling","Practical cargo area"]'::jsonb,
  '["Ride can be firm","Some interior materials can be cheap","Limited engine options"]'::jsonb,
  '["Check for rust","Inspect the suspension","Test the brakes"]'::jsonb,
  '["SYNC infotainment system","Available driver-assistance features","Plug-in hybrid option"]'::jsonb,
  '["2.0L EcoBlue Diesel","1.0L EcoBoost"]'::jsonb,
  '[{"engine_code":"2.0L EcoBlue","common_issues_ru":["Проблемы с форсунками","Износ турбокомпрессора"]}]'::jsonb,
  null,
  null
)
on conflict (model_id) do nothing;


insert into public.vehicle_makes (id, slug, name_en, country, segment_class, is_active, category_path)
values (
  '15046a20-b53a-37c1-0bc3-a381bdcc223e',
  'gaz',
  'GAZ',
  'Россия',
  null,
  true,
  'transport/legkovye-avtomobili'
)
on conflict (id) do nothing;


insert into public.vehicle_models (
  id,
  make_id,
  slug,
  name_en,
  first_model_year,
  last_model_year,
  years_available,
  body_types_available,
  fuel_types_available,
  transmission_available,
  reliability_score,
  popularity_score
)
values (
  'dcd68a5c-17e2-41a1-f889-d564c487538d',
  '15046a20-b53a-37c1-0bc3-a381bdcc223e',
  'gazelle',
  'Gazelle',
  1994,
  2024,
  '{1994,1995,2000,2005,2010,2015,2020,2024}'::int[],
  '["Van","Truck","Minibus"]'::jsonb,
  '["Gasoline","Diesel","CNG"]'::jsonb,
  '["Manual"]'::jsonb,
  6.8,
  8.5
)
on conflict (make_id, slug) do nothing;


insert into public.vehicle_generations (
  id,
  model_id,
  code,
  start_year,
  end_year,
  facelift,
  production_countries,
  body_types,
  fuel_types,
  transmission_types,
  summary
)
values (
  '878cb369-b2c4-1621-78f3-0b7b009fce80',
  'dcd68a5c-17e2-41a1-f889-d564c487538d',
  'Gazelle (1994-2003)',
  1994,
  2003,
  false,
  '{"Russia"}'::text[],
  '["Van","Truck","Minibus"]'::jsonb,
  '["Gasoline"]'::jsonb,
  '["Manual"]'::jsonb,
  'First generation of the Gazelle, known for its simplicity and affordability. Primarily used for commercial purposes.'
)
on conflict (model_id, code) do nothing;


insert into public.vehicle_generations (
  id,
  model_id,
  code,
  start_year,
  end_year,
  facelift,
  production_countries,
  body_types,
  fuel_types,
  transmission_types,
  summary
)
values (
  '5200ccfe-2654-0fe3-beb9-b0d6de4a5d5b',
  'dcd68a5c-17e2-41a1-f889-d564c487538d',
  'Gazelle Next (2013-2024)',
  2013,
  2024,
  true,
  '{"Russia"}'::text[],
  '["Van","Truck","Minibus"]'::jsonb,
  '["Gasoline","Diesel","CNG"]'::jsonb,
  '["Manual"]'::jsonb,
  'Modernized version with updated design, improved features, and wider engine options. Includes various modifications for different commercial needs.'
)
on conflict (model_id, code) do nothing;


insert into public.vehicle_insights (
  model_id,
  pros,
  cons,
  inspection_tips,
  notable_features,
  engine_examples,
  common_issues_by_engine,
  reliability_score,
  popularity_score
)
values (
  'dcd68a5c-17e2-41a1-f889-d564c487538d',
  '["Affordable price","Wide availability of spare parts","Good cargo capacity"]'::jsonb,
  '["Basic interior","Ride quality can be rough","Fuel consumption can be high"]'::jsonb,
  '["Check for rust on the body and chassis","Inspect the suspension","Check the engine for leaks"]'::jsonb,
  '["Various body configurations","Optional CNG fuel system"]'::jsonb,
  '["2.4L ZMZ-406","2.8L Cummins ISF"]'::jsonb,
  '[{"engine_code":"ZMZ-406","common_issues_ru":["Перегрев двигателя","Неисправности системы зажигания"]},{"engine_code":"Cummins ISF","common_issues_ru":["Проблемы с топливной системой","Износ турбины"]}]'::jsonb,
  null,
  null
)
on conflict (model_id) do nothing;


insert into public.vehicle_models (
  id,
  make_id,
  slug,
  name_en,
  first_model_year,
  last_model_year,
  years_available,
  body_types_available,
  fuel_types_available,
  transmission_available,
  reliability_score,
  popularity_score
)
values (
  'eb4b96fe-5b13-a5d8-f75b-fa3f1d1835ac',
  '15046a20-b53a-37c1-0bc3-a381bdcc223e',
  'sobol',
  'Sobol',
  1998,
  2024,
  '{1998,2000,2005,2010,2015,2020,2024}'::int[],
  '["Van","Truck","Minibus"]'::jsonb,
  '["Gasoline","Diesel"]'::jsonb,
  '["Manual"]'::jsonb,
  6.5,
  7
)
on conflict (make_id, slug) do nothing;


insert into public.vehicle_generations (
  id,
  model_id,
  code,
  start_year,
  end_year,
  facelift,
  production_countries,
  body_types,
  fuel_types,
  transmission_types,
  summary
)
values (
  '06cf81f3-99fd-7085-0939-be77a98ab70c',
  'eb4b96fe-5b13-a5d8-f75b-fa3f1d1835ac',
  'Sobol (1998-2024)',
  1998,
  2024,
  true,
  '{"Russia"}'::text[],
  '["Van","Truck","Minibus"]'::jsonb,
  '["Gasoline","Diesel"]'::jsonb,
  '["Manual"]'::jsonb,
  'Compact commercial vehicle based on the Gazelle platform, offering a smaller footprint and improved maneuverability.  Underwent several updates throughout its production run.'
)
on conflict (model_id, code) do nothing;


insert into public.vehicle_insights (
  model_id,
  pros,
  cons,
  inspection_tips,
  notable_features,
  engine_examples,
  common_issues_by_engine,
  reliability_score,
  popularity_score
)
values (
  'eb4b96fe-5b13-a5d8-f75b-fa3f1d1835ac',
  '["Compact size","Good maneuverability","Relatively affordable"]'::jsonb,
  '["Limited cargo capacity compared to Gazelle","Basic interior","Ride quality can be harsh"]'::jsonb,
  '["Check for rust on the body and chassis","Inspect the suspension","Check the engine for leaks"]'::jsonb,
  '["Compact size","Available in various configurations"]'::jsonb,
  '["2.4L ZMZ-406","2.8L Cummins ISF"]'::jsonb,
  '[{"engine_code":"ZMZ-406","common_issues_ru":["Перегрев двигателя","Неисправности системы зажигания"]},{"engine_code":"Cummins ISF","common_issues_ru":["Проблемы с топливной системой","Износ турбины"]}]'::jsonb,
  null,
  null
)
on conflict (model_id) do nothing;


insert into public.vehicle_makes (id, slug, name_en, country, segment_class, is_active, category_path)
values (
  '33f40290-5209-2045-5414-9562280327a1',
  'geely',
  'Geely',
  'Китай',
  null,
  true,
  'transport/legkovye-avtomobili'
)
on conflict (id) do nothing;


insert into public.vehicle_models (
  id,
  make_id,
  slug,
  name_en,
  first_model_year,
  last_model_year,
  years_available,
  body_types_available,
  fuel_types_available,
  transmission_available,
  reliability_score,
  popularity_score
)
values (
  'a65c0130-5dc8-7baa-35e1-3f65df4079f9',
  '33f40290-5209-2045-5414-9562280327a1',
  'geely-boyue',
  'Geely Boyue',
  2016,
  2024,
  '{2016,2017,2018,2019,2020,2021,2022,2023,2024}'::int[],
  '["SUV"]'::jsonb,
  '["Gasoline","Hybrid"]'::jsonb,
  '["Automatic"]'::jsonb,
  7,
  8.5
)
on conflict (make_id, slug) do nothing;


insert into public.vehicle_generations (
  id,
  model_id,
  code,
  start_year,
  end_year,
  facelift,
  production_countries,
  body_types,
  fuel_types,
  transmission_types,
  summary
)
values (
  'd5f30ec0-dda3-027d-e14f-380e25687b3b',
  'a65c0130-5dc8-7baa-35e1-3f65df4079f9',
  'First Generation (2016-2023)',
  2016,
  2023,
  true,
  '{"China"}'::text[],
  '["SUV"]'::jsonb,
  '["Gasoline"]'::jsonb,
  '["Automatic"]'::jsonb,
  'The first generation Boyue, also known as the Emgrand Boyue, offered a stylish design and a range of features.'
)
on conflict (model_id, code) do nothing;


insert into public.vehicle_generations (
  id,
  model_id,
  code,
  start_year,
  end_year,
  facelift,
  production_countries,
  body_types,
  fuel_types,
  transmission_types,
  summary
)
values (
  '26a4aa11-222d-3431-644c-52021b1b099f',
  'a65c0130-5dc8-7baa-35e1-3f65df4079f9',
  'Second Generation (2023-Present)',
  2023,
  2024,
  false,
  '{"China"}'::text[],
  '["SUV"]'::jsonb,
  '["Gasoline","Hybrid"]'::jsonb,
  '["Automatic"]'::jsonb,
  'The second generation Boyue features updated styling, improved technology, and a hybrid powertrain option.'
)
on conflict (model_id, code) do nothing;


insert into public.vehicle_insights (
  model_id,
  pros,
  cons,
  inspection_tips,
  notable_features,
  engine_examples,
  common_issues_by_engine,
  reliability_score,
  popularity_score
)
values (
  'a65c0130-5dc8-7baa-35e1-3f65df4079f9',
  '["Stylish design","Spacious interior","Good value for money"]'::jsonb,
  '["Infotainment system can be slow","Some reports of minor engine issues"]'::jsonb,
  '["Check the infotainment system","Inspect the engine for leaks"]'::jsonb,
  '["Panoramic sunroof","Advanced driver-assistance systems"]'::jsonb,
  '["1.8L Turbo","1.5L Turbo","1.5L Turbo Hybrid"]'::jsonb,
  '[{"engine_code":"JLC-4G18TDC","common_issues_ru":["Неисправности турбокомпрессора","Проблемы с датчиками"]},{"engine_code":"JLH-3G15TD","common_issues_ru":["Проблемы с системой охлаждения","Нестабильная работа двигателя"]}]'::jsonb,
  null,
  null
)
on conflict (model_id) do nothing;


insert into public.vehicle_models (
  id,
  make_id,
  slug,
  name_en,
  first_model_year,
  last_model_year,
  years_available,
  body_types_available,
  fuel_types_available,
  transmission_available,
  reliability_score,
  popularity_score
)
values (
  '58ca3515-3108-c1a6-01c5-db162a4e2c62',
  '33f40290-5209-2045-5414-9562280327a1',
  'geely-coolray',
  'Geely Coolray',
  2018,
  2024,
  '{2018,2019,2020,2021,2022,2023,2024}'::int[],
  '["SUV"]'::jsonb,
  '["Gasoline"]'::jsonb,
  '["Automatic"]'::jsonb,
  7.2,
  8.2
)
on conflict (make_id, slug) do nothing;


insert into public.vehicle_generations (
  id,
  model_id,
  code,
  start_year,
  end_year,
  facelift,
  production_countries,
  body_types,
  fuel_types,
  transmission_types,
  summary
)
values (
  'd45b72eb-b566-95dc-a06b-81d05322c78d',
  '58ca3515-3108-c1a6-01c5-db162a4e2c62',
  'First Generation (2018-Present)',
  2018,
  2024,
  true,
  '{"China","Belarus"}'::text[],
  '["SUV"]'::jsonb,
  '["Gasoline"]'::jsonb,
  '["Automatic"]'::jsonb,
  'The Coolray is a compact SUV known for its sporty design and modern features.'
)
on conflict (model_id, code) do nothing;


insert into public.vehicle_insights (
  model_id,
  pros,
  cons,
  inspection_tips,
  notable_features,
  engine_examples,
  common_issues_by_engine,
  reliability_score,
  popularity_score
)
values (
  '58ca3515-3108-c1a6-01c5-db162a4e2c62',
  '["Sporty design","Fuel-efficient engine","Well-equipped interior"]'::jsonb,
  '["Ride can be firm","Some reports of DCT issues"]'::jsonb,
  '["Check the DCT transmission","Inspect the suspension"]'::jsonb,
  '["Turbocharged engine","Digital instrument cluster"]'::jsonb,
  '["1.5L Turbo"]'::jsonb,
  '[{"engine_code":"JLH-3G15TD","common_issues_ru":["Проблемы с роботизированной коробкой передач","Неисправности турбокомпрессора"]}]'::jsonb,
  null,
  null
)
on conflict (model_id) do nothing;


insert into public.vehicle_models (
  id,
  make_id,
  slug,
  name_en,
  first_model_year,
  last_model_year,
  years_available,
  body_types_available,
  fuel_types_available,
  transmission_available,
  reliability_score,
  popularity_score
)
values (
  'cfacff0f-e465-6dc8-ef22-e0d755294d02',
  '33f40290-5209-2045-5414-9562280327a1',
  'geely-emgrand',
  'Geely Emgrand',
  2009,
  2024,
  '{2009,2010,2011,2012,2013,2014,2015,2016,2017,2018,2019,2020,2021,2022,2023,2024}'::int[],
  '["Sedan","Hatchback"]'::jsonb,
  '["Gasoline","Electric"]'::jsonb,
  '["Manual","Automatic","CVT"]'::jsonb,
  7.8,
  8
)
on conflict (make_id, slug) do nothing;


insert into public.vehicle_generations (
  id,
  model_id,
  code,
  start_year,
  end_year,
  facelift,
  production_countries,
  body_types,
  fuel_types,
  transmission_types,
  summary
)
values (
  '924d063f-83a1-419f-f8bb-d4507d5d4487',
  'cfacff0f-e465-6dc8-ef22-e0d755294d02',
  'First Generation (2009-2014)',
  2009,
  2014,
  true,
  '{"China"}'::text[],
  '["Sedan","Hatchback"]'::jsonb,
  '["Gasoline"]'::jsonb,
  '["Manual","Automatic"]'::jsonb,
  'The first generation Emgrand was a budget-friendly sedan and hatchback.'
)
on conflict (model_id, code) do nothing;


insert into public.vehicle_generations (
  id,
  model_id,
  code,
  start_year,
  end_year,
  facelift,
  production_countries,
  body_types,
  fuel_types,
  transmission_types,
  summary
)
values (
  '18337a2a-b079-088a-5cfd-1ae87d5f9f6c',
  'cfacff0f-e465-6dc8-ef22-e0d755294d02',
  'Second Generation (2014-2018)',
  2014,
  2018,
  true,
  '{"China"}'::text[],
  '["Sedan"]'::jsonb,
  '["Gasoline"]'::jsonb,
  '["Manual","Automatic"]'::jsonb,
  'The second generation Emgrand featured a more modern design and improved features.'
)
on conflict (model_id, code) do nothing;


insert into public.vehicle_generations (
  id,
  model_id,
  code,
  start_year,
  end_year,
  facelift,
  production_countries,
  body_types,
  fuel_types,
  transmission_types,
  summary
)
values (
  '75066d8a-dada-85de-4202-18323e985663',
  'cfacff0f-e465-6dc8-ef22-e0d755294d02',
  'Third Generation (2018-2021)',
  2018,
  2021,
  true,
  '{"China"}'::text[],
  '["Sedan"]'::jsonb,
  '["Gasoline"]'::jsonb,
  '["CVT","Manual"]'::jsonb,
  'The third generation Emgrand offered a more refined driving experience.'
)
on conflict (model_id, code) do nothing;


insert into public.vehicle_generations (
  id,
  model_id,
  code,
  start_year,
  end_year,
  facelift,
  production_countries,
  body_types,
  fuel_types,
  transmission_types,
  summary
)
values (
  '710efb50-f2de-9afd-6cce-9cb462c25b07',
  'cfacff0f-e465-6dc8-ef22-e0d755294d02',
  'Fourth Generation (2021-Present)',
  2021,
  2024,
  false,
  '{"China"}'::text[],
  '["Sedan"]'::jsonb,
  '["Gasoline","Electric"]'::jsonb,
  '["CVT"]'::jsonb,
  'The fourth generation Emgrand features a new design and updated technology.'
)
on conflict (model_id, code) do nothing;


insert into public.vehicle_insights (
  model_id,
  pros,
  cons,
  inspection_tips,
  notable_features,
  engine_examples,
  common_issues_by_engine,
  reliability_score,
  popularity_score
)
values (
  'cfacff0f-e465-6dc8-ef22-e0d755294d02',
  '["Affordable price","Good fuel economy","Spacious interior"]'::jsonb,
  '["Basic interior materials","Ride can be a bit noisy"]'::jsonb,
  '["Check the suspension","Inspect the engine for leaks"]'::jsonb,
  '["Touchscreen infotainment system","LED headlights"]'::jsonb,
  '["1.5L","1.8L","Electric"]'::jsonb,
  '[{"engine_code":"JLC-4G18","common_issues_ru":["Утечка масла","Проблемы с системой зажигания"]},{"engine_code":"JLH-4G15","common_issues_ru":["Нестабильная работа двигателя","Проблемы с датчиками"]}]'::jsonb,
  null,
  null
)
on conflict (model_id) do nothing;


insert into public.vehicle_models (
  id,
  make_id,
  slug,
  name_en,
  first_model_year,
  last_model_year,
  years_available,
  body_types_available,
  fuel_types_available,
  transmission_available,
  reliability_score,
  popularity_score
)
values (
  'c4832984-e038-773a-babe-cc925dd2b755',
  '33f40290-5209-2045-5414-9562280327a1',
  'geely-gs',
  'Geely GS',
  2015,
  2020,
  '{2015,2016,2017,2018,2019,2020}'::int[],
  '["SUV"]'::jsonb,
  '["Gasoline"]'::jsonb,
  '["Manual","Automatic"]'::jsonb,
  7.3,
  7.5
)
on conflict (make_id, slug) do nothing;


insert into public.vehicle_generations (
  id,
  model_id,
  code,
  start_year,
  end_year,
  facelift,
  production_countries,
  body_types,
  fuel_types,
  transmission_types,
  summary
)
values (
  '7bb8f4e6-b0b9-a07c-20bd-7aaa80ebbb33',
  'c4832984-e038-773a-babe-cc925dd2b755',
  'First Generation (2015-2020)',
  2015,
  2020,
  true,
  '{"China"}'::text[],
  '["SUV"]'::jsonb,
  '["Gasoline"]'::jsonb,
  '["Manual","Automatic"]'::jsonb,
  'The Geely GS, also known as the Emgrand GS, was a compact SUV with a focus on design and features.'
)
on conflict (model_id, code) do nothing;


insert into public.vehicle_insights (
  model_id,
  pros,
  cons,
  inspection_tips,
  notable_features,
  engine_examples,
  common_issues_by_engine,
  reliability_score,
  popularity_score
)
values (
  'c4832984-e038-773a-babe-cc925dd2b755',
  '["Stylish design","Well-equipped for its price","Comfortable ride"]'::jsonb,
  '["Some reports of infotainment system issues","Limited engine options"]'::jsonb,
  '["Check the infotainment system","Inspect the brakes"]'::jsonb,
  '["Panoramic sunroof","LED daytime running lights"]'::jsonb,
  '["1.8L","1.3L Turbo"]'::jsonb,
  '[{"engine_code":"JLC-4G18","common_issues_ru":["Утечка масла","Проблемы с системой зажигания"]},{"engine_code":"JLH-3G15T","common_issues_ru":["Проблемы с турбокомпрессором","Нестабильная работа двигателя"]}]'::jsonb,
  null,
  null
)
on conflict (model_id) do nothing;


insert into public.vehicle_makes (id, slug, name_en, country, segment_class, is_active, category_path)
values (
  '2fc1203d-6394-fa09-b463-870cf1ccb51c',
  'genesis',
  'Genesis',
  'Южная Корея',
  null,
  true,
  'transport/legkovye-avtomobili'
)
on conflict (id) do nothing;


insert into public.vehicle_models (
  id,
  make_id,
  slug,
  name_en,
  first_model_year,
  last_model_year,
  years_available,
  body_types_available,
  fuel_types_available,
  transmission_available,
  reliability_score,
  popularity_score
)
values (
  '672e3bb5-7b29-98ab-a608-3fdfb3e68509',
  '2fc1203d-6394-fa09-b463-870cf1ccb51c',
  'g70-genesis',
  'Genesis G70',
  2017,
  2024,
  '{2017,2018,2019,2020,2021,2022,2023,2024}'::int[],
  '["Sedan"]'::jsonb,
  '["Gasoline"]'::jsonb,
  '["Automatic"]'::jsonb,
  8,
  7.8
)
on conflict (make_id, slug) do nothing;


insert into public.vehicle_generations (
  id,
  model_id,
  code,
  start_year,
  end_year,
  facelift,
  production_countries,
  body_types,
  fuel_types,
  transmission_types,
  summary
)
values (
  '5783afbf-7823-7636-ec55-fcb6e558de2b',
  '672e3bb5-7b29-98ab-a608-3fdfb3e68509',
  'First Generation (2017-Present)',
  2017,
  2024,
  true,
  '{"South Korea"}'::text[],
  '["Sedan"]'::jsonb,
  '["Gasoline"]'::jsonb,
  '["Automatic"]'::jsonb,
  'The Genesis G70 is a compact executive sedan known for its sporty handling and luxurious interior. It competes with the BMW 3 Series and Audi A4.'
)
on conflict (model_id, code) do nothing;


insert into public.vehicle_insights (
  model_id,
  pros,
  cons,
  inspection_tips,
  notable_features,
  engine_examples,
  common_issues_by_engine,
  reliability_score,
  popularity_score
)
values (
  '672e3bb5-7b29-98ab-a608-3fdfb3e68509',
  '["Sporty handling","Luxurious interior","Competitive price"]'::jsonb,
  '["Limited rear passenger space","Infotainment system can be slow"]'::jsonb,
  '["Check for tire wear","Inspect the brakes","Test the infotainment system"]'::jsonb,
  '["Turbocharged engines","Advanced driver-assistance systems","Sport suspension"]'::jsonb,
  '["2.0L Turbo I4","3.3L Twin-Turbo V6"]'::jsonb,
  '[{"engine_code":"G4KF","common_issues_ru":["Утечка масла","Проблемы с турбонаддувом"]},{"engine_code":"G6DC","common_issues_ru":["Износ свечей зажигания","Проблемы с топливным насосом"]}]'::jsonb,
  null,
  null
)
on conflict (model_id) do nothing;


insert into public.vehicle_models (
  id,
  make_id,
  slug,
  name_en,
  first_model_year,
  last_model_year,
  years_available,
  body_types_available,
  fuel_types_available,
  transmission_available,
  reliability_score,
  popularity_score
)
values (
  '68f5b474-0de0-fc14-2184-7006c64402a1',
  '2fc1203d-6394-fa09-b463-870cf1ccb51c',
  'g80-genesis',
  'Genesis G80',
  2016,
  2024,
  '{2016,2017,2018,2019,2020,2021,2022,2023,2024}'::int[],
  '["Sedan"]'::jsonb,
  '["Gasoline"]'::jsonb,
  '["Automatic"]'::jsonb,
  8.2,
  8.1
)
on conflict (make_id, slug) do nothing;


insert into public.vehicle_generations (
  id,
  model_id,
  code,
  start_year,
  end_year,
  facelift,
  production_countries,
  body_types,
  fuel_types,
  transmission_types,
  summary
)
values (
  '5230e388-1fa8-d183-9f72-0ba5603bff96',
  '68f5b474-0de0-fc14-2184-7006c64402a1',
  'Second Generation (2020-Present)',
  2020,
  2024,
  false,
  '{"South Korea"}'::text[],
  '["Sedan"]'::jsonb,
  '["Gasoline"]'::jsonb,
  '["Automatic"]'::jsonb,
  'The Genesis G80 is a mid-size luxury sedan offering a blend of comfort, performance, and advanced technology. It competes with the BMW 5 Series and Mercedes-Benz E-Class.'
)
on conflict (model_id, code) do nothing;


insert into public.vehicle_generations (
  id,
  model_id,
  code,
  start_year,
  end_year,
  facelift,
  production_countries,
  body_types,
  fuel_types,
  transmission_types,
  summary
)
values (
  '2df28a0a-e285-6928-b55e-f53b73815b6b',
  '68f5b474-0de0-fc14-2184-7006c64402a1',
  'First Generation (2016-2020)',
  2016,
  2020,
  true,
  '{"South Korea"}'::text[],
  '["Sedan"]'::jsonb,
  '["Gasoline"]'::jsonb,
  '["Automatic"]'::jsonb,
  'The first generation G80 was a rebadged Hyundai Genesis, offering a luxurious experience at a competitive price.'
)
on conflict (model_id, code) do nothing;


insert into public.vehicle_insights (
  model_id,
  pros,
  cons,
  inspection_tips,
  notable_features,
  engine_examples,
  common_issues_by_engine,
  reliability_score,
  popularity_score
)
values (
  '68f5b474-0de0-fc14-2184-7006c64402a1',
  '["Elegant design","Spacious interior","Advanced technology"]'::jsonb,
  '["Ride can be firm","Infotainment system can be complex"]'::jsonb,
  '["Check for suspension issues","Inspect the brakes","Test the electronic features"]'::jsonb,
  '["Adaptive cruise control","Lane-keeping assist","Premium audio system"]'::jsonb,
  '["2.5L Turbo I4","3.5L Twin-Turbo V6"]'::jsonb,
  '[{"engine_code":"G4KH","common_issues_ru":["Утечка масла","Проблемы с турбонаддувом"]},{"engine_code":"G6DU","common_issues_ru":["Износ свечей зажигания","Проблемы с топливным насосом"]}]'::jsonb,
  null,
  null
)
on conflict (model_id) do nothing;


insert into public.vehicle_models (
  id,
  make_id,
  slug,
  name_en,
  first_model_year,
  last_model_year,
  years_available,
  body_types_available,
  fuel_types_available,
  transmission_available,
  reliability_score,
  popularity_score
)
values (
  '3ebdf427-2c53-630d-a73c-db325c1ad440',
  '2fc1203d-6394-fa09-b463-870cf1ccb51c',
  'g90-genesis',
  'Genesis G90',
  2015,
  2024,
  '{2015,2016,2017,2018,2019,2020,2021,2022,2023,2024}'::int[],
  '["Sedan"]'::jsonb,
  '["Gasoline"]'::jsonb,
  '["Automatic"]'::jsonb,
  8.5,
  7.5
)
on conflict (make_id, slug) do nothing;


insert into public.vehicle_generations (
  id,
  model_id,
  code,
  start_year,
  end_year,
  facelift,
  production_countries,
  body_types,
  fuel_types,
  transmission_types,
  summary
)
values (
  'ea2a495d-c935-3d04-76f3-cfb7565611de',
  '3ebdf427-2c53-630d-a73c-db325c1ad440',
  'Second Generation (2022-Present)',
  2022,
  2024,
  false,
  '{"South Korea"}'::text[],
  '["Sedan"]'::jsonb,
  '["Gasoline"]'::jsonb,
  '["Automatic"]'::jsonb,
  'The Genesis G90 is a full-size luxury sedan, the flagship model of the Genesis brand, offering a high level of comfort, technology, and refinement.'
)
on conflict (model_id, code) do nothing;


insert into public.vehicle_generations (
  id,
  model_id,
  code,
  start_year,
  end_year,
  facelift,
  production_countries,
  body_types,
  fuel_types,
  transmission_types,
  summary
)
values (
  '8ff65cfe-697d-253c-9ef9-0a95d02a880a',
  '3ebdf427-2c53-630d-a73c-db325c1ad440',
  'First Generation (2015-2022)',
  2015,
  2022,
  true,
  '{"South Korea"}'::text[],
  '["Sedan"]'::jsonb,
  '["Gasoline"]'::jsonb,
  '["Automatic"]'::jsonb,
  'The first generation G90 offered a luxurious experience and was a strong competitor in the full-size luxury sedan market.'
)
on conflict (model_id, code) do nothing;


insert into public.vehicle_insights (
  model_id,
  pros,
  cons,
  inspection_tips,
  notable_features,
  engine_examples,
  common_issues_by_engine,
  reliability_score,
  popularity_score
)
values (
  '3ebdf427-2c53-630d-a73c-db325c1ad440',
  '["Luxurious interior","Smooth ride","Advanced features"]'::jsonb,
  '["Fuel economy","Limited brand recognition"]'::jsonb,
  '["Check for electrical issues","Inspect the suspension","Test all features"]'::jsonb,
  '["Rear-seat entertainment system","Advanced driver-assistance systems","Premium materials"]'::jsonb,
  '["3.3L Twin-Turbo V6","5.0L V8"]'::jsonb,
  '[{"engine_code":"G6DC","common_issues_ru":["Утечка масла","Проблемы с топливным насосом"]},{"engine_code":"G8KE","common_issues_ru":["Износ свечей зажигания","Проблемы с катализатором"]}]'::jsonb,
  null,
  null
)
on conflict (model_id) do nothing;


insert into public.vehicle_models (
  id,
  make_id,
  slug,
  name_en,
  first_model_year,
  last_model_year,
  years_available,
  body_types_available,
  fuel_types_available,
  transmission_available,
  reliability_score,
  popularity_score
)
values (
  'dd47992f-ee42-e0d9-26ed-8622c7bc0e2a',
  '2fc1203d-6394-fa09-b463-870cf1ccb51c',
  'gv70-genesis',
  'Genesis GV70',
  2020,
  2024,
  '{2020,2021,2022,2023,2024}'::int[],
  '["SUV"]'::jsonb,
  '["Gasoline"]'::jsonb,
  '["Automatic"]'::jsonb,
  7.9,
  8.3
)
on conflict (make_id, slug) do nothing;


insert into public.vehicle_generations (
  id,
  model_id,
  code,
  start_year,
  end_year,
  facelift,
  production_countries,
  body_types,
  fuel_types,
  transmission_types,
  summary
)
values (
  'a6d2c31e-c09a-da14-d878-a9aef9c7bf86',
  'dd47992f-ee42-e0d9-26ed-8622c7bc0e2a',
  'First Generation (2020-Present)',
  2020,
  2024,
  true,
  '{"South Korea"}'::text[],
  '["SUV"]'::jsonb,
  '["Gasoline"]'::jsonb,
  '["Automatic"]'::jsonb,
  'The Genesis GV70 is a compact luxury SUV known for its sporty design, luxurious interior, and engaging driving dynamics. It competes with the BMW X3 and Audi Q5.'
)
on conflict (model_id, code) do nothing;


insert into public.vehicle_insights (
  model_id,
  pros,
  cons,
  inspection_tips,
  notable_features,
  engine_examples,
  common_issues_by_engine,
  reliability_score,
  popularity_score
)
values (
  'dd47992f-ee42-e0d9-26ed-8622c7bc0e2a',
  '["Stylish design","Sporty handling","Luxurious interior"]'::jsonb,
  '["Rear visibility can be limited","Infotainment system can be complex"]'::jsonb,
  '["Check for tire wear","Inspect the brakes","Test the infotainment system"]'::jsonb,
  '["Turbocharged engines","Advanced driver-assistance systems","Sport suspension"]'::jsonb,
  '["2.5L Turbo I4","3.5L Twin-Turbo V6"]'::jsonb,
  '[{"engine_code":"G4KF","common_issues_ru":["Утечка масла","Проблемы с турбонаддувом"]},{"engine_code":"G6DC","common_issues_ru":["Износ свечей зажигания","Проблемы с топливным насосом"]}]'::jsonb,
  null,
  null
)
on conflict (model_id) do nothing;


insert into public.vehicle_models (
  id,
  make_id,
  slug,
  name_en,
  first_model_year,
  last_model_year,
  years_available,
  body_types_available,
  fuel_types_available,
  transmission_available,
  reliability_score,
  popularity_score
)
values (
  '6b578ebe-9504-2d36-e609-8f842fe504d8',
  '2fc1203d-6394-fa09-b463-870cf1ccb51c',
  'gv80-genesis',
  'Genesis GV80',
  2020,
  2024,
  '{2020,2021,2022,2023,2024}'::int[],
  '["SUV"]'::jsonb,
  '["Gasoline","Diesel"]'::jsonb,
  '["Automatic"]'::jsonb,
  7.7,
  8.5
)
on conflict (make_id, slug) do nothing;


insert into public.vehicle_generations (
  id,
  model_id,
  code,
  start_year,
  end_year,
  facelift,
  production_countries,
  body_types,
  fuel_types,
  transmission_types,
  summary
)
values (
  'aabfaf19-de23-1156-7e43-8248b745cc84',
  '6b578ebe-9504-2d36-e609-8f842fe504d8',
  'First Generation (2020-Present)',
  2020,
  2024,
  true,
  '{"South Korea"}'::text[],
  '["SUV"]'::jsonb,
  '["Gasoline","Diesel"]'::jsonb,
  '["Automatic"]'::jsonb,
  'The Genesis GV80 is a mid-size luxury SUV offering a blend of style, comfort, and advanced technology. It competes with the BMW X5 and Mercedes-Benz GLE.'
)
on conflict (model_id, code) do nothing;


insert into public.vehicle_insights (
  model_id,
  pros,
  cons,
  inspection_tips,
  notable_features,
  engine_examples,
  common_issues_by_engine,
  reliability_score,
  popularity_score
)
values (
  '6b578ebe-9504-2d36-e609-8f842fe504d8',
  '["Stylish design","Luxurious interior","Spacious cabin"]'::jsonb,
  '["Infotainment system can be complex","Some reports of reliability issues"]'::jsonb,
  '["Check for electrical issues","Inspect the suspension","Test all features"]'::jsonb,
  '["Advanced driver-assistance systems","Premium audio system","Nappa leather seats"]'::jsonb,
  '["2.5L Turbo I4","3.5L Twin-Turbo V6","3.0L Diesel I6"]'::jsonb,
  '[{"engine_code":"G4KF","common_issues_ru":["Утечка масла","Проблемы с турбонаддувом"]},{"engine_code":"D4HB","common_issues_ru":["Проблемы с сажевым фильтром","Утечка масла"]}]'::jsonb,
  null,
  null
)
on conflict (model_id) do nothing;


insert into public.vehicle_makes (id, slug, name_en, country, segment_class, is_active, category_path)
values (
  '54f049aa-64a7-094b-c504-67cbfc899022',
  'great-wall',
  'Great Wall',
  'Китай',
  null,
  true,
  'transport/legkovye-avtomobili'
)
on conflict (id) do nothing;


insert into public.vehicle_models (
  id,
  make_id,
  slug,
  name_en,
  first_model_year,
  last_model_year,
  years_available,
  body_types_available,
  fuel_types_available,
  transmission_available,
  reliability_score,
  popularity_score
)
values (
  '588248fa-6713-6ab3-6bba-635585be11f5',
  '54f049aa-64a7-094b-c504-67cbfc899022',
  'haval-h6',
  'Haval H6',
  2011,
  2024,
  '{2011,2012,2013,2014,2015,2016,2017,2018,2019,2020,2021,2022,2023,2024}'::int[],
  '["SUV"]'::jsonb,
  '["Gasoline","Hybrid","Plug-in Hybrid"]'::jsonb,
  '["Manual","Automatic","Dual-Clutch"]'::jsonb,
  7,
  8.5
)
on conflict (make_id, slug) do nothing;


insert into public.vehicle_generations (
  id,
  model_id,
  code,
  start_year,
  end_year,
  facelift,
  production_countries,
  body_types,
  fuel_types,
  transmission_types,
  summary
)
values (
  'd61a8626-bcfb-b84c-d234-298df8592eaf',
  '588248fa-6713-6ab3-6bba-635585be11f5',
  'First Generation (2011-2017)',
  2011,
  2017,
  true,
  '{"China","Russia"}'::text[],
  '["SUV"]'::jsonb,
  '["Gasoline","Diesel"]'::jsonb,
  '["Manual","Automatic"]'::jsonb,
  'The first generation of the Haval H6, known for its affordability and practicality.  Facelifted in 2014.'
)
on conflict (model_id, code) do nothing;


insert into public.vehicle_generations (
  id,
  model_id,
  code,
  start_year,
  end_year,
  facelift,
  production_countries,
  body_types,
  fuel_types,
  transmission_types,
  summary
)
values (
  'e69a8343-30c4-4f63-0587-abdc20f6a9a3',
  '588248fa-6713-6ab3-6bba-635585be11f5',
  'Second Generation (2017-2020)',
  2017,
  2020,
  false,
  '{"China","Russia"}'::text[],
  '["SUV"]'::jsonb,
  '["Gasoline","Diesel"]'::jsonb,
  '["Automatic","Dual-Clutch"]'::jsonb,
  'A redesigned H6 with improved features and a focus on technology.'
)
on conflict (model_id, code) do nothing;


insert into public.vehicle_generations (
  id,
  model_id,
  code,
  start_year,
  end_year,
  facelift,
  production_countries,
  body_types,
  fuel_types,
  transmission_types,
  summary
)
values (
  'fb806ead-ee2f-d6ac-75de-bc9411163b33',
  '588248fa-6713-6ab3-6bba-635585be11f5',
  'Third Generation (2020-Current)',
  2020,
  2024,
  false,
  '{"China","Thailand"}'::text[],
  '["SUV"]'::jsonb,
  '["Gasoline","Hybrid","Plug-in Hybrid"]'::jsonb,
  '["Automatic","Dual-Clutch"]'::jsonb,
  'The current generation, featuring a more modern design and advanced driver-assistance systems.'
)
on conflict (model_id, code) do nothing;


insert into public.vehicle_insights (
  model_id,
  pros,
  cons,
  inspection_tips,
  notable_features,
  engine_examples,
  common_issues_by_engine,
  reliability_score,
  popularity_score
)
values (
  '588248fa-6713-6ab3-6bba-635585be11f5',
  '["Spacious interior","Good value for money","Fuel efficiency"]'::jsonb,
  '["Some interior materials feel cheap","Infotainment system can be slow","Ride quality can be firm"]'::jsonb,
  '["Check for rust on undercarriage","Inspect the suspension","Test the infotainment system"]'::jsonb,
  '["Panoramic sunroof","Adaptive cruise control","Lane keeping assist"]'::jsonb,
  '["1.5L Turbo I4","2.0L Turbo I4","1.5L Turbo Hybrid"]'::jsonb,
  '[{"engine_code":"GW4G15B","common_issues_ru":["Растяжение цепи ГРМ","Утечки масла"]},{"engine_code":"GW4C20NT","common_issues_ru":["Неисправности турбокомпрессора","Проблемы с датчиками"]}]'::jsonb,
  null,
  null
)
on conflict (model_id) do nothing;


insert into public.vehicle_models (
  id,
  make_id,
  slug,
  name_en,
  first_model_year,
  last_model_year,
  years_available,
  body_types_available,
  fuel_types_available,
  transmission_available,
  reliability_score,
  popularity_score
)
values (
  '81f96fe6-1aeb-839f-5cf3-1ce048da014f',
  '54f049aa-64a7-094b-c504-67cbfc899022',
  'haval-h9',
  'Haval H9',
  2014,
  2024,
  '{2014,2015,2016,2017,2018,2019,2020,2021,2022,2023,2024}'::int[],
  '["SUV"]'::jsonb,
  '["Gasoline","Diesel"]'::jsonb,
  '["Automatic"]'::jsonb,
  6.5,
  7
)
on conflict (make_id, slug) do nothing;


insert into public.vehicle_generations (
  id,
  model_id,
  code,
  start_year,
  end_year,
  facelift,
  production_countries,
  body_types,
  fuel_types,
  transmission_types,
  summary
)
values (
  '6133e44f-6dbd-b45d-259c-0d223ada9bdf',
  '81f96fe6-1aeb-839f-5cf3-1ce048da014f',
  'First Generation (2014-2020)',
  2014,
  2020,
  true,
  '{"China","Russia"}'::text[],
  '["SUV"]'::jsonb,
  '["Gasoline","Diesel"]'::jsonb,
  '["Automatic"]'::jsonb,
  'A mid-size SUV with off-road capabilities. Facelifted in 2017.'
)
on conflict (model_id, code) do nothing;


insert into public.vehicle_generations (
  id,
  model_id,
  code,
  start_year,
  end_year,
  facelift,
  production_countries,
  body_types,
  fuel_types,
  transmission_types,
  summary
)
values (
  '409067e0-1af7-01e3-ffc8-eaf033777261',
  '81f96fe6-1aeb-839f-5cf3-1ce048da014f',
  'Second Generation (2020-Current)',
  2020,
  2024,
  false,
  '{"China"}'::text[],
  '["SUV"]'::jsonb,
  '["Gasoline"]'::jsonb,
  '["Automatic"]'::jsonb,
  'The current generation, with updated styling and features.'
)
on conflict (model_id, code) do nothing;


insert into public.vehicle_insights (
  model_id,
  pros,
  cons,
  inspection_tips,
  notable_features,
  engine_examples,
  common_issues_by_engine,
  reliability_score,
  popularity_score
)
values (
  '81f96fe6-1aeb-839f-5cf3-1ce048da014f',
  '["Off-road capability","Spacious interior","Comfortable ride"]'::jsonb,
  '["Fuel consumption","Infotainment system","Some interior materials"]'::jsonb,
  '["Check for off-road damage","Inspect the suspension","Test the 4WD system"]'::jsonb,
  '["Four-wheel drive","Locking differentials","Terrain modes"]'::jsonb,
  '["2.0L Turbo I4","3.0L V6"]'::jsonb,
  '[{"engine_code":"GW4C20B","common_issues_ru":["Проблемы с турбонаддувом","Утечки масла"]},{"engine_code":"GW6N30","common_issues_ru":["Высокий расход масла","Нестабильная работа"]}]'::jsonb,
  null,
  null
)
on conflict (model_id) do nothing;


insert into public.vehicle_models (
  id,
  make_id,
  slug,
  name_en,
  first_model_year,
  last_model_year,
  years_available,
  body_types_available,
  fuel_types_available,
  transmission_available,
  reliability_score,
  popularity_score
)
values (
  '41b389d1-55f3-9076-cf09-0aaf063e80e9',
  '54f049aa-64a7-094b-c504-67cbfc899022',
  'wingle',
  'Great Wall Wingle',
  2009,
  2024,
  '{2009,2010,2011,2012,2013,2014,2015,2016,2017,2018,2019,2020,2021,2022,2023,2024}'::int[],
  '["Pickup Truck"]'::jsonb,
  '["Gasoline","Diesel"]'::jsonb,
  '["Manual"]'::jsonb,
  6,
  6.5
)
on conflict (make_id, slug) do nothing;


insert into public.vehicle_generations (
  id,
  model_id,
  code,
  start_year,
  end_year,
  facelift,
  production_countries,
  body_types,
  fuel_types,
  transmission_types,
  summary
)
values (
  'bdf321b6-59a3-9e10-e694-4e85e71e5517',
  '41b389d1-55f3-9076-cf09-0aaf063e80e9',
  'First Generation (2009-2016)',
  2009,
  2016,
  true,
  '{"China","Russia"}'::text[],
  '["Pickup Truck"]'::jsonb,
  '["Gasoline","Diesel"]'::jsonb,
  '["Manual"]'::jsonb,
  'The first generation of the Wingle, a basic and affordable pickup truck. Facelifted in 2012.'
)
on conflict (model_id, code) do nothing;


insert into public.vehicle_generations (
  id,
  model_id,
  code,
  start_year,
  end_year,
  facelift,
  production_countries,
  body_types,
  fuel_types,
  transmission_types,
  summary
)
values (
  '23a40914-de93-4c2c-a489-c93fb2c58156',
  '41b389d1-55f3-9076-cf09-0aaf063e80e9',
  'Second Generation (2016-2021)',
  2016,
  2021,
  false,
  '{"China"}'::text[],
  '["Pickup Truck"]'::jsonb,
  '["Gasoline","Diesel"]'::jsonb,
  '["Manual"]'::jsonb,
  'An updated version with revised styling and features.'
)
on conflict (model_id, code) do nothing;


insert into public.vehicle_generations (
  id,
  model_id,
  code,
  start_year,
  end_year,
  facelift,
  production_countries,
  body_types,
  fuel_types,
  transmission_types,
  summary
)
values (
  '8a3df751-d605-f70f-5086-3d8c67594bb4',
  '41b389d1-55f3-9076-cf09-0aaf063e80e9',
  'Third Generation (2021-Current)',
  2021,
  2024,
  false,
  '{"China"}'::text[],
  '["Pickup Truck"]'::jsonb,
  '["Gasoline","Diesel"]'::jsonb,
  '["Manual"]'::jsonb,
  'The current generation, with a more modern design and improved capabilities.'
)
on conflict (model_id, code) do nothing;


insert into public.vehicle_insights (
  model_id,
  pros,
  cons,
  inspection_tips,
  notable_features,
  engine_examples,
  common_issues_by_engine,
  reliability_score,
  popularity_score
)
values (
  '41b389d1-55f3-9076-cf09-0aaf063e80e9',
  '["Affordable price","Good payload capacity","Simple mechanics"]'::jsonb,
  '["Basic interior","Ride quality can be rough","Limited features"]'::jsonb,
  '["Check for rust","Inspect the suspension","Test the engine under load"]'::jsonb,
  '["Four-wheel drive (optional)","Heavy-duty suspension"]'::jsonb,
  '["2.0L Turbo Diesel","2.4L Gasoline"]'::jsonb,
  '[{"engine_code":"GW4D20","common_issues_ru":["Проблемы с форсунками","Неисправности турбокомпрессора"]},{"engine_code":"4G69","common_issues_ru":["Повышенный расход масла","Нестабильная работа на холостом ходу"]}]'::jsonb,
  null,
  null
)
on conflict (model_id) do nothing;


insert into public.vehicle_makes (id, slug, name_en, country, segment_class, is_active, category_path)
values (
  '6378c8f5-a0f1-5490-3c31-7dfcdc720411',
  'haval',
  'Haval',
  'Китай',
  null,
  true,
  'transport/legkovye-avtomobili'
)
on conflict (id) do nothing;


insert into public.vehicle_models (
  id,
  make_id,
  slug,
  name_en,
  first_model_year,
  last_model_year,
  years_available,
  body_types_available,
  fuel_types_available,
  transmission_available,
  reliability_score,
  popularity_score
)
values (
  'c23b90b7-2635-0063-eda5-971fe76e2b5b',
  '6378c8f5-a0f1-5490-3c31-7dfcdc720411',
  'haval-f7',
  'Haval F7',
  2018,
  2024,
  '{2018,2019,2020,2021,2022,2023,2024}'::int[],
  '["SUV"]'::jsonb,
  '["Gasoline"]'::jsonb,
  '["Automatic"]'::jsonb,
  7,
  8.5
)
on conflict (make_id, slug) do nothing;


insert into public.vehicle_generations (
  id,
  model_id,
  code,
  start_year,
  end_year,
  facelift,
  production_countries,
  body_types,
  fuel_types,
  transmission_types,
  summary
)
values (
  '3acc941d-8149-0b2a-5f42-e68757db206d',
  'c23b90b7-2635-0063-eda5-971fe76e2b5b',
  'Generation I (2018-Present)',
  2018,
  2024,
  true,
  '{"China","Russia"}'::text[],
  '["SUV"]'::jsonb,
  '["Gasoline"]'::jsonb,
  '["Automatic"]'::jsonb,
  'The Haval F7 is a compact SUV known for its modern design, spacious interior, and advanced technology features. It offers a comfortable ride and a range of engine options.'
)
on conflict (model_id, code) do nothing;


insert into public.vehicle_insights (
  model_id,
  pros,
  cons,
  inspection_tips,
  notable_features,
  engine_examples,
  common_issues_by_engine,
  reliability_score,
  popularity_score
)
values (
  'c23b90b7-2635-0063-eda5-971fe76e2b5b',
  '["Spacious interior","Modern design","Advanced technology"]'::jsonb,
  '["Some reports of infotainment system glitches","Fuel economy could be better"]'::jsonb,
  '["Check the infotainment system functionality","Inspect the suspension for any unusual noises"]'::jsonb,
  '["Digital instrument cluster","Panoramic sunroof","Advanced driver-assistance systems (ADAS)"]'::jsonb,
  '["1.5L Turbo I4","2.0L Turbo I4"]'::jsonb,
  '[{"engine_code":"GW4B15","common_issues_ru":["Проблемы с турбонаддувом","Неисправности системы охлаждения"]},{"engine_code":"GW4C20","common_issues_ru":["Растяжение цепи ГРМ","Утечки масла"]}]'::jsonb,
  null,
  null
)
on conflict (model_id) do nothing;


insert into public.vehicle_models (
  id,
  make_id,
  slug,
  name_en,
  first_model_year,
  last_model_year,
  years_available,
  body_types_available,
  fuel_types_available,
  transmission_available,
  reliability_score,
  popularity_score
)
values (
  '2177c2db-2ad8-d76f-9c81-e155d1ffdb1f',
  '6378c8f5-a0f1-5490-3c31-7dfcdc720411',
  'haval-f7x',
  'Haval F7x',
  2019,
  2024,
  '{2019,2020,2021,2022,2023,2024}'::int[],
  '["SUV Coupe"]'::jsonb,
  '["Gasoline"]'::jsonb,
  '["Automatic"]'::jsonb,
  7.2,
  8.2
)
on conflict (make_id, slug) do nothing;


insert into public.vehicle_generations (
  id,
  model_id,
  code,
  start_year,
  end_year,
  facelift,
  production_countries,
  body_types,
  fuel_types,
  transmission_types,
  summary
)
values (
  '778aa1d0-6c8d-5e77-d2f2-0d5c7ecb0dd1',
  '2177c2db-2ad8-d76f-9c81-e155d1ffdb1f',
  'Generation I (2019-Present)',
  2019,
  2024,
  true,
  '{"China","Russia"}'::text[],
  '["SUV Coupe"]'::jsonb,
  '["Gasoline"]'::jsonb,
  '["Automatic"]'::jsonb,
  'The Haval F7x is a coupe-SUV variant of the F7, featuring a more sporty and dynamic design. It offers similar features and engine options as the F7, with a focus on a more stylish appearance.'
)
on conflict (model_id, code) do nothing;


insert into public.vehicle_insights (
  model_id,
  pros,
  cons,
  inspection_tips,
  notable_features,
  engine_examples,
  common_issues_by_engine,
  reliability_score,
  popularity_score
)
values (
  '2177c2db-2ad8-d76f-9c81-e155d1ffdb1f',
  '["Stylish design","Sporty handling","Well-equipped interior"]'::jsonb,
  '["Rear visibility can be limited","Ride can be firm"]'::jsonb,
  '["Check the condition of the tires","Inspect the rear suspension"]'::jsonb,
  '["Coupe-SUV design","Sport mode","Advanced driver-assistance systems (ADAS)"]'::jsonb,
  '["1.5L Turbo I4","2.0L Turbo I4"]'::jsonb,
  '[{"engine_code":"GW4B15","common_issues_ru":["Проблемы с турбонаддувом","Неисправности системы охлаждения"]},{"engine_code":"GW4C20","common_issues_ru":["Растяжение цепи ГРМ","Утечки масла"]}]'::jsonb,
  null,
  null
)
on conflict (model_id) do nothing;


insert into public.vehicle_makes (id, slug, name_en, country, segment_class, is_active, category_path)
values (
  '72720172-a304-d593-5816-e58be437a0a1',
  'honda',
  'Honda',
  'Япония',
  null,
  true,
  'transport/legkovye-avtomobili'
)
on conflict (id) do nothing;


insert into public.vehicle_models (
  id,
  make_id,
  slug,
  name_en,
  first_model_year,
  last_model_year,
  years_available,
  body_types_available,
  fuel_types_available,
  transmission_available,
  reliability_score,
  popularity_score
)
values (
  '6f7dd005-c83d-504c-a569-d76fd21a038f',
  '72720172-a304-d593-5816-e58be437a0a1',
  'accord',
  'Accord',
  1976,
  2024,
  '{1976,1980,1985,1990,1995,2000,2005,2010,2015,2020,2024}'::int[],
  '["Sedan","Coupe","Wagon","Hatchback"]'::jsonb,
  '["Gasoline","Hybrid"]'::jsonb,
  '["Manual","Automatic","CVT"]'::jsonb,
  8,
  8.5
)
on conflict (make_id, slug) do nothing;


insert into public.vehicle_generations (
  id,
  model_id,
  code,
  start_year,
  end_year,
  facelift,
  production_countries,
  body_types,
  fuel_types,
  transmission_types,
  summary
)
values (
  '870145ce-96f7-bd22-c864-e8c703f1861d',
  '6f7dd005-c83d-504c-a569-d76fd21a038f',
  'First Generation (1976-1981)',
  1976,
  1981,
  false,
  '{"Japan"}'::text[],
  '["Hatchback","Sedan"]'::jsonb,
  '["Gasoline"]'::jsonb,
  '["Manual","Automatic"]'::jsonb,
  'The first generation Accord was a compact car known for its fuel efficiency and reliability.'
)
on conflict (model_id, code) do nothing;


insert into public.vehicle_generations (
  id,
  model_id,
  code,
  start_year,
  end_year,
  facelift,
  production_countries,
  body_types,
  fuel_types,
  transmission_types,
  summary
)
values (
  '065a4b53-202e-ac09-16b8-4a61c8c7bbd0',
  '6f7dd005-c83d-504c-a569-d76fd21a038f',
  'Second Generation (1982-1985)',
  1982,
  1985,
  false,
  '{"Japan"}'::text[],
  '["Sedan","Hatchback","Coupe"]'::jsonb,
  '["Gasoline"]'::jsonb,
  '["Manual","Automatic"]'::jsonb,
  'The second generation saw the introduction of a coupe and improved engine options.'
)
on conflict (model_id, code) do nothing;


insert into public.vehicle_generations (
  id,
  model_id,
  code,
  start_year,
  end_year,
  facelift,
  production_countries,
  body_types,
  fuel_types,
  transmission_types,
  summary
)
values (
  'fea69401-4628-b151-3929-aba047f348d5',
  '6f7dd005-c83d-504c-a569-d76fd21a038f',
  'Third Generation (1986-1989)',
  1986,
  1989,
  false,
  '{"Japan","United States"}'::text[],
  '["Sedan","Coupe","Hatchback"]'::jsonb,
  '["Gasoline"]'::jsonb,
  '["Manual","Automatic"]'::jsonb,
  'The third generation featured a more aerodynamic design and a double-wishbone suspension.'
)
on conflict (model_id, code) do nothing;


insert into public.vehicle_generations (
  id,
  model_id,
  code,
  start_year,
  end_year,
  facelift,
  production_countries,
  body_types,
  fuel_types,
  transmission_types,
  summary
)
values (
  '5c212c7b-8b4b-fa68-9cc2-c44929937655',
  '6f7dd005-c83d-504c-a569-d76fd21a038f',
  'Fourth Generation (1990-1993)',
  1990,
  1993,
  false,
  '{"Japan","United States"}'::text[],
  '["Sedan","Coupe"]'::jsonb,
  '["Gasoline"]'::jsonb,
  '["Manual","Automatic"]'::jsonb,
  'The fourth generation Accord grew in size and offered more features.'
)
on conflict (model_id, code) do nothing;


insert into public.vehicle_generations (
  id,
  model_id,
  code,
  start_year,
  end_year,
  facelift,
  production_countries,
  body_types,
  fuel_types,
  transmission_types,
  summary
)
values (
  '56ee1300-28cb-4559-948d-b15c6d5ca035',
  '6f7dd005-c83d-504c-a569-d76fd21a038f',
  'Fifth Generation (1994-1997)',
  1994,
  1997,
  true,
  '{"Japan","United States"}'::text[],
  '["Sedan","Coupe"]'::jsonb,
  '["Gasoline"]'::jsonb,
  '["Manual","Automatic"]'::jsonb,
  'The fifth generation saw a redesign and improved safety features.'
)
on conflict (model_id, code) do nothing;


insert into public.vehicle_generations (
  id,
  model_id,
  code,
  start_year,
  end_year,
  facelift,
  production_countries,
  body_types,
  fuel_types,
  transmission_types,
  summary
)
values (
  'e5c5d416-3105-2ad7-9ff0-0b58348c65e9',
  '6f7dd005-c83d-504c-a569-d76fd21a038f',
  'Sixth Generation (1998-2002)',
  1998,
  2002,
  true,
  '{"Japan","United States"}'::text[],
  '["Sedan","Coupe"]'::jsonb,
  '["Gasoline"]'::jsonb,
  '["Manual","Automatic"]'::jsonb,
  'The sixth generation featured a more refined interior and improved engine options.'
)
on conflict (model_id, code) do nothing;


insert into public.vehicle_generations (
  id,
  model_id,
  code,
  start_year,
  end_year,
  facelift,
  production_countries,
  body_types,
  fuel_types,
  transmission_types,
  summary
)
values (
  '4fe41e96-8548-8d3a-d1ec-0d877ab5043a',
  '6f7dd005-c83d-504c-a569-d76fd21a038f',
  'Seventh Generation (2003-2007)',
  2003,
  2007,
  true,
  '{"Japan","United States"}'::text[],
  '["Sedan","Coupe"]'::jsonb,
  '["Gasoline"]'::jsonb,
  '["Manual","Automatic"]'::jsonb,
  'The seventh generation offered a larger size and more powerful engines.'
)
on conflict (model_id, code) do nothing;


insert into public.vehicle_generations (
  id,
  model_id,
  code,
  start_year,
  end_year,
  facelift,
  production_countries,
  body_types,
  fuel_types,
  transmission_types,
  summary
)
values (
  'ba4d288c-bfa2-e189-d2f4-b719eba63aa8',
  '6f7dd005-c83d-504c-a569-d76fd21a038f',
  'Eighth Generation (2008-2012)',
  2008,
  2012,
  true,
  '{"Japan","United States"}'::text[],
  '["Sedan","Coupe"]'::jsonb,
  '["Gasoline"]'::jsonb,
  '["Manual","Automatic"]'::jsonb,
  'The eighth generation featured a more aggressive design and improved fuel economy.'
)
on conflict (model_id, code) do nothing;


insert into public.vehicle_generations (
  id,
  model_id,
  code,
  start_year,
  end_year,
  facelift,
  production_countries,
  body_types,
  fuel_types,
  transmission_types,
  summary
)
values (
  '5658d5d7-a51a-1405-c31e-ce91641f42b4',
  '6f7dd005-c83d-504c-a569-d76fd21a038f',
  'Ninth Generation (2013-2017)',
  2013,
  2017,
  true,
  '{"United States"}'::text[],
  '["Sedan","Coupe"]'::jsonb,
  '["Gasoline","Hybrid"]'::jsonb,
  '["Manual","Automatic","CVT"]'::jsonb,
  'The ninth generation introduced a hybrid variant and advanced safety features.'
)
on conflict (model_id, code) do nothing;


insert into public.vehicle_generations (
  id,
  model_id,
  code,
  start_year,
  end_year,
  facelift,
  production_countries,
  body_types,
  fuel_types,
  transmission_types,
  summary
)
values (
  '6e5e5bbe-1212-3ece-0dc9-2ec1c6a57595',
  '6f7dd005-c83d-504c-a569-d76fd21a038f',
  'Tenth Generation (2018-2022)',
  2018,
  2022,
  true,
  '{"United States"}'::text[],
  '["Sedan"]'::jsonb,
  '["Gasoline","Hybrid"]'::jsonb,
  '["CVT","Automatic"]'::jsonb,
  'The tenth generation featured a more modern design and turbocharged engines.'
)
on conflict (model_id, code) do nothing;


insert into public.vehicle_generations (
  id,
  model_id,
  code,
  start_year,
  end_year,
  facelift,
  production_countries,
  body_types,
  fuel_types,
  transmission_types,
  summary
)
values (
  '6f3f364b-cc54-1957-932e-bb0b7fad0b97',
  '6f7dd005-c83d-504c-a569-d76fd21a038f',
  'Eleventh Generation (2023-Present)',
  2023,
  2024,
  false,
  '{"United States"}'::text[],
  '["Sedan"]'::jsonb,
  '["Gasoline","Hybrid"]'::jsonb,
  '["CVT","Automatic"]'::jsonb,
  'The eleventh generation continues the trend of advanced technology and fuel efficiency.'
)
on conflict (model_id, code) do nothing;


insert into public.vehicle_insights (
  model_id,
  pros,
  cons,
  inspection_tips,
  notable_features,
  engine_examples,
  common_issues_by_engine,
  reliability_score,
  popularity_score
)
values (
  '6f7dd005-c83d-504c-a569-d76fd21a038f',
  '["Reliability","Fuel efficiency","Resale value"]'::jsonb,
  '["Road noise","Infotainment system can be slow","Some trims can be expensive"]'::jsonb,
  '["Check for rust","Inspect the transmission","Test the air conditioning"]'::jsonb,
  '["Honda Sensing safety suite","Apple CarPlay and Android Auto","Turbocharged engines"]'::jsonb,
  '["1.5L Turbo I4","2.0L Turbo I4","2.0L Hybrid"]'::jsonb,
  '[{"engine_code":"L15B7","common_issues_ru":["Разбавление масла бензином","Проблемы с турбокомпрессором"]},{"engine_code":"K20C4","common_issues_ru":["Утечка масла","Проблемы с цепью ГРМ"]}]'::jsonb,
  null,
  null
)
on conflict (model_id) do nothing;


insert into public.vehicle_models (
  id,
  make_id,
  slug,
  name_en,
  first_model_year,
  last_model_year,
  years_available,
  body_types_available,
  fuel_types_available,
  transmission_available,
  reliability_score,
  popularity_score
)
values (
  '45d72a1b-0345-22b1-3958-7a5c0e0ab5a2',
  '72720172-a304-d593-5816-e58be437a0a1',
  'civic',
  'Civic',
  1972,
  2024,
  '{1972,1975,1980,1985,1990,1995,2000,2005,2010,2015,2020,2024}'::int[],
  '["Hatchback","Sedan","Coupe"]'::jsonb,
  '["Gasoline","Hybrid"]'::jsonb,
  '["Manual","Automatic","CVT"]'::jsonb,
  8.5,
  9
)
on conflict (make_id, slug) do nothing;


insert into public.vehicle_generations (
  id,
  model_id,
  code,
  start_year,
  end_year,
  facelift,
  production_countries,
  body_types,
  fuel_types,
  transmission_types,
  summary
)
values (
  '22533a52-2316-e78b-b79b-e95ed62f9166',
  '45d72a1b-0345-22b1-3958-7a5c0e0ab5a2',
  'First Generation (1972-1979)',
  1972,
  1979,
  false,
  '{"Japan"}'::text[],
  '["Hatchback","Sedan"]'::jsonb,
  '["Gasoline"]'::jsonb,
  '["Manual","Automatic"]'::jsonb,
  'The first generation Civic was a small, fuel-efficient car that helped establish Honda''s reputation.'
)
on conflict (model_id, code) do nothing;


insert into public.vehicle_generations (
  id,
  model_id,
  code,
  start_year,
  end_year,
  facelift,
  production_countries,
  body_types,
  fuel_types,
  transmission_types,
  summary
)
values (
  'f79b6d80-fa23-23cf-c17f-a4c3cec01695',
  '45d72a1b-0345-22b1-3958-7a5c0e0ab5a2',
  'Second Generation (1980-1983)',
  1980,
  1983,
  false,
  '{"Japan"}'::text[],
  '["Hatchback","Sedan","Wagon"]'::jsonb,
  '["Gasoline"]'::jsonb,
  '["Manual","Automatic"]'::jsonb,
  'The second generation Civic grew slightly and offered more engine options.'
)
on conflict (model_id, code) do nothing;


insert into public.vehicle_generations (
  id,
  model_id,
  code,
  start_year,
  end_year,
  facelift,
  production_countries,
  body_types,
  fuel_types,
  transmission_types,
  summary
)
values (
  '927ca0ad-056f-c6e5-458e-4cff7e3829c9',
  '45d72a1b-0345-22b1-3958-7a5c0e0ab5a2',
  'Third Generation (1984-1987)',
  1984,
  1987,
  false,
  '{"Japan"}'::text[],
  '["Hatchback","Sedan","Wagon"]'::jsonb,
  '["Gasoline"]'::jsonb,
  '["Manual","Automatic"]'::jsonb,
  'The third generation Civic introduced the sporty Si model.'
)
on conflict (model_id, code) do nothing;


insert into public.vehicle_generations (
  id,
  model_id,
  code,
  start_year,
  end_year,
  facelift,
  production_countries,
  body_types,
  fuel_types,
  transmission_types,
  summary
)
values (
  'daa31541-7d38-87ec-5b65-884f90424856',
  '45d72a1b-0345-22b1-3958-7a5c0e0ab5a2',
  'Fourth Generation (1988-1991)',
  1988,
  1991,
  false,
  '{"Japan","United States"}'::text[],
  '["Hatchback","Sedan","Coupe"]'::jsonb,
  '["Gasoline"]'::jsonb,
  '["Manual","Automatic"]'::jsonb,
  'The fourth generation Civic featured a new suspension design and improved fuel economy.'
)
on conflict (model_id, code) do nothing;


insert into public.vehicle_generations (
  id,
  model_id,
  code,
  start_year,
  end_year,
  facelift,
  production_countries,
  body_types,
  fuel_types,
  transmission_types,
  summary
)
values (
  '86cf5ce6-4d10-115b-37ff-4fd8bc968560',
  '45d72a1b-0345-22b1-3958-7a5c0e0ab5a2',
  'Fifth Generation (1992-1995)',
  1992,
  1995,
  false,
  '{"Japan","United States"}'::text[],
  '["Hatchback","Sedan","Coupe"]'::jsonb,
  '["Gasoline"]'::jsonb,
  '["Manual","Automatic"]'::jsonb,
  'The fifth generation Civic was known for its reliability and affordability.'
)
on conflict (model_id, code) do nothing;


insert into public.vehicle_generations (
  id,
  model_id,
  code,
  start_year,
  end_year,
  facelift,
  production_countries,
  body_types,
  fuel_types,
  transmission_types,
  summary
)
values (
  '155403df-0c36-bf3c-f517-038317f50bed',
  '45d72a1b-0345-22b1-3958-7a5c0e0ab5a2',
  'Sixth Generation (1996-2000)',
  1996,
  2000,
  true,
  '{"Japan","United States"}'::text[],
  '["Hatchback","Sedan","Coupe"]'::jsonb,
  '["Gasoline"]'::jsonb,
  '["Manual","Automatic"]'::jsonb,
  'The sixth generation Civic offered improved safety features and a more refined interior.'
)
on conflict (model_id, code) do nothing;


insert into public.vehicle_generations (
  id,
  model_id,
  code,
  start_year,
  end_year,
  facelift,
  production_countries,
  body_types,
  fuel_types,
  transmission_types,
  summary
)
values (
  'f764ea82-445c-975f-5593-d990aaeff467',
  '45d72a1b-0345-22b1-3958-7a5c0e0ab5a2',
  'Seventh Generation (2001-2005)',
  2001,
  2005,
  true,
  '{"Japan","United States"}'::text[],
  '["Hatchback","Sedan","Coupe"]'::jsonb,
  '["Gasoline","Hybrid"]'::jsonb,
  '["Manual","Automatic","CVT"]'::jsonb,
  'The seventh generation Civic introduced a hybrid model and a more spacious interior.'
)
on conflict (model_id, code) do nothing;


insert into public.vehicle_generations (
  id,
  model_id,
  code,
  start_year,
  end_year,
  facelift,
  production_countries,
  body_types,
  fuel_types,
  transmission_types,
  summary
)
values (
  '39af9907-4c33-aac6-029d-607b80ecac48',
  '45d72a1b-0345-22b1-3958-7a5c0e0ab5a2',
  'Eighth Generation (2006-2011)',
  2006,
  2011,
  true,
  '{"Japan","United States"}'::text[],
  '["Sedan","Coupe"]'::jsonb,
  '["Gasoline","Hybrid"]'::jsonb,
  '["Manual","Automatic","CVT"]'::jsonb,
  'The eighth generation Civic featured a more modern design and improved performance.'
)
on conflict (model_id, code) do nothing;


insert into public.vehicle_generations (
  id,
  model_id,
  code,
  start_year,
  end_year,
  facelift,
  production_countries,
  body_types,
  fuel_types,
  transmission_types,
  summary
)
values (
  'a9d83ef4-732b-76a2-f596-0ecad9867d2a',
  '45d72a1b-0345-22b1-3958-7a5c0e0ab5a2',
  'Ninth Generation (2012-2015)',
  2012,
  2015,
  true,
  '{"Japan","United States"}'::text[],
  '["Sedan","Coupe"]'::jsonb,
  '["Gasoline","Hybrid"]'::jsonb,
  '["Manual","Automatic","CVT"]'::jsonb,
  'The ninth generation Civic received mixed reviews, but offered good fuel economy.'
)
on conflict (model_id, code) do nothing;


insert into public.vehicle_generations (
  id,
  model_id,
  code,
  start_year,
  end_year,
  facelift,
  production_countries,
  body_types,
  fuel_types,
  transmission_types,
  summary
)
values (
  '3ef6f2c5-1ebd-195b-8b65-4635df192ec3',
  '45d72a1b-0345-22b1-3958-7a5c0e0ab5a2',
  'Tenth Generation (2016-2021)',
  2016,
  2021,
  true,
  '{"Canada","United States"}'::text[],
  '["Sedan","Coupe","Hatchback"]'::jsonb,
  '["Gasoline","Hybrid"]'::jsonb,
  '["Manual","CVT"]'::jsonb,
  'The tenth generation Civic was a major success, with a more stylish design and improved performance.'
)
on conflict (model_id, code) do nothing;


insert into public.vehicle_generations (
  id,
  model_id,
  code,
  start_year,
  end_year,
  facelift,
  production_countries,
  body_types,
  fuel_types,
  transmission_types,
  summary
)
values (
  '8697e253-c6d3-7a2b-e7e8-2601738fa42d',
  '45d72a1b-0345-22b1-3958-7a5c0e0ab5a2',
  'Eleventh Generation (2022-Present)',
  2022,
  2024,
  false,
  '{"Canada","United States"}'::text[],
  '["Sedan","Hatchback"]'::jsonb,
  '["Gasoline","Hybrid"]'::jsonb,
  '["Manual","CVT"]'::jsonb,
  'The eleventh generation Civic continues the trend of advanced technology and fuel efficiency.'
)
on conflict (model_id, code) do nothing;


insert into public.vehicle_insights (
  model_id,
  pros,
  cons,
  inspection_tips,
  notable_features,
  engine_examples,
  common_issues_by_engine,
  reliability_score,
  popularity_score
)
values (
  '45d72a1b-0345-22b1-3958-7a5c0e0ab5a2',
  '["Fuel efficiency","Reliability","Sporty handling"]'::jsonb,
  '["Road noise","Infotainment system can be slow","Some trims can be expensive"]'::jsonb,
  '["Check for rust","Inspect the suspension","Test the air conditioning"]'::jsonb,
  '["Honda Sensing safety suite","Apple CarPlay and Android Auto","Turbocharged engines"]'::jsonb,
  '["1.5L Turbo I4","2.0L I4","1.5L Hybrid"]'::jsonb,
  '[{"engine_code":"L15B7","common_issues_ru":["Разбавление масла бензином","Проблемы с турбокомпрессором"]},{"engine_code":"K20C2","common_issues_ru":["Утечка масла","Проблемы с цепью ГРМ"]}]'::jsonb,
  null,
  null
)
on conflict (model_id) do nothing;


insert into public.vehicle_models (
  id,
  make_id,
  slug,
  name_en,
  first_model_year,
  last_model_year,
  years_available,
  body_types_available,
  fuel_types_available,
  transmission_available,
  reliability_score,
  popularity_score
)
values (
  '1239ffde-87db-06f9-8fdb-b6e568a37955',
  '72720172-a304-d593-5816-e58be437a0a1',
  'cr-v',
  'CR-V',
  1996,
  2024,
  '{1996,2000,2005,2010,2015,2020,2024}'::int[],
  '["SUV"]'::jsonb,
  '["Gasoline","Hybrid"]'::jsonb,
  '["Automatic","CVT"]'::jsonb,
  8,
  8.8
)
on conflict (make_id, slug) do nothing;


insert into public.vehicle_generations (
  id,
  model_id,
  code,
  start_year,
  end_year,
  facelift,
  production_countries,
  body_types,
  fuel_types,
  transmission_types,
  summary
)
values (
  '97ac1990-335e-c18f-839c-0f3cb60d6ecb',
  '1239ffde-87db-06f9-8fdb-b6e568a37955',
  'First Generation (1997-2001)',
  1997,
  2001,
  false,
  '{"Japan","United Kingdom"}'::text[],
  '["SUV"]'::jsonb,
  '["Gasoline"]'::jsonb,
  '["Automatic","Manual"]'::jsonb,
  'The first generation CR-V was a compact SUV known for its practicality and reliability.'
)
on conflict (model_id, code) do nothing;


insert into public.vehicle_generations (
  id,
  model_id,
  code,
  start_year,
  end_year,
  facelift,
  production_countries,
  body_types,
  fuel_types,
  transmission_types,
  summary
)
values (
  '9c8a8b8c-4f19-b625-37b4-2e916718c49c',
  '1239ffde-87db-06f9-8fdb-b6e568a37955',
  'Second Generation (2002-2006)',
  2002,
  2006,
  true,
  '{"Japan","United Kingdom","United States"}'::text[],
  '["SUV"]'::jsonb,
  '["Gasoline"]'::jsonb,
  '["Automatic","Manual"]'::jsonb,
  'The second generation CR-V featured a more refined design and improved interior.'
)
on conflict (model_id, code) do nothing;


insert into public.vehicle_generations (
  id,
  model_id,
  code,
  start_year,
  end_year,
  facelift,
  production_countries,
  body_types,
  fuel_types,
  transmission_types,
  summary
)
values (
  '675b9d7c-7a74-b112-e73b-0e612addf5a3',
  '1239ffde-87db-06f9-8fdb-b6e568a37955',
  'Third Generation (2007-2011)',
  2007,
  2011,
  true,
  '{"Japan","United States"}'::text[],
  '["SUV"]'::jsonb,
  '["Gasoline"]'::jsonb,
  '["Automatic"]'::jsonb,
  'The third generation CR-V offered a more stylish design and improved safety features.'
)
on conflict (model_id, code) do nothing;


insert into public.vehicle_generations (
  id,
  model_id,
  code,
  start_year,
  end_year,
  facelift,
  production_countries,
  body_types,
  fuel_types,
  transmission_types,
  summary
)
values (
  '6e01bcdc-8ec3-6437-d801-c517a81de9b7',
  '1239ffde-87db-06f9-8fdb-b6e568a37955',
  'Fourth Generation (2012-2016)',
  2012,
  2016,
  true,
  '{"Japan","United States"}'::text[],
  '["SUV"]'::jsonb,
  '["Gasoline"]'::jsonb,
  '["Automatic","CVT"]'::jsonb,
  'The fourth generation CR-V featured a more fuel-efficient engine and improved interior space.'
)
on conflict (model_id, code) do nothing;


insert into public.vehicle_generations (
  id,
  model_id,
  code,
  start_year,
  end_year,
  facelift,
  production_countries,
  body_types,
  fuel_types,
  transmission_types,
  summary
)
values (
  'a76ce968-4e04-a1a2-634e-078facc9294c',
  '1239ffde-87db-06f9-8fdb-b6e568a37955',
  'Fifth Generation (2017-2022)',
  2017,
  2022,
  true,
  '{"United States","Canada"}'::text[],
  '["SUV"]'::jsonb,
  '["Gasoline","Hybrid"]'::jsonb,
  '["CVT"]'::jsonb,
  'The fifth generation CR-V introduced a turbocharged engine and a hybrid variant.'
)
on conflict (model_id, code) do nothing;


insert into public.vehicle_generations (
  id,
  model_id,
  code,
  start_year,
  end_year,
  facelift,
  production_countries,
  body_types,
  fuel_types,
  transmission_types,
  summary
)
values (
  'ee121919-0cb1-ca0e-c7ff-959956f5c50c',
  '1239ffde-87db-06f9-8fdb-b6e568a37955',
  'Sixth Generation (2023-Present)',
  2023,
  2024,
  false,
  '{"United States","Canada"}'::text[],
  '["SUV"]'::jsonb,
  '["Gasoline","Hybrid"]'::jsonb,
  '["CVT"]'::jsonb,
  'The sixth generation CR-V continues the trend of advanced technology and fuel efficiency.'
)
on conflict (model_id, code) do nothing;


insert into public.vehicle_insights (
  model_id,
  pros,
  cons,
  inspection_tips,
  notable_features,
  engine_examples,
  common_issues_by_engine,
  reliability_score,
  popularity_score
)
values (
  '1239ffde-87db-06f9-8fdb-b6e568a37955',
  '["Reliability","Fuel efficiency","Spacious interior"]'::jsonb,
  '["Road noise","Infotainment system can be slow","Some trims can be expensive"]'::jsonb,
  '["Check for rust","Inspect the suspension","Test the air conditioning"]'::jsonb,
  '["Honda Sensing safety suite","Apple CarPlay and Android Auto","AWD system"]'::jsonb,
  '["2.4L I4","1.5L Turbo I4","2.0L Hybrid"]'::jsonb,
  '[{"engine_code":"L15B7","common_issues_ru":["Разбавление масла бензином","Проблемы с турбокомпрессором"]},{"engine_code":"K24W","common_issues_ru":["Повышенный расход масла","Проблемы с системой VTEC"]}]'::jsonb,
  null,
  null
)
on conflict (model_id) do nothing;


insert into public.vehicle_models (
  id,
  make_id,
  slug,
  name_en,
  first_model_year,
  last_model_year,
  years_available,
  body_types_available,
  fuel_types_available,
  transmission_available,
  reliability_score,
  popularity_score
)
values (
  'b28069f6-a533-7e44-230a-0956b5e32fb1',
  '72720172-a304-d593-5816-e58be437a0a1',
  'fit-jazz',
  'Fit (Jazz)',
  2001,
  2024,
  '{2001,2005,2010,2015,2020,2024}'::int[],
  '["Hatchback"]'::jsonb,
  '["Gasoline","Hybrid"]'::jsonb,
  '["Manual","Automatic","CVT"]'::jsonb,
  8.2,
  7.5
)
on conflict (make_id, slug) do nothing;


insert into public.vehicle_generations (
  id,
  model_id,
  code,
  start_year,
  end_year,
  facelift,
  production_countries,
  body_types,
  fuel_types,
  transmission_types,
  summary
)
values (
  '2077f2bd-1245-3809-3b1d-35e2c53ae530',
  'b28069f6-a533-7e44-230a-0956b5e32fb1',
  'First Generation (2001-2008)',
  2001,
  2008,
  true,
  '{"Japan","Thailand","Brazil"}'::text[],
  '["Hatchback"]'::jsonb,
  '["Gasoline"]'::jsonb,
  '["Manual","Automatic","CVT"]'::jsonb,
  'The first generation Fit (Jazz) was known for its spacious interior and fuel efficiency.'
)
on conflict (model_id, code) do nothing;


insert into public.vehicle_generations (
  id,
  model_id,
  code,
  start_year,
  end_year,
  facelift,
  production_countries,
  body_types,
  fuel_types,
  transmission_types,
  summary
)
values (
  'f276ec88-7af1-cbe6-b1a3-23d176d76e8d',
  'b28069f6-a533-7e44-230a-0956b5e32fb1',
  'Second Generation (2008-2014)',
  2008,
  2014,
  true,
  '{"Japan","Thailand","Brazil"}'::text[],
  '["Hatchback"]'::jsonb,
  '["Gasoline"]'::jsonb,
  '["Manual","Automatic","CVT"]'::jsonb,
  'The second generation Fit (Jazz) offered improved fuel economy and a more modern design.'
)
on conflict (model_id, code) do nothing;


insert into public.vehicle_generations (
  id,
  model_id,
  code,
  start_year,
  end_year,
  facelift,
  production_countries,
  body_types,
  fuel_types,
  transmission_types,
  summary
)
values (
  '10a16eba-6ceb-bca7-7df1-6b0cd5f647e6',
  'b28069f6-a533-7e44-230a-0956b5e32fb1',
  'Third Generation (2014-2020)',
  2014,
  2020,
  true,
  '{"Japan","Thailand","Brazil"}'::text[],
  '["Hatchback"]'::jsonb,
  '["Gasoline","Hybrid"]'::jsonb,
  '["Manual","CVT"]'::jsonb,
  'The third generation Fit (Jazz) introduced a hybrid variant and a more spacious interior.'
)
on conflict (model_id, code) do nothing;


insert into public.vehicle_generations (
  id,
  model_id,
  code,
  start_year,
  end_year,
  facelift,
  production_countries,
  body_types,
  fuel_types,
  transmission_types,
  summary
)
values (
  'e3dd61ba-eb30-2235-cfaf-912473f274c7',
  'b28069f6-a533-7e44-230a-0956b5e32fb1',
  'Fourth Generation (2020-Present)',
  2020,
  2024,
  false,
  '{"Japan","Thailand"}'::text[],
  '["Hatchback"]'::jsonb,
  '["Gasoline","Hybrid"]'::jsonb,
  '["CVT"]'::jsonb,
  'The fourth generation Fit (Jazz) continues the trend of advanced technology and fuel efficiency.'
)
on conflict (model_id, code) do nothing;


insert into public.vehicle_insights (
  model_id,
  pros,
  cons,
  inspection_tips,
  notable_features,
  engine_examples,
  common_issues_by_engine,
  reliability_score,
  popularity_score
)
values (
  'b28069f6-a533-7e44-230a-0956b5e32fb1',
  '["Fuel efficiency","Spacious interior","Maneuverability"]'::jsonb,
  '["Road noise","Basic interior","Limited cargo space with rear seats up"]'::jsonb,
  '["Check for rust","Inspect the suspension","Test the air conditioning"]'::jsonb,
  '["Magic Seat","Apple CarPlay and Android Auto","Honda Sensing (on some trims)"]'::jsonb,
  '["1.5L I4","1.5L Hybrid"]'::jsonb,
  '[{"engine_code":"L15A7","common_issues_ru":["Повышенный расход масла","Проблемы с катушками зажигания"]},{"engine_code":"LEB","common_issues_ru":["Проблемы с батареей","Износ тормозных колодок"]}]'::jsonb,
  null,
  null
)
on conflict (model_id) do nothing;


insert into public.vehicle_models (
  id,
  make_id,
  slug,
  name_en,
  first_model_year,
  last_model_year,
  years_available,
  body_types_available,
  fuel_types_available,
  transmission_available,
  reliability_score,
  popularity_score
)
values (
  'e0fe8bb9-7a25-90bb-ec52-f4cbfedc50bc',
  '72720172-a304-d593-5816-e58be437a0a1',
  'pilot',
  'Pilot',
  2002,
  2024,
  '{2003,2005,2010,2015,2020,2024}'::int[],
  '["SUV"]'::jsonb,
  '["Gasoline"]'::jsonb,
  '["Automatic","CVT"]'::jsonb,
  7.8,
  8.2
)
on conflict (make_id, slug) do nothing;


insert into public.vehicle_generations (
  id,
  model_id,
  code,
  start_year,
  end_year,
  facelift,
  production_countries,
  body_types,
  fuel_types,
  transmission_types,
  summary
)
values (
  'c86f89c8-ef11-d5f6-1886-e64c953b0bb2',
  'e0fe8bb9-7a25-90bb-ec52-f4cbfedc50bc',
  'First Generation (2003-2008)',
  2003,
  2008,
  false,
  '{"Canada","United States"}'::text[],
  '["SUV"]'::jsonb,
  '["Gasoline"]'::jsonb,
  '["Automatic"]'::jsonb,
  'The first generation Pilot was a mid-size SUV known for its spacious interior and reliability.'
)
on conflict (model_id, code) do nothing;


insert into public.vehicle_generations (
  id,
  model_id,
  code,
  start_year,
  end_year,
  facelift,
  production_countries,
  body_types,
  fuel_types,
  transmission_types,
  summary
)
values (
  '722e03e2-d8c5-56d4-40eb-0196557c4e20',
  'e0fe8bb9-7a25-90bb-ec52-f4cbfedc50bc',
  'Second Generation (2009-2015)',
  2009,
  2015,
  true,
  '{"Canada","United States"}'::text[],
  '["SUV"]'::jsonb,
  '["Gasoline"]'::jsonb,
  '["Automatic"]'::jsonb,
  'The second generation Pilot featured a more modern design and improved fuel economy.'
)
on conflict (model_id, code) do nothing;


insert into public.vehicle_generations (
  id,
  model_id,
  code,
  start_year,
  end_year,
  facelift,
  production_countries,
  body_types,
  fuel_types,
  transmission_types,
  summary
)
values (
  'bfef7a7f-296b-8061-a2b5-278eb8bb48f7',
  'e0fe8bb9-7a25-90bb-ec52-f4cbfedc50bc',
  'Third Generation (2016-2022)',
  2016,
  2022,
  true,
  '{"United States"}'::text[],
  '["SUV"]'::jsonb,
  '["Gasoline"]'::jsonb,
  '["Automatic","CVT"]'::jsonb,
  'The third generation Pilot offered a more refined interior and advanced safety features.'
)
on conflict (model_id, code) do nothing;


insert into public.vehicle_generations (
  id,
  model_id,
  code,
  start_year,
  end_year,
  facelift,
  production_countries,
  body_types,
  fuel_types,
  transmission_types,
  summary
)
values (
  '89e8e97b-36dd-4478-b838-c1ce2f3c0276',
  'e0fe8bb9-7a25-90bb-ec52-f4cbfedc50bc',
  'Fourth Generation (2023-Present)',
  2023,
  2024,
  false,
  '{"United States"}'::text[],
  '["SUV"]'::jsonb,
  '["Gasoline"]'::jsonb,
  '["Automatic"]'::jsonb,
  'The fourth generation Pilot continues the trend of advanced technology and a more rugged design.'
)
on conflict (model_id, code) do nothing;


insert into public.vehicle_insights (
  model_id,
  pros,
  cons,
  inspection_tips,
  notable_features,
  engine_examples,
  common_issues_by_engine,
  reliability_score,
  popularity_score
)
values (
  'e0fe8bb9-7a25-90bb-ec52-f4cbfedc50bc',
  '["Spacious interior","Reliability","Comfortable ride"]'::jsonb,
  '["Fuel economy","Infotainment system can be slow","Some trims can be expensive"]'::jsonb,
  '["Check for rust","Inspect the transmission","Test the air conditioning"]'::jsonb,
  '["AWD system","Honda Sensing safety suite","Apple CarPlay and Android Auto"]'::jsonb,
  '["3.5L V6"]'::jsonb,
  '[{"engine_code":"J35A9","common_issues_ru":["Проблемы с системой VCM","Утечка масла"]},{"engine_code":"J35Y6","common_issues_ru":["Повышенный расход масла","Проблемы с коробкой передач"]}]'::jsonb,
  null,
  null
)
on conflict (model_id) do nothing;


insert into public.vehicle_makes (id, slug, name_en, country, segment_class, is_active, category_path)
values (
  '346da9c2-abe8-e303-696d-0a9f47c047f4',
  'huanghai',
  'Huanghai',
  'Китай',
  null,
  true,
  'transport/legkovye-avtomobili'
)
on conflict (id) do nothing;


insert into public.vehicle_models (
  id,
  make_id,
  slug,
  name_en,
  first_model_year,
  last_model_year,
  years_available,
  body_types_available,
  fuel_types_available,
  transmission_available,
  reliability_score,
  popularity_score
)
values (
  '0746e781-5db8-3270-629b-d57ee1b4301d',
  '346da9c2-abe8-e303-696d-0a9f47c047f4',
  'huanghai-n2',
  'Huanghai N2',
  2012,
  2024,
  '{2012,2013,2014,2015,2016,2017,2018,2019,2020,2021,2022,2023,2024}'::int[],
  '["Pickup Truck"]'::jsonb,
  '["Diesel","Gasoline"]'::jsonb,
  '["Manual"]'::jsonb,
  6,
  5.5
)
on conflict (make_id, slug) do nothing;


insert into public.vehicle_generations (
  id,
  model_id,
  code,
  start_year,
  end_year,
  facelift,
  production_countries,
  body_types,
  fuel_types,
  transmission_types,
  summary
)
values (
  '6ad91c50-fb39-8b7e-e1f2-5f1d1011c40a',
  '0746e781-5db8-3270-629b-d57ee1b4301d',
  'First Generation (2012-Present)',
  2012,
  2024,
  true,
  '{"China"}'::text[],
  '["Pickup Truck"]'::jsonb,
  '["Diesel","Gasoline"]'::jsonb,
  '["Manual"]'::jsonb,
  'The Huanghai N2 is a pickup truck known for its rugged design and affordability. It has undergone several facelifts to update its appearance and features.'
)
on conflict (model_id, code) do nothing;


insert into public.vehicle_insights (
  model_id,
  pros,
  cons,
  inspection_tips,
  notable_features,
  engine_examples,
  common_issues_by_engine,
  reliability_score,
  popularity_score
)
values (
  '0746e781-5db8-3270-629b-d57ee1b4301d',
  '["Affordable price","Durable construction"]'::jsonb,
  '["Basic interior","Limited features"]'::jsonb,
  '["Check for rust on the chassis","Inspect the suspension"]'::jsonb,
  '["4x4 option","Cargo bed"]'::jsonb,
  '["2.4L Gasoline","2.8L Diesel"]'::jsonb,
  '[{"engine_code":"4G69","common_issues_ru":["Проблемы с топливным насосом","Неисправности системы зажигания"]},{"engine_code":"4JB1","common_issues_ru":["Утечки масла","Износ форсунок"]}]'::jsonb,
  null,
  null
)
on conflict (model_id) do nothing;


insert into public.vehicle_models (
  id,
  make_id,
  slug,
  name_en,
  first_model_year,
  last_model_year,
  years_available,
  body_types_available,
  fuel_types_available,
  transmission_available,
  reliability_score,
  popularity_score
)
values (
  'fe28449f-4b5b-a8f0-bb58-607b14efd08c',
  '346da9c2-abe8-e303-696d-0a9f47c047f4',
  'huanghai-utes',
  'Huanghai Utes',
  2015,
  2024,
  '{2015,2016,2017,2018,2019,2020,2021,2022,2023,2024}'::int[],
  '["Pickup Truck"]'::jsonb,
  '["Diesel","Gasoline"]'::jsonb,
  '["Manual"]'::jsonb,
  6.2,
  5.8
)
on conflict (make_id, slug) do nothing;


insert into public.vehicle_generations (
  id,
  model_id,
  code,
  start_year,
  end_year,
  facelift,
  production_countries,
  body_types,
  fuel_types,
  transmission_types,
  summary
)
values (
  'ada82a75-6b30-d1e0-7829-49fcf3c0bc0e',
  'fe28449f-4b5b-a8f0-bb58-607b14efd08c',
  'First Generation (2015-Present)',
  2015,
  2024,
  true,
  '{"China"}'::text[],
  '["Pickup Truck"]'::jsonb,
  '["Diesel","Gasoline"]'::jsonb,
  '["Manual"]'::jsonb,
  'The Huanghai Utes is a pickup truck designed for both work and leisure. It offers a range of engine options and features.'
)
on conflict (model_id, code) do nothing;


insert into public.vehicle_insights (
  model_id,
  pros,
  cons,
  inspection_tips,
  notable_features,
  engine_examples,
  common_issues_by_engine,
  reliability_score,
  popularity_score
)
values (
  'fe28449f-4b5b-a8f0-bb58-607b14efd08c',
  '["Good value for money","Decent cargo capacity"]'::jsonb,
  '["Basic interior","Ride quality can be harsh"]'::jsonb,
  '["Check the brakes","Inspect the suspension"]'::jsonb,
  '["4x4 option","Cargo bed"]'::jsonb,
  '["2.4L Gasoline","2.8L Diesel"]'::jsonb,
  '[{"engine_code":"4G69","common_issues_ru":["Проблемы с топливным насосом","Неисправности системы зажигания"]},{"engine_code":"4JB1","common_issues_ru":["Утечки масла","Износ форсунок"]}]'::jsonb,
  null,
  null
)
on conflict (model_id) do nothing;


insert into public.vehicle_makes (id, slug, name_en, country, segment_class, is_active, category_path)
values (
  '2bed9f5e-8dec-700b-9566-788df0ff7f00',
  'hyundai',
  'Hyundai',
  'Южная Корея',
  null,
  true,
  'transport/legkovye-avtomobili'
)
on conflict (id) do nothing;


insert into public.vehicle_models (
  id,
  make_id,
  slug,
  name_en,
  first_model_year,
  last_model_year,
  years_available,
  body_types_available,
  fuel_types_available,
  transmission_available,
  reliability_score,
  popularity_score
)
values (
  'e5389987-8ab9-8ac2-8389-d09a625969e9',
  '2bed9f5e-8dec-700b-9566-788df0ff7f00',
  'elantra',
  'Elantra',
  1990,
  2024,
  '{1990,1995,2000,2005,2010,2015,2020,2024}'::int[],
  '["Sedan","Hatchback","Wagon"]'::jsonb,
  '["Gasoline","Diesel","Hybrid"]'::jsonb,
  '["Manual","Automatic","CVT"]'::jsonb,
  7.8,
  8.5
)
on conflict (make_id, slug) do nothing;


insert into public.vehicle_generations (
  id,
  model_id,
  code,
  start_year,
  end_year,
  facelift,
  production_countries,
  body_types,
  fuel_types,
  transmission_types,
  summary
)
values (
  '4f652f52-15a7-7822-2226-1c48fa60c08c',
  'e5389987-8ab9-8ac2-8389-d09a625969e9',
  'J1 (1990-1995)',
  1990,
  1995,
  false,
  '{"South Korea"}'::text[],
  '["Sedan"]'::jsonb,
  '["Gasoline"]'::jsonb,
  '["Manual","Automatic"]'::jsonb,
  'First generation of the Elantra, introduced as a compact sedan.'
)
on conflict (model_id, code) do nothing;


insert into public.vehicle_generations (
  id,
  model_id,
  code,
  start_year,
  end_year,
  facelift,
  production_countries,
  body_types,
  fuel_types,
  transmission_types,
  summary
)
values (
  'bd99b7a1-e64d-0c50-7f76-df58e9420b22',
  'e5389987-8ab9-8ac2-8389-d09a625969e9',
  'J2 (1995-2000)',
  1995,
  2000,
  true,
  '{"South Korea"}'::text[],
  '["Sedan","Wagon"]'::jsonb,
  '["Gasoline"]'::jsonb,
  '["Manual","Automatic"]'::jsonb,
  'Second generation, offered in sedan and wagon body styles.'
)
on conflict (model_id, code) do nothing;


insert into public.vehicle_generations (
  id,
  model_id,
  code,
  start_year,
  end_year,
  facelift,
  production_countries,
  body_types,
  fuel_types,
  transmission_types,
  summary
)
values (
  'badb4cc5-c99d-d2b0-369f-d450b3af5650',
  'e5389987-8ab9-8ac2-8389-d09a625969e9',
  'XD (2000-2006)',
  2000,
  2006,
  true,
  '{"South Korea"}'::text[],
  '["Sedan","Hatchback"]'::jsonb,
  '["Gasoline","Diesel"]'::jsonb,
  '["Manual","Automatic"]'::jsonb,
  'Third generation, introduced a hatchback variant and diesel options.'
)
on conflict (model_id, code) do nothing;


insert into public.vehicle_generations (
  id,
  model_id,
  code,
  start_year,
  end_year,
  facelift,
  production_countries,
  body_types,
  fuel_types,
  transmission_types,
  summary
)
values (
  '9cd87a1b-ef5a-dee2-98e1-9c96a1988448',
  'e5389987-8ab9-8ac2-8389-d09a625969e9',
  'HD (2006-2011)',
  2006,
  2011,
  true,
  '{"South Korea","Czech Republic"}'::text[],
  '["Sedan","Hatchback"]'::jsonb,
  '["Gasoline","Diesel"]'::jsonb,
  '["Manual","Automatic"]'::jsonb,
  'Fourth generation, with improved styling and features.'
)
on conflict (model_id, code) do nothing;


insert into public.vehicle_generations (
  id,
  model_id,
  code,
  start_year,
  end_year,
  facelift,
  production_countries,
  body_types,
  fuel_types,
  transmission_types,
  summary
)
values (
  '78e6122c-a667-15d7-756a-2ebb857f7fe0',
  'e5389987-8ab9-8ac2-8389-d09a625969e9',
  'MD/UD (2010-2016)',
  2010,
  2016,
  true,
  '{"South Korea","USA"}'::text[],
  '["Sedan","Hatchback"]'::jsonb,
  '["Gasoline"]'::jsonb,
  '["Manual","Automatic"]'::jsonb,
  'Fifth generation, with a more modern design and enhanced fuel efficiency.'
)
on conflict (model_id, code) do nothing;


insert into public.vehicle_generations (
  id,
  model_id,
  code,
  start_year,
  end_year,
  facelift,
  production_countries,
  body_types,
  fuel_types,
  transmission_types,
  summary
)
values (
  '7b67e65e-2ab6-7e21-08fd-de9c7f421d3d',
  'e5389987-8ab9-8ac2-8389-d09a625969e9',
  'AD (2015-2020)',
  2015,
  2020,
  true,
  '{"South Korea","USA","China"}'::text[],
  '["Sedan","Hatchback"]'::jsonb,
  '["Gasoline"]'::jsonb,
  '["Manual","Automatic","CVT"]'::jsonb,
  'Sixth generation, featuring updated technology and safety features.'
)
on conflict (model_id, code) do nothing;


insert into public.vehicle_generations (
  id,
  model_id,
  code,
  start_year,
  end_year,
  facelift,
  production_countries,
  body_types,
  fuel_types,
  transmission_types,
  summary
)
values (
  '7ef440bb-5a27-066c-19cd-54622565fb87',
  'e5389987-8ab9-8ac2-8389-d09a625969e9',
  'CN7 (2020-2024)',
  2020,
  2024,
  true,
  '{"South Korea","USA","China"}'::text[],
  '["Sedan"]'::jsonb,
  '["Gasoline","Hybrid"]'::jsonb,
  '["CVT","Automatic"]'::jsonb,
  'Seventh generation, with a more aggressive design and hybrid options.'
)
on conflict (model_id, code) do nothing;


insert into public.vehicle_insights (
  model_id,
  pros,
  cons,
  inspection_tips,
  notable_features,
  engine_examples,
  common_issues_by_engine,
  reliability_score,
  popularity_score
)
values (
  'e5389987-8ab9-8ac2-8389-d09a625969e9',
  '["Good fuel economy","Reliable engine","Spacious interior"]'::jsonb,
  '["Basic interior materials","Road noise"]'::jsonb,
  '["Check for rust","Inspect suspension components"]'::jsonb,
  '["Apple CarPlay/Android Auto","Advanced safety features"]'::jsonb,
  '["1.8L I4","2.0L I4","1.6L Turbo"]'::jsonb,
  '[{"engine_code":"G4FC","common_issues_ru":["Растяжение цепи ГРМ","Задиры в цилиндрах"]},{"engine_code":"G4NA","common_issues_ru":["Стук в двигателе","Повышенный расход масла"]}]'::jsonb,
  null,
  null
)
on conflict (model_id) do nothing;


insert into public.vehicle_models (
  id,
  make_id,
  slug,
  name_en,
  first_model_year,
  last_model_year,
  years_available,
  body_types_available,
  fuel_types_available,
  transmission_available,
  reliability_score,
  popularity_score
)
values (
  'f6bccd85-b4bb-f011-ff63-be216e1768fa',
  '2bed9f5e-8dec-700b-9566-788df0ff7f00',
  'kona',
  'Kona',
  2017,
  2024,
  '{2017,2020,2024}'::int[],
  '["SUV"]'::jsonb,
  '["Gasoline","Electric","Hybrid"]'::jsonb,
  '["Automatic","Dual-Clutch"]'::jsonb,
  8,
  8.2
)
on conflict (make_id, slug) do nothing;


insert into public.vehicle_generations (
  id,
  model_id,
  code,
  start_year,
  end_year,
  facelift,
  production_countries,
  body_types,
  fuel_types,
  transmission_types,
  summary
)
values (
  'b8ec023f-237e-40d7-7057-1dedce78f40e',
  'f6bccd85-b4bb-f011-ff63-be216e1768fa',
  'OS (2017-2023)',
  2017,
  2023,
  true,
  '{"South Korea","Czech Republic"}'::text[],
  '["SUV"]'::jsonb,
  '["Gasoline","Electric"]'::jsonb,
  '["Automatic","Dual-Clutch"]'::jsonb,
  'First generation, a subcompact SUV with various engine options, including an electric version.'
)
on conflict (model_id, code) do nothing;


insert into public.vehicle_generations (
  id,
  model_id,
  code,
  start_year,
  end_year,
  facelift,
  production_countries,
  body_types,
  fuel_types,
  transmission_types,
  summary
)
values (
  '9e8d4361-3be3-9237-36cd-394cd1506968',
  'f6bccd85-b4bb-f011-ff63-be216e1768fa',
  'SX2 (2023-2024)',
  2023,
  2024,
  false,
  '{"South Korea","Czech Republic"}'::text[],
  '["SUV"]'::jsonb,
  '["Gasoline","Electric","Hybrid"]'::jsonb,
  '["Automatic"]'::jsonb,
  'Second generation, with updated styling, technology, and powertrain options, including a hybrid.'
)
on conflict (model_id, code) do nothing;


insert into public.vehicle_insights (
  model_id,
  pros,
  cons,
  inspection_tips,
  notable_features,
  engine_examples,
  common_issues_by_engine,
  reliability_score,
  popularity_score
)
values (
  'f6bccd85-b4bb-f011-ff63-be216e1768fa',
  '["Fuel-efficient","Stylish design","Compact size"]'::jsonb,
  '["Small cargo space","Ride can be firm"]'::jsonb,
  '["Check battery health (Electric)","Inspect suspension"]'::jsonb,
  '["Advanced driver-assistance systems","Available all-wheel drive"]'::jsonb,
  '["2.0L I4","1.6L Turbo","Electric motor"]'::jsonb,
  '[{"engine_code":"G4FD","common_issues_ru":["Повышенный расход масла","Нестабильная работа двигателя"]},{"engine_code":"Gamma II","common_issues_ru":["Проблемы с турбонаддувом","Течи масла"]}]'::jsonb,
  null,
  null
)
on conflict (model_id) do nothing;


insert into public.vehicle_models (
  id,
  make_id,
  slug,
  name_en,
  first_model_year,
  last_model_year,
  years_available,
  body_types_available,
  fuel_types_available,
  transmission_available,
  reliability_score,
  popularity_score
)
values (
  'f27afe8f-afd4-1c9c-3a30-057f8ffdb6ba',
  '2bed9f5e-8dec-700b-9566-788df0ff7f00',
  'palisade',
  'Palisade',
  2018,
  2024,
  '{2018,2020,2024}'::int[],
  '["SUV"]'::jsonb,
  '["Gasoline"]'::jsonb,
  '["Automatic"]'::jsonb,
  7.6,
  8.8
)
on conflict (make_id, slug) do nothing;


insert into public.vehicle_generations (
  id,
  model_id,
  code,
  start_year,
  end_year,
  facelift,
  production_countries,
  body_types,
  fuel_types,
  transmission_types,
  summary
)
values (
  '1a394ff0-b8b1-500d-337c-2cac773e5138',
  'f27afe8f-afd4-1c9c-3a30-057f8ffdb6ba',
  'LX2 (2018-2024)',
  2018,
  2024,
  true,
  '{"South Korea","USA"}'::text[],
  '["SUV"]'::jsonb,
  '["Gasoline"]'::jsonb,
  '["Automatic"]'::jsonb,
  'First generation, a mid-size SUV with three rows of seats.'
)
on conflict (model_id, code) do nothing;


insert into public.vehicle_insights (
  model_id,
  pros,
  cons,
  inspection_tips,
  notable_features,
  engine_examples,
  common_issues_by_engine,
  reliability_score,
  popularity_score
)
values (
  'f27afe8f-afd4-1c9c-3a30-057f8ffdb6ba',
  '["Spacious interior","Comfortable ride","Loaded with features"]'::jsonb,
  '["Fuel economy","Some reports of transmission issues"]'::jsonb,
  '["Check transmission","Inspect for electrical issues"]'::jsonb,
  '["Advanced safety features","Large touchscreen display"]'::jsonb,
  '["3.8L V6"]'::jsonb,
  '[{"engine_code":"G6DC","common_issues_ru":["Задиры в двигателе","Повышенный расход масла"]}]'::jsonb,
  null,
  null
)
on conflict (model_id) do nothing;


insert into public.vehicle_models (
  id,
  make_id,
  slug,
  name_en,
  first_model_year,
  last_model_year,
  years_available,
  body_types_available,
  fuel_types_available,
  transmission_available,
  reliability_score,
  popularity_score
)
values (
  'ef4d603d-466c-04d7-c794-8bbfacc435eb',
  '2bed9f5e-8dec-700b-9566-788df0ff7f00',
  'santa-fe',
  'Santa Fe',
  2000,
  2024,
  '{2000,2005,2010,2015,2020,2024}'::int[],
  '["SUV"]'::jsonb,
  '["Gasoline","Diesel","Hybrid","Plug-in Hybrid"]'::jsonb,
  '["Automatic","Dual-Clutch"]'::jsonb,
  7.7,
  8.3
)
on conflict (make_id, slug) do nothing;


insert into public.vehicle_generations (
  id,
  model_id,
  code,
  start_year,
  end_year,
  facelift,
  production_countries,
  body_types,
  fuel_types,
  transmission_types,
  summary
)
values (
  '2c3a4d0b-7be7-1f72-a410-2d9b1691a46d',
  'ef4d603d-466c-04d7-c794-8bbfacc435eb',
  'SM (2000-2006)',
  2000,
  2006,
  true,
  '{"South Korea"}'::text[],
  '["SUV"]'::jsonb,
  '["Gasoline","Diesel"]'::jsonb,
  '["Automatic"]'::jsonb,
  'First generation, introduced as a compact SUV.'
)
on conflict (model_id, code) do nothing;


insert into public.vehicle_generations (
  id,
  model_id,
  code,
  start_year,
  end_year,
  facelift,
  production_countries,
  body_types,
  fuel_types,
  transmission_types,
  summary
)
values (
  '4ac6c84b-cb89-24df-18f5-f6b4dc2553a9',
  'ef4d603d-466c-04d7-c794-8bbfacc435eb',
  'CM (2006-2012)',
  2006,
  2012,
  true,
  '{"South Korea","USA"}'::text[],
  '["SUV"]'::jsonb,
  '["Gasoline","Diesel"]'::jsonb,
  '["Automatic"]'::jsonb,
  'Second generation, with a larger size and improved features.'
)
on conflict (model_id, code) do nothing;


insert into public.vehicle_generations (
  id,
  model_id,
  code,
  start_year,
  end_year,
  facelift,
  production_countries,
  body_types,
  fuel_types,
  transmission_types,
  summary
)
values (
  '4916840b-1fc0-5e07-299b-8e1de5e732c7',
  'ef4d603d-466c-04d7-c794-8bbfacc435eb',
  'DM (2012-2018)',
  2012,
  2018,
  true,
  '{"South Korea","USA"}'::text[],
  '["SUV"]'::jsonb,
  '["Gasoline","Diesel"]'::jsonb,
  '["Automatic"]'::jsonb,
  'Third generation, with a more refined design and added technology.'
)
on conflict (model_id, code) do nothing;


insert into public.vehicle_generations (
  id,
  model_id,
  code,
  start_year,
  end_year,
  facelift,
  production_countries,
  body_types,
  fuel_types,
  transmission_types,
  summary
)
values (
  'c3fd848a-81e5-eef4-1ee9-9a762231cbdf',
  'ef4d603d-466c-04d7-c794-8bbfacc435eb',
  'TM (2018-2023)',
  2018,
  2023,
  true,
  '{"South Korea","USA"}'::text[],
  '["SUV"]'::jsonb,
  '["Gasoline","Hybrid"]'::jsonb,
  '["Automatic"]'::jsonb,
  'Fourth generation, with a bolder design and hybrid options.'
)
on conflict (model_id, code) do nothing;


insert into public.vehicle_generations (
  id,
  model_id,
  code,
  start_year,
  end_year,
  facelift,
  production_countries,
  body_types,
  fuel_types,
  transmission_types,
  summary
)
values (
  '4c3714fd-e519-d47e-0a29-6a3207ef2b67',
  'ef4d603d-466c-04d7-c794-8bbfacc435eb',
  'MX5 (2023-2024)',
  2023,
  2024,
  false,
  '{"South Korea"}'::text[],
  '["SUV"]'::jsonb,
  '["Gasoline","Hybrid","Plug-in Hybrid"]'::jsonb,
  '["Automatic"]'::jsonb,
  'Fifth generation, with a more rugged design and hybrid options.'
)
on conflict (model_id, code) do nothing;


insert into public.vehicle_insights (
  model_id,
  pros,
  cons,
  inspection_tips,
  notable_features,
  engine_examples,
  common_issues_by_engine,
  reliability_score,
  popularity_score
)
values (
  'ef4d603d-466c-04d7-c794-8bbfacc435eb',
  '["Comfortable ride","Spacious interior","Good value"]'::jsonb,
  '["Fuel economy (older models)","Some reports of engine issues"]'::jsonb,
  '["Check engine for leaks","Inspect suspension"]'::jsonb,
  '["All-wheel drive","Advanced safety features"]'::jsonb,
  '["2.4L I4","3.3L V6","2.0L Turbo"]'::jsonb,
  '[{"engine_code":"Theta II","common_issues_ru":["Стук в двигателе","Повышенный расход масла"]},{"engine_code":"G6CU","common_issues_ru":["Течи масла","Перегрев двигателя"]}]'::jsonb,
  null,
  null
)
on conflict (model_id) do nothing;


insert into public.vehicle_models (
  id,
  make_id,
  slug,
  name_en,
  first_model_year,
  last_model_year,
  years_available,
  body_types_available,
  fuel_types_available,
  transmission_available,
  reliability_score,
  popularity_score
)
values (
  '9353fde1-72bd-9462-31f1-c916b237b536',
  '2bed9f5e-8dec-700b-9566-788df0ff7f00',
  'sonata',
  'Sonata',
  1985,
  2024,
  '{1985,1990,1995,2000,2005,2010,2015,2020,2024}'::int[],
  '["Sedan"]'::jsonb,
  '["Gasoline","Hybrid"]'::jsonb,
  '["Manual","Automatic","CVT"]'::jsonb,
  7.9,
  8.4
)
on conflict (make_id, slug) do nothing;


insert into public.vehicle_generations (
  id,
  model_id,
  code,
  start_year,
  end_year,
  facelift,
  production_countries,
  body_types,
  fuel_types,
  transmission_types,
  summary
)
values (
  '68231ae5-f38b-1154-6090-3d39ce1f196e',
  '9353fde1-72bd-9462-31f1-c916b237b536',
  'Y1 (1985-1988)',
  1985,
  1988,
  false,
  '{"South Korea"}'::text[],
  '["Sedan"]'::jsonb,
  '["Gasoline"]'::jsonb,
  '["Manual","Automatic"]'::jsonb,
  'First generation, a mid-size sedan.'
)
on conflict (model_id, code) do nothing;


insert into public.vehicle_generations (
  id,
  model_id,
  code,
  start_year,
  end_year,
  facelift,
  production_countries,
  body_types,
  fuel_types,
  transmission_types,
  summary
)
values (
  '38c9783a-5461-acb5-1fff-e14801bf8f28',
  '9353fde1-72bd-9462-31f1-c916b237b536',
  'Y2 (1988-1993)',
  1988,
  1993,
  true,
  '{"South Korea"}'::text[],
  '["Sedan"]'::jsonb,
  '["Gasoline"]'::jsonb,
  '["Manual","Automatic"]'::jsonb,
  'Second generation, with updated styling and features.'
)
on conflict (model_id, code) do nothing;


insert into public.vehicle_generations (
  id,
  model_id,
  code,
  start_year,
  end_year,
  facelift,
  production_countries,
  body_types,
  fuel_types,
  transmission_types,
  summary
)
values (
  'e97ca7cd-c20d-ff0f-f119-a23a3f48c265',
  '9353fde1-72bd-9462-31f1-c916b237b536',
  'Y3 (1993-1998)',
  1993,
  1998,
  true,
  '{"South Korea"}'::text[],
  '["Sedan"]'::jsonb,
  '["Gasoline"]'::jsonb,
  '["Manual","Automatic"]'::jsonb,
  'Third generation, with a more rounded design.'
)
on conflict (model_id, code) do nothing;


insert into public.vehicle_generations (
  id,
  model_id,
  code,
  start_year,
  end_year,
  facelift,
  production_countries,
  body_types,
  fuel_types,
  transmission_types,
  summary
)
values (
  '2439c6ca-710a-72b4-15d6-17f10cd852d5',
  '9353fde1-72bd-9462-31f1-c916b237b536',
  'EF (1998-2005)',
  1998,
  2005,
  true,
  '{"South Korea"}'::text[],
  '["Sedan"]'::jsonb,
  '["Gasoline"]'::jsonb,
  '["Manual","Automatic"]'::jsonb,
  'Fourth generation, with a more modern design and improved safety features.'
)
on conflict (model_id, code) do nothing;


insert into public.vehicle_generations (
  id,
  model_id,
  code,
  start_year,
  end_year,
  facelift,
  production_countries,
  body_types,
  fuel_types,
  transmission_types,
  summary
)
values (
  '3f072620-d1b3-ce97-1180-a84a53b0bd1e',
  '9353fde1-72bd-9462-31f1-c916b237b536',
  'NF (2004-2010)',
  2004,
  2010,
  true,
  '{"South Korea","USA"}'::text[],
  '["Sedan"]'::jsonb,
  '["Gasoline"]'::jsonb,
  '["Manual","Automatic"]'::jsonb,
  'Fifth generation, with a more upscale interior and exterior design.'
)
on conflict (model_id, code) do nothing;


insert into public.vehicle_generations (
  id,
  model_id,
  code,
  start_year,
  end_year,
  facelift,
  production_countries,
  body_types,
  fuel_types,
  transmission_types,
  summary
)
values (
  '643d046c-7c73-bf2e-be7a-97598e82ec9b',
  '9353fde1-72bd-9462-31f1-c916b237b536',
  'YF (2009-2014)',
  2009,
  2014,
  true,
  '{"South Korea","USA"}'::text[],
  '["Sedan"]'::jsonb,
  '["Gasoline","Hybrid"]'::jsonb,
  '["Automatic"]'::jsonb,
  'Sixth generation, with a more aerodynamic design and hybrid options.'
)
on conflict (model_id, code) do nothing;


insert into public.vehicle_generations (
  id,
  model_id,
  code,
  start_year,
  end_year,
  facelift,
  production_countries,
  body_types,
  fuel_types,
  transmission_types,
  summary
)
values (
  'd0a633d1-b093-7358-fff2-d2436c69521a',
  '9353fde1-72bd-9462-31f1-c916b237b536',
  'LF (2014-2019)',
  2014,
  2019,
  true,
  '{"South Korea","USA"}'::text[],
  '["Sedan"]'::jsonb,
  '["Gasoline","Hybrid","Plug-in Hybrid"]'::jsonb,
  '["Automatic"]'::jsonb,
  'Seventh generation, with improved fuel efficiency and technology.'
)
on conflict (model_id, code) do nothing;


insert into public.vehicle_generations (
  id,
  model_id,
  code,
  start_year,
  end_year,
  facelift,
  production_countries,
  body_types,
  fuel_types,
  transmission_types,
  summary
)
values (
  'f60e1e42-b416-d5ff-1f81-f7aacf827c15',
  '9353fde1-72bd-9462-31f1-c916b237b536',
  'DN8 (2019-2024)',
  2019,
  2024,
  true,
  '{"South Korea","USA"}'::text[],
  '["Sedan"]'::jsonb,
  '["Gasoline","Hybrid"]'::jsonb,
  '["Automatic","CVT"]'::jsonb,
  'Eighth generation, with a more distinctive design and advanced features.'
)
on conflict (model_id, code) do nothing;


insert into public.vehicle_insights (
  model_id,
  pros,
  cons,
  inspection_tips,
  notable_features,
  engine_examples,
  common_issues_by_engine,
  reliability_score,
  popularity_score
)
values (
  '9353fde1-72bd-9462-31f1-c916b237b536',
  '["Comfortable ride","Spacious interior","Good value"]'::jsonb,
  '["Fuel economy (older models)","Some reports of engine issues"]'::jsonb,
  '["Check engine for leaks","Inspect suspension"]'::jsonb,
  '["Advanced safety features","Hybrid options"]'::jsonb,
  '["2.4L I4","2.0L Turbo","1.6L Turbo"]'::jsonb,
  '[{"engine_code":"Theta II","common_issues_ru":["Стук в двигателе","Повышенный расход масла"]},{"engine_code":"G4KE","common_issues_ru":["Задиры в цилиндрах","Расход масла"]}]'::jsonb,
  null,
  null
)
on conflict (model_id) do nothing;


insert into public.vehicle_models (
  id,
  make_id,
  slug,
  name_en,
  first_model_year,
  last_model_year,
  years_available,
  body_types_available,
  fuel_types_available,
  transmission_available,
  reliability_score,
  popularity_score
)
values (
  '10839ab4-1fd7-b28e-71bc-6f345d657954',
  '2bed9f5e-8dec-700b-9566-788df0ff7f00',
  'tucson',
  'Tucson',
  2004,
  2024,
  '{2004,2010,2015,2020,2024}'::int[],
  '["SUV"]'::jsonb,
  '["Gasoline","Diesel","Hybrid","Plug-in Hybrid"]'::jsonb,
  '["Manual","Automatic","Dual-Clutch"]'::jsonb,
  8.1,
  8.7
)
on conflict (make_id, slug) do nothing;


insert into public.vehicle_generations (
  id,
  model_id,
  code,
  start_year,
  end_year,
  facelift,
  production_countries,
  body_types,
  fuel_types,
  transmission_types,
  summary
)
values (
  '21b3fff1-5ff6-0b2f-9474-38007930936a',
  '10839ab4-1fd7-b28e-71bc-6f345d657954',
  'JM (2004-2009)',
  2004,
  2009,
  true,
  '{"South Korea","Slovakia"}'::text[],
  '["SUV"]'::jsonb,
  '["Gasoline","Diesel"]'::jsonb,
  '["Manual","Automatic"]'::jsonb,
  'First generation, a compact SUV.'
)
on conflict (model_id, code) do nothing;


insert into public.vehicle_generations (
  id,
  model_id,
  code,
  start_year,
  end_year,
  facelift,
  production_countries,
  body_types,
  fuel_types,
  transmission_types,
  summary
)
values (
  '422b9345-869d-3e20-ace6-a98b00ce905b',
  '10839ab4-1fd7-b28e-71bc-6f345d657954',
  'LM (2009-2015)',
  2009,
  2015,
  true,
  '{"South Korea","Czech Republic"}'::text[],
  '["SUV"]'::jsonb,
  '["Gasoline","Diesel"]'::jsonb,
  '["Manual","Automatic"]'::jsonb,
  'Second generation, with updated styling and features.'
)
on conflict (model_id, code) do nothing;


insert into public.vehicle_generations (
  id,
  model_id,
  code,
  start_year,
  end_year,
  facelift,
  production_countries,
  body_types,
  fuel_types,
  transmission_types,
  summary
)
values (
  'fcc699e7-ffd3-6594-4341-080aa883a778',
  '10839ab4-1fd7-b28e-71bc-6f345d657954',
  'TL (2015-2020)',
  2015,
  2020,
  true,
  '{"South Korea","Czech Republic","China"}'::text[],
  '["SUV"]'::jsonb,
  '["Gasoline","Diesel"]'::jsonb,
  '["Automatic","Dual-Clutch"]'::jsonb,
  'Third generation, with a more modern design and improved technology.'
)
on conflict (model_id, code) do nothing;


insert into public.vehicle_generations (
  id,
  model_id,
  code,
  start_year,
  end_year,
  facelift,
  production_countries,
  body_types,
  fuel_types,
  transmission_types,
  summary
)
values (
  '5468f13b-a3ee-3314-2b47-6d10198414a7',
  '10839ab4-1fd7-b28e-71bc-6f345d657954',
  'NX4 (2020-2024)',
  2020,
  2024,
  false,
  '{"South Korea","Czech Republic","USA"}'::text[],
  '["SUV"]'::jsonb,
  '["Gasoline","Hybrid","Plug-in Hybrid"]'::jsonb,
  '["Automatic","Dual-Clutch"]'::jsonb,
  'Fourth generation, with a futuristic design and hybrid options.'
)
on conflict (model_id, code) do nothing;


insert into public.vehicle_insights (
  model_id,
  pros,
  cons,
  inspection_tips,
  notable_features,
  engine_examples,
  common_issues_by_engine,
  reliability_score,
  popularity_score
)
values (
  '10839ab4-1fd7-b28e-71bc-6f345d657954',
  '["Stylish design","Spacious interior","Good fuel economy"]'::jsonb,
  '["Ride can be firm","Some reports of engine issues"]'::jsonb,
  '["Check for oil leaks","Inspect suspension"]'::jsonb,
  '["Advanced driver-assistance systems","Available all-wheel drive"]'::jsonb,
  '["2.0L I4","1.6L Turbo","2.5L I4"]'::jsonb,
  '[{"engine_code":"Nu","common_issues_ru":["Повышенный расход масла","Стук в двигателе"]},{"engine_code":"G4FD","common_issues_ru":["Растяжение цепи ГРМ","Задиры в цилиндрах"]}]'::jsonb,
  null,
  null
)
on conflict (model_id) do nothing;


insert into public.vehicle_makes (id, slug, name_en, country, segment_class, is_active, category_path)
values (
  'e257e864-c3e8-c764-94d6-783879942536',
  'infiniti',
  'Infiniti',
  'Япония',
  null,
  true,
  'transport/legkovye-avtomobili'
)
on conflict (id) do nothing;


insert into public.vehicle_models (
  id,
  make_id,
  slug,
  name_en,
  first_model_year,
  last_model_year,
  years_available,
  body_types_available,
  fuel_types_available,
  transmission_available,
  reliability_score,
  popularity_score
)
values (
  '735f4327-c02d-0740-8bde-22729d72a239',
  'e257e864-c3e8-c764-94d6-783879942536',
  'q50-2013-current',
  'Infiniti Q50',
  2014,
  2024,
  '{2014,2015,2016,2017,2018,2019,2020,2021,2022,2023,2024}'::int[],
  '["Sedan"]'::jsonb,
  '["Gasoline","Hybrid"]'::jsonb,
  '["Automatic"]'::jsonb,
  7.8,
  7.5
)
on conflict (make_id, slug) do nothing;


insert into public.vehicle_generations (
  id,
  model_id,
  code,
  start_year,
  end_year,
  facelift,
  production_countries,
  body_types,
  fuel_types,
  transmission_types,
  summary
)
values (
  'e98a0709-841a-b046-bf18-511c33d98344',
  '735f4327-c02d-0740-8bde-22729d72a239',
  'First Generation (2014-2024)',
  2014,
  2024,
  true,
  '{"Japan","United States"}'::text[],
  '["Sedan"]'::jsonb,
  '["Gasoline","Hybrid"]'::jsonb,
  '["Automatic"]'::jsonb,
  'The Q50 is a compact executive sedan known for its sporty handling and stylish design. It replaced the Infiniti G37.'
)
on conflict (model_id, code) do nothing;


insert into public.vehicle_insights (
  model_id,
  pros,
  cons,
  inspection_tips,
  notable_features,
  engine_examples,
  common_issues_by_engine,
  reliability_score,
  popularity_score
)
values (
  '735f4327-c02d-0740-8bde-22729d72a239',
  '["Sporty handling","Stylish design","Powerful engine options"]'::jsonb,
  '["Infotainment system can be clunky","Ride can be firm","Some interior materials feel cheap"]'::jsonb,
  '["Check for oil leaks","Inspect the suspension","Test the infotainment system"]'::jsonb,
  '["Direct Adaptive Steering","ProPILOT Assist","Twin-turbo V6 engine"]'::jsonb,
  '["2.0L Turbo I4","3.0L Twin-Turbo V6","3.5L Hybrid V6"]'::jsonb,
  '[{"engine_code":"VR30DDTT","common_issues_ru":["Проблемы с турбокомпрессорами","Утечки масла"]}]'::jsonb,
  null,
  null
)
on conflict (model_id) do nothing;


insert into public.vehicle_models (
  id,
  make_id,
  slug,
  name_en,
  first_model_year,
  last_model_year,
  years_available,
  body_types_available,
  fuel_types_available,
  transmission_available,
  reliability_score,
  popularity_score
)
values (
  '63398c84-b609-6565-e5c1-e229c3c42c06',
  'e257e864-c3e8-c764-94d6-783879942536',
  'q60-2013-current',
  'Infiniti Q60',
  2014,
  2023,
  '{2014,2015,2016,2017,2018,2019,2020,2021,2022,2023}'::int[],
  '["Coupe"]'::jsonb,
  '["Gasoline"]'::jsonb,
  '["Automatic"]'::jsonb,
  7.6,
  7
)
on conflict (make_id, slug) do nothing;


insert into public.vehicle_generations (
  id,
  model_id,
  code,
  start_year,
  end_year,
  facelift,
  production_countries,
  body_types,
  fuel_types,
  transmission_types,
  summary
)
values (
  'd49936c1-d525-0c9c-dd63-f5a097fb41ad',
  '63398c84-b609-6565-e5c1-e229c3c42c06',
  'First Generation (2017-2023)',
  2017,
  2023,
  true,
  '{"Japan"}'::text[],
  '["Coupe"]'::jsonb,
  '["Gasoline"]'::jsonb,
  '["Automatic"]'::jsonb,
  'The Q60 is a luxury coupe offering a blend of performance and style. It shares a platform with the Q50 sedan.'
)
on conflict (model_id, code) do nothing;


insert into public.vehicle_insights (
  model_id,
  pros,
  cons,
  inspection_tips,
  notable_features,
  engine_examples,
  common_issues_by_engine,
  reliability_score,
  popularity_score
)
values (
  '63398c84-b609-6565-e5c1-e229c3c42c06',
  '["Stylish design","Powerful engine options","Sporty handling"]'::jsonb,
  '["Rear seat space is limited","Infotainment system can be slow","Ride can be firm"]'::jsonb,
  '["Check for oil leaks","Inspect the suspension","Test the infotainment system"]'::jsonb,
  '["Twin-turbo V6 engine","Direct Adaptive Steering","Sport suspension"]'::jsonb,
  '["2.0L Turbo I4","3.0L Twin-Turbo V6"]'::jsonb,
  '[{"engine_code":"VR30DDTT","common_issues_ru":["Проблемы с турбокомпрессорами","Утечки масла"]}]'::jsonb,
  null,
  null
)
on conflict (model_id) do nothing;


insert into public.vehicle_models (
  id,
  make_id,
  slug,
  name_en,
  first_model_year,
  last_model_year,
  years_available,
  body_types_available,
  fuel_types_available,
  transmission_available,
  reliability_score,
  popularity_score
)
values (
  '1cf9fb95-d307-c3b3-da50-e7e898dfb581',
  'e257e864-c3e8-c764-94d6-783879942536',
  'qx50-2013-current',
  'Infiniti QX50',
  2014,
  2024,
  '{2014,2015,2016,2017,2019,2020,2021,2022,2023,2024}'::int[],
  '["SUV"]'::jsonb,
  '["Gasoline"]'::jsonb,
  '["Automatic"]'::jsonb,
  7.2,
  7.8
)
on conflict (make_id, slug) do nothing;


insert into public.vehicle_generations (
  id,
  model_id,
  code,
  start_year,
  end_year,
  facelift,
  production_countries,
  body_types,
  fuel_types,
  transmission_types,
  summary
)
values (
  '75421059-c6b6-b5d3-2b00-ea8b484769e0',
  '1cf9fb95-d307-c3b3-da50-e7e898dfb581',
  'Second Generation (2019-2024)',
  2019,
  2024,
  true,
  '{"Japan","Mexico"}'::text[],
  '["SUV"]'::jsonb,
  '["Gasoline"]'::jsonb,
  '["Automatic"]'::jsonb,
  'The QX50 is a compact luxury SUV known for its stylish design and innovative features, including a variable compression ratio engine.'
)
on conflict (model_id, code) do nothing;


insert into public.vehicle_generations (
  id,
  model_id,
  code,
  start_year,
  end_year,
  facelift,
  production_countries,
  body_types,
  fuel_types,
  transmission_types,
  summary
)
values (
  '431a87a2-e812-e349-722d-382ba2788674',
  '1cf9fb95-d307-c3b3-da50-e7e898dfb581',
  'First Generation (2014-2017)',
  2014,
  2017,
  false,
  '{"Japan"}'::text[],
  '["SUV"]'::jsonb,
  '["Gasoline"]'::jsonb,
  '["Automatic"]'::jsonb,
  'The first generation QX50 was a compact luxury SUV based on the Infiniti G37.'
)
on conflict (model_id, code) do nothing;


insert into public.vehicle_insights (
  model_id,
  pros,
  cons,
  inspection_tips,
  notable_features,
  engine_examples,
  common_issues_by_engine,
  reliability_score,
  popularity_score
)
values (
  '1cf9fb95-d307-c3b3-da50-e7e898dfb581',
  '["Stylish design","Comfortable ride","Advanced technology"]'::jsonb,
  '["Infotainment system can be slow","Cargo space is limited","Fuel economy could be better"]'::jsonb,
  '["Check for oil leaks","Inspect the suspension","Test the infotainment system"]'::jsonb,
  '["Variable compression ratio engine","ProPILOT Assist","Panoramic sunroof"]'::jsonb,
  '["2.0L Turbo I4"]'::jsonb,
  '[{"engine_code":"KR20DDET","common_issues_ru":["Утечки масла","Проблемы с системой охлаждения"]}]'::jsonb,
  null,
  null
)
on conflict (model_id) do nothing;


insert into public.vehicle_models (
  id,
  make_id,
  slug,
  name_en,
  first_model_year,
  last_model_year,
  years_available,
  body_types_available,
  fuel_types_available,
  transmission_available,
  reliability_score,
  popularity_score
)
values (
  'bcd2ffd5-4e8e-3b03-afda-a6c6277fa1e5',
  'e257e864-c3e8-c764-94d6-783879942536',
  'qx60-2013-current',
  'Infiniti QX60',
  2014,
  2024,
  '{2014,2015,2016,2017,2018,2019,2020,2021,2022,2023,2024}'::int[],
  '["SUV"]'::jsonb,
  '["Gasoline","Hybrid"]'::jsonb,
  '["Automatic"]'::jsonb,
  7,
  8.2
)
on conflict (make_id, slug) do nothing;


insert into public.vehicle_generations (
  id,
  model_id,
  code,
  start_year,
  end_year,
  facelift,
  production_countries,
  body_types,
  fuel_types,
  transmission_types,
  summary
)
values (
  'c7853bb5-58f0-a070-063d-bc81561d445f',
  'bcd2ffd5-4e8e-3b03-afda-a6c6277fa1e5',
  'Second Generation (2022-2024)',
  2022,
  2024,
  false,
  '{"United States"}'::text[],
  '["SUV"]'::jsonb,
  '["Gasoline"]'::jsonb,
  '["Automatic"]'::jsonb,
  'The QX60 is a mid-size luxury SUV offering three rows of seating. It''s known for its spacious interior and family-friendly features.'
)
on conflict (model_id, code) do nothing;


insert into public.vehicle_generations (
  id,
  model_id,
  code,
  start_year,
  end_year,
  facelift,
  production_countries,
  body_types,
  fuel_types,
  transmission_types,
  summary
)
values (
  '995935a7-554c-dff3-26c2-63004b564e43',
  'bcd2ffd5-4e8e-3b03-afda-a6c6277fa1e5',
  'First Generation (2014-2020)',
  2014,
  2020,
  true,
  '{"United States"}'::text[],
  '["SUV"]'::jsonb,
  '["Gasoline","Hybrid"]'::jsonb,
  '["Automatic"]'::jsonb,
  'The first generation QX60 was a mid-size luxury SUV, originally known as the Infiniti JX35.'
)
on conflict (model_id, code) do nothing;


insert into public.vehicle_insights (
  model_id,
  pros,
  cons,
  inspection_tips,
  notable_features,
  engine_examples,
  common_issues_by_engine,
  reliability_score,
  popularity_score
)
values (
  'bcd2ffd5-4e8e-3b03-afda-a6c6277fa1e5',
  '["Spacious interior","Comfortable ride","Family-friendly features"]'::jsonb,
  '["Fuel economy could be better","Infotainment system can be slow","Some interior materials feel cheap"]'::jsonb,
  '["Check for transmission issues","Inspect the suspension","Test the infotainment system"]'::jsonb,
  '["ProPILOT Assist","Panoramic sunroof","Three rows of seating"]'::jsonb,
  '["3.5L V6","2.0L Turbo I4"]'::jsonb,
  '[{"engine_code":"VQ35DE","common_issues_ru":["Растяжение цепи ГРМ","Утечки масла"]}]'::jsonb,
  null,
  null
)
on conflict (model_id) do nothing;


insert into public.vehicle_models (
  id,
  make_id,
  slug,
  name_en,
  first_model_year,
  last_model_year,
  years_available,
  body_types_available,
  fuel_types_available,
  transmission_available,
  reliability_score,
  popularity_score
)
values (
  '7987074d-4d7d-095b-c32a-0850d32aa7f1',
  'e257e864-c3e8-c764-94d6-783879942536',
  'qx80-2013-current',
  'Infiniti QX80',
  2014,
  2024,
  '{2014,2015,2016,2017,2018,2019,2020,2021,2022,2023,2024}'::int[],
  '["SUV"]'::jsonb,
  '["Gasoline"]'::jsonb,
  '["Automatic"]'::jsonb,
  6.8,
  7.7
)
on conflict (make_id, slug) do nothing;


insert into public.vehicle_generations (
  id,
  model_id,
  code,
  start_year,
  end_year,
  facelift,
  production_countries,
  body_types,
  fuel_types,
  transmission_types,
  summary
)
values (
  '961d6ad1-0389-894a-a80c-ff8b031f8c86',
  '7987074d-4d7d-095b-c32a-0850d32aa7f1',
  'Second Generation (2025-present)',
  2025,
  2024,
  false,
  '{"Japan"}'::text[],
  '["SUV"]'::jsonb,
  '["Gasoline"]'::jsonb,
  '["Automatic"]'::jsonb,
  'The QX80 is a full-size luxury SUV known for its spacious interior, powerful engine, and off-road capabilities.'
)
on conflict (model_id, code) do nothing;


insert into public.vehicle_generations (
  id,
  model_id,
  code,
  start_year,
  end_year,
  facelift,
  production_countries,
  body_types,
  fuel_types,
  transmission_types,
  summary
)
values (
  '2bc5c5b1-64f4-e1de-3bf4-8ec45586bbf7',
  '7987074d-4d7d-095b-c32a-0850d32aa7f1',
  'First Generation (2014-2024)',
  2014,
  2024,
  true,
  '{"Japan"}'::text[],
  '["SUV"]'::jsonb,
  '["Gasoline"]'::jsonb,
  '["Automatic"]'::jsonb,
  'The first generation QX80 was a full-size luxury SUV, based on the Nissan Armada.'
)
on conflict (model_id, code) do nothing;


insert into public.vehicle_insights (
  model_id,
  pros,
  cons,
  inspection_tips,
  notable_features,
  engine_examples,
  common_issues_by_engine,
  reliability_score,
  popularity_score
)
values (
  '7987074d-4d7d-095b-c32a-0850d32aa7f1',
  '["Spacious interior","Powerful engine","Off-road capabilities"]'::jsonb,
  '["Fuel economy is poor","Infotainment system is outdated","Ride can be bouncy"]'::jsonb,
  '["Check for rust","Inspect the suspension","Test the four-wheel-drive system"]'::jsonb,
  '["Leather upholstery","Premium sound system","Four-wheel drive"]'::jsonb,
  '["5.6L V8"]'::jsonb,
  '[{"engine_code":"VK56VD","common_issues_ru":["Утечки масла","Проблемы с системой охлаждения"]}]'::jsonb,
  null,
  null
)
on conflict (model_id) do nothing;


insert into public.vehicle_makes (id, slug, name_en, country, segment_class, is_active, category_path)
values (
  '1d05bc01-3ff1-8070-49a7-a400c943c7fa',
  'isuzu',
  'Isuzu',
  'Япония',
  null,
  true,
  'transport/legkovye-avtomobili'
)
on conflict (id) do nothing;


insert into public.vehicle_models (
  id,
  make_id,
  slug,
  name_en,
  first_model_year,
  last_model_year,
  years_available,
  body_types_available,
  fuel_types_available,
  transmission_available,
  reliability_score,
  popularity_score
)
values (
  '989177ff-90c0-6cbf-f406-a8b2a3f9f921',
  '1d05bc01-3ff1-8070-49a7-a400c943c7fa',
  'isuzu-d-max',
  'Isuzu D-Max',
  2002,
  2024,
  '{2002,2003,2004,2005,2006,2007,2008,2009,2010,2011,2012,2013,2014,2015,2016,2017,2018,2019,2020,2021,2022,2023,2024}'::int[],
  '["Pickup Truck","Crew Cab","Extended Cab"]'::jsonb,
  '["Diesel"]'::jsonb,
  '["Manual","Automatic"]'::jsonb,
  7.8,
  7.5
)
on conflict (make_id, slug) do nothing;


insert into public.vehicle_generations (
  id,
  model_id,
  code,
  start_year,
  end_year,
  facelift,
  production_countries,
  body_types,
  fuel_types,
  transmission_types,
  summary
)
values (
  '856f63d7-6274-dcb6-82b1-6ba198403134',
  '989177ff-90c0-6cbf-f406-a8b2a3f9f921',
  'First Generation (2002-2012)',
  2002,
  2012,
  true,
  '{"Thailand","Vietnam","Argentina"}'::text[],
  '["Pickup Truck","Crew Cab","Extended Cab"]'::jsonb,
  '["Diesel"]'::jsonb,
  '["Manual","Automatic"]'::jsonb,
  'The first generation D-Max was a robust and reliable pickup truck, popular in Southeast Asia and other markets. It offered a range of diesel engines and various cab configurations.'
)
on conflict (model_id, code) do nothing;


insert into public.vehicle_generations (
  id,
  model_id,
  code,
  start_year,
  end_year,
  facelift,
  production_countries,
  body_types,
  fuel_types,
  transmission_types,
  summary
)
values (
  '7be5d803-97ff-1d1e-852a-bafa74408989',
  '989177ff-90c0-6cbf-f406-a8b2a3f9f921',
  'Second Generation (2012-2020)',
  2012,
  2020,
  true,
  '{"Thailand","Vietnam","Australia"}'::text[],
  '["Pickup Truck","Crew Cab","Extended Cab"]'::jsonb,
  '["Diesel"]'::jsonb,
  '["Manual","Automatic"]'::jsonb,
  'The second generation saw improvements in design, technology, and safety features. It continued to be a popular choice for both work and leisure.'
)
on conflict (model_id, code) do nothing;


insert into public.vehicle_generations (
  id,
  model_id,
  code,
  start_year,
  end_year,
  facelift,
  production_countries,
  body_types,
  fuel_types,
  transmission_types,
  summary
)
values (
  '78d76bc2-2681-0bcf-0d88-3213c11afa2c',
  '989177ff-90c0-6cbf-f406-a8b2a3f9f921',
  'Third Generation (2020-Present)',
  2020,
  2024,
  false,
  '{"Thailand","Australia"}'::text[],
  '["Pickup Truck","Crew Cab","Extended Cab"]'::jsonb,
  '["Diesel"]'::jsonb,
  '["Manual","Automatic"]'::jsonb,
  'The third generation D-Max features a more modern design, updated technology, and improved safety features. It continues to be a strong contender in the pickup truck market.'
)
on conflict (model_id, code) do nothing;


insert into public.vehicle_insights (
  model_id,
  pros,
  cons,
  inspection_tips,
  notable_features,
  engine_examples,
  common_issues_by_engine,
  reliability_score,
  popularity_score
)
values (
  '989177ff-90c0-6cbf-f406-a8b2a3f9f921',
  '["Durable and reliable","Good off-road capability","Fuel-efficient diesel engines"]'::jsonb,
  '["Basic interior design","Ride can be rough","Some engine variants can be noisy"]'::jsonb,
  '["Check for rust, especially in the chassis and underbody","Inspect the suspension for wear and tear","Test the 4x4 system (if equipped)"]'::jsonb,
  '["4x4 system","Diesel engines","Various cab configurations"]'::jsonb,
  '["2.5L Diesel","3.0L Diesel","1.9L Diesel"]'::jsonb,
  '[{"engine_code":"4JJ1","common_issues_ru":["Засорение сажевого фильтра","Проблемы с форсунками","Утечки масла"]},{"engine_code":"RZ4E","common_issues_ru":["Проблемы с турбиной","Износ цепи ГРМ"]}]'::jsonb,
  null,
  null
)
on conflict (model_id) do nothing;


insert into public.vehicle_models (
  id,
  make_id,
  slug,
  name_en,
  first_model_year,
  last_model_year,
  years_available,
  body_types_available,
  fuel_types_available,
  transmission_available,
  reliability_score,
  popularity_score
)
values (
  '638aab10-3e6b-2147-55f8-cb14d1661786',
  '1d05bc01-3ff1-8070-49a7-a400c943c7fa',
  'isuzu-mu-x',
  'Isuzu MU-X',
  2013,
  2024,
  '{2013,2014,2015,2016,2017,2018,2019,2020,2021,2022,2023,2024}'::int[],
  '["SUV"]'::jsonb,
  '["Diesel"]'::jsonb,
  '["Manual","Automatic"]'::jsonb,
  8,
  7
)
on conflict (make_id, slug) do nothing;


insert into public.vehicle_generations (
  id,
  model_id,
  code,
  start_year,
  end_year,
  facelift,
  production_countries,
  body_types,
  fuel_types,
  transmission_types,
  summary
)
values (
  'fd12823e-5d3c-35ee-61ff-08ba77556fbd',
  '638aab10-3e6b-2147-55f8-cb14d1661786',
  'First Generation (2013-2020)',
  2013,
  2020,
  true,
  '{"Thailand","Vietnam","India"}'::text[],
  '["SUV"]'::jsonb,
  '["Diesel"]'::jsonb,
  '["Manual","Automatic"]'::jsonb,
  'The first generation MU-X was a seven-seater SUV based on the D-Max platform. It offered a comfortable ride and good off-road capabilities.'
)
on conflict (model_id, code) do nothing;


insert into public.vehicle_generations (
  id,
  model_id,
  code,
  start_year,
  end_year,
  facelift,
  production_countries,
  body_types,
  fuel_types,
  transmission_types,
  summary
)
values (
  '6a5ab27e-a261-a0d4-b8d0-c6955e896616',
  '638aab10-3e6b-2147-55f8-cb14d1661786',
  'Second Generation (2021-Present)',
  2021,
  2024,
  false,
  '{"Thailand","Australia"}'::text[],
  '["SUV"]'::jsonb,
  '["Diesel"]'::jsonb,
  '["Automatic"]'::jsonb,
  'The second generation MU-X features a more modern design, updated technology, and improved safety features. It continues to be a popular choice for families and those seeking a capable SUV.'
)
on conflict (model_id, code) do nothing;


insert into public.vehicle_insights (
  model_id,
  pros,
  cons,
  inspection_tips,
  notable_features,
  engine_examples,
  common_issues_by_engine,
  reliability_score,
  popularity_score
)
values (
  '638aab10-3e6b-2147-55f8-cb14d1661786',
  '["Spacious interior","Good fuel economy","Reliable diesel engines"]'::jsonb,
  '["Basic interior design in some trims","Ride can be firm","Some features are only available on higher trims"]'::jsonb,
  '["Check for rust, especially in the chassis and underbody","Inspect the suspension for wear and tear","Test the 4x4 system (if equipped)"]'::jsonb,
  '["7-seater configuration","4x4 system (optional)","Diesel engines"]'::jsonb,
  '["2.5L Diesel","3.0L Diesel","1.9L Diesel"]'::jsonb,
  '[{"engine_code":"4JJ1","common_issues_ru":["Засорение сажевого фильтра","Проблемы с форсунками","Утечки масла"]},{"engine_code":"RZ4E","common_issues_ru":["Проблемы с турбиной","Износ цепи ГРМ"]}]'::jsonb,
  null,
  null
)
on conflict (model_id) do nothing;


insert into public.vehicle_makes (id, slug, name_en, country, segment_class, is_active, category_path)
values (
  'b756218c-e06e-47db-b654-0c06fd4ed8c6',
  'jac',
  'JAC',
  'Китай',
  null,
  true,
  'transport/legkovye-avtomobili'
)
on conflict (id) do nothing;


insert into public.vehicle_models (
  id,
  make_id,
  slug,
  name_en,
  first_model_year,
  last_model_year,
  years_available,
  body_types_available,
  fuel_types_available,
  transmission_available,
  reliability_score,
  popularity_score
)
values (
  '65f4363f-2454-c96c-25c4-9c31f4236cd5',
  'b756218c-e06e-47db-b654-0c06fd4ed8c6',
  'jac-s2',
  'JAC S2',
  2018,
  2024,
  '{2018,2019,2020,2021,2022,2023,2024}'::int[],
  '["SUV"]'::jsonb,
  '["Gasoline"]'::jsonb,
  '["Manual","Automatic"]'::jsonb,
  6.8,
  7.2
)
on conflict (make_id, slug) do nothing;


insert into public.vehicle_generations (
  id,
  model_id,
  code,
  start_year,
  end_year,
  facelift,
  production_countries,
  body_types,
  fuel_types,
  transmission_types,
  summary
)
values (
  'c7df00c1-d9ae-fe9a-9f78-fccf45380238',
  '65f4363f-2454-c96c-25c4-9c31f4236cd5',
  'First Generation (2018-Present)',
  2018,
  2024,
  true,
  '{"China"}'::text[],
  '["SUV"]'::jsonb,
  '["Gasoline"]'::jsonb,
  '["Manual","Automatic"]'::jsonb,
  'The JAC S2 is a subcompact SUV known for its affordability and modern design. It offers a range of features and is targeted towards young drivers.'
)
on conflict (model_id, code) do nothing;


insert into public.vehicle_insights (
  model_id,
  pros,
  cons,
  inspection_tips,
  notable_features,
  engine_examples,
  common_issues_by_engine,
  reliability_score,
  popularity_score
)
values (
  '65f4363f-2454-c96c-25c4-9c31f4236cd5',
  '["Affordable price","Modern design","Fuel efficiency"]'::jsonb,
  '["Interior quality","Limited engine options","Ride comfort"]'::jsonb,
  '["Check for rust","Inspect the suspension","Test the infotainment system"]'::jsonb,
  '["Touchscreen infotainment","Rear parking sensors","LED daytime running lights"]'::jsonb,
  '["1.5L I4"]'::jsonb,
  '[{"engine_code":"HFC4GB2.3D","common_issues_ru":["Проблемы с датчиком кислорода","Нестабильная работа двигателя на холостом ходу"]}]'::jsonb,
  null,
  null
)
on conflict (model_id) do nothing;


insert into public.vehicle_models (
  id,
  make_id,
  slug,
  name_en,
  first_model_year,
  last_model_year,
  years_available,
  body_types_available,
  fuel_types_available,
  transmission_available,
  reliability_score,
  popularity_score
)
values (
  '7a77f0dd-f077-815a-9d5d-ebe567b1249c',
  'b756218c-e06e-47db-b654-0c06fd4ed8c6',
  'jac-t6',
  'JAC T6',
  2014,
  2024,
  '{2014,2015,2016,2017,2018,2019,2020,2021,2022,2023,2024}'::int[],
  '["Pickup Truck"]'::jsonb,
  '["Gasoline","Diesel"]'::jsonb,
  '["Manual"]'::jsonb,
  6.5,
  7
)
on conflict (make_id, slug) do nothing;


insert into public.vehicle_generations (
  id,
  model_id,
  code,
  start_year,
  end_year,
  facelift,
  production_countries,
  body_types,
  fuel_types,
  transmission_types,
  summary
)
values (
  'e7946383-49b5-9be8-efee-441bb8fc0e48',
  '7a77f0dd-f077-815a-9d5d-ebe567b1249c',
  'First Generation (2014-Present)',
  2014,
  2024,
  true,
  '{"China"}'::text[],
  '["Pickup Truck"]'::jsonb,
  '["Gasoline","Diesel"]'::jsonb,
  '["Manual"]'::jsonb,
  'The JAC T6 is a pickup truck designed for both work and leisure. It offers a robust design and a variety of engine options.'
)
on conflict (model_id, code) do nothing;


insert into public.vehicle_insights (
  model_id,
  pros,
  cons,
  inspection_tips,
  notable_features,
  engine_examples,
  common_issues_by_engine,
  reliability_score,
  popularity_score
)
values (
  '7a77f0dd-f077-815a-9d5d-ebe567b1249c',
  '["Good value for money","Durable design","Available diesel engine"]'::jsonb,
  '["Basic interior","Ride comfort","Limited features"]'::jsonb,
  '["Check the suspension","Inspect the chassis for rust","Test the 4x4 system (if equipped)"]'::jsonb,
  '["Cargo bed","Off-road capabilities (some trims)","Available diesel engine"]'::jsonb,
  '["2.0L I4","2.8L Diesel I4"]'::jsonb,
  '[{"engine_code":"HFC4DA1-1D","common_issues_ru":["Проблемы с турбокомпрессором","Неисправности топливной системы"]}]'::jsonb,
  null,
  null
)
on conflict (model_id) do nothing;


insert into public.vehicle_makes (id, slug, name_en, country, segment_class, is_active, category_path)
values (
  'e1ba151d-69ab-6a68-7246-ff78f791ef50',
  'jaguar',
  'Jaguar',
  'Великобритания',
  null,
  true,
  'transport/legkovye-avtomobili'
)
on conflict (id) do nothing;


insert into public.vehicle_models (
  id,
  make_id,
  slug,
  name_en,
  first_model_year,
  last_model_year,
  years_available,
  body_types_available,
  fuel_types_available,
  transmission_available,
  reliability_score,
  popularity_score
)
values (
  '5cdcc5e3-387d-187b-d7da-bf822e84febd',
  'e1ba151d-69ab-6a68-7246-ff78f791ef50',
  'e-pace',
  'E-Pace',
  2017,
  2024,
  '{2017,2018,2019,2020,2021,2022,2023,2024}'::int[],
  '["SUV"]'::jsonb,
  '["Gasoline","Diesel","Mild Hybrid"]'::jsonb,
  '["Automatic"]'::jsonb,
  6.8,
  7.5
)
on conflict (make_id, slug) do nothing;


insert into public.vehicle_generations (
  id,
  model_id,
  code,
  start_year,
  end_year,
  facelift,
  production_countries,
  body_types,
  fuel_types,
  transmission_types,
  summary
)
values (
  'f3536dad-41f5-34c1-0d96-13402ce755fb',
  '5cdcc5e3-387d-187b-d7da-bf822e84febd',
  'First Generation (2017-Present)',
  2017,
  2024,
  true,
  '{"Austria","China"}'::text[],
  '["SUV"]'::jsonb,
  '["Gasoline","Diesel","Mild Hybrid"]'::jsonb,
  '["Automatic"]'::jsonb,
  'The E-Pace is a compact SUV, positioned below the F-Pace. It offers a range of petrol and diesel engines, and features a modern interior.'
)
on conflict (model_id, code) do nothing;


insert into public.vehicle_insights (
  model_id,
  pros,
  cons,
  inspection_tips,
  notable_features,
  engine_examples,
  common_issues_by_engine,
  reliability_score,
  popularity_score
)
values (
  '5cdcc5e3-387d-187b-d7da-bf822e84febd',
  '["Stylish design","Good handling","Well-equipped interior"]'::jsonb,
  '["Rear seat space","Infotainment system can be slow","Fuel economy can be lower than expected"]'::jsonb,
  '["Check for electrical issues","Inspect the suspension","Test the infotainment system"]'::jsonb,
  '["All-wheel drive","Touch Pro infotainment system","Adaptive Dynamics"]'::jsonb,
  '["2.0L I4 Turbo","1.5L I3 Turbo"]'::jsonb,
  '[{"engine_code":"2.0L I4 Turbo","common_issues_ru":["Проблемы с турбокомпрессором","Утечки масла"]}]'::jsonb,
  null,
  null
)
on conflict (model_id) do nothing;


insert into public.vehicle_models (
  id,
  make_id,
  slug,
  name_en,
  first_model_year,
  last_model_year,
  years_available,
  body_types_available,
  fuel_types_available,
  transmission_available,
  reliability_score,
  popularity_score
)
values (
  '8983747a-1709-7b45-91e8-e78d98bf6f0e',
  'e1ba151d-69ab-6a68-7246-ff78f791ef50',
  'f-pace',
  'F-Pace',
  2016,
  2024,
  '{2016,2017,2018,2019,2020,2021,2022,2023,2024}'::int[],
  '["SUV"]'::jsonb,
  '["Gasoline","Diesel","Mild Hybrid","Plug-in Hybrid"]'::jsonb,
  '["Automatic"]'::jsonb,
  6.5,
  8.2
)
on conflict (make_id, slug) do nothing;


insert into public.vehicle_generations (
  id,
  model_id,
  code,
  start_year,
  end_year,
  facelift,
  production_countries,
  body_types,
  fuel_types,
  transmission_types,
  summary
)
values (
  'c8867ebf-baab-4180-7c57-54cbb41fb22d',
  '8983747a-1709-7b45-91e8-e78d98bf6f0e',
  'First Generation (2016-Present)',
  2016,
  2024,
  true,
  '{"United Kingdom","China"}'::text[],
  '["SUV"]'::jsonb,
  '["Gasoline","Diesel","Mild Hybrid","Plug-in Hybrid"]'::jsonb,
  '["Automatic"]'::jsonb,
  'The F-Pace is Jaguar''s first SUV, offering a blend of performance, luxury, and practicality. It competes in the mid-size SUV segment.'
)
on conflict (model_id, code) do nothing;


insert into public.vehicle_insights (
  model_id,
  pros,
  cons,
  inspection_tips,
  notable_features,
  engine_examples,
  common_issues_by_engine,
  reliability_score,
  popularity_score
)
values (
  '8983747a-1709-7b45-91e8-e78d98bf6f0e',
  '["Stylish design","Good driving dynamics","Spacious interior"]'::jsonb,
  '["Infotainment system can be slow","Some reliability concerns","Fuel economy can be improved"]'::jsonb,
  '["Check for electrical issues","Inspect the suspension","Test the infotainment system"]'::jsonb,
  '["All-wheel drive","Touch Pro infotainment system","Adaptive Dynamics","Panoramic roof"]'::jsonb,
  '["2.0L I4 Turbo","3.0L V6 Supercharged","5.0L V8 Supercharged"]'::jsonb,
  '[{"engine_code":"2.0L I4 Turbo","common_issues_ru":["Проблемы с турбокомпрессором","Утечки масла"]},{"engine_code":"3.0L V6 Supercharged","common_issues_ru":["Проблемы с водяной помпой","Растяжение цепи ГРМ"]}]'::jsonb,
  null,
  null
)
on conflict (model_id) do nothing;


insert into public.vehicle_models (
  id,
  make_id,
  slug,
  name_en,
  first_model_year,
  last_model_year,
  years_available,
  body_types_available,
  fuel_types_available,
  transmission_available,
  reliability_score,
  popularity_score
)
values (
  '51159ae5-3be0-bf6b-7651-33c40a68adb4',
  'e1ba151d-69ab-6a68-7246-ff78f791ef50',
  'f-type',
  'F-Type',
  2013,
  2024,
  '{2013,2014,2015,2016,2017,2018,2019,2020,2021,2022,2023,2024}'::int[],
  '["Coupe","Convertible"]'::jsonb,
  '["Gasoline"]'::jsonb,
  '["Automatic","Manual"]'::jsonb,
  7,
  8.5
)
on conflict (make_id, slug) do nothing;


insert into public.vehicle_generations (
  id,
  model_id,
  code,
  start_year,
  end_year,
  facelift,
  production_countries,
  body_types,
  fuel_types,
  transmission_types,
  summary
)
values (
  '5a65f0a0-cbed-3a58-06b5-5f0b9a147aa4',
  '51159ae5-3be0-bf6b-7651-33c40a68adb4',
  'First Generation (2013-Present)',
  2013,
  2024,
  true,
  '{"United Kingdom"}'::text[],
  '["Coupe","Convertible"]'::jsonb,
  '["Gasoline"]'::jsonb,
  '["Automatic","Manual"]'::jsonb,
  'The F-Type is a sports car, offering a range of powerful engines and a stylish design. It replaced the Jaguar XK.'
)
on conflict (model_id, code) do nothing;


insert into public.vehicle_insights (
  model_id,
  pros,
  cons,
  inspection_tips,
  notable_features,
  engine_examples,
  common_issues_by_engine,
  reliability_score,
  popularity_score
)
values (
  '51159ae5-3be0-bf6b-7651-33c40a68adb4',
  '["Stunning design","Exhilarating performance","Engaging driving experience"]'::jsonb,
  '["Limited cargo space","Fuel economy","Some interior materials could be better"]'::jsonb,
  '["Check for leaks","Inspect the brakes","Test the engine''s performance"]'::jsonb,
  '["Supercharged engines","Active exhaust system","Limited-slip differential"]'::jsonb,
  '["2.0L I4 Turbo","3.0L V6 Supercharged","5.0L V8 Supercharged"]'::jsonb,
  '[{"engine_code":"5.0L V8 Supercharged","common_issues_ru":["Проблемы с водяной помпой","Износ цепи ГРМ"]}]'::jsonb,
  null,
  null
)
on conflict (model_id) do nothing;


insert into public.vehicle_models (
  id,
  make_id,
  slug,
  name_en,
  first_model_year,
  last_model_year,
  years_available,
  body_types_available,
  fuel_types_available,
  transmission_available,
  reliability_score,
  popularity_score
)
values (
  '2a15588c-7b15-7e58-5c23-5496db6244cb',
  'e1ba151d-69ab-6a68-7246-ff78f791ef50',
  'i-pace',
  'I-Pace',
  2018,
  2024,
  '{2018,2019,2020,2021,2022,2023,2024}'::int[],
  '["SUV"]'::jsonb,
  '["Electric"]'::jsonb,
  '["Automatic"]'::jsonb,
  6,
  7
)
on conflict (make_id, slug) do nothing;


insert into public.vehicle_generations (
  id,
  model_id,
  code,
  start_year,
  end_year,
  facelift,
  production_countries,
  body_types,
  fuel_types,
  transmission_types,
  summary
)
values (
  '8182bb7d-8737-16a8-70c6-cb27fe75fbc6',
  '2a15588c-7b15-7e58-5c23-5496db6244cb',
  'First Generation (2018-Present)',
  2018,
  2024,
  true,
  '{"Austria"}'::text[],
  '["SUV"]'::jsonb,
  '["Electric"]'::jsonb,
  '["Automatic"]'::jsonb,
  'The I-Pace is Jaguar''s first all-electric SUV, offering a stylish design, impressive performance, and a long driving range.'
)
on conflict (model_id, code) do nothing;


insert into public.vehicle_insights (
  model_id,
  pros,
  cons,
  inspection_tips,
  notable_features,
  engine_examples,
  common_issues_by_engine,
  reliability_score,
  popularity_score
)
values (
  '2a15588c-7b15-7e58-5c23-5496db6244cb',
  '["Stylish design","Quick acceleration","Smooth and quiet ride"]'::jsonb,
  '["Range can be affected by cold weather","Infotainment system can be slow","Some software glitches"]'::jsonb,
  '["Check the battery health","Inspect the charging port","Test the infotainment system"]'::jsonb,
  '["All-wheel drive","Fast charging capability","Touch Pro Duo infotainment system"]'::jsonb,
  '["Dual Electric Motors"]'::jsonb,
  '[{"engine_code":"Dual Electric Motors","common_issues_ru":["Проблемы с зарядкой","Сбои в программном обеспечении"]}]'::jsonb,
  null,
  null
)
on conflict (model_id) do nothing;


insert into public.vehicle_models (
  id,
  make_id,
  slug,
  name_en,
  first_model_year,
  last_model_year,
  years_available,
  body_types_available,
  fuel_types_available,
  transmission_available,
  reliability_score,
  popularity_score
)
values (
  'dfeaad57-4d72-c45e-bcd2-eb85768b6099',
  'e1ba151d-69ab-6a68-7246-ff78f791ef50',
  'xe',
  'XE',
  2015,
  2024,
  '{2015,2016,2017,2018,2019,2020,2021,2022,2023,2024}'::int[],
  '["Sedan"]'::jsonb,
  '["Gasoline","Diesel"]'::jsonb,
  '["Automatic"]'::jsonb,
  6.7,
  7.8
)
on conflict (make_id, slug) do nothing;


insert into public.vehicle_generations (
  id,
  model_id,
  code,
  start_year,
  end_year,
  facelift,
  production_countries,
  body_types,
  fuel_types,
  transmission_types,
  summary
)
values (
  '0e8aa577-f17a-0eb3-aa5d-84d21a453ec6',
  'dfeaad57-4d72-c45e-bcd2-eb85768b6099',
  'First Generation (2015-Present)',
  2015,
  2024,
  true,
  '{"United Kingdom"}'::text[],
  '["Sedan"]'::jsonb,
  '["Gasoline","Diesel"]'::jsonb,
  '["Automatic"]'::jsonb,
  'The XE is a compact executive sedan, designed to compete with the BMW 3 Series and Mercedes-Benz C-Class. It offers a sporty driving experience.'
)
on conflict (model_id, code) do nothing;


insert into public.vehicle_insights (
  model_id,
  pros,
  cons,
  inspection_tips,
  notable_features,
  engine_examples,
  common_issues_by_engine,
  reliability_score,
  popularity_score
)
values (
  'dfeaad57-4d72-c45e-bcd2-eb85768b6099',
  '["Sporty handling","Stylish design","Well-equipped interior"]'::jsonb,
  '["Rear seat space","Some reliability concerns","Infotainment system can be improved"]'::jsonb,
  '["Check for electrical issues","Inspect the suspension","Test the infotainment system"]'::jsonb,
  '["All-wheel drive","Touch Pro infotainment system","Adaptive Dynamics"]'::jsonb,
  '["2.0L I4 Turbo","3.0L V6 Supercharged"]'::jsonb,
  '[{"engine_code":"2.0L I4 Turbo","common_issues_ru":["Проблемы с турбокомпрессором","Утечки масла"]}]'::jsonb,
  null,
  null
)
on conflict (model_id) do nothing;


insert into public.vehicle_models (
  id,
  make_id,
  slug,
  name_en,
  first_model_year,
  last_model_year,
  years_available,
  body_types_available,
  fuel_types_available,
  transmission_available,
  reliability_score,
  popularity_score
)
values (
  '55455f11-1324-9f5a-8717-89e922c7cf81',
  'e1ba151d-69ab-6a68-7246-ff78f791ef50',
  'xf',
  'XF',
  2008,
  2024,
  '{2008,2009,2010,2011,2012,2013,2014,2015,2016,2017,2018,2019,2020,2021,2022,2023,2024}'::int[],
  '["Sedan","Wagon"]'::jsonb,
  '["Gasoline","Diesel"]'::jsonb,
  '["Automatic"]'::jsonb,
  6.9,
  8
)
on conflict (make_id, slug) do nothing;


insert into public.vehicle_generations (
  id,
  model_id,
  code,
  start_year,
  end_year,
  facelift,
  production_countries,
  body_types,
  fuel_types,
  transmission_types,
  summary
)
values (
  '87dc78a3-6b91-d36b-74ec-e34fe110fa1f',
  '55455f11-1324-9f5a-8717-89e922c7cf81',
  'First Generation (2008-2015)',
  2008,
  2015,
  true,
  '{"United Kingdom"}'::text[],
  '["Sedan"]'::jsonb,
  '["Gasoline","Diesel"]'::jsonb,
  '["Automatic"]'::jsonb,
  'The XF is a mid-size executive sedan, replacing the S-Type. It offers a blend of luxury, performance, and style.'
)
on conflict (model_id, code) do nothing;


insert into public.vehicle_generations (
  id,
  model_id,
  code,
  start_year,
  end_year,
  facelift,
  production_countries,
  body_types,
  fuel_types,
  transmission_types,
  summary
)
values (
  '48d77646-916b-a8f3-ed27-46a253962243',
  '55455f11-1324-9f5a-8717-89e922c7cf81',
  'Second Generation (2016-Present)',
  2016,
  2024,
  true,
  '{"United Kingdom"}'::text[],
  '["Sedan","Wagon"]'::jsonb,
  '["Gasoline","Diesel"]'::jsonb,
  '["Automatic"]'::jsonb,
  'The second generation XF continues the legacy of the model, offering a more modern design and improved technology.'
)
on conflict (model_id, code) do nothing;


insert into public.vehicle_insights (
  model_id,
  pros,
  cons,
  inspection_tips,
  notable_features,
  engine_examples,
  common_issues_by_engine,
  reliability_score,
  popularity_score
)
values (
  '55455f11-1324-9f5a-8717-89e922c7cf81',
  '["Stylish design","Comfortable ride","Well-appointed interior"]'::jsonb,
  '["Some reliability concerns","Infotainment system can be slow","Fuel economy can be improved"]'::jsonb,
  '["Check for electrical issues","Inspect the suspension","Test the infotainment system"]'::jsonb,
  '["All-wheel drive","Touch Pro infotainment system","Adaptive Dynamics"]'::jsonb,
  '["2.0L I4 Turbo","3.0L V6 Supercharged","5.0L V8 Supercharged"]'::jsonb,
  '[{"engine_code":"2.0L I4 Turbo","common_issues_ru":["Проблемы с турбокомпрессором","Утечки масла"]},{"engine_code":"3.0L V6 Supercharged","common_issues_ru":["Проблемы с водяной помпой","Растяжение цепи ГРМ"]}]'::jsonb,
  null,
  null
)
on conflict (model_id) do nothing;


insert into public.vehicle_models (
  id,
  make_id,
  slug,
  name_en,
  first_model_year,
  last_model_year,
  years_available,
  body_types_available,
  fuel_types_available,
  transmission_available,
  reliability_score,
  popularity_score
)
values (
  'a3539d68-f931-bf99-1ed3-8496edde4d0b',
  'e1ba151d-69ab-6a68-7246-ff78f791ef50',
  'xj',
  'XJ',
  1968,
  2019,
  '{1968,1970,1975,1980,1985,1990,1995,2000,2005,2010,2011,2012,2013,2014,2015,2016,2017,2018,2019}'::int[],
  '["Sedan"]'::jsonb,
  '["Gasoline","Diesel"]'::jsonb,
  '["Automatic"]'::jsonb,
  6.2,
  7.5
)
on conflict (make_id, slug) do nothing;


insert into public.vehicle_generations (
  id,
  model_id,
  code,
  start_year,
  end_year,
  facelift,
  production_countries,
  body_types,
  fuel_types,
  transmission_types,
  summary
)
values (
  'a51dba26-5077-91dd-f555-492c7602715c',
  'a3539d68-f931-bf99-1ed3-8496edde4d0b',
  'First Generation (1968-1979)',
  1968,
  1979,
  true,
  '{"United Kingdom"}'::text[],
  '["Sedan"]'::jsonb,
  '["Gasoline"]'::jsonb,
  '["Automatic","Manual"]'::jsonb,
  'The original XJ was a luxury sedan, known for its elegant design and smooth ride. It established Jaguar''s reputation for luxury.'
)
on conflict (model_id, code) do nothing;


insert into public.vehicle_generations (
  id,
  model_id,
  code,
  start_year,
  end_year,
  facelift,
  production_countries,
  body_types,
  fuel_types,
  transmission_types,
  summary
)
values (
  '668c5c2e-0032-6387-e37b-c3fcba85b23e',
  'a3539d68-f931-bf99-1ed3-8496edde4d0b',
  'Second Generation (1979-1992)',
  1979,
  1992,
  true,
  '{"United Kingdom"}'::text[],
  '["Sedan"]'::jsonb,
  '["Gasoline"]'::jsonb,
  '["Automatic"]'::jsonb,
  'The second generation XJ continued to refine the formula, offering improved comfort and features.'
)
on conflict (model_id, code) do nothing;


insert into public.vehicle_generations (
  id,
  model_id,
  code,
  start_year,
  end_year,
  facelift,
  production_countries,
  body_types,
  fuel_types,
  transmission_types,
  summary
)
values (
  'ec99c741-b746-6d32-ca4a-cbb8eb3e76dc',
  'a3539d68-f931-bf99-1ed3-8496edde4d0b',
  'Third Generation (1994-2003)',
  1994,
  2003,
  true,
  '{"United Kingdom"}'::text[],
  '["Sedan"]'::jsonb,
  '["Gasoline"]'::jsonb,
  '["Automatic"]'::jsonb,
  'The third generation XJ introduced a more modern design and improved technology.'
)
on conflict (model_id, code) do nothing;


insert into public.vehicle_generations (
  id,
  model_id,
  code,
  start_year,
  end_year,
  facelift,
  production_countries,
  body_types,
  fuel_types,
  transmission_types,
  summary
)
values (
  '573c697c-7779-32d7-7623-29a7d0e9897c',
  'a3539d68-f931-bf99-1ed3-8496edde4d0b',
  'Fourth Generation (2003-2009)',
  2003,
  2009,
  true,
  '{"United Kingdom"}'::text[],
  '["Sedan"]'::jsonb,
  '["Gasoline","Diesel"]'::jsonb,
  '["Automatic"]'::jsonb,
  'The fourth generation XJ featured an aluminum body and a more contemporary design.'
)
on conflict (model_id, code) do nothing;


insert into public.vehicle_generations (
  id,
  model_id,
  code,
  start_year,
  end_year,
  facelift,
  production_countries,
  body_types,
  fuel_types,
  transmission_types,
  summary
)
values (
  '684ee8bc-285b-6ab6-dcf8-ac9fb6a503c2',
  'a3539d68-f931-bf99-1ed3-8496edde4d0b',
  'Fifth Generation (2009-2019)',
  2009,
  2019,
  true,
  '{"United Kingdom"}'::text[],
  '["Sedan"]'::jsonb,
  '["Gasoline","Diesel"]'::jsonb,
  '["Automatic"]'::jsonb,
  'The fifth generation XJ offered a bold design and a luxurious interior, but production ended in 2019.'
)
on conflict (model_id, code) do nothing;


insert into public.vehicle_insights (
  model_id,
  pros,
  cons,
  inspection_tips,
  notable_features,
  engine_examples,
  common_issues_by_engine,
  reliability_score,
  popularity_score
)
values (
  'a3539d68-f931-bf99-1ed3-8496edde4d0b',
  '["Luxurious interior","Comfortable ride","Elegant design"]'::jsonb,
  '["Some reliability concerns","Fuel economy","Depreciation"]'::jsonb,
  '["Check for electrical issues","Inspect the suspension","Test the air suspension (if equipped)"]'::jsonb,
  '["Air suspension","Premium sound system","Massaging seats"]'::jsonb,
  '["3.0L V6 Supercharged","5.0L V8 Supercharged"]'::jsonb,
  '[{"engine_code":"5.0L V8 Supercharged","common_issues_ru":["Проблемы с водяной помпой","Растяжение цепи ГРМ"]}]'::jsonb,
  null,
  null
)
on conflict (model_id) do nothing;


insert into public.vehicle_makes (id, slug, name_en, country, segment_class, is_active, category_path)
values (
  '6ad702e3-8e3b-1321-f2be-e5f5dfbdedfd',
  'kamaz',
  'Kamaz',
  'Россия',
  null,
  true,
  'transport/legkovye-avtomobili'
)
on conflict (id) do nothing;


insert into public.vehicle_models (
  id,
  make_id,
  slug,
  name_en,
  first_model_year,
  last_model_year,
  years_available,
  body_types_available,
  fuel_types_available,
  transmission_available,
  reliability_score,
  popularity_score
)
values (
  'd329a863-e031-bebd-5417-483804129705',
  '6ad702e3-8e3b-1321-f2be-e5f5dfbdedfd',
  'kamaz-4308',
  'Kamaz 4308',
  1999,
  2024,
  '{1999,2005,2010,2015,2020,2024}'::int[],
  '["Truck"]'::jsonb,
  '["Diesel"]'::jsonb,
  '["Manual"]'::jsonb,
  6.8,
  7.2
)
on conflict (make_id, slug) do nothing;


insert into public.vehicle_generations (
  id,
  model_id,
  code,
  start_year,
  end_year,
  facelift,
  production_countries,
  body_types,
  fuel_types,
  transmission_types,
  summary
)
values (
  '1ea703de-0aa7-bfcc-988e-af44cdc4a79c',
  'd329a863-e031-bebd-5417-483804129705',
  'First Generation (1999-2010)',
  1999,
  2010,
  false,
  '{"Russia"}'::text[],
  '["Truck"]'::jsonb,
  '["Diesel"]'::jsonb,
  '["Manual"]'::jsonb,
  'The initial generation of the Kamaz 4308, known for its versatility in various commercial applications.'
)
on conflict (model_id, code) do nothing;


insert into public.vehicle_generations (
  id,
  model_id,
  code,
  start_year,
  end_year,
  facelift,
  production_countries,
  body_types,
  fuel_types,
  transmission_types,
  summary
)
values (
  '1c67c2db-36ed-8b25-db46-b5f798ca3b4e',
  'd329a863-e031-bebd-5417-483804129705',
  'Second Generation (2010-2024)',
  2010,
  2024,
  true,
  '{"Russia"}'::text[],
  '["Truck"]'::jsonb,
  '["Diesel"]'::jsonb,
  '["Manual"]'::jsonb,
  'The second generation introduced improvements in engine technology and cab design.'
)
on conflict (model_id, code) do nothing;


insert into public.vehicle_insights (
  model_id,
  pros,
  cons,
  inspection_tips,
  notable_features,
  engine_examples,
  common_issues_by_engine,
  reliability_score,
  popularity_score
)
values (
  'd329a863-e031-bebd-5417-483804129705',
  '["Durable chassis","Wide range of body options"]'::jsonb,
  '["Basic interior","Can be noisy"]'::jsonb,
  '["Check for rust on the frame","Inspect the engine for leaks"]'::jsonb,
  '["Various wheelbase options","Air suspension (optional)"]'::jsonb,
  '["Cummins ISBe 185","Kamaz 740.62-280"]'::jsonb,
  '[{"engine_code":"Cummins ISBe","common_issues_ru":["Неисправности топливной системы","Проблемы с турбонаддувом"]},{"engine_code":"Kamaz 740.62","common_issues_ru":["Утечки масла","Износ вкладышей"]}]'::jsonb,
  null,
  null
)
on conflict (model_id) do nothing;


insert into public.vehicle_models (
  id,
  make_id,
  slug,
  name_en,
  first_model_year,
  last_model_year,
  years_available,
  body_types_available,
  fuel_types_available,
  transmission_available,
  reliability_score,
  popularity_score
)
values (
  '9ba466de-7bd7-0a14-3061-bc56d0ed79d5',
  '6ad702e3-8e3b-1321-f2be-e5f5dfbdedfd',
  'kamaz-6520',
  'Kamaz 6520',
  2005,
  2024,
  '{2005,2010,2015,2020,2024}'::int[],
  '["Truck"]'::jsonb,
  '["Diesel"]'::jsonb,
  '["Manual"]'::jsonb,
  7,
  7.5
)
on conflict (make_id, slug) do nothing;


insert into public.vehicle_generations (
  id,
  model_id,
  code,
  start_year,
  end_year,
  facelift,
  production_countries,
  body_types,
  fuel_types,
  transmission_types,
  summary
)
values (
  'b33a01be-2311-b355-fe3d-c396dd851da5',
  '9ba466de-7bd7-0a14-3061-bc56d0ed79d5',
  'First Generation (2005-2013)',
  2005,
  2013,
  false,
  '{"Russia"}'::text[],
  '["Truck"]'::jsonb,
  '["Diesel"]'::jsonb,
  '["Manual"]'::jsonb,
  'The initial generation of the Kamaz 6520, designed for heavy-duty applications.'
)
on conflict (model_id, code) do nothing;


insert into public.vehicle_generations (
  id,
  model_id,
  code,
  start_year,
  end_year,
  facelift,
  production_countries,
  body_types,
  fuel_types,
  transmission_types,
  summary
)
values (
  'ac337ba3-ca8f-e995-7370-64fa02add702',
  '9ba466de-7bd7-0a14-3061-bc56d0ed79d5',
  'Second Generation (2013-2024)',
  2013,
  2024,
  true,
  '{"Russia"}'::text[],
  '["Truck"]'::jsonb,
  '["Diesel"]'::jsonb,
  '["Manual"]'::jsonb,
  'The second generation introduced improved engines and cab designs.'
)
on conflict (model_id, code) do nothing;


insert into public.vehicle_insights (
  model_id,
  pros,
  cons,
  inspection_tips,
  notable_features,
  engine_examples,
  common_issues_by_engine,
  reliability_score,
  popularity_score
)
values (
  '9ba466de-7bd7-0a14-3061-bc56d0ed79d5',
  '["High payload capacity","Robust construction"]'::jsonb,
  '["Fuel consumption","Basic cab comfort"]'::jsonb,
  '["Check the condition of the suspension","Inspect the brakes"]'::jsonb,
  '["Heavy-duty axles","Various body configurations"]'::jsonb,
  '["Kamaz 740.63-400","Mercedes-Benz OM 501 LA"]'::jsonb,
  '[{"engine_code":"Kamaz 740.63","common_issues_ru":["Утечки масла","Проблемы с топливной аппаратурой"]},{"engine_code":"Mercedes-Benz OM 501 LA","common_issues_ru":["Неисправности форсунок","Износ турбокомпрессора"]}]'::jsonb,
  null,
  null
)
on conflict (model_id) do nothing;


insert into public.vehicle_makes (id, slug, name_en, country, segment_class, is_active, category_path)
values (
  '78c5b557-9a4d-4c67-6b9f-cda5431797bb',
  'kia',
  'Kia',
  'Южная Корея',
  null,
  true,
  'transport/legkovye-avtomobili'
)
on conflict (id) do nothing;


insert into public.vehicle_models (
  id,
  make_id,
  slug,
  name_en,
  first_model_year,
  last_model_year,
  years_available,
  body_types_available,
  fuel_types_available,
  transmission_available,
  reliability_score,
  popularity_score
)
values (
  '222b9b92-2a92-80fd-73cc-e6afbdbb4eb4',
  '78c5b557-9a4d-4c67-6b9f-cda5431797bb',
  'forte-cerato',
  'Forte (Cerato)',
  2009,
  2024,
  '{2009,2010,2015,2020,2024}'::int[],
  '["Sedan","Hatchback","Coupe"]'::jsonb,
  '["Gasoline","Electric"]'::jsonb,
  '["Manual","Automatic","CVT"]'::jsonb,
  7.8,
  8.2
)
on conflict (make_id, slug) do nothing;


insert into public.vehicle_generations (
  id,
  model_id,
  code,
  start_year,
  end_year,
  facelift,
  production_countries,
  body_types,
  fuel_types,
  transmission_types,
  summary
)
values (
  'dfde3a79-553b-fa0a-7c4c-860880ab0c45',
  '222b9b92-2a92-80fd-73cc-e6afbdbb4eb4',
  'First Generation (2009-2013)',
  2009,
  2013,
  false,
  '{"South Korea","USA"}'::text[],
  '["Sedan","Hatchback","Coupe"]'::jsonb,
  '["Gasoline"]'::jsonb,
  '["Manual","Automatic"]'::jsonb,
  'First generation of the Forte, offering a range of engine options and body styles.'
)
on conflict (model_id, code) do nothing;


insert into public.vehicle_generations (
  id,
  model_id,
  code,
  start_year,
  end_year,
  facelift,
  production_countries,
  body_types,
  fuel_types,
  transmission_types,
  summary
)
values (
  'dcd1be27-1b73-a41b-6fe2-a79f36efc981',
  '222b9b92-2a92-80fd-73cc-e6afbdbb4eb4',
  'Second Generation (2014-2018)',
  2014,
  2018,
  true,
  '{"South Korea","USA"}'::text[],
  '["Sedan","Hatchback","Coupe"]'::jsonb,
  '["Gasoline"]'::jsonb,
  '["Manual","Automatic"]'::jsonb,
  'Second generation with updated styling and features.'
)
on conflict (model_id, code) do nothing;


insert into public.vehicle_generations (
  id,
  model_id,
  code,
  start_year,
  end_year,
  facelift,
  production_countries,
  body_types,
  fuel_types,
  transmission_types,
  summary
)
values (
  '6746ce23-cda2-1142-2dd7-6b3cce96f9c6',
  '222b9b92-2a92-80fd-73cc-e6afbdbb4eb4',
  'Third Generation (2019-2024)',
  2019,
  2024,
  true,
  '{"South Korea","Mexico"}'::text[],
  '["Sedan","Hatchback"]'::jsonb,
  '["Gasoline","Electric"]'::jsonb,
  '["Manual","Automatic","CVT"]'::jsonb,
  'Third generation with more advanced technology and updated design.'
)
on conflict (model_id, code) do nothing;


insert into public.vehicle_insights (
  model_id,
  pros,
  cons,
  inspection_tips,
  notable_features,
  engine_examples,
  common_issues_by_engine,
  reliability_score,
  popularity_score
)
values (
  '222b9b92-2a92-80fd-73cc-e6afbdbb4eb4',
  '["Fuel efficiency","Good value for money"]'::jsonb,
  '["Interior plastics","Road noise"]'::jsonb,
  '["Check for oil leaks","Inspect suspension"]'::jsonb,
  '["Apple CarPlay/Android Auto","Advanced Driver-Assistance Systems (ADAS)"]'::jsonb,
  '["2.0L I4","1.6L Turbo I4","Electric motor"]'::jsonb,
  '[{"engine_code":"G4NA","common_issues_ru":["Задиры в цилиндрах","Расход масла"]}]'::jsonb,
  null,
  null
)
on conflict (model_id) do nothing;


insert into public.vehicle_models (
  id,
  make_id,
  slug,
  name_en,
  first_model_year,
  last_model_year,
  years_available,
  body_types_available,
  fuel_types_available,
  transmission_available,
  reliability_score,
  popularity_score
)
values (
  '5ec44a24-397f-f0a0-c590-8a984e9a3000',
  '78c5b557-9a4d-4c67-6b9f-cda5431797bb',
  'niro',
  'Niro',
  2016,
  2024,
  '{2016,2020,2024}'::int[],
  '["SUV","Wagon"]'::jsonb,
  '["Hybrid","Plug-in Hybrid","Electric"]'::jsonb,
  '["Automatic"]'::jsonb,
  8,
  8.5
)
on conflict (make_id, slug) do nothing;


insert into public.vehicle_generations (
  id,
  model_id,
  code,
  start_year,
  end_year,
  facelift,
  production_countries,
  body_types,
  fuel_types,
  transmission_types,
  summary
)
values (
  '98019916-2046-1218-e8ec-f19dd94a941b',
  '5ec44a24-397f-f0a0-c590-8a984e9a3000',
  'First Generation (2016-2022)',
  2016,
  2022,
  true,
  '{"South Korea"}'::text[],
  '["SUV"]'::jsonb,
  '["Hybrid","Plug-in Hybrid","Electric"]'::jsonb,
  '["Automatic"]'::jsonb,
  'First generation of the Niro, offering hybrid and electric powertrains.'
)
on conflict (model_id, code) do nothing;


insert into public.vehicle_generations (
  id,
  model_id,
  code,
  start_year,
  end_year,
  facelift,
  production_countries,
  body_types,
  fuel_types,
  transmission_types,
  summary
)
values (
  'd785c342-1118-9268-ad89-1d381d19dec0',
  '5ec44a24-397f-f0a0-c590-8a984e9a3000',
  'Second Generation (2022-2024)',
  2022,
  2024,
  false,
  '{"South Korea"}'::text[],
  '["SUV"]'::jsonb,
  '["Hybrid","Plug-in Hybrid","Electric"]'::jsonb,
  '["Automatic"]'::jsonb,
  'Second generation with updated styling and technology.'
)
on conflict (model_id, code) do nothing;


insert into public.vehicle_insights (
  model_id,
  pros,
  cons,
  inspection_tips,
  notable_features,
  engine_examples,
  common_issues_by_engine,
  reliability_score,
  popularity_score
)
values (
  '5ec44a24-397f-f0a0-c590-8a984e9a3000',
  '["Fuel efficiency","Spacious interior"]'::jsonb,
  '["Infotainment system","Ride quality"]'::jsonb,
  '["Check battery health","Inspect charging port (EV/PHEV)"]'::jsonb,
  '["Regenerative braking","Driver-assistance features"]'::jsonb,
  '["1.6L I4 Hybrid","Electric motor"]'::jsonb,
  '[{"engine_code":"G4LE","common_issues_ru":["Проблемы с высоковольтной батареей","Неисправности инвертора"]}]'::jsonb,
  null,
  null
)
on conflict (model_id) do nothing;


insert into public.vehicle_models (
  id,
  make_id,
  slug,
  name_en,
  first_model_year,
  last_model_year,
  years_available,
  body_types_available,
  fuel_types_available,
  transmission_available,
  reliability_score,
  popularity_score
)
values (
  '166cf75c-582c-f54a-7e70-a15f56679c56',
  '78c5b557-9a4d-4c67-6b9f-cda5431797bb',
  'optima',
  'Optima',
  2000,
  2020,
  '{2000,2005,2010,2015,2020}'::int[],
  '["Sedan","Wagon"]'::jsonb,
  '["Gasoline","Hybrid"]'::jsonb,
  '["Manual","Automatic"]'::jsonb,
  7.2,
  7.9
)
on conflict (make_id, slug) do nothing;


insert into public.vehicle_generations (
  id,
  model_id,
  code,
  start_year,
  end_year,
  facelift,
  production_countries,
  body_types,
  fuel_types,
  transmission_types,
  summary
)
values (
  '69706750-0334-2e22-ad8e-ca3b838d35af',
  '166cf75c-582c-f54a-7e70-a15f56679c56',
  'First Generation (2000-2005)',
  2000,
  2005,
  true,
  '{"South Korea"}'::text[],
  '["Sedan"]'::jsonb,
  '["Gasoline"]'::jsonb,
  '["Manual","Automatic"]'::jsonb,
  'First generation of the Optima, offering a comfortable ride and a range of engine options.'
)
on conflict (model_id, code) do nothing;


insert into public.vehicle_generations (
  id,
  model_id,
  code,
  start_year,
  end_year,
  facelift,
  production_countries,
  body_types,
  fuel_types,
  transmission_types,
  summary
)
values (
  '4b2b1d5e-490b-327e-7c9a-b55492c70e9a',
  '166cf75c-582c-f54a-7e70-a15f56679c56',
  'Second Generation (2006-2010)',
  2006,
  2010,
  true,
  '{"South Korea","USA"}'::text[],
  '["Sedan"]'::jsonb,
  '["Gasoline"]'::jsonb,
  '["Manual","Automatic"]'::jsonb,
  'Second generation with improved styling and features.'
)
on conflict (model_id, code) do nothing;


insert into public.vehicle_generations (
  id,
  model_id,
  code,
  start_year,
  end_year,
  facelift,
  production_countries,
  body_types,
  fuel_types,
  transmission_types,
  summary
)
values (
  '416df7ee-aea9-9e7d-6a57-1313f97f2621',
  '166cf75c-582c-f54a-7e70-a15f56679c56',
  'Third Generation (2011-2015)',
  2011,
  2015,
  true,
  '{"South Korea","USA"}'::text[],
  '["Sedan"]'::jsonb,
  '["Gasoline","Hybrid"]'::jsonb,
  '["Automatic"]'::jsonb,
  'Third generation with a more modern design and the introduction of a hybrid variant.'
)
on conflict (model_id, code) do nothing;


insert into public.vehicle_generations (
  id,
  model_id,
  code,
  start_year,
  end_year,
  facelift,
  production_countries,
  body_types,
  fuel_types,
  transmission_types,
  summary
)
values (
  'e7c0119c-dfaf-e163-9a12-a8328621c950',
  '166cf75c-582c-f54a-7e70-a15f56679c56',
  'Fourth Generation (2016-2020)',
  2016,
  2020,
  true,
  '{"South Korea","USA"}'::text[],
  '["Sedan"]'::jsonb,
  '["Gasoline","Hybrid","Plug-in Hybrid"]'::jsonb,
  '["Automatic"]'::jsonb,
  'Fourth generation with updated styling, technology, and the addition of a plug-in hybrid option.'
)
on conflict (model_id, code) do nothing;


insert into public.vehicle_insights (
  model_id,
  pros,
  cons,
  inspection_tips,
  notable_features,
  engine_examples,
  common_issues_by_engine,
  reliability_score,
  popularity_score
)
values (
  '166cf75c-582c-f54a-7e70-a15f56679c56',
  '["Stylish design","Comfortable ride"]'::jsonb,
  '["Engine issues in some years","Interior quality"]'::jsonb,
  '["Check for oil consumption","Inspect the suspension"]'::jsonb,
  '["Panoramic sunroof","Advanced safety features"]'::jsonb,
  '["2.4L I4","2.0L Turbo I4","Hybrid system"]'::jsonb,
  '[{"engine_code":"Theta II","common_issues_ru":["Задиры в двигателе","Течь масла"]}]'::jsonb,
  null,
  null
)
on conflict (model_id) do nothing;


insert into public.vehicle_models (
  id,
  make_id,
  slug,
  name_en,
  first_model_year,
  last_model_year,
  years_available,
  body_types_available,
  fuel_types_available,
  transmission_available,
  reliability_score,
  popularity_score
)
values (
  'd9ef04ab-4e7e-5db2-c907-c3def32939ae',
  '78c5b557-9a4d-4c67-6b9f-cda5431797bb',
  'rio',
  'Rio',
  1999,
  2024,
  '{1999,2005,2010,2015,2020,2024}'::int[],
  '["Sedan","Hatchback"]'::jsonb,
  '["Gasoline"]'::jsonb,
  '["Manual","Automatic","CVT"]'::jsonb,
  7.5,
  7.7
)
on conflict (make_id, slug) do nothing;


insert into public.vehicle_generations (
  id,
  model_id,
  code,
  start_year,
  end_year,
  facelift,
  production_countries,
  body_types,
  fuel_types,
  transmission_types,
  summary
)
values (
  '83cdde9c-d27b-c123-0a02-f044a438a086',
  'd9ef04ab-4e7e-5db2-c907-c3def32939ae',
  'First Generation (1999-2005)',
  1999,
  2005,
  true,
  '{"South Korea"}'::text[],
  '["Sedan","Hatchback"]'::jsonb,
  '["Gasoline"]'::jsonb,
  '["Manual","Automatic"]'::jsonb,
  'First generation of the Rio, a compact and affordable car.'
)
on conflict (model_id, code) do nothing;


insert into public.vehicle_generations (
  id,
  model_id,
  code,
  start_year,
  end_year,
  facelift,
  production_countries,
  body_types,
  fuel_types,
  transmission_types,
  summary
)
values (
  '16524761-142b-d977-23b8-fed69490ae65',
  'd9ef04ab-4e7e-5db2-c907-c3def32939ae',
  'Second Generation (2005-2011)',
  2005,
  2011,
  true,
  '{"South Korea"}'::text[],
  '["Sedan","Hatchback"]'::jsonb,
  '["Gasoline"]'::jsonb,
  '["Manual","Automatic"]'::jsonb,
  'Second generation with improved styling and features.'
)
on conflict (model_id, code) do nothing;


insert into public.vehicle_generations (
  id,
  model_id,
  code,
  start_year,
  end_year,
  facelift,
  production_countries,
  body_types,
  fuel_types,
  transmission_types,
  summary
)
values (
  'ce1ac479-c99a-7baf-51cf-71b4b2bb5fb2',
  'd9ef04ab-4e7e-5db2-c907-c3def32939ae',
  'Third Generation (2011-2017)',
  2011,
  2017,
  true,
  '{"South Korea","Mexico"}'::text[],
  '["Sedan","Hatchback"]'::jsonb,
  '["Gasoline"]'::jsonb,
  '["Manual","Automatic"]'::jsonb,
  'Third generation with a more modern design and improved fuel efficiency.'
)
on conflict (model_id, code) do nothing;


insert into public.vehicle_generations (
  id,
  model_id,
  code,
  start_year,
  end_year,
  facelift,
  production_countries,
  body_types,
  fuel_types,
  transmission_types,
  summary
)
values (
  '697d9ae0-df28-5b42-3681-ed1ef91b8020',
  'd9ef04ab-4e7e-5db2-c907-c3def32939ae',
  'Fourth Generation (2017-2024)',
  2017,
  2024,
  true,
  '{"South Korea","Mexico"}'::text[],
  '["Sedan","Hatchback"]'::jsonb,
  '["Gasoline"]'::jsonb,
  '["Manual","Automatic","CVT"]'::jsonb,
  'Fourth generation with updated styling, technology, and safety features.'
)
on conflict (model_id, code) do nothing;


insert into public.vehicle_insights (
  model_id,
  pros,
  cons,
  inspection_tips,
  notable_features,
  engine_examples,
  common_issues_by_engine,
  reliability_score,
  popularity_score
)
values (
  'd9ef04ab-4e7e-5db2-c907-c3def32939ae',
  '["Fuel efficiency","Affordable price"]'::jsonb,
  '["Basic interior","Limited cargo space"]'::jsonb,
  '["Check for rust","Inspect the brakes"]'::jsonb,
  '["Apple CarPlay/Android Auto","Driver-assistance features"]'::jsonb,
  '["1.6L I4"]'::jsonb,
  '[{"engine_code":"Gamma","common_issues_ru":["Растяжение цепи ГРМ","Неисправности катализатора"]}]'::jsonb,
  null,
  null
)
on conflict (model_id) do nothing;


insert into public.vehicle_models (
  id,
  make_id,
  slug,
  name_en,
  first_model_year,
  last_model_year,
  years_available,
  body_types_available,
  fuel_types_available,
  transmission_available,
  reliability_score,
  popularity_score
)
values (
  '70e3dab3-77d0-7ed1-dce1-8776b19ae7f4',
  '78c5b557-9a4d-4c67-6b9f-cda5431797bb',
  'seltos',
  'Seltos',
  2019,
  2024,
  '{2019,2020,2024}'::int[],
  '["SUV"]'::jsonb,
  '["Gasoline"]'::jsonb,
  '["Automatic","CVT"]'::jsonb,
  8.1,
  8.6
)
on conflict (make_id, slug) do nothing;


insert into public.vehicle_generations (
  id,
  model_id,
  code,
  start_year,
  end_year,
  facelift,
  production_countries,
  body_types,
  fuel_types,
  transmission_types,
  summary
)
values (
  '69e27711-e699-9aa3-2d77-4e2449b84147',
  '70e3dab3-77d0-7ed1-dce1-8776b19ae7f4',
  'First Generation (2019-2024)',
  2019,
  2024,
  true,
  '{"South Korea","India","Mexico"}'::text[],
  '["SUV"]'::jsonb,
  '["Gasoline"]'::jsonb,
  '["Automatic","CVT"]'::jsonb,
  'First generation of the Seltos, a compact SUV with a stylish design and modern features.'
)
on conflict (model_id, code) do nothing;


insert into public.vehicle_insights (
  model_id,
  pros,
  cons,
  inspection_tips,
  notable_features,
  engine_examples,
  common_issues_by_engine,
  reliability_score,
  popularity_score
)
values (
  '70e3dab3-77d0-7ed1-dce1-8776b19ae7f4',
  '["Stylish design","Spacious interior","Value for money"]'::jsonb,
  '["Road noise","Base engine performance"]'::jsonb,
  '["Check for paint defects","Inspect the infotainment system"]'::jsonb,
  '["Apple CarPlay/Android Auto","Advanced Driver-Assistance Systems (ADAS)"]'::jsonb,
  '["2.0L I4","1.6L Turbo I4"]'::jsonb,
  '[{"engine_code":"Nu","common_issues_ru":["Расход масла","Проблемы с датчиками"]}]'::jsonb,
  null,
  null
)
on conflict (model_id) do nothing;


insert into public.vehicle_models (
  id,
  make_id,
  slug,
  name_en,
  first_model_year,
  last_model_year,
  years_available,
  body_types_available,
  fuel_types_available,
  transmission_available,
  reliability_score,
  popularity_score
)
values (
  '47f26b37-623d-874e-d72b-cd2ef0d41d83',
  '78c5b557-9a4d-4c67-6b9f-cda5431797bb',
  'sorento',
  'Sorento',
  2002,
  2024,
  '{2002,2005,2010,2015,2020,2024}'::int[],
  '["SUV"]'::jsonb,
  '["Gasoline","Diesel","Hybrid","Plug-in Hybrid"]'::jsonb,
  '["Automatic"]'::jsonb,
  7.7,
  8.4
)
on conflict (make_id, slug) do nothing;


insert into public.vehicle_generations (
  id,
  model_id,
  code,
  start_year,
  end_year,
  facelift,
  production_countries,
  body_types,
  fuel_types,
  transmission_types,
  summary
)
values (
  'c4fc2c90-96b9-71f1-d3bb-21470fc6426d',
  '47f26b37-623d-874e-d72b-cd2ef0d41d83',
  'First Generation (2002-2009)',
  2002,
  2009,
  true,
  '{"South Korea"}'::text[],
  '["SUV"]'::jsonb,
  '["Gasoline","Diesel"]'::jsonb,
  '["Automatic"]'::jsonb,
  'First generation of the Sorento, a mid-size SUV with off-road capabilities.'
)
on conflict (model_id, code) do nothing;


insert into public.vehicle_generations (
  id,
  model_id,
  code,
  start_year,
  end_year,
  facelift,
  production_countries,
  body_types,
  fuel_types,
  transmission_types,
  summary
)
values (
  '7b1a3f8c-cc9e-e798-d813-5d40f72725d7',
  '47f26b37-623d-874e-d72b-cd2ef0d41d83',
  'Second Generation (2009-2015)',
  2009,
  2015,
  true,
  '{"South Korea","USA"}'::text[],
  '["SUV"]'::jsonb,
  '["Gasoline"]'::jsonb,
  '["Automatic"]'::jsonb,
  'Second generation with a more refined design and improved features.'
)
on conflict (model_id, code) do nothing;


insert into public.vehicle_generations (
  id,
  model_id,
  code,
  start_year,
  end_year,
  facelift,
  production_countries,
  body_types,
  fuel_types,
  transmission_types,
  summary
)
values (
  'd9f55832-031c-f5d0-10cc-3da3eed53f9d',
  '47f26b37-623d-874e-d72b-cd2ef0d41d83',
  'Third Generation (2014-2020)',
  2014,
  2020,
  true,
  '{"South Korea","USA"}'::text[],
  '["SUV"]'::jsonb,
  '["Gasoline","Diesel"]'::jsonb,
  '["Automatic"]'::jsonb,
  'Third generation with updated styling and technology.'
)
on conflict (model_id, code) do nothing;


insert into public.vehicle_generations (
  id,
  model_id,
  code,
  start_year,
  end_year,
  facelift,
  production_countries,
  body_types,
  fuel_types,
  transmission_types,
  summary
)
values (
  '286d5ef6-c919-f6b8-95dc-cde84d0f5c29',
  '47f26b37-623d-874e-d72b-cd2ef0d41d83',
  'Fourth Generation (2020-2024)',
  2020,
  2024,
  false,
  '{"South Korea","USA"}'::text[],
  '["SUV"]'::jsonb,
  '["Gasoline","Hybrid","Plug-in Hybrid"]'::jsonb,
  '["Automatic"]'::jsonb,
  'Fourth generation with a more modern design, and the addition of hybrid and plug-in hybrid options.'
)
on conflict (model_id, code) do nothing;


insert into public.vehicle_insights (
  model_id,
  pros,
  cons,
  inspection_tips,
  notable_features,
  engine_examples,
  common_issues_by_engine,
  reliability_score,
  popularity_score
)
values (
  '47f26b37-623d-874e-d72b-cd2ef0d41d83',
  '["Spacious interior","Available third-row seating"]'::jsonb,
  '["Fuel economy (older models)","Some engine issues"]'::jsonb,
  '["Check for transmission issues","Inspect the suspension"]'::jsonb,
  '["Panoramic sunroof","Advanced safety features"]'::jsonb,
  '["2.4L I4","3.3L V6","Hybrid system"]'::jsonb,
  '[{"engine_code":"Theta II","common_issues_ru":["Задиры в двигателе","Течь масла"]}]'::jsonb,
  null,
  null
)
on conflict (model_id) do nothing;


insert into public.vehicle_models (
  id,
  make_id,
  slug,
  name_en,
  first_model_year,
  last_model_year,
  years_available,
  body_types_available,
  fuel_types_available,
  transmission_available,
  reliability_score,
  popularity_score
)
values (
  '1688d32d-cd27-0bb6-f9d0-5e5d38d09b3e',
  '78c5b557-9a4d-4c67-6b9f-cda5431797bb',
  'soul',
  'Soul',
  2009,
  2024,
  '{2009,2010,2015,2020,2024}'::int[],
  '["Hatchback"]'::jsonb,
  '["Gasoline","Electric"]'::jsonb,
  '["Manual","Automatic","CVT"]'::jsonb,
  8.3,
  8.7
)
on conflict (make_id, slug) do nothing;


insert into public.vehicle_generations (
  id,
  model_id,
  code,
  start_year,
  end_year,
  facelift,
  production_countries,
  body_types,
  fuel_types,
  transmission_types,
  summary
)
values (
  'afa028e6-e30c-c599-6768-19475afd7f01',
  '1688d32d-cd27-0bb6-f9d0-5e5d38d09b3e',
  'First Generation (2009-2013)',
  2009,
  2013,
  true,
  '{"South Korea"}'::text[],
  '["Hatchback"]'::jsonb,
  '["Gasoline"]'::jsonb,
  '["Manual","Automatic"]'::jsonb,
  'First generation of the Soul, a unique and stylish hatchback.'
)
on conflict (model_id, code) do nothing;


insert into public.vehicle_generations (
  id,
  model_id,
  code,
  start_year,
  end_year,
  facelift,
  production_countries,
  body_types,
  fuel_types,
  transmission_types,
  summary
)
values (
  'b00d697c-9acd-7504-15d3-995535b1c3c5',
  '1688d32d-cd27-0bb6-f9d0-5e5d38d09b3e',
  'Second Generation (2014-2019)',
  2014,
  2019,
  true,
  '{"South Korea"}'::text[],
  '["Hatchback"]'::jsonb,
  '["Gasoline","Electric"]'::jsonb,
  '["Manual","Automatic"]'::jsonb,
  'Second generation with updated styling and the introduction of an electric variant.'
)
on conflict (model_id, code) do nothing;


insert into public.vehicle_generations (
  id,
  model_id,
  code,
  start_year,
  end_year,
  facelift,
  production_countries,
  body_types,
  fuel_types,
  transmission_types,
  summary
)
values (
  '51d4de96-a7a4-026a-fb49-3c7e8d4b3fa9',
  '1688d32d-cd27-0bb6-f9d0-5e5d38d09b3e',
  'Third Generation (2019-2024)',
  2019,
  2024,
  true,
  '{"South Korea"}'::text[],
  '["Hatchback"]'::jsonb,
  '["Gasoline","Electric"]'::jsonb,
  '["Manual","Automatic","CVT"]'::jsonb,
  'Third generation with a more modern design and improved technology.'
)
on conflict (model_id, code) do nothing;


insert into public.vehicle_insights (
  model_id,
  pros,
  cons,
  inspection_tips,
  notable_features,
  engine_examples,
  common_issues_by_engine,
  reliability_score,
  popularity_score
)
values (
  '1688d32d-cd27-0bb6-f9d0-5e5d38d09b3e',
  '["Unique design","Spacious interior","Good value"]'::jsonb,
  '["Road noise","Base engine performance"]'::jsonb,
  '["Check for oil leaks","Inspect the suspension"]'::jsonb,
  '["Apple CarPlay/Android Auto","Available turbo engine"]'::jsonb,
  '["1.6L I4","2.0L I4","Electric motor"]'::jsonb,
  '[{"engine_code":"Gamma","common_issues_ru":["Растяжение цепи ГРМ","Неисправности катализатора"]}]'::jsonb,
  null,
  null
)
on conflict (model_id) do nothing;


insert into public.vehicle_models (
  id,
  make_id,
  slug,
  name_en,
  first_model_year,
  last_model_year,
  years_available,
  body_types_available,
  fuel_types_available,
  transmission_available,
  reliability_score,
  popularity_score
)
values (
  'c38130b8-5cec-9a29-34e8-1df4e101fb7b',
  '78c5b557-9a4d-4c67-6b9f-cda5431797bb',
  'sportage',
  'Sportage',
  1995,
  2024,
  '{1995,2000,2005,2010,2015,2020,2024}'::int[],
  '["SUV"]'::jsonb,
  '["Gasoline","Diesel","Hybrid"]'::jsonb,
  '["Manual","Automatic"]'::jsonb,
  7.9,
  8.3
)
on conflict (make_id, slug) do nothing;


insert into public.vehicle_generations (
  id,
  model_id,
  code,
  start_year,
  end_year,
  facelift,
  production_countries,
  body_types,
  fuel_types,
  transmission_types,
  summary
)
values (
  'ce827e97-85ea-3cb1-ce4d-74664b96e7de',
  'c38130b8-5cec-9a29-34e8-1df4e101fb7b',
  'First Generation (1995-2002)',
  1995,
  2002,
  true,
  '{"South Korea","Germany"}'::text[],
  '["SUV"]'::jsonb,
  '["Gasoline","Diesel"]'::jsonb,
  '["Manual","Automatic"]'::jsonb,
  'First generation of the Sportage, a compact SUV.'
)
on conflict (model_id, code) do nothing;


insert into public.vehicle_generations (
  id,
  model_id,
  code,
  start_year,
  end_year,
  facelift,
  production_countries,
  body_types,
  fuel_types,
  transmission_types,
  summary
)
values (
  '5d94ce12-3ebd-aa13-c528-0f54c640a65c',
  'c38130b8-5cec-9a29-34e8-1df4e101fb7b',
  'Second Generation (2004-2010)',
  2004,
  2010,
  true,
  '{"South Korea","Slovakia"}'::text[],
  '["SUV"]'::jsonb,
  '["Gasoline","Diesel"]'::jsonb,
  '["Manual","Automatic"]'::jsonb,
  'Second generation with improved styling and features.'
)
on conflict (model_id, code) do nothing;


insert into public.vehicle_generations (
  id,
  model_id,
  code,
  start_year,
  end_year,
  facelift,
  production_countries,
  body_types,
  fuel_types,
  transmission_types,
  summary
)
values (
  'dd2415d9-0142-ebba-a880-487561b0cb5b',
  'c38130b8-5cec-9a29-34e8-1df4e101fb7b',
  'Third Generation (2010-2015)',
  2010,
  2015,
  true,
  '{"South Korea","Slovakia"}'::text[],
  '["SUV"]'::jsonb,
  '["Gasoline","Diesel"]'::jsonb,
  '["Manual","Automatic"]'::jsonb,
  'Third generation with a more modern design and improved fuel efficiency.'
)
on conflict (model_id, code) do nothing;


insert into public.vehicle_generations (
  id,
  model_id,
  code,
  start_year,
  end_year,
  facelift,
  production_countries,
  body_types,
  fuel_types,
  transmission_types,
  summary
)
values (
  '8c442dda-b736-6e0f-ca40-255c49b3f6cd',
  'c38130b8-5cec-9a29-34e8-1df4e101fb7b',
  'Fourth Generation (2016-2022)',
  2016,
  2022,
  true,
  '{"South Korea","Slovakia"}'::text[],
  '["SUV"]'::jsonb,
  '["Gasoline","Diesel"]'::jsonb,
  '["Automatic"]'::jsonb,
  'Fourth generation with updated styling, technology, and safety features.'
)
on conflict (model_id, code) do nothing;


insert into public.vehicle_generations (
  id,
  model_id,
  code,
  start_year,
  end_year,
  facelift,
  production_countries,
  body_types,
  fuel_types,
  transmission_types,
  summary
)
values (
  '5fa1757e-e6de-eb36-9649-36c58d663167',
  'c38130b8-5cec-9a29-34e8-1df4e101fb7b',
  'Fifth Generation (2022-2024)',
  2022,
  2024,
  false,
  '{"South Korea","Slovakia"}'::text[],
  '["SUV"]'::jsonb,
  '["Gasoline","Hybrid","Plug-in Hybrid"]'::jsonb,
  '["Automatic"]'::jsonb,
  'Fifth generation with a more modern design, and the addition of hybrid and plug-in hybrid options.'
)
on conflict (model_id, code) do nothing;


insert into public.vehicle_insights (
  model_id,
  pros,
  cons,
  inspection_tips,
  notable_features,
  engine_examples,
  common_issues_by_engine,
  reliability_score,
  popularity_score
)
values (
  'c38130b8-5cec-9a29-34e8-1df4e101fb7b',
  '["Stylish design","Spacious interior","Good value"]'::jsonb,
  '["Ride quality","Some engine issues"]'::jsonb,
  '["Check for oil leaks","Inspect the suspension"]'::jsonb,
  '["Panoramic sunroof","Advanced safety features"]'::jsonb,
  '["2.0L I4","2.4L I4","Hybrid system"]'::jsonb,
  '[{"engine_code":"Theta II","common_issues_ru":["Задиры в двигателе","Течь масла"]}]'::jsonb,
  null,
  null
)
on conflict (model_id) do nothing;


insert into public.vehicle_models (
  id,
  make_id,
  slug,
  name_en,
  first_model_year,
  last_model_year,
  years_available,
  body_types_available,
  fuel_types_available,
  transmission_available,
  reliability_score,
  popularity_score
)
values (
  '6a321037-c8b5-99a1-86d8-34e69ce5dbbe',
  '78c5b557-9a4d-4c67-6b9f-cda5431797bb',
  'telluride',
  'Telluride',
  2019,
  2024,
  '{2019,2020,2024}'::int[],
  '["SUV"]'::jsonb,
  '["Gasoline"]'::jsonb,
  '["Automatic"]'::jsonb,
  8.4,
  9
)
on conflict (make_id, slug) do nothing;


insert into public.vehicle_generations (
  id,
  model_id,
  code,
  start_year,
  end_year,
  facelift,
  production_countries,
  body_types,
  fuel_types,
  transmission_types,
  summary
)
values (
  '18ff964b-789d-15c1-523f-53e1616e41f9',
  '6a321037-c8b5-99a1-86d8-34e69ce5dbbe',
  'First Generation (2019-2024)',
  2019,
  2024,
  true,
  '{"USA"}'::text[],
  '["SUV"]'::jsonb,
  '["Gasoline"]'::jsonb,
  '["Automatic"]'::jsonb,
  'First generation of the Telluride, a mid-size SUV with a focus on luxury and space.'
)
on conflict (model_id, code) do nothing;


insert into public.vehicle_insights (
  model_id,
  pros,
  cons,
  inspection_tips,
  notable_features,
  engine_examples,
  common_issues_by_engine,
  reliability_score,
  popularity_score
)
values (
  '6a321037-c8b5-99a1-86d8-34e69ce5dbbe',
  '["Spacious interior","Stylish design","Value for money"]'::jsonb,
  '["Fuel economy","Infotainment system"]'::jsonb,
  '["Check for electrical issues","Inspect the brakes"]'::jsonb,
  '["Panoramic sunroof","Advanced Driver-Assistance Systems (ADAS)"]'::jsonb,
  '["3.8L V6"]'::jsonb,
  '[{"engine_code":"G6DC","common_issues_ru":["Проблемы с маслосъёмными колпачками","Расход масла"]}]'::jsonb,
  null,
  null
)
on conflict (model_id) do nothing;


insert into public.vehicle_makes (id, slug, name_en, country, segment_class, is_active, category_path)
values (
  'b39013fc-c5e1-4f55-0cfd-fb0fc2745591',
  'koenigsegg',
  'Koenigsegg',
  'Швеция',
  null,
  true,
  'transport/legkovye-avtomobili'
)
on conflict (id) do nothing;


insert into public.vehicle_models (
  id,
  make_id,
  slug,
  name_en,
  first_model_year,
  last_model_year,
  years_available,
  body_types_available,
  fuel_types_available,
  transmission_available,
  reliability_score,
  popularity_score
)
values (
  '03f71e92-25bd-9453-ed28-d0fc9d307a97',
  'b39013fc-c5e1-4f55-0cfd-fb0fc2745591',
  'agera',
  'Agera',
  2011,
  2018,
  '{2011,2012,2013,2014,2015,2016,2017,2018}'::int[],
  '["Coupe","Targa"]'::jsonb,
  '["Gasoline"]'::jsonb,
  '["Automatic"]'::jsonb,
  6.5,
  8.5
)
on conflict (make_id, slug) do nothing;


insert into public.vehicle_generations (
  id,
  model_id,
  code,
  start_year,
  end_year,
  facelift,
  production_countries,
  body_types,
  fuel_types,
  transmission_types,
  summary
)
values (
  'bb192e6e-fd81-c2a8-5779-541dc3f52bc9',
  '03f71e92-25bd-9453-ed28-d0fc9d307a97',
  'First Generation (2011-2018)',
  2011,
  2018,
  true,
  '{"Sweden"}'::text[],
  '["Coupe","Targa"]'::jsonb,
  '["Gasoline"]'::jsonb,
  '["Automatic"]'::jsonb,
  'The Agera was a high-performance sports car produced by Koenigsegg. It featured a powerful twin-turbocharged V8 engine and advanced aerodynamics.'
)
on conflict (model_id, code) do nothing;


insert into public.vehicle_insights (
  model_id,
  pros,
  cons,
  inspection_tips,
  notable_features,
  engine_examples,
  common_issues_by_engine,
  reliability_score,
  popularity_score
)
values (
  '03f71e92-25bd-9453-ed28-d0fc9d307a97',
  '["Exceptional performance","Cutting-edge technology","Exclusive ownership"]'::jsonb,
  '["High price","Limited practicality","Expensive maintenance"]'::jsonb,
  '["Check for carbon fiber damage","Inspect the engine for leaks","Verify the functionality of the active aerodynamics"]'::jsonb,
  '["Twin-turbocharged V8 engine","Active aerodynamics","Carbon fiber construction"]'::jsonb,
  '["5.0L Twin-Turbo V8"]'::jsonb,
  '[{"engine_code":"5.0L Twin-Turbo V8","common_issues_ru":["Проблемы с турбокомпрессорами","Неисправности топливной системы"]}]'::jsonb,
  null,
  null
)
on conflict (model_id) do nothing;


insert into public.vehicle_makes (id, slug, name_en, country, segment_class, is_active, category_path)
values (
  '5277ef57-72ee-c3d2-b52b-3be2805d1ce2',
  'lada',
  'Lada',
  'Россия',
  null,
  true,
  'transport/legkovye-avtomobili'
)
on conflict (id) do nothing;


insert into public.vehicle_models (
  id,
  make_id,
  slug,
  name_en,
  first_model_year,
  last_model_year,
  years_available,
  body_types_available,
  fuel_types_available,
  transmission_available,
  reliability_score,
  popularity_score
)
values (
  '0a7217b0-6bcf-b2ff-03e2-27864e1c72c7',
  '5277ef57-72ee-c3d2-b52b-3be2805d1ce2',
  'lada-granta',
  'Granta',
  2011,
  2024,
  '{2011,2015,2020,2024}'::int[],
  '["Sedan","Hatchback","Liftback","Station Wagon"]'::jsonb,
  '["Gasoline","CNG"]'::jsonb,
  '["Manual","Automatic","AMT"]'::jsonb,
  7,
  8.5
)
on conflict (make_id, slug) do nothing;


insert into public.vehicle_generations (
  id,
  model_id,
  code,
  start_year,
  end_year,
  facelift,
  production_countries,
  body_types,
  fuel_types,
  transmission_types,
  summary
)
values (
  '84ba27b9-20e8-418c-9e68-d2f0f91d1d94',
  '0a7217b0-6bcf-b2ff-03e2-27864e1c72c7',
  'Generation I (2011-2018)',
  2011,
  2018,
  true,
  '{"Russia"}'::text[],
  '["Sedan","Hatchback"]'::jsonb,
  '["Gasoline"]'::jsonb,
  '["Manual","Automatic"]'::jsonb,
  'First generation of the Granta, based on the Lada Kalina platform. Offered in various trim levels.'
)
on conflict (model_id, code) do nothing;


insert into public.vehicle_generations (
  id,
  model_id,
  code,
  start_year,
  end_year,
  facelift,
  production_countries,
  body_types,
  fuel_types,
  transmission_types,
  summary
)
values (
  'e56aab09-65f9-adb8-90a3-1b63036ad2d7',
  '0a7217b0-6bcf-b2ff-03e2-27864e1c72c7',
  'Generation II (2018-current)',
  2018,
  2024,
  true,
  '{"Russia"}'::text[],
  '["Sedan","Hatchback","Liftback","Station Wagon"]'::jsonb,
  '["Gasoline","CNG"]'::jsonb,
  '["Manual","Automatic","AMT"]'::jsonb,
  'Updated Granta with revised styling and interior. Added more body styles and engine options.'
)
on conflict (model_id, code) do nothing;


insert into public.vehicle_insights (
  model_id,
  pros,
  cons,
  inspection_tips,
  notable_features,
  engine_examples,
  common_issues_by_engine,
  reliability_score,
  popularity_score
)
values (
  '0a7217b0-6bcf-b2ff-03e2-27864e1c72c7',
  '["Affordable price","Fuel efficiency","Availability of spare parts"]'::jsonb,
  '["Basic interior","Ride quality","Engine noise"]'::jsonb,
  '["Check for rust","Inspect suspension","Test air conditioning"]'::jsonb,
  '["ABS","Airbags","Power steering"]'::jsonb,
  '["1.6L I4 (8-valve)","1.6L I4 (16-valve)"]'::jsonb,
  '[{"engine_code":"VAZ-11186","common_issues_ru":["Течь масла","Нестабильная работа на холостом ходу"]},{"engine_code":"VAZ-21127","common_issues_ru":["Расход масла","Проблемы с катализатором"]}]'::jsonb,
  null,
  null
)
on conflict (model_id) do nothing;


insert into public.vehicle_models (
  id,
  make_id,
  slug,
  name_en,
  first_model_year,
  last_model_year,
  years_available,
  body_types_available,
  fuel_types_available,
  transmission_available,
  reliability_score,
  popularity_score
)
values (
  'c3906059-6c8f-920d-adcd-2245178d36ac',
  '5277ef57-72ee-c3d2-b52b-3be2805d1ce2',
  'lada-largus',
  'Largus',
  2012,
  2024,
  '{2012,2015,2020,2024}'::int[],
  '["Station Wagon","Van","Cross"]'::jsonb,
  '["Gasoline","CNG"]'::jsonb,
  '["Manual"]'::jsonb,
  7.2,
  7.8
)
on conflict (make_id, slug) do nothing;


insert into public.vehicle_generations (
  id,
  model_id,
  code,
  start_year,
  end_year,
  facelift,
  production_countries,
  body_types,
  fuel_types,
  transmission_types,
  summary
)
values (
  '4d4742e6-6c7a-ba45-5fde-58d64c02d389',
  'c3906059-6c8f-920d-adcd-2245178d36ac',
  'Generation I (2012-2021)',
  2012,
  2021,
  true,
  '{"Russia"}'::text[],
  '["Station Wagon","Van"]'::jsonb,
  '["Gasoline"]'::jsonb,
  '["Manual"]'::jsonb,
  'Rebadged Dacia Logan MCV. Offered in various configurations, including a passenger wagon and a commercial van.'
)
on conflict (model_id, code) do nothing;


insert into public.vehicle_generations (
  id,
  model_id,
  code,
  start_year,
  end_year,
  facelift,
  production_countries,
  body_types,
  fuel_types,
  transmission_types,
  summary
)
values (
  '618fe567-5def-d898-11b1-19f844ba7cbd',
  'c3906059-6c8f-920d-adcd-2245178d36ac',
  'Generation II (2021-current)',
  2021,
  2024,
  false,
  '{"Russia"}'::text[],
  '["Station Wagon","Van","Cross"]'::jsonb,
  '["Gasoline","CNG"]'::jsonb,
  '["Manual"]'::jsonb,
  'Updated Largus with revised styling and interior. Added Cross version.'
)
on conflict (model_id, code) do nothing;


insert into public.vehicle_insights (
  model_id,
  pros,
  cons,
  inspection_tips,
  notable_features,
  engine_examples,
  common_issues_by_engine,
  reliability_score,
  popularity_score
)
values (
  'c3906059-6c8f-920d-adcd-2245178d36ac',
  '["Spacious interior","Practicality","Reliability"]'::jsonb,
  '["Basic interior","Ride quality","Engine performance"]'::jsonb,
  '["Check for rust","Inspect suspension","Test air conditioning"]'::jsonb,
  '["ABS","Airbags","Power steering"]'::jsonb,
  '["1.6L I4 (8-valve)","1.6L I4 (16-valve)"]'::jsonb,
  '[{"engine_code":"VAZ-11189","common_issues_ru":["Течь масла","Неисправности системы охлаждения"]},{"engine_code":"Renault K7M","common_issues_ru":["Расход масла","Проблемы с катушками зажигания"]}]'::jsonb,
  null,
  null
)
on conflict (model_id) do nothing;


insert into public.vehicle_models (
  id,
  make_id,
  slug,
  name_en,
  first_model_year,
  last_model_year,
  years_available,
  body_types_available,
  fuel_types_available,
  transmission_available,
  reliability_score,
  popularity_score
)
values (
  'd36f9c8b-70a9-fa0f-015e-2207aa21d045',
  '5277ef57-72ee-c3d2-b52b-3be2805d1ce2',
  'lada-niva',
  'Niva',
  1977,
  2024,
  '{1980,1990,2000,2010,2020,2024}'::int[],
  '["SUV","3-door","5-door"]'::jsonb,
  '["Gasoline"]'::jsonb,
  '["Manual"]'::jsonb,
  6.5,
  7
)
on conflict (make_id, slug) do nothing;


insert into public.vehicle_generations (
  id,
  model_id,
  code,
  start_year,
  end_year,
  facelift,
  production_countries,
  body_types,
  fuel_types,
  transmission_types,
  summary
)
values (
  '6b19d9bd-3b14-166d-c538-9d4d7eb0ce87',
  'd36f9c8b-70a9-fa0f-015e-2207aa21d045',
  'Generation I (1977-1993)',
  1977,
  1993,
  false,
  '{"Russia"}'::text[],
  '["3-door"]'::jsonb,
  '["Gasoline"]'::jsonb,
  '["Manual"]'::jsonb,
  'Original Niva, a pioneering compact SUV with permanent all-wheel drive.'
)
on conflict (model_id, code) do nothing;


insert into public.vehicle_generations (
  id,
  model_id,
  code,
  start_year,
  end_year,
  facelift,
  production_countries,
  body_types,
  fuel_types,
  transmission_types,
  summary
)
values (
  'e9b8e6a1-0acd-772c-14a2-a9114f809c9a',
  'd36f9c8b-70a9-fa0f-015e-2207aa21d045',
  'Generation II (1993-2020)',
  1993,
  2020,
  true,
  '{"Russia"}'::text[],
  '["3-door","5-door"]'::jsonb,
  '["Gasoline"]'::jsonb,
  '["Manual"]'::jsonb,
  'Updated Niva with various improvements and the addition of a 5-door version. Renamed Lada 4x4 in later years.'
)
on conflict (model_id, code) do nothing;


insert into public.vehicle_generations (
  id,
  model_id,
  code,
  start_year,
  end_year,
  facelift,
  production_countries,
  body_types,
  fuel_types,
  transmission_types,
  summary
)
values (
  '40645de2-c8de-034d-d257-443cf4f1c2ad',
  'd36f9c8b-70a9-fa0f-015e-2207aa21d045',
  'Generation III (2020-current)',
  2020,
  2024,
  false,
  '{"Russia"}'::text[],
  '["3-door","5-door"]'::jsonb,
  '["Gasoline"]'::jsonb,
  '["Manual"]'::jsonb,
  'Modernized Niva, now known as Niva Legend and Niva Travel.  Includes updated styling and features.'
)
on conflict (model_id, code) do nothing;


insert into public.vehicle_insights (
  model_id,
  pros,
  cons,
  inspection_tips,
  notable_features,
  engine_examples,
  common_issues_by_engine,
  reliability_score,
  popularity_score
)
values (
  'd36f9c8b-70a9-fa0f-015e-2207aa21d045',
  '["Off-road capability","Affordable price","Simple mechanics"]'::jsonb,
  '["Poor fuel economy","Basic interior","Ride comfort"]'::jsonb,
  '["Check for rust","Inspect 4x4 system","Test engine compression"]'::jsonb,
  '["Permanent all-wheel drive","Low range transfer case","Locking center differential"]'::jsonb,
  '["1.7L I4"]'::jsonb,
  '[{"engine_code":"VAZ-21213","common_issues_ru":["Течь масла","Проблемы с системой охлаждения"]},{"engine_code":"VAZ-21214","common_issues_ru":["Расход масла","Неисправности датчиков"]}]'::jsonb,
  null,
  null
)
on conflict (model_id) do nothing;


insert into public.vehicle_models (
  id,
  make_id,
  slug,
  name_en,
  first_model_year,
  last_model_year,
  years_available,
  body_types_available,
  fuel_types_available,
  transmission_available,
  reliability_score,
  popularity_score
)
values (
  '2c51fa42-5c58-ece7-f819-f4378085b6db',
  '5277ef57-72ee-c3d2-b52b-3be2805d1ce2',
  'lada-priora',
  'Priora',
  2007,
  2018,
  '{2007,2010,2015,2018}'::int[],
  '["Sedan","Hatchback","Liftback","Station Wagon"]'::jsonb,
  '["Gasoline"]'::jsonb,
  '["Manual","AMT"]'::jsonb,
  6.8,
  7.5
)
on conflict (make_id, slug) do nothing;


insert into public.vehicle_generations (
  id,
  model_id,
  code,
  start_year,
  end_year,
  facelift,
  production_countries,
  body_types,
  fuel_types,
  transmission_types,
  summary
)
values (
  '041e4bf5-b0ae-e659-0487-4f2acd8b184f',
  '2c51fa42-5c58-ece7-f819-f4378085b6db',
  'Generation I (2007-2018)',
  2007,
  2018,
  true,
  '{"Russia"}'::text[],
  '["Sedan","Hatchback","Liftback","Station Wagon"]'::jsonb,
  '["Gasoline"]'::jsonb,
  '["Manual","AMT"]'::jsonb,
  'Replaced the Lada 110. Offered in various body styles and trim levels.'
)
on conflict (model_id, code) do nothing;


insert into public.vehicle_insights (
  model_id,
  pros,
  cons,
  inspection_tips,
  notable_features,
  engine_examples,
  common_issues_by_engine,
  reliability_score,
  popularity_score
)
values (
  '2c51fa42-5c58-ece7-f819-f4378085b6db',
  '["Modern design compared to predecessors","Improved interior","Availability of spare parts"]'::jsonb,
  '["Engine performance","Ride quality","Build quality"]'::jsonb,
  '["Check for rust","Inspect suspension","Test air conditioning"]'::jsonb,
  '["ABS","Airbags","Power steering"]'::jsonb,
  '["1.6L I4 (8-valve)","1.6L I4 (16-valve)"]'::jsonb,
  '[{"engine_code":"VAZ-21116","common_issues_ru":["Течь масла","Нестабильная работа на холостом ходу"]},{"engine_code":"VAZ-21126","common_issues_ru":["Расход масла","Проблемы с катализатором"]}]'::jsonb,
  null,
  null
)
on conflict (model_id) do nothing;


insert into public.vehicle_models (
  id,
  make_id,
  slug,
  name_en,
  first_model_year,
  last_model_year,
  years_available,
  body_types_available,
  fuel_types_available,
  transmission_available,
  reliability_score,
  popularity_score
)
values (
  '41e673a4-2ab2-634e-57cf-9045b842af02',
  '5277ef57-72ee-c3d2-b52b-3be2805d1ce2',
  'lada-vesta',
  'Vesta',
  2015,
  2024,
  '{2015,2020,2024}'::int[],
  '["Sedan","Station Wagon","Cross"]'::jsonb,
  '["Gasoline","CNG"]'::jsonb,
  '["Manual","AMT","CVT"]'::jsonb,
  7.3,
  8.2
)
on conflict (make_id, slug) do nothing;


insert into public.vehicle_generations (
  id,
  model_id,
  code,
  start_year,
  end_year,
  facelift,
  production_countries,
  body_types,
  fuel_types,
  transmission_types,
  summary
)
values (
  '50995dc0-2660-b3e9-fac7-a8074c3bd64b',
  '41e673a4-2ab2-634e-57cf-9045b842af02',
  'Generation I (2015-2022)',
  2015,
  2022,
  true,
  '{"Russia"}'::text[],
  '["Sedan","Station Wagon","Cross"]'::jsonb,
  '["Gasoline","CNG"]'::jsonb,
  '["Manual","AMT","CVT"]'::jsonb,
  'Modern Lada model with a more contemporary design and features. Offered in various trim levels and body styles.'
)
on conflict (model_id, code) do nothing;


insert into public.vehicle_generations (
  id,
  model_id,
  code,
  start_year,
  end_year,
  facelift,
  production_countries,
  body_types,
  fuel_types,
  transmission_types,
  summary
)
values (
  '7ba00b3e-a661-4841-4fca-b82f4f769654',
  '41e673a4-2ab2-634e-57cf-9045b842af02',
  'Generation II (2022-current)',
  2022,
  2024,
  false,
  '{"Russia"}'::text[],
  '["Sedan","Station Wagon","Cross"]'::jsonb,
  '["Gasoline","CNG"]'::jsonb,
  '["Manual","AMT","CVT"]'::jsonb,
  'Updated Vesta with revised styling and interior.  Includes more modern features.'
)
on conflict (model_id, code) do nothing;


insert into public.vehicle_insights (
  model_id,
  pros,
  cons,
  inspection_tips,
  notable_features,
  engine_examples,
  common_issues_by_engine,
  reliability_score,
  popularity_score
)
values (
  '41e673a4-2ab2-634e-57cf-9045b842af02',
  '["Modern design","Improved interior","Driving dynamics"]'::jsonb,
  '["Build quality","Engine performance","Some electronic issues"]'::jsonb,
  '["Check for rust","Inspect suspension","Test electronics"]'::jsonb,
  '["ABS","ESP","Airbags","Multimedia system"]'::jsonb,
  '["1.6L I4","1.8L I4"]'::jsonb,
  '[{"engine_code":"VAZ-21129","common_issues_ru":["Расход масла","Проблемы с катушками зажигания"]},{"engine_code":"VAZ-21179","common_issues_ru":["Течь масла","Неисправности датчиков"]}]'::jsonb,
  null,
  null
)
on conflict (model_id) do nothing;


insert into public.vehicle_makes (id, slug, name_en, country, segment_class, is_active, category_path)
values (
  '675f007c-92f4-dd8a-9896-af400fa4eeeb',
  'land-rover',
  'Land Rover',
  'Великобритания',
  null,
  true,
  'transport/legkovye-avtomobili'
)
on conflict (id) do nothing;


insert into public.vehicle_models (
  id,
  make_id,
  slug,
  name_en,
  first_model_year,
  last_model_year,
  years_available,
  body_types_available,
  fuel_types_available,
  transmission_available,
  reliability_score,
  popularity_score
)
values (
  'a79ca07d-fa54-9d95-db37-5caf56951e7b',
  '675f007c-92f4-dd8a-9896-af400fa4eeeb',
  'defender',
  'Defender',
  1983,
  2024,
  '{1983,1990,1995,2000,2005,2010,2015,2020,2024}'::int[],
  '["SUV","Pickup Truck"]'::jsonb,
  '["Gasoline","Diesel"]'::jsonb,
  '["Manual","Automatic"]'::jsonb,
  6.5,
  8.5
)
on conflict (make_id, slug) do nothing;


insert into public.vehicle_generations (
  id,
  model_id,
  code,
  start_year,
  end_year,
  facelift,
  production_countries,
  body_types,
  fuel_types,
  transmission_types,
  summary
)
values (
  '4209b7a9-146c-3c3c-3823-ff9183ee6d25',
  'a79ca07d-fa54-9d95-db37-5caf56951e7b',
  'First Generation (1983-1990)',
  1983,
  1990,
  false,
  '{"United Kingdom"}'::text[],
  '["SUV","Pickup Truck"]'::jsonb,
  '["Gasoline","Diesel"]'::jsonb,
  '["Manual"]'::jsonb,
  'Original Defender, known for its ruggedness and off-road capability.'
)
on conflict (model_id, code) do nothing;


insert into public.vehicle_generations (
  id,
  model_id,
  code,
  start_year,
  end_year,
  facelift,
  production_countries,
  body_types,
  fuel_types,
  transmission_types,
  summary
)
values (
  'f14efd93-2ef3-599d-6d86-e17e588e1c10',
  'a79ca07d-fa54-9d95-db37-5caf56951e7b',
  'Second Generation (1990-2016)',
  1990,
  2016,
  true,
  '{"United Kingdom"}'::text[],
  '["SUV","Pickup Truck"]'::jsonb,
  '["Gasoline","Diesel"]'::jsonb,
  '["Manual","Automatic"]'::jsonb,
  'Evolution of the original, with engine and feature updates.'
)
on conflict (model_id, code) do nothing;


insert into public.vehicle_generations (
  id,
  model_id,
  code,
  start_year,
  end_year,
  facelift,
  production_countries,
  body_types,
  fuel_types,
  transmission_types,
  summary
)
values (
  '9d6d011e-22ac-f6ae-8d45-58035ee73384',
  'a79ca07d-fa54-9d95-db37-5caf56951e7b',
  'Third Generation (2020-Current)',
  2020,
  2024,
  false,
  '{"Slovakia","United Kingdom"}'::text[],
  '["SUV"]'::jsonb,
  '["Gasoline","Diesel","Plug-in Hybrid"]'::jsonb,
  '["Automatic"]'::jsonb,
  'Modernized Defender with advanced technology and improved comfort.'
)
on conflict (model_id, code) do nothing;


insert into public.vehicle_insights (
  model_id,
  pros,
  cons,
  inspection_tips,
  notable_features,
  engine_examples,
  common_issues_by_engine,
  reliability_score,
  popularity_score
)
values (
  'a79ca07d-fa54-9d95-db37-5caf56951e7b',
  '["Exceptional off-road capability","Iconic design","Strong resale value"]'::jsonb,
  '["Can be expensive to maintain","Ride quality can be rough","Fuel economy can be poor"]'::jsonb,
  '["Check for rust, especially on the chassis","Inspect the suspension","Test the four-wheel-drive system"]'::jsonb,
  '["Permanent four-wheel drive","Locking differentials","Terrain Response system"]'::jsonb,
  '["2.0L I4 Turbo","3.0L I6 Turbo","5.0L V8 Supercharged"]'::jsonb,
  '[{"engine_code":"2.0L I4 Turbo","common_issues_ru":["Утечка масла","Проблемы с турбокомпрессором"]},{"engine_code":"3.0L I6 Turbo","common_issues_ru":["Неисправности водяной помпы","Проблемы с электрикой"]}]'::jsonb,
  null,
  null
)
on conflict (model_id) do nothing;


insert into public.vehicle_models (
  id,
  make_id,
  slug,
  name_en,
  first_model_year,
  last_model_year,
  years_available,
  body_types_available,
  fuel_types_available,
  transmission_available,
  reliability_score,
  popularity_score
)
values (
  '84a1d4cd-1828-c3e5-f07c-62fa3c584f3e',
  '675f007c-92f4-dd8a-9896-af400fa4eeeb',
  'discovery',
  'Discovery',
  1989,
  2024,
  '{1989,1995,2000,2005,2010,2015,2020,2024}'::int[],
  '["SUV"]'::jsonb,
  '["Gasoline","Diesel"]'::jsonb,
  '["Automatic"]'::jsonb,
  6,
  7.8
)
on conflict (make_id, slug) do nothing;


insert into public.vehicle_generations (
  id,
  model_id,
  code,
  start_year,
  end_year,
  facelift,
  production_countries,
  body_types,
  fuel_types,
  transmission_types,
  summary
)
values (
  '0f08b7f4-a507-0282-f863-76faf11300a2',
  '84a1d4cd-1828-c3e5-f07c-62fa3c584f3e',
  'First Generation (1989-1998)',
  1989,
  1998,
  true,
  '{"United Kingdom"}'::text[],
  '["SUV"]'::jsonb,
  '["Gasoline","Diesel"]'::jsonb,
  '["Manual","Automatic"]'::jsonb,
  'First generation of the Discovery, known for its off-road capability and practicality.'
)
on conflict (model_id, code) do nothing;


insert into public.vehicle_generations (
  id,
  model_id,
  code,
  start_year,
  end_year,
  facelift,
  production_countries,
  body_types,
  fuel_types,
  transmission_types,
  summary
)
values (
  '04a22931-7bf8-7460-ae9a-854371f823f7',
  '84a1d4cd-1828-c3e5-f07c-62fa3c584f3e',
  'Second Generation (1998-2004)',
  1998,
  2004,
  true,
  '{"United Kingdom"}'::text[],
  '["SUV"]'::jsonb,
  '["Gasoline","Diesel"]'::jsonb,
  '["Automatic"]'::jsonb,
  'Improved second generation with updated styling and features.'
)
on conflict (model_id, code) do nothing;


insert into public.vehicle_generations (
  id,
  model_id,
  code,
  start_year,
  end_year,
  facelift,
  production_countries,
  body_types,
  fuel_types,
  transmission_types,
  summary
)
values (
  'd41d564c-b855-bd36-c6f0-0085a1df7f21',
  '84a1d4cd-1828-c3e5-f07c-62fa3c584f3e',
  'Third Generation (2004-2009)',
  2004,
  2009,
  true,
  '{"United Kingdom"}'::text[],
  '["SUV"]'::jsonb,
  '["Gasoline","Diesel"]'::jsonb,
  '["Automatic"]'::jsonb,
  'Significant redesign with a more modern look and improved performance.'
)
on conflict (model_id, code) do nothing;


insert into public.vehicle_generations (
  id,
  model_id,
  code,
  start_year,
  end_year,
  facelift,
  production_countries,
  body_types,
  fuel_types,
  transmission_types,
  summary
)
values (
  '70b1387d-847f-8ca2-e970-bd1abcc5182d',
  '84a1d4cd-1828-c3e5-f07c-62fa3c584f3e',
  'Fourth Generation (2009-2017)',
  2009,
  2017,
  true,
  '{"United Kingdom"}'::text[],
  '["SUV"]'::jsonb,
  '["Gasoline","Diesel"]'::jsonb,
  '["Automatic"]'::jsonb,
  'Further refinement of the Discovery, with updated technology and features.'
)
on conflict (model_id, code) do nothing;


insert into public.vehicle_generations (
  id,
  model_id,
  code,
  start_year,
  end_year,
  facelift,
  production_countries,
  body_types,
  fuel_types,
  transmission_types,
  summary
)
values (
  '58ad8d14-7d19-74dc-696b-99fb71df0ede',
  '84a1d4cd-1828-c3e5-f07c-62fa3c584f3e',
  'Fifth Generation (2017-Current)',
  2017,
  2024,
  true,
  '{"United Kingdom","Slovakia"}'::text[],
  '["SUV"]'::jsonb,
  '["Gasoline","Diesel","Plug-in Hybrid"]'::jsonb,
  '["Automatic"]'::jsonb,
  'Modern Discovery with a focus on luxury and technology.'
)
on conflict (model_id, code) do nothing;


insert into public.vehicle_insights (
  model_id,
  pros,
  cons,
  inspection_tips,
  notable_features,
  engine_examples,
  common_issues_by_engine,
  reliability_score,
  popularity_score
)
values (
  '84a1d4cd-1828-c3e5-f07c-62fa3c584f3e',
  '["Spacious interior","Comfortable ride","Good off-road capability"]'::jsonb,
  '["Reliability can be an issue","Fuel economy can be poor","Maintenance can be expensive"]'::jsonb,
  '["Check for electrical issues","Inspect the air suspension","Test the four-wheel-drive system"]'::jsonb,
  '["Terrain Response system","Air suspension","Third-row seating"]'::jsonb,
  '["2.0L I4 Turbo","3.0L V6 Supercharged","3.0L Diesel"]'::jsonb,
  '[{"engine_code":"3.0L V6 Supercharged","common_issues_ru":["Проблемы с цепью ГРМ","Утечка охлаждающей жидкости"]},{"engine_code":"3.0L Diesel","common_issues_ru":["Засорение сажевого фильтра","Неисправности форсунок"]}]'::jsonb,
  null,
  null
)
on conflict (model_id) do nothing;


insert into public.vehicle_models (
  id,
  make_id,
  slug,
  name_en,
  first_model_year,
  last_model_year,
  years_available,
  body_types_available,
  fuel_types_available,
  transmission_available,
  reliability_score,
  popularity_score
)
values (
  '2d81437d-29e7-6ee7-ec74-01cc2c38014f',
  '675f007c-92f4-dd8a-9896-af400fa4eeeb',
  'range-rover',
  'Range Rover',
  1970,
  2024,
  '{1970,1980,1990,2000,2005,2010,2015,2020,2024}'::int[],
  '["SUV"]'::jsonb,
  '["Gasoline","Diesel","Plug-in Hybrid"]'::jsonb,
  '["Automatic"]'::jsonb,
  5.5,
  9
)
on conflict (make_id, slug) do nothing;


insert into public.vehicle_generations (
  id,
  model_id,
  code,
  start_year,
  end_year,
  facelift,
  production_countries,
  body_types,
  fuel_types,
  transmission_types,
  summary
)
values (
  '4d28b330-84e2-3e6e-34bf-b057a3d7e65a',
  '2d81437d-29e7-6ee7-ec74-01cc2c38014f',
  'First Generation (1970-1996)',
  1970,
  1996,
  true,
  '{"United Kingdom"}'::text[],
  '["SUV"]'::jsonb,
  '["Gasoline","Diesel"]'::jsonb,
  '["Manual","Automatic"]'::jsonb,
  'Original Range Rover, a luxury SUV with off-road capability.'
)
on conflict (model_id, code) do nothing;


insert into public.vehicle_generations (
  id,
  model_id,
  code,
  start_year,
  end_year,
  facelift,
  production_countries,
  body_types,
  fuel_types,
  transmission_types,
  summary
)
values (
  'bd1b9b93-4abd-90bd-931b-b29060e29a4f',
  '2d81437d-29e7-6ee7-ec74-01cc2c38014f',
  'Second Generation (1994-2002)',
  1994,
  2002,
  true,
  '{"United Kingdom"}'::text[],
  '["SUV"]'::jsonb,
  '["Gasoline","Diesel"]'::jsonb,
  '["Automatic"]'::jsonb,
  'Improved second generation with updated features and design.'
)
on conflict (model_id, code) do nothing;


insert into public.vehicle_generations (
  id,
  model_id,
  code,
  start_year,
  end_year,
  facelift,
  production_countries,
  body_types,
  fuel_types,
  transmission_types,
  summary
)
values (
  'df47925c-056c-f843-4393-425753fc4f4f',
  '2d81437d-29e7-6ee7-ec74-01cc2c38014f',
  'Third Generation (2002-2012)',
  2002,
  2012,
  true,
  '{"United Kingdom"}'::text[],
  '["SUV"]'::jsonb,
  '["Gasoline","Diesel"]'::jsonb,
  '["Automatic"]'::jsonb,
  'Significant redesign with a more modern look and improved performance.'
)
on conflict (model_id, code) do nothing;


insert into public.vehicle_generations (
  id,
  model_id,
  code,
  start_year,
  end_year,
  facelift,
  production_countries,
  body_types,
  fuel_types,
  transmission_types,
  summary
)
values (
  '0a33d857-1332-192d-1dac-7eeddf97b796',
  '2d81437d-29e7-6ee7-ec74-01cc2c38014f',
  'Fourth Generation (2012-2022)',
  2012,
  2022,
  true,
  '{"United Kingdom"}'::text[],
  '["SUV"]'::jsonb,
  '["Gasoline","Diesel","Plug-in Hybrid"]'::jsonb,
  '["Automatic"]'::jsonb,
  'Further refinement of the Range Rover, with updated technology and features.'
)
on conflict (model_id, code) do nothing;


insert into public.vehicle_generations (
  id,
  model_id,
  code,
  start_year,
  end_year,
  facelift,
  production_countries,
  body_types,
  fuel_types,
  transmission_types,
  summary
)
values (
  '63911de3-c64e-4f88-3953-0f4e4352e635',
  '2d81437d-29e7-6ee7-ec74-01cc2c38014f',
  'Fifth Generation (2022-Current)',
  2022,
  2024,
  false,
  '{"United Kingdom"}'::text[],
  '["SUV"]'::jsonb,
  '["Gasoline","Diesel","Plug-in Hybrid"]'::jsonb,
  '["Automatic"]'::jsonb,
  'Modern Range Rover with a focus on luxury, technology, and efficiency.'
)
on conflict (model_id, code) do nothing;


insert into public.vehicle_insights (
  model_id,
  pros,
  cons,
  inspection_tips,
  notable_features,
  engine_examples,
  common_issues_by_engine,
  reliability_score,
  popularity_score
)
values (
  '2d81437d-29e7-6ee7-ec74-01cc2c38014f',
  '["Luxurious interior","Exceptional off-road capability","Prestigious brand image"]'::jsonb,
  '["High purchase price","Expensive maintenance","Reliability can be an issue"]'::jsonb,
  '["Check the air suspension","Inspect for electrical issues","Test all features"]'::jsonb,
  '["Terrain Response system","Air suspension","Advanced driver-assistance systems"]'::jsonb,
  '["3.0L I6 Turbo","4.4L V8 Twin-Turbo","5.0L V8 Supercharged"]'::jsonb,
  '[{"engine_code":"3.0L I6 Turbo","common_issues_ru":["Проблемы с водяной помпой","Утечка масла"]},{"engine_code":"4.4L V8 Twin-Turbo","common_issues_ru":["Износ турбокомпрессоров","Проблемы с системой охлаждения"]}]'::jsonb,
  null,
  null
)
on conflict (model_id) do nothing;


insert into public.vehicle_models (
  id,
  make_id,
  slug,
  name_en,
  first_model_year,
  last_model_year,
  years_available,
  body_types_available,
  fuel_types_available,
  transmission_available,
  reliability_score,
  popularity_score
)
values (
  'bc0a4d93-b855-c0ef-8ea1-53a2faa568a9',
  '675f007c-92f4-dd8a-9896-af400fa4eeeb',
  'range-rover-evoque',
  'Range Rover Evoque',
  2011,
  2024,
  '{2011,2015,2020,2024}'::int[],
  '["SUV"]'::jsonb,
  '["Gasoline","Diesel","Plug-in Hybrid"]'::jsonb,
  '["Automatic"]'::jsonb,
  6.8,
  8.2
)
on conflict (make_id, slug) do nothing;


insert into public.vehicle_generations (
  id,
  model_id,
  code,
  start_year,
  end_year,
  facelift,
  production_countries,
  body_types,
  fuel_types,
  transmission_types,
  summary
)
values (
  '1fcaa216-d4c7-767c-4b1f-1fb295766c1f',
  'bc0a4d93-b855-c0ef-8ea1-53a2faa568a9',
  'First Generation (2011-2018)',
  2011,
  2018,
  true,
  '{"United Kingdom"}'::text[],
  '["SUV"]'::jsonb,
  '["Gasoline","Diesel"]'::jsonb,
  '["Automatic"]'::jsonb,
  'Stylish compact SUV with a focus on design and luxury.'
)
on conflict (model_id, code) do nothing;


insert into public.vehicle_generations (
  id,
  model_id,
  code,
  start_year,
  end_year,
  facelift,
  production_countries,
  body_types,
  fuel_types,
  transmission_types,
  summary
)
values (
  'd7fc83ab-55d2-be25-9d24-8c85c4e38d7e',
  'bc0a4d93-b855-c0ef-8ea1-53a2faa568a9',
  'Second Generation (2018-Current)',
  2018,
  2024,
  true,
  '{"United Kingdom"}'::text[],
  '["SUV"]'::jsonb,
  '["Gasoline","Diesel","Plug-in Hybrid"]'::jsonb,
  '["Automatic"]'::jsonb,
  'Refined second generation with updated technology and design.'
)
on conflict (model_id, code) do nothing;


insert into public.vehicle_insights (
  model_id,
  pros,
  cons,
  inspection_tips,
  notable_features,
  engine_examples,
  common_issues_by_engine,
  reliability_score,
  popularity_score
)
values (
  'bc0a4d93-b855-c0ef-8ea1-53a2faa568a9',
  '["Stylish design","Premium interior","Good fuel economy"]'::jsonb,
  '["Rear visibility can be limited","Rear passenger space can be tight","Reliability can be an issue"]'::jsonb,
  '["Check for electrical issues","Inspect the infotainment system","Test all features"]'::jsonb,
  '["Touch Pro Duo infotainment system","Terrain Response system","Panoramic roof"]'::jsonb,
  '["2.0L I4 Turbo"]'::jsonb,
  '[{"engine_code":"2.0L I4 Turbo","common_issues_ru":["Утечка масла","Проблемы с турбокомпрессором"]}]'::jsonb,
  null,
  null
)
on conflict (model_id) do nothing;


insert into public.vehicle_models (
  id,
  make_id,
  slug,
  name_en,
  first_model_year,
  last_model_year,
  years_available,
  body_types_available,
  fuel_types_available,
  transmission_available,
  reliability_score,
  popularity_score
)
values (
  '7caa6ccf-8c98-0d3e-e379-c356afce8475',
  '675f007c-92f4-dd8a-9896-af400fa4eeeb',
  'range-rover-sport',
  'Range Rover Sport',
  2005,
  2024,
  '{2005,2010,2015,2020,2024}'::int[],
  '["SUV"]'::jsonb,
  '["Gasoline","Diesel","Plug-in Hybrid"]'::jsonb,
  '["Automatic"]'::jsonb,
  6.2,
  8.7
)
on conflict (make_id, slug) do nothing;


insert into public.vehicle_generations (
  id,
  model_id,
  code,
  start_year,
  end_year,
  facelift,
  production_countries,
  body_types,
  fuel_types,
  transmission_types,
  summary
)
values (
  '84e87727-95e3-e600-fdd6-86ee1c4488c2',
  '7caa6ccf-8c98-0d3e-e379-c356afce8475',
  'First Generation (2005-2013)',
  2005,
  2013,
  true,
  '{"United Kingdom"}'::text[],
  '["SUV"]'::jsonb,
  '["Gasoline","Diesel"]'::jsonb,
  '["Automatic"]'::jsonb,
  'Sportier version of the Range Rover, with a focus on performance.'
)
on conflict (model_id, code) do nothing;


insert into public.vehicle_generations (
  id,
  model_id,
  code,
  start_year,
  end_year,
  facelift,
  production_countries,
  body_types,
  fuel_types,
  transmission_types,
  summary
)
values (
  'b46b2f8b-cd68-965e-f4c3-91a90d97e58c',
  '7caa6ccf-8c98-0d3e-e379-c356afce8475',
  'Second Generation (2013-2022)',
  2013,
  2022,
  true,
  '{"United Kingdom"}'::text[],
  '["SUV"]'::jsonb,
  '["Gasoline","Diesel","Plug-in Hybrid"]'::jsonb,
  '["Automatic"]'::jsonb,
  'Redesigned with a lighter platform and improved performance.'
)
on conflict (model_id, code) do nothing;


insert into public.vehicle_generations (
  id,
  model_id,
  code,
  start_year,
  end_year,
  facelift,
  production_countries,
  body_types,
  fuel_types,
  transmission_types,
  summary
)
values (
  '5156a45f-6b14-27eb-af20-1e1e5c330d75',
  '7caa6ccf-8c98-0d3e-e379-c356afce8475',
  'Third Generation (2022-Current)',
  2022,
  2024,
  false,
  '{"United Kingdom"}'::text[],
  '["SUV"]'::jsonb,
  '["Gasoline","Diesel","Plug-in Hybrid"]'::jsonb,
  '["Automatic"]'::jsonb,
  'Modern Range Rover Sport with a focus on luxury, performance, and technology.'
)
on conflict (model_id, code) do nothing;


insert into public.vehicle_insights (
  model_id,
  pros,
  cons,
  inspection_tips,
  notable_features,
  engine_examples,
  common_issues_by_engine,
  reliability_score,
  popularity_score
)
values (
  '7caa6ccf-8c98-0d3e-e379-c356afce8475',
  '["Sporty handling","Luxurious interior","Powerful engine options"]'::jsonb,
  '["Reliability can be an issue","Expensive to maintain","Fuel economy can be poor"]'::jsonb,
  '["Check the air suspension","Inspect for electrical issues","Test the brakes"]'::jsonb,
  '["Terrain Response system","Air suspension","Dynamic Response system"]'::jsonb,
  '["3.0L I6 Turbo","4.4L V8 Twin-Turbo","5.0L V8 Supercharged"]'::jsonb,
  '[{"engine_code":"3.0L I6 Turbo","common_issues_ru":["Проблемы с водяной помпой","Утечка масла"]},{"engine_code":"4.4L V8 Twin-Turbo","common_issues_ru":["Износ турбокомпрессоров","Проблемы с системой охлаждения"]}]'::jsonb,
  null,
  null
)
on conflict (model_id) do nothing;


insert into public.vehicle_makes (id, slug, name_en, country, segment_class, is_active, category_path)
values (
  '58c4915e-8aa4-1bc3-9a8e-e077ffa810a5',
  'lexus',
  'Lexus',
  'Япония',
  null,
  true,
  'transport/legkovye-avtomobili'
)
on conflict (id) do nothing;


insert into public.vehicle_models (
  id,
  make_id,
  slug,
  name_en,
  first_model_year,
  last_model_year,
  years_available,
  body_types_available,
  fuel_types_available,
  transmission_available,
  reliability_score,
  popularity_score
)
values (
  '502b7da7-808e-8d63-067d-9481058b2b3c',
  '58c4915e-8aa4-1bc3-9a8e-e077ffa810a5',
  'es',
  'ES',
  1989,
  2024,
  '{1989,1995,2000,2005,2010,2015,2020,2024}'::int[],
  '["Sedan"]'::jsonb,
  '["Gasoline","Hybrid"]'::jsonb,
  '["Automatic"]'::jsonb,
  8,
  8.5
)
on conflict (make_id, slug) do nothing;


insert into public.vehicle_generations (
  id,
  model_id,
  code,
  start_year,
  end_year,
  facelift,
  production_countries,
  body_types,
  fuel_types,
  transmission_types,
  summary
)
values (
  'e1091319-f976-9d1a-70dc-d8f13951467e',
  '502b7da7-808e-8d63-067d-9481058b2b3c',
  'Generation I (1989-1991)',
  1989,
  1991,
  false,
  '{"Japan"}'::text[],
  '["Sedan"]'::jsonb,
  '["Gasoline"]'::jsonb,
  '["Automatic"]'::jsonb,
  'The first generation ES, based on the Toyota Camry platform, offered a luxurious and comfortable experience.'
)
on conflict (model_id, code) do nothing;


insert into public.vehicle_generations (
  id,
  model_id,
  code,
  start_year,
  end_year,
  facelift,
  production_countries,
  body_types,
  fuel_types,
  transmission_types,
  summary
)
values (
  '2e8ac960-1e4a-ebcb-ba6c-2b683dd0f5b9',
  '502b7da7-808e-8d63-067d-9481058b2b3c',
  'Generation II (1992-1996)',
  1992,
  1996,
  false,
  '{"Japan"}'::text[],
  '["Sedan"]'::jsonb,
  '["Gasoline"]'::jsonb,
  '["Automatic"]'::jsonb,
  'The second generation ES continued the trend of luxury and refinement, with improved styling and features.'
)
on conflict (model_id, code) do nothing;


insert into public.vehicle_generations (
  id,
  model_id,
  code,
  start_year,
  end_year,
  facelift,
  production_countries,
  body_types,
  fuel_types,
  transmission_types,
  summary
)
values (
  'b2172d11-c299-1641-7379-24848e656c2f',
  '502b7da7-808e-8d63-067d-9481058b2b3c',
  'Generation III (1997-2001)',
  1997,
  2001,
  false,
  '{"Japan"}'::text[],
  '["Sedan"]'::jsonb,
  '["Gasoline"]'::jsonb,
  '["Automatic"]'::jsonb,
  'The third generation ES saw further improvements in comfort, performance, and safety.'
)
on conflict (model_id, code) do nothing;


insert into public.vehicle_generations (
  id,
  model_id,
  code,
  start_year,
  end_year,
  facelift,
  production_countries,
  body_types,
  fuel_types,
  transmission_types,
  summary
)
values (
  'f90f81e1-7dc9-4df6-59a4-ff466ce7e94d',
  '502b7da7-808e-8d63-067d-9481058b2b3c',
  'Generation IV (2002-2006)',
  2002,
  2006,
  false,
  '{"Japan"}'::text[],
  '["Sedan"]'::jsonb,
  '["Gasoline"]'::jsonb,
  '["Automatic"]'::jsonb,
  'The fourth generation ES offered a more modern design and enhanced technology features.'
)
on conflict (model_id, code) do nothing;


insert into public.vehicle_generations (
  id,
  model_id,
  code,
  start_year,
  end_year,
  facelift,
  production_countries,
  body_types,
  fuel_types,
  transmission_types,
  summary
)
values (
  'ce67d67b-c353-940f-dc79-0f5d962f0b2a',
  '502b7da7-808e-8d63-067d-9481058b2b3c',
  'Generation V (2007-2012)',
  2007,
  2012,
  true,
  '{"Japan"}'::text[],
  '["Sedan"]'::jsonb,
  '["Gasoline"]'::jsonb,
  '["Automatic"]'::jsonb,
  'The fifth generation ES introduced a larger body and more luxurious interior.'
)
on conflict (model_id, code) do nothing;


insert into public.vehicle_generations (
  id,
  model_id,
  code,
  start_year,
  end_year,
  facelift,
  production_countries,
  body_types,
  fuel_types,
  transmission_types,
  summary
)
values (
  '67df3b60-7478-d6b0-3c53-dcbd0d9dfad9',
  '502b7da7-808e-8d63-067d-9481058b2b3c',
  'Generation VI (2013-2018)',
  2013,
  2018,
  true,
  '{"Japan","USA"}'::text[],
  '["Sedan"]'::jsonb,
  '["Gasoline"]'::jsonb,
  '["Automatic"]'::jsonb,
  'The sixth generation ES offered a more aggressive design and improved fuel efficiency.'
)
on conflict (model_id, code) do nothing;


insert into public.vehicle_generations (
  id,
  model_id,
  code,
  start_year,
  end_year,
  facelift,
  production_countries,
  body_types,
  fuel_types,
  transmission_types,
  summary
)
values (
  'f2e57536-ddb6-95ed-9c57-a944968045b1',
  '502b7da7-808e-8d63-067d-9481058b2b3c',
  'Generation VII (2019-2024)',
  2019,
  2024,
  true,
  '{"Japan","USA"}'::text[],
  '["Sedan"]'::jsonb,
  '["Gasoline","Hybrid"]'::jsonb,
  '["Automatic"]'::jsonb,
  'The seventh generation ES features a more refined design, improved technology, and a hybrid option.'
)
on conflict (model_id, code) do nothing;


insert into public.vehicle_insights (
  model_id,
  pros,
  cons,
  inspection_tips,
  notable_features,
  engine_examples,
  common_issues_by_engine,
  reliability_score,
  popularity_score
)
values (
  '502b7da7-808e-8d63-067d-9481058b2b3c',
  '["Comfortable ride","Reliable engine","Luxurious interior"]'::jsonb,
  '["Fuel economy could be better","Infotainment system can be dated"]'::jsonb,
  '["Check for oil leaks","Inspect suspension components"]'::jsonb,
  '["Mark Levinson sound system","Adaptive cruise control"]'::jsonb,
  '["3.5L V6","2.5L I4 Hybrid"]'::jsonb,
  '[{"engine_code":"2GR-FE","common_issues_ru":["Утечка масла","Проблемы с водяной помпой"]},{"engine_code":"A25A-FXS","common_issues_ru":["Проблемы с гибридной системой","Износ тормозных колодок"]}]'::jsonb,
  null,
  null
)
on conflict (model_id) do nothing;


insert into public.vehicle_models (
  id,
  make_id,
  slug,
  name_en,
  first_model_year,
  last_model_year,
  years_available,
  body_types_available,
  fuel_types_available,
  transmission_available,
  reliability_score,
  popularity_score
)
values (
  '00cb5b8f-aa2b-2d8d-aed2-f696c74deefb',
  '58c4915e-8aa4-1bc3-9a8e-e077ffa810a5',
  'gx',
  'GX',
  2002,
  2024,
  '{2002,2005,2010,2015,2020,2024}'::int[],
  '["SUV"]'::jsonb,
  '["Gasoline"]'::jsonb,
  '["Automatic"]'::jsonb,
  8.5,
  7.8
)
on conflict (make_id, slug) do nothing;


insert into public.vehicle_generations (
  id,
  model_id,
  code,
  start_year,
  end_year,
  facelift,
  production_countries,
  body_types,
  fuel_types,
  transmission_types,
  summary
)
values (
  'e52678cb-56b5-5dd7-851c-c1d105dbf013',
  '00cb5b8f-aa2b-2d8d-aed2-f696c74deefb',
  'Generation I (2002-2009)',
  2002,
  2009,
  true,
  '{"Japan"}'::text[],
  '["SUV"]'::jsonb,
  '["Gasoline"]'::jsonb,
  '["Automatic"]'::jsonb,
  'The first generation GX was a mid-size luxury SUV based on the Toyota Land Cruiser Prado.'
)
on conflict (model_id, code) do nothing;


insert into public.vehicle_generations (
  id,
  model_id,
  code,
  start_year,
  end_year,
  facelift,
  production_countries,
  body_types,
  fuel_types,
  transmission_types,
  summary
)
values (
  '76e6ab69-e604-1041-b357-5b447d48442a',
  '00cb5b8f-aa2b-2d8d-aed2-f696c74deefb',
  'Generation II (2010-2024)',
  2010,
  2024,
  true,
  '{"Japan"}'::text[],
  '["SUV"]'::jsonb,
  '["Gasoline"]'::jsonb,
  '["Automatic"]'::jsonb,
  'The second generation GX continued the tradition of ruggedness and luxury, with updated styling and features.'
)
on conflict (model_id, code) do nothing;


insert into public.vehicle_insights (
  model_id,
  pros,
  cons,
  inspection_tips,
  notable_features,
  engine_examples,
  common_issues_by_engine,
  reliability_score,
  popularity_score
)
values (
  '00cb5b8f-aa2b-2d8d-aed2-f696c74deefb',
  '["Off-road capability","Reliable engine","Spacious interior"]'::jsonb,
  '["Fuel economy","Dated infotainment system"]'::jsonb,
  '["Check for rust","Inspect suspension components"]'::jsonb,
  '["Full-time 4WD","Kinetic Dynamic Suspension System (KDSS)"]'::jsonb,
  '["4.7L V8","4.6L V8"]'::jsonb,
  '[{"engine_code":"1UR-FE","common_issues_ru":["Утечка масла","Проблемы с водяной помпой"]}]'::jsonb,
  null,
  null
)
on conflict (model_id) do nothing;


insert into public.vehicle_models (
  id,
  make_id,
  slug,
  name_en,
  first_model_year,
  last_model_year,
  years_available,
  body_types_available,
  fuel_types_available,
  transmission_available,
  reliability_score,
  popularity_score
)
values (
  'f2eff1f9-0d3c-d4f4-fae9-198ea3bcb53d',
  '58c4915e-8aa4-1bc3-9a8e-e077ffa810a5',
  'is',
  'IS',
  1999,
  2024,
  '{1999,2005,2010,2015,2020,2024}'::int[],
  '["Sedan","Convertible"]'::jsonb,
  '["Gasoline"]'::jsonb,
  '["Automatic","Manual"]'::jsonb,
  7.8,
  8.2
)
on conflict (make_id, slug) do nothing;


insert into public.vehicle_generations (
  id,
  model_id,
  code,
  start_year,
  end_year,
  facelift,
  production_countries,
  body_types,
  fuel_types,
  transmission_types,
  summary
)
values (
  '4f6ea03f-c534-1f15-917d-036abc2a1ab4',
  'f2eff1f9-0d3c-d4f4-fae9-198ea3bcb53d',
  'Generation I (1999-2005)',
  1999,
  2005,
  true,
  '{"Japan"}'::text[],
  '["Sedan"]'::jsonb,
  '["Gasoline"]'::jsonb,
  '["Automatic","Manual"]'::jsonb,
  'The first generation IS was a compact luxury sports sedan, known for its sporty handling and stylish design.'
)
on conflict (model_id, code) do nothing;


insert into public.vehicle_generations (
  id,
  model_id,
  code,
  start_year,
  end_year,
  facelift,
  production_countries,
  body_types,
  fuel_types,
  transmission_types,
  summary
)
values (
  '2773f9b6-f079-6b05-9f9a-0a5e4eb68acf',
  'f2eff1f9-0d3c-d4f4-fae9-198ea3bcb53d',
  'Generation II (2006-2013)',
  2006,
  2013,
  true,
  '{"Japan"}'::text[],
  '["Sedan","Convertible"]'::jsonb,
  '["Gasoline"]'::jsonb,
  '["Automatic","Manual"]'::jsonb,
  'The second generation IS offered a more powerful engine lineup and a convertible option.'
)
on conflict (model_id, code) do nothing;


insert into public.vehicle_generations (
  id,
  model_id,
  code,
  start_year,
  end_year,
  facelift,
  production_countries,
  body_types,
  fuel_types,
  transmission_types,
  summary
)
values (
  'ecbb3c5d-3cfc-7dfe-6ac7-fa8ba9c3cb1f',
  'f2eff1f9-0d3c-d4f4-fae9-198ea3bcb53d',
  'Generation III (2014-2020)',
  2014,
  2020,
  true,
  '{"Japan"}'::text[],
  '["Sedan"]'::jsonb,
  '["Gasoline"]'::jsonb,
  '["Automatic"]'::jsonb,
  'The third generation IS featured a more aggressive design and improved performance.'
)
on conflict (model_id, code) do nothing;


insert into public.vehicle_generations (
  id,
  model_id,
  code,
  start_year,
  end_year,
  facelift,
  production_countries,
  body_types,
  fuel_types,
  transmission_types,
  summary
)
values (
  'e969a3e0-2b6d-98a3-560d-a6002ef99302',
  'f2eff1f9-0d3c-d4f4-fae9-198ea3bcb53d',
  'Generation IV (2021-2024)',
  2021,
  2024,
  true,
  '{"Japan"}'::text[],
  '["Sedan"]'::jsonb,
  '["Gasoline"]'::jsonb,
  '["Automatic"]'::jsonb,
  'The fourth generation IS features updated styling, improved technology, and enhanced performance.'
)
on conflict (model_id, code) do nothing;


insert into public.vehicle_insights (
  model_id,
  pros,
  cons,
  inspection_tips,
  notable_features,
  engine_examples,
  common_issues_by_engine,
  reliability_score,
  popularity_score
)
values (
  'f2eff1f9-0d3c-d4f4-fae9-198ea3bcb53d',
  '["Sporty handling","Stylish design","Reliable engine"]'::jsonb,
  '["Rear seat space","Infotainment system can be clunky"]'::jsonb,
  '["Check for suspension issues","Inspect brakes"]'::jsonb,
  '["Sport-tuned suspension","F Sport package"]'::jsonb,
  '["2.0L I4 Turbo","3.5L V6"]'::jsonb,
  '[{"engine_code":"8AR-FTS","common_issues_ru":["Утечка масла","Проблемы с турбокомпрессором"]},{"engine_code":"2GR-FSE","common_issues_ru":["Утечка масла","Проблемы с водяной помпой"]}]'::jsonb,
  null,
  null
)
on conflict (model_id) do nothing;


insert into public.vehicle_models (
  id,
  make_id,
  slug,
  name_en,
  first_model_year,
  last_model_year,
  years_available,
  body_types_available,
  fuel_types_available,
  transmission_available,
  reliability_score,
  popularity_score
)
values (
  '0aa74bdd-022e-9128-e82b-d2b61f7441f2',
  '58c4915e-8aa4-1bc3-9a8e-e077ffa810a5',
  'ls',
  'LS',
  1989,
  2024,
  '{1989,1995,2000,2005,2010,2015,2020,2024}'::int[],
  '["Sedan"]'::jsonb,
  '["Gasoline","Hybrid"]'::jsonb,
  '["Automatic"]'::jsonb,
  8.8,
  8
)
on conflict (make_id, slug) do nothing;


insert into public.vehicle_generations (
  id,
  model_id,
  code,
  start_year,
  end_year,
  facelift,
  production_countries,
  body_types,
  fuel_types,
  transmission_types,
  summary
)
values (
  '4f2c1cc4-6e2f-77c6-3b68-cb3e76bc213f',
  '0aa74bdd-022e-9128-e82b-d2b61f7441f2',
  'Generation I (1989-1994)',
  1989,
  1994,
  true,
  '{"Japan"}'::text[],
  '["Sedan"]'::jsonb,
  '["Gasoline"]'::jsonb,
  '["Automatic"]'::jsonb,
  'The first generation LS established Lexus as a major player in the luxury car market, known for its smooth ride and quiet cabin.'
)
on conflict (model_id, code) do nothing;


insert into public.vehicle_generations (
  id,
  model_id,
  code,
  start_year,
  end_year,
  facelift,
  production_countries,
  body_types,
  fuel_types,
  transmission_types,
  summary
)
values (
  '8f6caced-6da7-a4f4-6e73-44f1edabe646',
  '0aa74bdd-022e-9128-e82b-d2b61f7441f2',
  'Generation II (1995-2000)',
  1995,
  2000,
  true,
  '{"Japan"}'::text[],
  '["Sedan"]'::jsonb,
  '["Gasoline"]'::jsonb,
  '["Automatic"]'::jsonb,
  'The second generation LS built on the success of its predecessor, with improved performance and features.'
)
on conflict (model_id, code) do nothing;


insert into public.vehicle_generations (
  id,
  model_id,
  code,
  start_year,
  end_year,
  facelift,
  production_countries,
  body_types,
  fuel_types,
  transmission_types,
  summary
)
values (
  '2e434ccf-5155-be6d-2655-c9fe9d01b9a0',
  '0aa74bdd-022e-9128-e82b-d2b61f7441f2',
  'Generation III (2001-2006)',
  2001,
  2006,
  true,
  '{"Japan"}'::text[],
  '["Sedan"]'::jsonb,
  '["Gasoline"]'::jsonb,
  '["Automatic"]'::jsonb,
  'The third generation LS offered a more powerful engine and a more luxurious interior.'
)
on conflict (model_id, code) do nothing;


insert into public.vehicle_generations (
  id,
  model_id,
  code,
  start_year,
  end_year,
  facelift,
  production_countries,
  body_types,
  fuel_types,
  transmission_types,
  summary
)
values (
  '5ac66c43-ad1e-afde-2974-bd36ea15cb99',
  '0aa74bdd-022e-9128-e82b-d2b61f7441f2',
  'Generation IV (2007-2017)',
  2007,
  2017,
  true,
  '{"Japan"}'::text[],
  '["Sedan"]'::jsonb,
  '["Gasoline","Hybrid"]'::jsonb,
  '["Automatic"]'::jsonb,
  'The fourth generation LS introduced a hybrid version and a more advanced technology suite.'
)
on conflict (model_id, code) do nothing;


insert into public.vehicle_generations (
  id,
  model_id,
  code,
  start_year,
  end_year,
  facelift,
  production_countries,
  body_types,
  fuel_types,
  transmission_types,
  summary
)
values (
  '222a789c-1502-530e-080e-e53bcee85138',
  '0aa74bdd-022e-9128-e82b-d2b61f7441f2',
  'Generation V (2018-2024)',
  2018,
  2024,
  true,
  '{"Japan"}'::text[],
  '["Sedan"]'::jsonb,
  '["Gasoline","Hybrid"]'::jsonb,
  '["Automatic"]'::jsonb,
  'The fifth generation LS features a more modern design, improved technology, and a hybrid option.'
)
on conflict (model_id, code) do nothing;


insert into public.vehicle_insights (
  model_id,
  pros,
  cons,
  inspection_tips,
  notable_features,
  engine_examples,
  common_issues_by_engine,
  reliability_score,
  popularity_score
)
values (
  '0aa74bdd-022e-9128-e82b-d2b61f7441f2',
  '["Comfortable ride","Quiet cabin","Reliable engine"]'::jsonb,
  '["Fuel economy","Expensive maintenance"]'::jsonb,
  '["Check for air suspension issues","Inspect for oil leaks"]'::jsonb,
  '["Air suspension","Mark Levinson sound system"]'::jsonb,
  '["4.6L V8","5.0L V8 Hybrid"]'::jsonb,
  '[{"engine_code":"1UR-FE","common_issues_ru":["Утечка масла","Проблемы с водяной помпой"]},{"engine_code":"2UR-FSE","common_issues_ru":["Проблемы с гибридной системой","Износ тормозных колодок"]}]'::jsonb,
  null,
  null
)
on conflict (model_id) do nothing;


insert into public.vehicle_models (
  id,
  make_id,
  slug,
  name_en,
  first_model_year,
  last_model_year,
  years_available,
  body_types_available,
  fuel_types_available,
  transmission_available,
  reliability_score,
  popularity_score
)
values (
  'ee392b08-62a0-9da1-2684-b4496fb647b5',
  '58c4915e-8aa4-1bc3-9a8e-e077ffa810a5',
  'lx',
  'LX',
  1996,
  2024,
  '{1996,2000,2005,2010,2015,2020,2024}'::int[],
  '["SUV"]'::jsonb,
  '["Gasoline"]'::jsonb,
  '["Automatic"]'::jsonb,
  8.7,
  7.5
)
on conflict (make_id, slug) do nothing;


insert into public.vehicle_generations (
  id,
  model_id,
  code,
  start_year,
  end_year,
  facelift,
  production_countries,
  body_types,
  fuel_types,
  transmission_types,
  summary
)
values (
  'd77e5654-e31e-4c32-4e95-63304adc6f75',
  'ee392b08-62a0-9da1-2684-b4496fb647b5',
  'Generation I (1996-1997)',
  1996,
  1997,
  false,
  '{"Japan"}'::text[],
  '["SUV"]'::jsonb,
  '["Gasoline"]'::jsonb,
  '["Automatic"]'::jsonb,
  'The first generation LX was based on the Toyota Land Cruiser 80 Series, offering luxury and off-road capability.'
)
on conflict (model_id, code) do nothing;


insert into public.vehicle_generations (
  id,
  model_id,
  code,
  start_year,
  end_year,
  facelift,
  production_countries,
  body_types,
  fuel_types,
  transmission_types,
  summary
)
values (
  '53b2b6a1-6acb-1e1b-5324-f71e5bce2a04',
  'ee392b08-62a0-9da1-2684-b4496fb647b5',
  'Generation II (1998-2007)',
  1998,
  2007,
  true,
  '{"Japan"}'::text[],
  '["SUV"]'::jsonb,
  '["Gasoline"]'::jsonb,
  '["Automatic"]'::jsonb,
  'The second generation LX was based on the Toyota Land Cruiser 100 Series, with improved features and performance.'
)
on conflict (model_id, code) do nothing;


insert into public.vehicle_generations (
  id,
  model_id,
  code,
  start_year,
  end_year,
  facelift,
  production_countries,
  body_types,
  fuel_types,
  transmission_types,
  summary
)
values (
  '5fb77239-511a-a07e-4de8-990e0cfed3dc',
  'ee392b08-62a0-9da1-2684-b4496fb647b5',
  'Generation III (2008-2021)',
  2008,
  2021,
  true,
  '{"Japan"}'::text[],
  '["SUV"]'::jsonb,
  '["Gasoline"]'::jsonb,
  '["Automatic"]'::jsonb,
  'The third generation LX was based on the Toyota Land Cruiser 200 Series, with a more powerful engine and updated styling.'
)
on conflict (model_id, code) do nothing;


insert into public.vehicle_generations (
  id,
  model_id,
  code,
  start_year,
  end_year,
  facelift,
  production_countries,
  body_types,
  fuel_types,
  transmission_types,
  summary
)
values (
  '16a12539-6ac7-2a85-d814-3b5b08c1945a',
  'ee392b08-62a0-9da1-2684-b4496fb647b5',
  'Generation IV (2022-2024)',
  2022,
  2024,
  false,
  '{"Japan"}'::text[],
  '["SUV"]'::jsonb,
  '["Gasoline"]'::jsonb,
  '["Automatic"]'::jsonb,
  'The fourth generation LX is based on the Toyota Land Cruiser 300 Series, offering a more modern design and improved technology.'
)
on conflict (model_id, code) do nothing;


insert into public.vehicle_insights (
  model_id,
  pros,
  cons,
  inspection_tips,
  notable_features,
  engine_examples,
  common_issues_by_engine,
  reliability_score,
  popularity_score
)
values (
  'ee392b08-62a0-9da1-2684-b4496fb647b5',
  '["Off-road capability","Reliable engine","Luxurious interior"]'::jsonb,
  '["Fuel economy","Size can be cumbersome"]'::jsonb,
  '["Check for rust","Inspect suspension components"]'::jsonb,
  '["Full-time 4WD","Crawl Control"]'::jsonb,
  '["4.7L V8","5.7L V8","3.4L V6 Twin-Turbo"]'::jsonb,
  '[{"engine_code":"3UR-FE","common_issues_ru":["Утечка масла","Проблемы с водяной помпой"]},{"engine_code":"V35A-FTS","common_issues_ru":["Проблемы с турбокомпрессором","Утечка масла"]}]'::jsonb,
  null,
  null
)
on conflict (model_id) do nothing;


insert into public.vehicle_models (
  id,
  make_id,
  slug,
  name_en,
  first_model_year,
  last_model_year,
  years_available,
  body_types_available,
  fuel_types_available,
  transmission_available,
  reliability_score,
  popularity_score
)
values (
  'e5808786-1990-0add-84dd-4ab229ee6c67',
  '58c4915e-8aa4-1bc3-9a8e-e077ffa810a5',
  'nx',
  'NX',
  2014,
  2024,
  '{2014,2015,2020,2024}'::int[],
  '["SUV"]'::jsonb,
  '["Gasoline","Hybrid","Plug-in Hybrid"]'::jsonb,
  '["Automatic"]'::jsonb,
  7.6,
  8.3
)
on conflict (make_id, slug) do nothing;


insert into public.vehicle_generations (
  id,
  model_id,
  code,
  start_year,
  end_year,
  facelift,
  production_countries,
  body_types,
  fuel_types,
  transmission_types,
  summary
)
values (
  '195f4dae-46a5-87ad-c0d5-da17bfaac5bc',
  'e5808786-1990-0add-84dd-4ab229ee6c67',
  'Generation I (2014-2021)',
  2014,
  2021,
  true,
  '{"Japan"}'::text[],
  '["SUV"]'::jsonb,
  '["Gasoline","Hybrid"]'::jsonb,
  '["Automatic"]'::jsonb,
  'The first generation NX was a compact luxury SUV, known for its bold styling and fuel efficiency.'
)
on conflict (model_id, code) do nothing;


insert into public.vehicle_generations (
  id,
  model_id,
  code,
  start_year,
  end_year,
  facelift,
  production_countries,
  body_types,
  fuel_types,
  transmission_types,
  summary
)
values (
  'b8b2afbf-ab24-3c37-bbc4-01f94fa74edd',
  'e5808786-1990-0add-84dd-4ab229ee6c67',
  'Generation II (2022-2024)',
  2022,
  2024,
  false,
  '{"Japan"}'::text[],
  '["SUV"]'::jsonb,
  '["Gasoline","Hybrid","Plug-in Hybrid"]'::jsonb,
  '["Automatic"]'::jsonb,
  'The second generation NX features a more modern design, improved technology, and a plug-in hybrid option.'
)
on conflict (model_id, code) do nothing;


insert into public.vehicle_insights (
  model_id,
  pros,
  cons,
  inspection_tips,
  notable_features,
  engine_examples,
  common_issues_by_engine,
  reliability_score,
  popularity_score
)
values (
  'e5808786-1990-0add-84dd-4ab229ee6c67',
  '["Fuel efficiency","Stylish design","Advanced technology"]'::jsonb,
  '["Touchpad infotainment system","Rear seat space"]'::jsonb,
  '["Check for infotainment system issues","Inspect for battery health (Hybrid/PHEV)"]'::jsonb,
  '["Lexus Safety System+","Wireless charging"]'::jsonb,
  '["2.0L I4 Turbo","2.5L I4 Hybrid","2.5L I4 Plug-in Hybrid"]'::jsonb,
  '[{"engine_code":"8AR-FTS","common_issues_ru":["Утечка масла","Проблемы с турбокомпрессором"]},{"engine_code":"A25A-FXS","common_issues_ru":["Проблемы с гибридной системой","Износ тормозных колодок"]},{"engine_code":"A25A-FXS (PHEV)","common_issues_ru":["Проблемы с батареей","Износ тормозных колодок"]}]'::jsonb,
  null,
  null
)
on conflict (model_id) do nothing;


insert into public.vehicle_models (
  id,
  make_id,
  slug,
  name_en,
  first_model_year,
  last_model_year,
  years_available,
  body_types_available,
  fuel_types_available,
  transmission_available,
  reliability_score,
  popularity_score
)
values (
  'a05f729b-ab26-e591-7512-fdfff8adbbdb',
  '58c4915e-8aa4-1bc3-9a8e-e077ffa810a5',
  'rx',
  'RX',
  1998,
  2024,
  '{1998,2000,2005,2010,2015,2020,2024}'::int[],
  '["SUV"]'::jsonb,
  '["Gasoline","Hybrid"]'::jsonb,
  '["Automatic"]'::jsonb,
  8.2,
  9
)
on conflict (make_id, slug) do nothing;


insert into public.vehicle_generations (
  id,
  model_id,
  code,
  start_year,
  end_year,
  facelift,
  production_countries,
  body_types,
  fuel_types,
  transmission_types,
  summary
)
values (
  'ef5ec483-c2ec-7b2c-fc42-3c54140bfa69',
  'a05f729b-ab26-e591-7512-fdfff8adbbdb',
  'Generation I (1998-2003)',
  1998,
  2003,
  true,
  '{"Japan"}'::text[],
  '["SUV"]'::jsonb,
  '["Gasoline"]'::jsonb,
  '["Automatic"]'::jsonb,
  'The first generation RX was a pioneer in the luxury crossover SUV segment, offering a comfortable ride and refined interior.'
)
on conflict (model_id, code) do nothing;


insert into public.vehicle_generations (
  id,
  model_id,
  code,
  start_year,
  end_year,
  facelift,
  production_countries,
  body_types,
  fuel_types,
  transmission_types,
  summary
)
values (
  'c2aaeb46-33f0-e2e5-ce39-5c0fc9e7d8cf',
  'a05f729b-ab26-e591-7512-fdfff8adbbdb',
  'Generation II (2004-2009)',
  2004,
  2009,
  true,
  '{"Japan"}'::text[],
  '["SUV"]'::jsonb,
  '["Gasoline","Hybrid"]'::jsonb,
  '["Automatic"]'::jsonb,
  'The second generation RX introduced a hybrid version and a more modern design.'
)
on conflict (model_id, code) do nothing;


insert into public.vehicle_generations (
  id,
  model_id,
  code,
  start_year,
  end_year,
  facelift,
  production_countries,
  body_types,
  fuel_types,
  transmission_types,
  summary
)
values (
  '19980914-ac17-1f36-e1e8-4881472e767c',
  'a05f729b-ab26-e591-7512-fdfff8adbbdb',
  'Generation III (2010-2015)',
  2010,
  2015,
  true,
  '{"Japan"}'::text[],
  '["SUV"]'::jsonb,
  '["Gasoline","Hybrid"]'::jsonb,
  '["Automatic"]'::jsonb,
  'The third generation RX featured a more aggressive design and improved technology.'
)
on conflict (model_id, code) do nothing;


insert into public.vehicle_generations (
  id,
  model_id,
  code,
  start_year,
  end_year,
  facelift,
  production_countries,
  body_types,
  fuel_types,
  transmission_types,
  summary
)
values (
  '89d095d0-5c49-bfb2-c37d-74287c912432',
  'a05f729b-ab26-e591-7512-fdfff8adbbdb',
  'Generation IV (2016-2022)',
  2016,
  2022,
  true,
  '{"Japan"}'::text[],
  '["SUV"]'::jsonb,
  '["Gasoline","Hybrid"]'::jsonb,
  '["Automatic"]'::jsonb,
  'The fourth generation RX offered a more sculpted design and a wider range of features.'
)
on conflict (model_id, code) do nothing;


insert into public.vehicle_generations (
  id,
  model_id,
  code,
  start_year,
  end_year,
  facelift,
  production_countries,
  body_types,
  fuel_types,
  transmission_types,
  summary
)
values (
  'a7fd6b5d-916d-3934-4f52-0259ef7f702c',
  'a05f729b-ab26-e591-7512-fdfff8adbbdb',
  'Generation V (2023-2024)',
  2023,
  2024,
  false,
  '{"Japan"}'::text[],
  '["SUV"]'::jsonb,
  '["Gasoline","Hybrid"]'::jsonb,
  '["Automatic"]'::jsonb,
  'The fifth generation RX features a more modern design, improved technology, and a hybrid option.'
)
on conflict (model_id, code) do nothing;


insert into public.vehicle_insights (
  model_id,
  pros,
  cons,
  inspection_tips,
  notable_features,
  engine_examples,
  common_issues_by_engine,
  reliability_score,
  popularity_score
)
values (
  'a05f729b-ab26-e591-7512-fdfff8adbbdb',
  '["Comfortable ride","Reliable engine","Luxurious interior"]'::jsonb,
  '["Infotainment system can be clunky","Fuel economy could be better"]'::jsonb,
  '["Check for oil leaks","Inspect suspension components"]'::jsonb,
  '["Mark Levinson sound system","Adaptive cruise control"]'::jsonb,
  '["3.5L V6","2.5L I4 Hybrid"]'::jsonb,
  '[{"engine_code":"2GR-FE","common_issues_ru":["Утечка масла","Проблемы с водяной помпой"]},{"engine_code":"A25A-FXS","common_issues_ru":["Проблемы с гибридной системой","Износ тормозных колодок"]}]'::jsonb,
  null,
  null
)
on conflict (model_id) do nothing;


insert into public.vehicle_makes (id, slug, name_en, country, segment_class, is_active, category_path)
values (
  '693651a7-58f2-1935-fe61-186f91aaf84c',
  'li-auto',
  'Li Auto',
  'Китай',
  null,
  true,
  'transport/legkovye-avtomobili'
)
on conflict (id) do nothing;


insert into public.vehicle_models (
  id,
  make_id,
  slug,
  name_en,
  first_model_year,
  last_model_year,
  years_available,
  body_types_available,
  fuel_types_available,
  transmission_available,
  reliability_score,
  popularity_score
)
values (
  'e0aa0ae3-aae1-67bf-4d47-9d7b7ee47284',
  '693651a7-58f2-1935-fe61-186f91aaf84c',
  'li-mega',
  'Li MEGA',
  2023,
  2024,
  '{2023,2024}'::int[],
  '["MPV"]'::jsonb,
  '["Electric"]'::jsonb,
  '["Automatic (Single-Speed)"]'::jsonb,
  7,
  6.5
)
on conflict (make_id, slug) do nothing;


insert into public.vehicle_generations (
  id,
  model_id,
  code,
  start_year,
  end_year,
  facelift,
  production_countries,
  body_types,
  fuel_types,
  transmission_types,
  summary
)
values (
  '9cc594eb-b028-842c-3353-c0ed2a997dc3',
  'e0aa0ae3-aae1-67bf-4d47-9d7b7ee47284',
  'First Generation (2023-Present)',
  2023,
  2024,
  false,
  '{"China"}'::text[],
  '["MPV"]'::jsonb,
  '["Electric"]'::jsonb,
  '["Automatic (Single-Speed)"]'::jsonb,
  'The Li MEGA is an all-electric MPV designed for families, focusing on spaciousness and advanced technology.'
)
on conflict (model_id, code) do nothing;


insert into public.vehicle_insights (
  model_id,
  pros,
  cons,
  inspection_tips,
  notable_features,
  engine_examples,
  common_issues_by_engine,
  reliability_score,
  popularity_score
)
values (
  'e0aa0ae3-aae1-67bf-4d47-9d7b7ee47284',
  '["Spacious interior","Fast charging","Advanced driver-assistance systems"]'::jsonb,
  '["Polarizing design","High price","Limited availability"]'::jsonb,
  '["Check battery health","Inspect charging port","Test all electronic systems"]'::jsonb,
  '["Large touchscreen infotainment","Advanced driver-assistance systems (ADAS)","Fast charging capability"]'::jsonb,
  '["Electric Motor (Dual Motor)"]'::jsonb,
  '[{"engine_code":"Electric Motor","common_issues_ru":["Проблемы с зарядкой","Неисправности электроники"]}]'::jsonb,
  null,
  null
)
on conflict (model_id) do nothing;


insert into public.vehicle_models (
  id,
  make_id,
  slug,
  name_en,
  first_model_year,
  last_model_year,
  years_available,
  body_types_available,
  fuel_types_available,
  transmission_available,
  reliability_score,
  popularity_score
)
values (
  '9503bcb6-b232-90eb-a6f9-e6428f171150',
  '693651a7-58f2-1935-fe61-186f91aaf84c',
  'li-one',
  'Li ONE',
  2019,
  2022,
  '{2019,2020,2021,2022}'::int[],
  '["SUV"]'::jsonb,
  '["Hybrid (EREV)"]'::jsonb,
  '["Automatic (Single-Speed)"]'::jsonb,
  7.8,
  8.2
)
on conflict (make_id, slug) do nothing;


insert into public.vehicle_generations (
  id,
  model_id,
  code,
  start_year,
  end_year,
  facelift,
  production_countries,
  body_types,
  fuel_types,
  transmission_types,
  summary
)
values (
  '4617211f-fc0b-9e0d-6155-ac495191ad1f',
  '9503bcb6-b232-90eb-a6f9-e6428f171150',
  'First Generation (2019-2022)',
  2019,
  2022,
  true,
  '{"China"}'::text[],
  '["SUV"]'::jsonb,
  '["Hybrid (EREV)"]'::jsonb,
  '["Automatic (Single-Speed)"]'::jsonb,
  'The Li ONE is a range-extended electric SUV, offering a combination of electric driving and a gasoline engine for extended range. It was a popular model in China.'
)
on conflict (model_id, code) do nothing;


insert into public.vehicle_insights (
  model_id,
  pros,
  cons,
  inspection_tips,
  notable_features,
  engine_examples,
  common_issues_by_engine,
  reliability_score,
  popularity_score
)
values (
  '9503bcb6-b232-90eb-a6f9-e6428f171150',
  '["Long electric range","Spacious interior","Good value for money"]'::jsonb,
  '["Gasoline engine noise","Limited availability outside China","Software glitches"]'::jsonb,
  '["Check gasoline engine operation","Test electric motor performance","Inspect battery health"]'::jsonb,
  '["Large touchscreen infotainment","Range-extender gasoline engine","Advanced driver-assistance systems"]'::jsonb,
  '["1.2L I3 (Range Extender) + Electric Motor"]'::jsonb,
  '[{"engine_code":"1.2L I3","common_issues_ru":["Шумная работа двигателя","Проблемы с системой охлаждения"]}]'::jsonb,
  null,
  null
)
on conflict (model_id) do nothing;


insert into public.vehicle_makes (id, slug, name_en, country, segment_class, is_active, category_path)
values (
  'de36656f-3c70-adb9-02d8-839ca16a31c3',
  'lifan',
  'Lifan',
  'Китай',
  null,
  true,
  'transport/legkovye-avtomobili'
)
on conflict (id) do nothing;


insert into public.vehicle_models (
  id,
  make_id,
  slug,
  name_en,
  first_model_year,
  last_model_year,
  years_available,
  body_types_available,
  fuel_types_available,
  transmission_available,
  reliability_score,
  popularity_score
)
values (
  '1d792ce4-1d4f-4ad4-4543-b4a7fd737d3c',
  'de36656f-3c70-adb9-02d8-839ca16a31c3',
  'lifan-520',
  'Lifan 520',
  2007,
  2015,
  '{2007,2008,2009,2010,2011,2012,2013,2014,2015}'::int[],
  '["Sedan","Hatchback"]'::jsonb,
  '["Gasoline"]'::jsonb,
  '["Manual"]'::jsonb,
  6,
  7
)
on conflict (make_id, slug) do nothing;


insert into public.vehicle_generations (
  id,
  model_id,
  code,
  start_year,
  end_year,
  facelift,
  production_countries,
  body_types,
  fuel_types,
  transmission_types,
  summary
)
values (
  'e5323a86-19ec-330f-77c2-49de747c9e58',
  '1d792ce4-1d4f-4ad4-4543-b4a7fd737d3c',
  'Generation I (2007-2015)',
  2007,
  2015,
  true,
  '{"China"}'::text[],
  '["Sedan","Hatchback"]'::jsonb,
  '["Gasoline"]'::jsonb,
  '["Manual"]'::jsonb,
  'The first generation of the Lifan 520, known for its affordability.  Received a facelift in 2010.'
)
on conflict (model_id, code) do nothing;


insert into public.vehicle_insights (
  model_id,
  pros,
  cons,
  inspection_tips,
  notable_features,
  engine_examples,
  common_issues_by_engine,
  reliability_score,
  popularity_score
)
values (
  '1d792ce4-1d4f-4ad4-4543-b4a7fd737d3c',
  '["Affordable price","Simple mechanics"]'::jsonb,
  '["Build quality concerns","Basic interior"]'::jsonb,
  '["Check for rust","Inspect engine for leaks"]'::jsonb,
  '["Available in Sedan and Hatchback body styles"]'::jsonb,
  '["1.3L I4","1.6L I4"]'::jsonb,
  '[{"engine_code":"LF479Q3","common_issues_ru":["Нестабильная работа двигателя","Проблемы с электрикой"]}]'::jsonb,
  null,
  null
)
on conflict (model_id) do nothing;


insert into public.vehicle_models (
  id,
  make_id,
  slug,
  name_en,
  first_model_year,
  last_model_year,
  years_available,
  body_types_available,
  fuel_types_available,
  transmission_available,
  reliability_score,
  popularity_score
)
values (
  'e048ba45-59eb-2ed0-43bf-670417174be7',
  'de36656f-3c70-adb9-02d8-839ca16a31c3',
  'lifan-x60',
  'Lifan X60',
  2012,
  2024,
  '{2012,2013,2014,2015,2016,2017,2018,2019,2020,2021,2022,2023,2024}'::int[],
  '["SUV"]'::jsonb,
  '["Gasoline"]'::jsonb,
  '["Manual","Automatic"]'::jsonb,
  6.5,
  7.5
)
on conflict (make_id, slug) do nothing;


insert into public.vehicle_generations (
  id,
  model_id,
  code,
  start_year,
  end_year,
  facelift,
  production_countries,
  body_types,
  fuel_types,
  transmission_types,
  summary
)
values (
  '024f9c9d-272f-dc63-dc98-d15d3fc4ccfb',
  'e048ba45-59eb-2ed0-43bf-670417174be7',
  'Generation I (2012-2019)',
  2012,
  2019,
  true,
  '{"China","Russia"}'::text[],
  '["SUV"]'::jsonb,
  '["Gasoline"]'::jsonb,
  '["Manual","Automatic"]'::jsonb,
  'The first generation of the X60, a compact SUV. Received a facelift in 2016.'
)
on conflict (model_id, code) do nothing;


insert into public.vehicle_generations (
  id,
  model_id,
  code,
  start_year,
  end_year,
  facelift,
  production_countries,
  body_types,
  fuel_types,
  transmission_types,
  summary
)
values (
  'bf6450c3-6ce6-0ce5-c359-2d959facae90',
  'e048ba45-59eb-2ed0-43bf-670417174be7',
  'Generation II (2019-2024)',
  2019,
  2024,
  false,
  '{"China","Russia"}'::text[],
  '["SUV"]'::jsonb,
  '["Gasoline"]'::jsonb,
  '["Manual","Automatic"]'::jsonb,
  'The second generation of the X60, with updated styling and features.'
)
on conflict (model_id, code) do nothing;


insert into public.vehicle_insights (
  model_id,
  pros,
  cons,
  inspection_tips,
  notable_features,
  engine_examples,
  common_issues_by_engine,
  reliability_score,
  popularity_score
)
values (
  'e048ba45-59eb-2ed0-43bf-670417174be7',
  '["Spacious interior","Relatively affordable"]'::jsonb,
  '["Engine performance","Build quality"]'::jsonb,
  '["Check for rust","Test the air conditioning"]'::jsonb,
  '["Available with automatic transmission","Sunroof (on some trims)"]'::jsonb,
  '["1.8L I4"]'::jsonb,
  '[{"engine_code":"LFB479Q2","common_issues_ru":["Расход масла","Проблемы с системой охлаждения"]}]'::jsonb,
  null,
  null
)
on conflict (model_id) do nothing;


insert into public.vehicle_makes (id, slug, name_en, country, segment_class, is_active, category_path)
values (
  'a23caea2-1f47-d594-fee0-6bb1bac295a0',
  'lotus',
  'Lotus',
  'Великобритания',
  null,
  true,
  'transport/legkovye-avtomobili'
)
on conflict (id) do nothing;


insert into public.vehicle_models (
  id,
  make_id,
  slug,
  name_en,
  first_model_year,
  last_model_year,
  years_available,
  body_types_available,
  fuel_types_available,
  transmission_available,
  reliability_score,
  popularity_score
)
values (
  'e7c126f4-1ba8-d205-7159-4e0b0ec6d586',
  'a23caea2-1f47-d594-fee0-6bb1bac295a0',
  'lotus-eletre',
  'Lotus Eletre',
  2022,
  2024,
  '{2022,2023,2024}'::int[],
  '["SUV"]'::jsonb,
  '["Electric"]'::jsonb,
  '["Automatic"]'::jsonb,
  6.8,
  7.2
)
on conflict (make_id, slug) do nothing;


insert into public.vehicle_generations (
  id,
  model_id,
  code,
  start_year,
  end_year,
  facelift,
  production_countries,
  body_types,
  fuel_types,
  transmission_types,
  summary
)
values (
  '26a03242-8fc9-70d0-e6a7-208af506ea12',
  'e7c126f4-1ba8-d205-7159-4e0b0ec6d586',
  'Generation I (2022-Present)',
  2022,
  2024,
  false,
  '{"China"}'::text[],
  '["SUV"]'::jsonb,
  '["Electric"]'::jsonb,
  '["Automatic"]'::jsonb,
  'The Eletre is Lotus''s first all-electric SUV, marking a significant shift for the brand. It combines Lotus''s performance heritage with modern electric vehicle technology.'
)
on conflict (model_id, code) do nothing;


insert into public.vehicle_insights (
  model_id,
  pros,
  cons,
  inspection_tips,
  notable_features,
  engine_examples,
  common_issues_by_engine,
  reliability_score,
  popularity_score
)
values (
  'e7c126f4-1ba8-d205-7159-4e0b0ec6d586',
  '["High performance","Advanced technology","Distinctive design"]'::jsonb,
  '["High price","Limited charging infrastructure","New model, unproven reliability"]'::jsonb,
  '["Check battery health","Inspect suspension components","Examine infotainment system"]'::jsonb,
  '["All-wheel drive","Active suspension","Advanced driver-assistance systems"]'::jsonb,
  '["Dual electric motors"]'::jsonb,
  '[{"engine_code":"Electric Motors","common_issues_ru":["Проблемы с программным обеспечением","Неисправности зарядного устройства"]}]'::jsonb,
  null,
  null
)
on conflict (model_id) do nothing;


insert into public.vehicle_models (
  id,
  make_id,
  slug,
  name_en,
  first_model_year,
  last_model_year,
  years_available,
  body_types_available,
  fuel_types_available,
  transmission_available,
  reliability_score,
  popularity_score
)
values (
  'b050388a-6e30-8953-b65b-c41ffec0a6b1',
  'a23caea2-1f47-d594-fee0-6bb1bac295a0',
  'lotus-emira',
  'Lotus Emira',
  2021,
  2024,
  '{2021,2022,2023,2024}'::int[],
  '["Coupe"]'::jsonb,
  '["Gasoline"]'::jsonb,
  '["Manual","Automatic"]'::jsonb,
  7,
  7.8
)
on conflict (make_id, slug) do nothing;


insert into public.vehicle_generations (
  id,
  model_id,
  code,
  start_year,
  end_year,
  facelift,
  production_countries,
  body_types,
  fuel_types,
  transmission_types,
  summary
)
values (
  '8e8ce70e-8c60-4416-99c6-4fb53a14eba5',
  'b050388a-6e30-8953-b65b-c41ffec0a6b1',
  'Generation I (2021-Present)',
  2021,
  2024,
  false,
  '{"United Kingdom"}'::text[],
  '["Coupe"]'::jsonb,
  '["Gasoline"]'::jsonb,
  '["Manual","Automatic"]'::jsonb,
  'The Emira is the last gasoline-powered car from Lotus, designed to be a more practical and refined sports car than its predecessors.'
)
on conflict (model_id, code) do nothing;


insert into public.vehicle_insights (
  model_id,
  pros,
  cons,
  inspection_tips,
  notable_features,
  engine_examples,
  common_issues_by_engine,
  reliability_score,
  popularity_score
)
values (
  'b050388a-6e30-8953-b65b-c41ffec0a6b1',
  '["Excellent handling","Stylish design","Powerful engines"]'::jsonb,
  '["Limited cargo space","Infotainment system can be slow","Some reports of build quality issues"]'::jsonb,
  '["Check for oil leaks","Inspect the clutch (manual transmission)","Test all electronic systems"]'::jsonb,
  '["Mid-engine layout","Aerodynamic design","Driver-focused cockpit"]'::jsonb,
  '["2.0L I4 (AMG)","3.5L V6 (Toyota)"]'::jsonb,
  '[{"engine_code":"2.0L I4 (AMG)","common_issues_ru":["Проблемы с турбонаддувом","Неисправности топливной системы"]},{"engine_code":"3.5L V6 (Toyota)","common_issues_ru":["Утечки масла","Проблемы с водяной помпой"]}]'::jsonb,
  null,
  null
)
on conflict (model_id) do nothing;


insert into public.vehicle_makes (id, slug, name_en, country, segment_class, is_active, category_path)
values (
  '585dc165-f03d-3b84-d7de-ffb7de5065b5',
  'maserati',
  'Maserati',
  'Италия',
  null,
  true,
  'transport/legkovye-avtomobili'
)
on conflict (id) do nothing;


insert into public.vehicle_models (
  id,
  make_id,
  slug,
  name_en,
  first_model_year,
  last_model_year,
  years_available,
  body_types_available,
  fuel_types_available,
  transmission_available,
  reliability_score,
  popularity_score
)
values (
  '72bc94bf-6eac-0276-f314-6dd63f78f9f2',
  '585dc165-f03d-3b84-d7de-ffb7de5065b5',
  'ghibli',
  'Ghibli',
  2013,
  2024,
  '{2013,2014,2015,2016,2017,2018,2019,2020,2021,2022,2023,2024}'::int[],
  '["Sedan"]'::jsonb,
  '["Gasoline","Diesel"]'::jsonb,
  '["Automatic"]'::jsonb,
  6.5,
  7.8
)
on conflict (make_id, slug) do nothing;


insert into public.vehicle_generations (
  id,
  model_id,
  code,
  start_year,
  end_year,
  facelift,
  production_countries,
  body_types,
  fuel_types,
  transmission_types,
  summary
)
values (
  '797f6684-723c-05ec-53f8-b3fcc67fdf54',
  '72bc94bf-6eac-0276-f314-6dd63f78f9f2',
  'Sixth Generation (2013-Present)',
  2013,
  2024,
  true,
  '{"Italy"}'::text[],
  '["Sedan"]'::jsonb,
  '["Gasoline","Diesel"]'::jsonb,
  '["Automatic"]'::jsonb,
  'The Ghibli is a luxury sports sedan. It introduced a diesel engine option for Maserati and offered a more accessible entry point to the brand.'
)
on conflict (model_id, code) do nothing;


insert into public.vehicle_insights (
  model_id,
  pros,
  cons,
  inspection_tips,
  notable_features,
  engine_examples,
  common_issues_by_engine,
  reliability_score,
  popularity_score
)
values (
  '72bc94bf-6eac-0276-f314-6dd63f78f9f2',
  '["Stylish design","Powerful engines","Luxurious interior"]'::jsonb,
  '["Reliability concerns","High maintenance costs","Infotainment system issues"]'::jsonb,
  '["Check for electrical issues","Inspect the suspension","Listen for transmission noises"]'::jsonb,
  '["Ferrari-built engines","Adaptive suspension","Advanced driver-assistance systems"]'::jsonb,
  '["3.0L V6 (Gasoline)","3.0L V6 (Diesel)"]'::jsonb,
  '[{"engine_code":"F160","common_issues_ru":["Проблемы с турбонаддувом","Утечки масла","Неисправности электроники"]}]'::jsonb,
  null,
  null
)
on conflict (model_id) do nothing;


insert into public.vehicle_models (
  id,
  make_id,
  slug,
  name_en,
  first_model_year,
  last_model_year,
  years_available,
  body_types_available,
  fuel_types_available,
  transmission_available,
  reliability_score,
  popularity_score
)
values (
  '96c6af15-bb5d-2bad-f42b-1c1347156cb3',
  '585dc165-f03d-3b84-d7de-ffb7de5065b5',
  'granturismo',
  'GranTurismo',
  2007,
  2024,
  '{2007,2008,2009,2010,2011,2012,2013,2014,2015,2016,2017,2018,2019,2020,2021,2022,2023,2024}'::int[],
  '["Coupe","Convertible"]'::jsonb,
  '["Gasoline"]'::jsonb,
  '["Automatic"]'::jsonb,
  6,
  7.5
)
on conflict (make_id, slug) do nothing;


insert into public.vehicle_generations (
  id,
  model_id,
  code,
  start_year,
  end_year,
  facelift,
  production_countries,
  body_types,
  fuel_types,
  transmission_types,
  summary
)
values (
  'ba4ecfe2-f934-4030-2652-feb2d1d53e8f',
  '96c6af15-bb5d-2bad-f42b-1c1347156cb3',
  'First Generation (2007-2019)',
  2007,
  2019,
  true,
  '{"Italy"}'::text[],
  '["Coupe","Convertible"]'::jsonb,
  '["Gasoline"]'::jsonb,
  '["Automatic"]'::jsonb,
  'The GranTurismo is a grand tourer known for its elegant design and powerful engine. It offered both coupe and convertible body styles.'
)
on conflict (model_id, code) do nothing;


insert into public.vehicle_generations (
  id,
  model_id,
  code,
  start_year,
  end_year,
  facelift,
  production_countries,
  body_types,
  fuel_types,
  transmission_types,
  summary
)
values (
  '8ea8c26e-83a5-22be-503e-dd3b6ec07818',
  '96c6af15-bb5d-2bad-f42b-1c1347156cb3',
  'Second Generation (2023-Present)',
  2023,
  2024,
  false,
  '{"Italy"}'::text[],
  '["Coupe","Convertible"]'::jsonb,
  '["Gasoline","Electric"]'::jsonb,
  '["Automatic"]'::jsonb,
  'The second generation GranTurismo features a new design and offers both gasoline and electric powertrains.'
)
on conflict (model_id, code) do nothing;


insert into public.vehicle_insights (
  model_id,
  pros,
  cons,
  inspection_tips,
  notable_features,
  engine_examples,
  common_issues_by_engine,
  reliability_score,
  popularity_score
)
values (
  '96c6af15-bb5d-2bad-f42b-1c1347156cb3',
  '["Beautiful design","Powerful engine","Exhaust note"]'::jsonb,
  '["High running costs","Dated infotainment","Fuel consumption"]'::jsonb,
  '["Check for suspension issues","Inspect the engine for leaks","Test the electrical systems"]'::jsonb,
  '["Ferrari-derived engine","Adaptive suspension","Luxurious interior"]'::jsonb,
  '["4.2L V8","4.7L V8"]'::jsonb,
  '[{"engine_code":"F136","common_issues_ru":["Износ цепи ГРМ","Утечки масла","Проблемы с датчиками"]}]'::jsonb,
  null,
  null
)
on conflict (model_id) do nothing;


insert into public.vehicle_models (
  id,
  make_id,
  slug,
  name_en,
  first_model_year,
  last_model_year,
  years_available,
  body_types_available,
  fuel_types_available,
  transmission_available,
  reliability_score,
  popularity_score
)
values (
  'e1c17ddd-08ec-6cff-6875-f3802b4df99c',
  '585dc165-f03d-3b84-d7de-ffb7de5065b5',
  'levante',
  'Levante',
  2016,
  2024,
  '{2016,2017,2018,2019,2020,2021,2022,2023,2024}'::int[],
  '["SUV"]'::jsonb,
  '["Gasoline","Diesel"]'::jsonb,
  '["Automatic"]'::jsonb,
  6.8,
  8.2
)
on conflict (make_id, slug) do nothing;


insert into public.vehicle_generations (
  id,
  model_id,
  code,
  start_year,
  end_year,
  facelift,
  production_countries,
  body_types,
  fuel_types,
  transmission_types,
  summary
)
values (
  'eac6a763-38bb-81d4-df3c-fb2b4fdd39af',
  'e1c17ddd-08ec-6cff-6875-f3802b4df99c',
  'First Generation (2016-Present)',
  2016,
  2024,
  true,
  '{"Italy"}'::text[],
  '["SUV"]'::jsonb,
  '["Gasoline","Diesel"]'::jsonb,
  '["Automatic"]'::jsonb,
  'The Levante is Maserati''s first SUV, combining luxury and performance with a sporty design.'
)
on conflict (model_id, code) do nothing;


insert into public.vehicle_insights (
  model_id,
  pros,
  cons,
  inspection_tips,
  notable_features,
  engine_examples,
  common_issues_by_engine,
  reliability_score,
  popularity_score
)
values (
  'e1c17ddd-08ec-6cff-6875-f3802b4df99c',
  '["Stylish design","Powerful engines","Luxurious interior","Good handling for an SUV"]'::jsonb,
  '["Reliability concerns","High maintenance costs","Infotainment system issues"]'::jsonb,
  '["Check for suspension issues","Inspect the engine for leaks","Test the electrical systems"]'::jsonb,
  '["Ferrari-built engines","Adaptive air suspension","All-wheel drive"]'::jsonb,
  '["3.0L V6 (Gasoline)","3.8L V8 (Gasoline)","3.0L V6 (Diesel)"]'::jsonb,
  '[{"engine_code":"F160","common_issues_ru":["Проблемы с турбонаддувом","Утечки масла","Неисправности электроники"]}]'::jsonb,
  null,
  null
)
on conflict (model_id) do nothing;


insert into public.vehicle_models (
  id,
  make_id,
  slug,
  name_en,
  first_model_year,
  last_model_year,
  years_available,
  body_types_available,
  fuel_types_available,
  transmission_available,
  reliability_score,
  popularity_score
)
values (
  '4ec639cd-cf22-26b6-bd64-4e6832f64bdf',
  '585dc165-f03d-3b84-d7de-ffb7de5065b5',
  'mc20',
  'MC20',
  2020,
  2024,
  '{2020,2021,2022,2023,2024}'::int[],
  '["Coupe","Convertible"]'::jsonb,
  '["Gasoline"]'::jsonb,
  '["Automatic"]'::jsonb,
  7,
  8.5
)
on conflict (make_id, slug) do nothing;


insert into public.vehicle_generations (
  id,
  model_id,
  code,
  start_year,
  end_year,
  facelift,
  production_countries,
  body_types,
  fuel_types,
  transmission_types,
  summary
)
values (
  'b10cbb50-3548-6f82-a771-1556d910431f',
  '4ec639cd-cf22-26b6-bd64-4e6832f64bdf',
  'First Generation (2020-Present)',
  2020,
  2024,
  false,
  '{"Italy"}'::text[],
  '["Coupe","Convertible"]'::jsonb,
  '["Gasoline"]'::jsonb,
  '["Automatic"]'::jsonb,
  'The MC20 is a mid-engine sports car that marks Maserati''s return to the supercar segment. It features a new in-house developed engine.'
)
on conflict (model_id, code) do nothing;


insert into public.vehicle_insights (
  model_id,
  pros,
  cons,
  inspection_tips,
  notable_features,
  engine_examples,
  common_issues_by_engine,
  reliability_score,
  popularity_score
)
values (
  '4ec639cd-cf22-26b6-bd64-4e6832f64bdf',
  '["Stunning design","Powerful engine","Excellent performance","Advanced technology"]'::jsonb,
  '["Limited cargo space","High price","Potential for high maintenance costs"]'::jsonb,
  '["Check for any body panel gaps","Inspect the engine for leaks","Test the electronic systems"]'::jsonb,
  '["In-house developed Nettuno engine","Carbon fiber monocoque","Butterfly doors"]'::jsonb,
  '["3.0L V6 (Gasoline)"]'::jsonb,
  '[{"engine_code":"Nettuno","common_issues_ru":["Проблемы с топливной системой","Неисправности свечей зажигания","Возможные утечки масла"]}]'::jsonb,
  null,
  null
)
on conflict (model_id) do nothing;


insert into public.vehicle_models (
  id,
  make_id,
  slug,
  name_en,
  first_model_year,
  last_model_year,
  years_available,
  body_types_available,
  fuel_types_available,
  transmission_available,
  reliability_score,
  popularity_score
)
values (
  'b5baf312-7716-6089-c9b1-dd9231def229',
  '585dc165-f03d-3b84-d7de-ffb7de5065b5',
  'quattroporte',
  'Quattroporte',
  1963,
  2024,
  '{1963,1964,1965,1966,1967,1968,1969,1974,1975,1976,1977,1978,1979,1980,1981,1982,1994,1995,1996,1997,1998,1999,2000,2001,2002,2003,2004,2005,2006,2007,2008,2009,2010,2011,2012,2013,2014,2015,2016,2017,2018,2019,2020,2021,2022,2023,2024}'::int[],
  '["Sedan"]'::jsonb,
  '["Gasoline"]'::jsonb,
  '["Automatic"]'::jsonb,
  6.2,
  7
)
on conflict (make_id, slug) do nothing;


insert into public.vehicle_generations (
  id,
  model_id,
  code,
  start_year,
  end_year,
  facelift,
  production_countries,
  body_types,
  fuel_types,
  transmission_types,
  summary
)
values (
  'ff2d34bf-9128-ecdf-7363-0f8f177a8873',
  'b5baf312-7716-6089-c9b1-dd9231def229',
  'First Generation (1963-1970)',
  1963,
  1970,
  false,
  '{"Italy"}'::text[],
  '["Sedan"]'::jsonb,
  '["Gasoline"]'::jsonb,
  '["Manual","Automatic"]'::jsonb,
  'The original Quattroporte was a luxury sedan with a powerful V8 engine, designed to compete with high-end European cars.'
)
on conflict (model_id, code) do nothing;


insert into public.vehicle_generations (
  id,
  model_id,
  code,
  start_year,
  end_year,
  facelift,
  production_countries,
  body_types,
  fuel_types,
  transmission_types,
  summary
)
values (
  '935df97e-cbe9-3434-d04b-5d59caa8386c',
  'b5baf312-7716-6089-c9b1-dd9231def229',
  'Second Generation (1974-1978)',
  1974,
  1978,
  false,
  '{"Italy"}'::text[],
  '["Sedan"]'::jsonb,
  '["Gasoline"]'::jsonb,
  '["Manual","Automatic"]'::jsonb,
  'The second generation Quattroporte was based on the Citroën SM platform.'
)
on conflict (model_id, code) do nothing;


insert into public.vehicle_generations (
  id,
  model_id,
  code,
  start_year,
  end_year,
  facelift,
  production_countries,
  body_types,
  fuel_types,
  transmission_types,
  summary
)
values (
  '0d378ed3-8541-fc16-c3d4-18ec92d3b8eb',
  'b5baf312-7716-6089-c9b1-dd9231def229',
  'Third Generation (1979-1990)',
  1979,
  1990,
  true,
  '{"Italy"}'::text[],
  '["Sedan"]'::jsonb,
  '["Gasoline"]'::jsonb,
  '["Manual","Automatic"]'::jsonb,
  'The third generation Quattroporte was a more luxurious and refined sedan.'
)
on conflict (model_id, code) do nothing;


insert into public.vehicle_generations (
  id,
  model_id,
  code,
  start_year,
  end_year,
  facelift,
  production_countries,
  body_types,
  fuel_types,
  transmission_types,
  summary
)
values (
  '039a52f3-8a0f-4c13-c2ed-8e8805f35f65',
  'b5baf312-7716-6089-c9b1-dd9231def229',
  'Fourth Generation (1994-2001)',
  1994,
  2001,
  true,
  '{"Italy"}'::text[],
  '["Sedan"]'::jsonb,
  '["Gasoline"]'::jsonb,
  '["Manual","Automatic"]'::jsonb,
  'The fourth generation Quattroporte was a more compact sedan.'
)
on conflict (model_id, code) do nothing;


insert into public.vehicle_generations (
  id,
  model_id,
  code,
  start_year,
  end_year,
  facelift,
  production_countries,
  body_types,
  fuel_types,
  transmission_types,
  summary
)
values (
  'f4dbb695-0a6e-94cf-6307-b59c6d2dc8ea',
  'b5baf312-7716-6089-c9b1-dd9231def229',
  'Fifth Generation (2003-2012)',
  2003,
  2012,
  true,
  '{"Italy"}'::text[],
  '["Sedan"]'::jsonb,
  '["Gasoline"]'::jsonb,
  '["Automatic"]'::jsonb,
  'The fifth generation Quattroporte marked a return to a more luxurious and powerful sedan.'
)
on conflict (model_id, code) do nothing;


insert into public.vehicle_generations (
  id,
  model_id,
  code,
  start_year,
  end_year,
  facelift,
  production_countries,
  body_types,
  fuel_types,
  transmission_types,
  summary
)
values (
  'e9e338d3-1540-6d68-2701-60039227595f',
  'b5baf312-7716-6089-c9b1-dd9231def229',
  'Sixth Generation (2013-Present)',
  2013,
  2024,
  true,
  '{"Italy"}'::text[],
  '["Sedan"]'::jsonb,
  '["Gasoline"]'::jsonb,
  '["Automatic"]'::jsonb,
  'The sixth generation Quattroporte features a more modern design and advanced technology.'
)
on conflict (model_id, code) do nothing;


insert into public.vehicle_insights (
  model_id,
  pros,
  cons,
  inspection_tips,
  notable_features,
  engine_examples,
  common_issues_by_engine,
  reliability_score,
  popularity_score
)
values (
  'b5baf312-7716-6089-c9b1-dd9231def229',
  '["Luxurious interior","Powerful engines","Distinctive styling"]'::jsonb,
  '["High running costs","Reliability concerns","Depreciation"]'::jsonb,
  '["Check for electrical issues","Inspect the suspension","Test the transmission"]'::jsonb,
  '["Ferrari-derived engines","Luxurious interior appointments","Advanced driver-assistance systems"]'::jsonb,
  '["4.2L V8","4.7L V8","3.0L V6 (Gasoline)","3.8L V8 (Gasoline)"]'::jsonb,
  '[{"engine_code":"F136","common_issues_ru":["Износ цепи ГРМ","Утечки масла","Проблемы с датчиками"]},{"engine_code":"F160","common_issues_ru":["Проблемы с турбонаддувом","Утечки масла","Неисправности электроники"]}]'::jsonb,
  null,
  null
)
on conflict (model_id) do nothing;


insert into public.vehicle_makes (id, slug, name_en, country, segment_class, is_active, category_path)
values (
  'a9b5da27-6138-52c9-17d3-75932dfc9aea',
  'maybach',
  'Maybach',
  'Германия',
  null,
  true,
  'transport/legkovye-avtomobili'
)
on conflict (id) do nothing;


insert into public.vehicle_models (
  id,
  make_id,
  slug,
  name_en,
  first_model_year,
  last_model_year,
  years_available,
  body_types_available,
  fuel_types_available,
  transmission_available,
  reliability_score,
  popularity_score
)
values (
  'b3f7c634-e7b1-9f05-c02c-c94af33b3e59',
  'a9b5da27-6138-52c9-17d3-75932dfc9aea',
  'maybach-s580',
  'Maybach S 580',
  2021,
  2024,
  '{2021,2022,2023,2024}'::int[],
  '["Sedan"]'::jsonb,
  '["Gasoline"]'::jsonb,
  '["Automatic"]'::jsonb,
  7.8,
  8.5
)
on conflict (make_id, slug) do nothing;


insert into public.vehicle_generations (
  id,
  model_id,
  code,
  start_year,
  end_year,
  facelift,
  production_countries,
  body_types,
  fuel_types,
  transmission_types,
  summary
)
values (
  'de323e81-4e72-6a6a-0d74-e92f339a73aa',
  'b3f7c634-e7b1-9f05-c02c-c94af33b3e59',
  'Z223 (2021-Present)',
  2021,
  2024,
  false,
  '{"Germany"}'::text[],
  '["Sedan"]'::jsonb,
  '["Gasoline"]'::jsonb,
  '["Automatic"]'::jsonb,
  'The current generation of the Maybach S 580, known for its luxurious features and powerful engine.'
)
on conflict (model_id, code) do nothing;


insert into public.vehicle_insights (
  model_id,
  pros,
  cons,
  inspection_tips,
  notable_features,
  engine_examples,
  common_issues_by_engine,
  reliability_score,
  popularity_score
)
values (
  'b3f7c634-e7b1-9f05-c02c-c94af33b3e59',
  '["Luxurious interior","Powerful engine","Advanced technology"]'::jsonb,
  '["High price","Expensive maintenance","Large size"]'::jsonb,
  '["Check for electrical issues","Inspect air suspension","Examine interior for wear and tear"]'::jsonb,
  '["Executive Rear Seat Package","Burmester 3D Surround Sound System","MBUX infotainment system"]'::jsonb,
  '["4.0L V8"]'::jsonb,
  '[{"engine_code":"M176","common_issues_ru":["Проблемы с турбокомпрессором","Утечки масла","Неисправности пневмоподвески"]}]'::jsonb,
  null,
  null
)
on conflict (model_id) do nothing;


insert into public.vehicle_makes (id, slug, name_en, country, segment_class, is_active, category_path)
values (
  'dcaf3241-2de5-e588-5087-bfcb0df7f680',
  'mazda',
  'Mazda',
  'Япония',
  null,
  true,
  'transport/legkovye-avtomobili'
)
on conflict (id) do nothing;


insert into public.vehicle_models (
  id,
  make_id,
  slug,
  name_en,
  first_model_year,
  last_model_year,
  years_available,
  body_types_available,
  fuel_types_available,
  transmission_available,
  reliability_score,
  popularity_score
)
values (
  'd99f2822-b24e-09bd-a788-6b69857cfc5b',
  'dcaf3241-2de5-e588-5087-bfcb0df7f680',
  'cx-3',
  'Mazda CX-3',
  2015,
  2024,
  '{2015,2016,2017,2018,2019,2020,2021,2022,2023,2024}'::int[],
  '["SUV"]'::jsonb,
  '["Gasoline"]'::jsonb,
  '["Manual","Automatic"]'::jsonb,
  8,
  7.5
)
on conflict (make_id, slug) do nothing;


insert into public.vehicle_generations (
  id,
  model_id,
  code,
  start_year,
  end_year,
  facelift,
  production_countries,
  body_types,
  fuel_types,
  transmission_types,
  summary
)
values (
  '2980555e-b465-af48-053e-8550d615cdb9',
  'd99f2822-b24e-09bd-a788-6b69857cfc5b',
  'First Generation (2015-Present)',
  2015,
  2024,
  true,
  '{"Japan","Mexico"}'::text[],
  '["SUV"]'::jsonb,
  '["Gasoline"]'::jsonb,
  '["Manual","Automatic"]'::jsonb,
  'The Mazda CX-3 is a subcompact crossover SUV known for its stylish design, fuel efficiency, and engaging driving dynamics. It offers a comfortable interior and a range of safety features.'
)
on conflict (model_id, code) do nothing;


insert into public.vehicle_insights (
  model_id,
  pros,
  cons,
  inspection_tips,
  notable_features,
  engine_examples,
  common_issues_by_engine,
  reliability_score,
  popularity_score
)
values (
  'd99f2822-b24e-09bd-a788-6b69857cfc5b',
  '["Stylish design","Fuel efficiency","Good handling"]'::jsonb,
  '["Limited rear passenger space","Small cargo area"]'::jsonb,
  '["Check for rust in undercarriage","Inspect brakes"]'::jsonb,
  '["i-ACTIVSENSE safety suite","Available all-wheel drive"]'::jsonb,
  '["2.0L I4"]'::jsonb,
  '[{"engine_code":"PE-VPS","common_issues_ru":["Ранний износ тормозных колодок","Проблемы с датчиком коленвала"]}]'::jsonb,
  null,
  null
)
on conflict (model_id) do nothing;


insert into public.vehicle_models (
  id,
  make_id,
  slug,
  name_en,
  first_model_year,
  last_model_year,
  years_available,
  body_types_available,
  fuel_types_available,
  transmission_available,
  reliability_score,
  popularity_score
)
values (
  'f954de3e-16fa-9f93-fc26-5a94bbe8d1be',
  'dcaf3241-2de5-e588-5087-bfcb0df7f680',
  'cx-30',
  'Mazda CX-30',
  2019,
  2024,
  '{2019,2020,2021,2022,2023,2024}'::int[],
  '["SUV"]'::jsonb,
  '["Gasoline"]'::jsonb,
  '["Automatic"]'::jsonb,
  8.5,
  8.2
)
on conflict (make_id, slug) do nothing;


insert into public.vehicle_generations (
  id,
  model_id,
  code,
  start_year,
  end_year,
  facelift,
  production_countries,
  body_types,
  fuel_types,
  transmission_types,
  summary
)
values (
  'e87e2818-05d9-e03c-b354-a37ef2c0aa3d',
  'f954de3e-16fa-9f93-fc26-5a94bbe8d1be',
  'First Generation (2019-Present)',
  2019,
  2024,
  false,
  '{"Japan","Mexico"}'::text[],
  '["SUV"]'::jsonb,
  '["Gasoline"]'::jsonb,
  '["Automatic"]'::jsonb,
  'The Mazda CX-30 is a compact crossover SUV that slots between the CX-3 and CX-5. It offers a premium interior, a refined driving experience, and a range of advanced safety technologies.'
)
on conflict (model_id, code) do nothing;


insert into public.vehicle_insights (
  model_id,
  pros,
  cons,
  inspection_tips,
  notable_features,
  engine_examples,
  common_issues_by_engine,
  reliability_score,
  popularity_score
)
values (
  'f954de3e-16fa-9f93-fc26-5a94bbe8d1be',
  '["Stylish design","Premium interior","Good handling"]'::jsonb,
  '["Limited rear visibility","Infotainment system can be slow"]'::jsonb,
  '["Check for paint imperfections","Inspect infotainment system"]'::jsonb,
  '["i-ACTIVSENSE safety suite","Available all-wheel drive","Turbocharged engine option"]'::jsonb,
  '["2.5L I4","2.5L Turbo I4"]'::jsonb,
  '[{"engine_code":"PY-VPS","common_issues_ru":["Проблемы с системой i-Stop","Неисправности датчиков парковки"]}]'::jsonb,
  null,
  null
)
on conflict (model_id) do nothing;


insert into public.vehicle_models (
  id,
  make_id,
  slug,
  name_en,
  first_model_year,
  last_model_year,
  years_available,
  body_types_available,
  fuel_types_available,
  transmission_available,
  reliability_score,
  popularity_score
)
values (
  'a5426a07-8687-61cc-1555-1f88c79f077a',
  'dcaf3241-2de5-e588-5087-bfcb0df7f680',
  'cx-5',
  'Mazda CX-5',
  2013,
  2024,
  '{2013,2014,2015,2016,2017,2018,2019,2020,2021,2022,2023,2024}'::int[],
  '["SUV"]'::jsonb,
  '["Gasoline","Diesel"]'::jsonb,
  '["Manual","Automatic"]'::jsonb,
  8.8,
  8.7
)
on conflict (make_id, slug) do nothing;


insert into public.vehicle_generations (
  id,
  model_id,
  code,
  start_year,
  end_year,
  facelift,
  production_countries,
  body_types,
  fuel_types,
  transmission_types,
  summary
)
values (
  '167b1602-605b-336c-d285-65f6c2a072b7',
  'a5426a07-8687-61cc-1555-1f88c79f077a',
  'First Generation (2013-2016)',
  2013,
  2016,
  true,
  '{"Japan","Mexico"}'::text[],
  '["SUV"]'::jsonb,
  '["Gasoline","Diesel"]'::jsonb,
  '["Manual","Automatic"]'::jsonb,
  'The first generation CX-5 introduced Mazda''s Skyactiv technology, offering improved fuel efficiency and driving dynamics.'
)
on conflict (model_id, code) do nothing;


insert into public.vehicle_generations (
  id,
  model_id,
  code,
  start_year,
  end_year,
  facelift,
  production_countries,
  body_types,
  fuel_types,
  transmission_types,
  summary
)
values (
  'b84b96c4-499a-55d0-ee9a-561d02856103',
  'a5426a07-8687-61cc-1555-1f88c79f077a',
  'Second Generation (2017-Present)',
  2017,
  2024,
  true,
  '{"Japan","Mexico"}'::text[],
  '["SUV"]'::jsonb,
  '["Gasoline"]'::jsonb,
  '["Automatic"]'::jsonb,
  'The second generation CX-5 features a more refined interior, updated styling, and enhanced safety features.'
)
on conflict (model_id, code) do nothing;


insert into public.vehicle_insights (
  model_id,
  pros,
  cons,
  inspection_tips,
  notable_features,
  engine_examples,
  common_issues_by_engine,
  reliability_score,
  popularity_score
)
values (
  'a5426a07-8687-61cc-1555-1f88c79f077a',
  '["Stylish design","Good handling","Fuel efficiency"]'::jsonb,
  '["Road noise can be noticeable","Infotainment system can be slow"]'::jsonb,
  '["Check for oil leaks","Inspect suspension components"]'::jsonb,
  '["i-ACTIVSENSE safety suite","Available all-wheel drive"]'::jsonb,
  '["2.0L I4","2.5L I4","2.2L Diesel I4"]'::jsonb,
  '[{"engine_code":"PE-VPS","common_issues_ru":["Растяжение цепи ГРМ","Проблемы с системой охлаждения"]}]'::jsonb,
  null,
  null
)
on conflict (model_id) do nothing;


insert into public.vehicle_models (
  id,
  make_id,
  slug,
  name_en,
  first_model_year,
  last_model_year,
  years_available,
  body_types_available,
  fuel_types_available,
  transmission_available,
  reliability_score,
  popularity_score
)
values (
  '3ea418c4-9083-6306-8b7b-8d5e3f594de6',
  'dcaf3241-2de5-e588-5087-bfcb0df7f680',
  'cx-9',
  'Mazda CX-9',
  2006,
  2024,
  '{2006,2007,2008,2009,2010,2011,2012,2013,2014,2015,2016,2017,2018,2019,2020,2021,2022,2023,2024}'::int[],
  '["SUV"]'::jsonb,
  '["Gasoline"]'::jsonb,
  '["Automatic"]'::jsonb,
  7.8,
  8.1
)
on conflict (make_id, slug) do nothing;


insert into public.vehicle_generations (
  id,
  model_id,
  code,
  start_year,
  end_year,
  facelift,
  production_countries,
  body_types,
  fuel_types,
  transmission_types,
  summary
)
values (
  '71e79fe4-84c7-585f-d103-de52f328a3bd',
  '3ea418c4-9083-6306-8b7b-8d5e3f594de6',
  'First Generation (2007-2015)',
  2007,
  2015,
  true,
  '{"Japan"}'::text[],
  '["SUV"]'::jsonb,
  '["Gasoline"]'::jsonb,
  '["Automatic"]'::jsonb,
  'The first generation CX-9 was a mid-size SUV offering seating for up to seven passengers.'
)
on conflict (model_id, code) do nothing;


insert into public.vehicle_generations (
  id,
  model_id,
  code,
  start_year,
  end_year,
  facelift,
  production_countries,
  body_types,
  fuel_types,
  transmission_types,
  summary
)
values (
  'fd695f6c-2f73-f172-8227-d1eac2fd9307',
  '3ea418c4-9083-6306-8b7b-8d5e3f594de6',
  'Second Generation (2016-Present)',
  2016,
  2024,
  true,
  '{"Japan"}'::text[],
  '["SUV"]'::jsonb,
  '["Gasoline"]'::jsonb,
  '["Automatic"]'::jsonb,
  'The second generation CX-9 features a turbocharged engine, a more luxurious interior, and advanced safety features.'
)
on conflict (model_id, code) do nothing;


insert into public.vehicle_insights (
  model_id,
  pros,
  cons,
  inspection_tips,
  notable_features,
  engine_examples,
  common_issues_by_engine,
  reliability_score,
  popularity_score
)
values (
  '3ea418c4-9083-6306-8b7b-8d5e3f594de6',
  '["Spacious interior","Stylish design","Good handling for its size"]'::jsonb,
  '["Fuel economy could be better","Infotainment system can be slow"]'::jsonb,
  '["Check for oil leaks","Inspect suspension components"]'::jsonb,
  '["i-ACTIVSENSE safety suite","Available all-wheel drive","Turbocharged engine"]'::jsonb,
  '["3.7L V6","2.5L Turbo I4"]'::jsonb,
  '[{"engine_code":"L3-VDT","common_issues_ru":["Проблемы с турбокомпрессором","Утечки масла"]}]'::jsonb,
  null,
  null
)
on conflict (model_id) do nothing;


insert into public.vehicle_models (
  id,
  make_id,
  slug,
  name_en,
  first_model_year,
  last_model_year,
  years_available,
  body_types_available,
  fuel_types_available,
  transmission_available,
  reliability_score,
  popularity_score
)
values (
  'db3587bc-3bb3-5764-d45a-3d2f59e70dee',
  'dcaf3241-2de5-e588-5087-bfcb0df7f680',
  'mazda2',
  'Mazda2',
  2002,
  2024,
  '{2002,2005,2007,2010,2014,2015,2016,2017,2018,2019,2020,2021,2022,2023,2024}'::int[],
  '["Hatchback","Sedan"]'::jsonb,
  '["Gasoline","Diesel"]'::jsonb,
  '["Manual","Automatic"]'::jsonb,
  8.3,
  7
)
on conflict (make_id, slug) do nothing;


insert into public.vehicle_generations (
  id,
  model_id,
  code,
  start_year,
  end_year,
  facelift,
  production_countries,
  body_types,
  fuel_types,
  transmission_types,
  summary
)
values (
  '51a0aa46-beb0-6e17-97eb-4fba27dabc62',
  'db3587bc-3bb3-5764-d45a-3d2f59e70dee',
  'First Generation (2003-2007)',
  2003,
  2007,
  true,
  '{"Japan","Germany"}'::text[],
  '["Hatchback"]'::jsonb,
  '["Gasoline","Diesel"]'::jsonb,
  '["Manual","Automatic"]'::jsonb,
  'The first generation Mazda2 was a subcompact hatchback known for its fuel efficiency and nimble handling.'
)
on conflict (model_id, code) do nothing;


insert into public.vehicle_generations (
  id,
  model_id,
  code,
  start_year,
  end_year,
  facelift,
  production_countries,
  body_types,
  fuel_types,
  transmission_types,
  summary
)
values (
  '900d934b-dc29-a44e-37d4-cdf733a0505f',
  'db3587bc-3bb3-5764-d45a-3d2f59e70dee',
  'Second Generation (2007-2014)',
  2007,
  2014,
  true,
  '{"Japan","Mexico"}'::text[],
  '["Hatchback"]'::jsonb,
  '["Gasoline","Diesel"]'::jsonb,
  '["Manual","Automatic"]'::jsonb,
  'The second generation Mazda2 continued to offer excellent fuel economy and a fun-to-drive experience.'
)
on conflict (model_id, code) do nothing;


insert into public.vehicle_generations (
  id,
  model_id,
  code,
  start_year,
  end_year,
  facelift,
  production_countries,
  body_types,
  fuel_types,
  transmission_types,
  summary
)
values (
  'eb1b3e01-4b17-7e7f-f46a-f3d0f0917ba7',
  'db3587bc-3bb3-5764-d45a-3d2f59e70dee',
  'Third Generation (2014-Present)',
  2014,
  2024,
  true,
  '{"Japan","Mexico"}'::text[],
  '["Hatchback","Sedan"]'::jsonb,
  '["Gasoline"]'::jsonb,
  '["Manual","Automatic"]'::jsonb,
  'The third generation Mazda2 features a more modern design, improved fuel efficiency, and a range of advanced safety features.'
)
on conflict (model_id, code) do nothing;


insert into public.vehicle_insights (
  model_id,
  pros,
  cons,
  inspection_tips,
  notable_features,
  engine_examples,
  common_issues_by_engine,
  reliability_score,
  popularity_score
)
values (
  'db3587bc-3bb3-5764-d45a-3d2f59e70dee',
  '["Fuel efficiency","Nimble handling","Affordable price"]'::jsonb,
  '["Small cargo area","Limited rear passenger space"]'::jsonb,
  '["Check for rust","Inspect brakes"]'::jsonb,
  '["i-ACTIVSENSE safety suite","Available automatic transmission"]'::jsonb,
  '["1.5L I4"]'::jsonb,
  '[{"engine_code":"P5-VPS","common_issues_ru":["Износ тормозных колодок","Проблемы с катализатором"]}]'::jsonb,
  null,
  null
)
on conflict (model_id) do nothing;


insert into public.vehicle_models (
  id,
  make_id,
  slug,
  name_en,
  first_model_year,
  last_model_year,
  years_available,
  body_types_available,
  fuel_types_available,
  transmission_available,
  reliability_score,
  popularity_score
)
values (
  '0946fdf3-72d3-9afd-3319-b9310fd0c221',
  'dcaf3241-2de5-e588-5087-bfcb0df7f680',
  'mazda3',
  'Mazda3',
  2003,
  2024,
  '{2003,2005,2007,2010,2012,2014,2016,2018,2020,2022,2024}'::int[],
  '["Sedan","Hatchback"]'::jsonb,
  '["Gasoline","Diesel"]'::jsonb,
  '["Manual","Automatic"]'::jsonb,
  8.6,
  8.5
)
on conflict (make_id, slug) do nothing;


insert into public.vehicle_generations (
  id,
  model_id,
  code,
  start_year,
  end_year,
  facelift,
  production_countries,
  body_types,
  fuel_types,
  transmission_types,
  summary
)
values (
  '7d7cb12e-3a37-6997-1213-ab0f62abdd1a',
  '0946fdf3-72d3-9afd-3319-b9310fd0c221',
  'First Generation (2004-2009)',
  2004,
  2009,
  true,
  '{"Japan","Mexico"}'::text[],
  '["Sedan","Hatchback"]'::jsonb,
  '["Gasoline","Diesel"]'::jsonb,
  '["Manual","Automatic"]'::jsonb,
  'The first generation Mazda3 replaced the Mazda Familia/323 and quickly became a popular choice for its sporty handling and stylish design.'
)
on conflict (model_id, code) do nothing;


insert into public.vehicle_generations (
  id,
  model_id,
  code,
  start_year,
  end_year,
  facelift,
  production_countries,
  body_types,
  fuel_types,
  transmission_types,
  summary
)
values (
  '7cdffe4e-c4f3-b1f8-e43a-6582b2c553dc',
  '0946fdf3-72d3-9afd-3319-b9310fd0c221',
  'Second Generation (2009-2013)',
  2009,
  2013,
  true,
  '{"Japan","Mexico"}'::text[],
  '["Sedan","Hatchback"]'::jsonb,
  '["Gasoline","Diesel"]'::jsonb,
  '["Manual","Automatic"]'::jsonb,
  'The second generation Mazda3 offered improved fuel efficiency and a more refined interior.'
)
on conflict (model_id, code) do nothing;


insert into public.vehicle_generations (
  id,
  model_id,
  code,
  start_year,
  end_year,
  facelift,
  production_countries,
  body_types,
  fuel_types,
  transmission_types,
  summary
)
values (
  '2773de3d-9616-a506-1787-6f3a19c28796',
  '0946fdf3-72d3-9afd-3319-b9310fd0c221',
  'Third Generation (2014-2018)',
  2014,
  2018,
  true,
  '{"Japan","Mexico"}'::text[],
  '["Sedan","Hatchback"]'::jsonb,
  '["Gasoline","Diesel"]'::jsonb,
  '["Manual","Automatic"]'::jsonb,
  'The third generation Mazda3 introduced Mazda''s Skyactiv technology, offering improved fuel efficiency and driving dynamics.'
)
on conflict (model_id, code) do nothing;


insert into public.vehicle_generations (
  id,
  model_id,
  code,
  start_year,
  end_year,
  facelift,
  production_countries,
  body_types,
  fuel_types,
  transmission_types,
  summary
)
values (
  '10e29d56-affc-8fad-dbf3-15e42d433dcb',
  '0946fdf3-72d3-9afd-3319-b9310fd0c221',
  'Fourth Generation (2019-Present)',
  2019,
  2024,
  false,
  '{"Japan","Mexico"}'::text[],
  '["Sedan","Hatchback"]'::jsonb,
  '["Gasoline"]'::jsonb,
  '["Manual","Automatic"]'::jsonb,
  'The fourth generation Mazda3 features a more premium interior, a refined driving experience, and a range of advanced safety technologies.'
)
on conflict (model_id, code) do nothing;


insert into public.vehicle_insights (
  model_id,
  pros,
  cons,
  inspection_tips,
  notable_features,
  engine_examples,
  common_issues_by_engine,
  reliability_score,
  popularity_score
)
values (
  '0946fdf3-72d3-9afd-3319-b9310fd0c221',
  '["Stylish design","Good handling","Fuel efficiency"]'::jsonb,
  '["Road noise can be noticeable","Infotainment system can be slow"]'::jsonb,
  '["Check for rust","Inspect brakes"]'::jsonb,
  '["i-ACTIVSENSE safety suite","Available all-wheel drive"]'::jsonb,
  '["2.0L I4","2.5L I4","2.2L Diesel I4"]'::jsonb,
  '[{"engine_code":"PE-VPS","common_issues_ru":["Растяжение цепи ГРМ","Проблемы с системой охлаждения"]}]'::jsonb,
  null,
  null
)
on conflict (model_id) do nothing;


insert into public.vehicle_models (
  id,
  make_id,
  slug,
  name_en,
  first_model_year,
  last_model_year,
  years_available,
  body_types_available,
  fuel_types_available,
  transmission_available,
  reliability_score,
  popularity_score
)
values (
  'd67d1d89-55bb-b02a-b2d5-0a59b42b7fef',
  'dcaf3241-2de5-e588-5087-bfcb0df7f680',
  'mazda6',
  'Mazda6',
  2002,
  2024,
  '{2002,2005,2007,2010,2012,2014,2016,2018,2020,2022,2024}'::int[],
  '["Sedan","Wagon"]'::jsonb,
  '["Gasoline","Diesel"]'::jsonb,
  '["Manual","Automatic"]'::jsonb,
  8.4,
  8.3
)
on conflict (make_id, slug) do nothing;


insert into public.vehicle_generations (
  id,
  model_id,
  code,
  start_year,
  end_year,
  facelift,
  production_countries,
  body_types,
  fuel_types,
  transmission_types,
  summary
)
values (
  '00976221-9248-3579-e36e-47dc3a3cee65',
  'd67d1d89-55bb-b02a-b2d5-0a59b42b7fef',
  'First Generation (2003-2007)',
  2003,
  2007,
  true,
  '{"Japan","USA"}'::text[],
  '["Sedan","Wagon"]'::jsonb,
  '["Gasoline","Diesel"]'::jsonb,
  '["Manual","Automatic"]'::jsonb,
  'The first generation Mazda6 was a mid-size sedan and wagon known for its sporty handling and stylish design.'
)
on conflict (model_id, code) do nothing;


insert into public.vehicle_generations (
  id,
  model_id,
  code,
  start_year,
  end_year,
  facelift,
  production_countries,
  body_types,
  fuel_types,
  transmission_types,
  summary
)
values (
  '32fce9ea-5072-58f1-c192-ef68e2ad392f',
  'd67d1d89-55bb-b02a-b2d5-0a59b42b7fef',
  'Second Generation (2008-2013)',
  2008,
  2013,
  true,
  '{"Japan","USA"}'::text[],
  '["Sedan","Wagon"]'::jsonb,
  '["Gasoline","Diesel"]'::jsonb,
  '["Manual","Automatic"]'::jsonb,
  'The second generation Mazda6 offered improved fuel efficiency and a more refined interior.'
)
on conflict (model_id, code) do nothing;


insert into public.vehicle_generations (
  id,
  model_id,
  code,
  start_year,
  end_year,
  facelift,
  production_countries,
  body_types,
  fuel_types,
  transmission_types,
  summary
)
values (
  'd2691c15-fc0b-acb3-ac40-cb21018ddec4',
  'd67d1d89-55bb-b02a-b2d5-0a59b42b7fef',
  'Third Generation (2014-2022)',
  2014,
  2022,
  true,
  '{"Japan"}'::text[],
  '["Sedan","Wagon"]'::jsonb,
  '["Gasoline","Diesel"]'::jsonb,
  '["Manual","Automatic"]'::jsonb,
  'The third generation Mazda6 introduced Mazda''s Skyactiv technology, offering improved fuel efficiency and driving dynamics.'
)
on conflict (model_id, code) do nothing;


insert into public.vehicle_insights (
  model_id,
  pros,
  cons,
  inspection_tips,
  notable_features,
  engine_examples,
  common_issues_by_engine,
  reliability_score,
  popularity_score
)
values (
  'd67d1d89-55bb-b02a-b2d5-0a59b42b7fef',
  '["Stylish design","Good handling","Fuel efficiency"]'::jsonb,
  '["Road noise can be noticeable","Infotainment system can be slow"]'::jsonb,
  '["Check for rust","Inspect brakes"]'::jsonb,
  '["i-ACTIVSENSE safety suite","Available turbocharged engine"]'::jsonb,
  '["2.5L I4","2.5L Turbo I4","2.2L Diesel I4"]'::jsonb,
  '[{"engine_code":"PY-VPS","common_issues_ru":["Проблемы с системой i-Stop","Неисправности датчиков парковки"]}]'::jsonb,
  null,
  null
)
on conflict (model_id) do nothing;


insert into public.vehicle_models (
  id,
  make_id,
  slug,
  name_en,
  first_model_year,
  last_model_year,
  years_available,
  body_types_available,
  fuel_types_available,
  transmission_available,
  reliability_score,
  popularity_score
)
values (
  '0b7ff531-bb33-3e04-c337-c9faaf83cb56',
  'dcaf3241-2de5-e588-5087-bfcb0df7f680',
  'mx-5-miata',
  'Mazda MX-5 (Miata)',
  1989,
  2024,
  '{1989,1995,2000,2005,2010,2015,2020,2024}'::int[],
  '["Convertible"]'::jsonb,
  '["Gasoline"]'::jsonb,
  '["Manual","Automatic"]'::jsonb,
  9,
  8.9
)
on conflict (make_id, slug) do nothing;


insert into public.vehicle_generations (
  id,
  model_id,
  code,
  start_year,
  end_year,
  facelift,
  production_countries,
  body_types,
  fuel_types,
  transmission_types,
  summary
)
values (
  '8c9c4523-27a5-b831-307e-03cadc236fc2',
  '0b7ff531-bb33-3e04-c337-c9faaf83cb56',
  'First Generation (NA, 1989-1997)',
  1989,
  1997,
  true,
  '{"Japan"}'::text[],
  '["Convertible"]'::jsonb,
  '["Gasoline"]'::jsonb,
  '["Manual","Automatic"]'::jsonb,
  'The first generation MX-5 Miata, known for its pop-up headlights and lightweight design, revitalized the roadster market.'
)
on conflict (model_id, code) do nothing;


insert into public.vehicle_generations (
  id,
  model_id,
  code,
  start_year,
  end_year,
  facelift,
  production_countries,
  body_types,
  fuel_types,
  transmission_types,
  summary
)
values (
  '382b72b3-9474-7398-f125-f1d9315392f8',
  '0b7ff531-bb33-3e04-c337-c9faaf83cb56',
  'Second Generation (NB, 1998-2005)',
  1998,
  2005,
  true,
  '{"Japan"}'::text[],
  '["Convertible"]'::jsonb,
  '["Gasoline"]'::jsonb,
  '["Manual","Automatic"]'::jsonb,
  'The second generation MX-5 Miata featured a more modern design and improved performance.'
)
on conflict (model_id, code) do nothing;


insert into public.vehicle_generations (
  id,
  model_id,
  code,
  start_year,
  end_year,
  facelift,
  production_countries,
  body_types,
  fuel_types,
  transmission_types,
  summary
)
values (
  '82e9f3b1-681b-80a6-e09f-f8e35fc349bd',
  '0b7ff531-bb33-3e04-c337-c9faaf83cb56',
  'Third Generation (NC, 2006-2015)',
  2006,
  2015,
  true,
  '{"Japan"}'::text[],
  '["Convertible"]'::jsonb,
  '["Gasoline"]'::jsonb,
  '["Manual","Automatic"]'::jsonb,
  'The third generation MX-5 Miata offered a larger body and a more powerful engine.'
)
on conflict (model_id, code) do nothing;


insert into public.vehicle_generations (
  id,
  model_id,
  code,
  start_year,
  end_year,
  facelift,
  production_countries,
  body_types,
  fuel_types,
  transmission_types,
  summary
)
values (
  'e67632e3-1fe4-dccd-3719-8088ac98f84d',
  '0b7ff531-bb33-3e04-c337-c9faaf83cb56',
  'Fourth Generation (ND, 2016-Present)',
  2016,
  2024,
  true,
  '{"Japan"}'::text[],
  '["Convertible"]'::jsonb,
  '["Gasoline"]'::jsonb,
  '["Manual","Automatic"]'::jsonb,
  'The fourth generation MX-5 Miata, known as the ND, returned to a lighter weight and a more engaging driving experience.'
)
on conflict (model_id, code) do nothing;


insert into public.vehicle_insights (
  model_id,
  pros,
  cons,
  inspection_tips,
  notable_features,
  engine_examples,
  common_issues_by_engine,
  reliability_score,
  popularity_score
)
values (
  '0b7ff531-bb33-3e04-c337-c9faaf83cb56',
  '["Fun to drive","Reliable","Good fuel economy"]'::jsonb,
  '["Limited cargo space","Small interior"]'::jsonb,
  '["Check for rust","Inspect soft top"]'::jsonb,
  '["Lightweight design","Rear-wheel drive"]'::jsonb,
  '["1.6L I4","1.8L I4","2.0L I4"]'::jsonb,
  '[{"engine_code":"BP-ZE","common_issues_ru":["Утечка масла","Износ прокладки клапанной крышки"]}]'::jsonb,
  null,
  null
)
on conflict (model_id) do nothing;


insert into public.vehicle_makes (id, slug, name_en, country, segment_class, is_active, category_path)
values (
  '50c45289-aa27-823b-d273-91ea982bfab2',
  'mclaren',
  'McLaren',
  'Великобритания',
  null,
  true,
  'transport/legkovye-avtomobili'
)
on conflict (id) do nothing;


insert into public.vehicle_models (
  id,
  make_id,
  slug,
  name_en,
  first_model_year,
  last_model_year,
  years_available,
  body_types_available,
  fuel_types_available,
  transmission_available,
  reliability_score,
  popularity_score
)
values (
  '66ab118e-ba54-f705-f42b-83b4f41d0c8c',
  '50c45289-aa27-823b-d273-91ea982bfab2',
  'mclaren-570s',
  'McLaren 570S',
  2015,
  2021,
  '{2015,2016,2017,2018,2019,2020,2021}'::int[],
  '["Coupe","Spider"]'::jsonb,
  '["Gasoline"]'::jsonb,
  '["Automatic"]'::jsonb,
  6.8,
  7.5
)
on conflict (make_id, slug) do nothing;


insert into public.vehicle_generations (
  id,
  model_id,
  code,
  start_year,
  end_year,
  facelift,
  production_countries,
  body_types,
  fuel_types,
  transmission_types,
  summary
)
values (
  '3db6b01d-7d4f-a589-306f-5a90a53ab5fb',
  '66ab118e-ba54-f705-f42b-83b4f41d0c8c',
  'First Generation (2015-2021)',
  2015,
  2021,
  true,
  '{"United Kingdom"}'::text[],
  '["Coupe","Spider"]'::jsonb,
  '["Gasoline"]'::jsonb,
  '["Automatic"]'::jsonb,
  'The 570S marked McLaren''s entry into the ''Sports Series'', offering a more accessible and practical supercar experience. It featured a carbon fiber chassis and a powerful twin-turbo V8 engine.'
)
on conflict (model_id, code) do nothing;


insert into public.vehicle_insights (
  model_id,
  pros,
  cons,
  inspection_tips,
  notable_features,
  engine_examples,
  common_issues_by_engine,
  reliability_score,
  popularity_score
)
values (
  '66ab118e-ba54-f705-f42b-83b4f41d0c8c',
  '["Exceptional handling","Stunning design","Powerful engine"]'::jsonb,
  '["High running costs","Limited storage space","Infotainment system can be slow"]'::jsonb,
  '["Check for carbon fiber damage","Inspect the suspension","Verify the service history"]'::jsonb,
  '["Carbon fiber MonoCell chassis","Twin-turbo V8 engine","Proactive Chassis Control"]'::jsonb,
  '["3.8L Twin-Turbo V8"]'::jsonb,
  '[{"engine_code":"M838T","common_issues_ru":["Проблемы с турбонаддувом","Утечки масла","Неисправности электроники"]}]'::jsonb,
  null,
  null
)
on conflict (model_id) do nothing;


insert into public.vehicle_models (
  id,
  make_id,
  slug,
  name_en,
  first_model_year,
  last_model_year,
  years_available,
  body_types_available,
  fuel_types_available,
  transmission_available,
  reliability_score,
  popularity_score
)
values (
  '6e862c1f-b513-c180-ef4b-6c81afdb1144',
  '50c45289-aa27-823b-d273-91ea982bfab2',
  'mclaren-gt',
  'McLaren GT',
  2019,
  2024,
  '{2019,2020,2021,2022,2023,2024}'::int[],
  '["Coupe"]'::jsonb,
  '["Gasoline"]'::jsonb,
  '["Automatic"]'::jsonb,
  7,
  7.8
)
on conflict (make_id, slug) do nothing;


insert into public.vehicle_generations (
  id,
  model_id,
  code,
  start_year,
  end_year,
  facelift,
  production_countries,
  body_types,
  fuel_types,
  transmission_types,
  summary
)
values (
  'f9385677-d5ae-5e97-b15f-80e9f5269e8c',
  '6e862c1f-b513-c180-ef4b-6c81afdb1144',
  'First Generation (2019-Present)',
  2019,
  2024,
  false,
  '{"United Kingdom"}'::text[],
  '["Coupe"]'::jsonb,
  '["Gasoline"]'::jsonb,
  '["Automatic"]'::jsonb,
  'The McLaren GT is designed as a grand tourer, offering a balance of performance and comfort. It features a spacious luggage compartment and a refined interior compared to other McLaren models.'
)
on conflict (model_id, code) do nothing;


insert into public.vehicle_insights (
  model_id,
  pros,
  cons,
  inspection_tips,
  notable_features,
  engine_examples,
  common_issues_by_engine,
  reliability_score,
  popularity_score
)
values (
  '6e862c1f-b513-c180-ef4b-6c81afdb1144',
  '["Comfortable ride","Practical storage space","Powerful engine"]'::jsonb,
  '["Expensive","Infotainment system can be improved","Limited rear visibility"]'::jsonb,
  '["Check for paint imperfections","Inspect the interior for wear and tear","Verify the functionality of all electronic systems"]'::jsonb,
  '["Carbon fiber MonoCell II-T chassis","Twin-turbo V8 engine","Electro-hydraulic steering"]'::jsonb,
  '["4.0L Twin-Turbo V8"]'::jsonb,
  '[{"engine_code":"M840T","common_issues_ru":["Проблемы с электрикой","Неисправности топливной системы","Износ тормозных дисков"]}]'::jsonb,
  null,
  null
)
on conflict (model_id) do nothing;


insert into public.vehicle_makes (id, slug, name_en, country, segment_class, is_active, category_path)
values (
  '598f082a-2b15-24d4-2bb6-374bd223679f',
  'mercedes-benz',
  'Mercedes-Benz',
  'Германия',
  null,
  true,
  'transport/legkovye-avtomobili'
)
on conflict (id) do nothing;


insert into public.vehicle_models (
  id,
  make_id,
  slug,
  name_en,
  first_model_year,
  last_model_year,
  years_available,
  body_types_available,
  fuel_types_available,
  transmission_available,
  reliability_score,
  popularity_score
)
values (
  '52ba25ce-a6fd-22e2-73f4-9711ff6972a3',
  '598f082a-2b15-24d4-2bb6-374bd223679f',
  'a-class',
  'A-Class',
  1997,
  2024,
  '{1997,2000,2005,2010,2015,2018,2020,2024}'::int[],
  '["Hatchback","Sedan"]'::jsonb,
  '["Gasoline","Diesel","Electric (EQ)"]'::jsonb,
  '["Manual","Automatic","Dual-Clutch"]'::jsonb,
  7,
  7.8
)
on conflict (make_id, slug) do nothing;


insert into public.vehicle_generations (
  id,
  model_id,
  code,
  start_year,
  end_year,
  facelift,
  production_countries,
  body_types,
  fuel_types,
  transmission_types,
  summary
)
values (
  '12d40889-5d1e-ad15-e017-82be95821cbd',
  '52ba25ce-a6fd-22e2-73f4-9711ff6972a3',
  'W168 (1997-2004)',
  1997,
  2004,
  true,
  '{"Germany"}'::text[],
  '["Hatchback"]'::jsonb,
  '["Gasoline","Diesel"]'::jsonb,
  '["Manual","Automatic"]'::jsonb,
  'First generation A-Class, known for its compact size and innovative sandwich floor design.'
)
on conflict (model_id, code) do nothing;


insert into public.vehicle_generations (
  id,
  model_id,
  code,
  start_year,
  end_year,
  facelift,
  production_countries,
  body_types,
  fuel_types,
  transmission_types,
  summary
)
values (
  'eeecd69a-9ff8-0ba2-13b1-e8059e184979',
  '52ba25ce-a6fd-22e2-73f4-9711ff6972a3',
  'W169 (2004-2012)',
  2004,
  2012,
  true,
  '{"Germany"}'::text[],
  '["Hatchback"]'::jsonb,
  '["Gasoline","Diesel"]'::jsonb,
  '["Manual","Automatic"]'::jsonb,
  'Second generation, improved on the first with better handling and more space.'
)
on conflict (model_id, code) do nothing;


insert into public.vehicle_generations (
  id,
  model_id,
  code,
  start_year,
  end_year,
  facelift,
  production_countries,
  body_types,
  fuel_types,
  transmission_types,
  summary
)
values (
  '9e16f509-52d4-7778-8e90-5fd151a3d435',
  '52ba25ce-a6fd-22e2-73f4-9711ff6972a3',
  'W176 (2012-2018)',
  2012,
  2018,
  true,
  '{"Germany","Finland"}'::text[],
  '["Hatchback"]'::jsonb,
  '["Gasoline","Diesel"]'::jsonb,
  '["Manual","Automatic","Dual-Clutch"]'::jsonb,
  'Third generation, a more sporty and stylish design, moving away from the minivan-like appearance.'
)
on conflict (model_id, code) do nothing;


insert into public.vehicle_generations (
  id,
  model_id,
  code,
  start_year,
  end_year,
  facelift,
  production_countries,
  body_types,
  fuel_types,
  transmission_types,
  summary
)
values (
  '95e90f48-1d75-e19e-2512-d1358b003140',
  '52ba25ce-a6fd-22e2-73f4-9711ff6972a3',
  'W177 (2018-Present)',
  2018,
  2024,
  true,
  '{"Germany","Finland","Mexico","China"}'::text[],
  '["Hatchback","Sedan"]'::jsonb,
  '["Gasoline","Diesel","Plug-in Hybrid"]'::jsonb,
  '["Automatic","Dual-Clutch"]'::jsonb,
  'Current generation, featuring a modern interior and advanced technology.'
)
on conflict (model_id, code) do nothing;


insert into public.vehicle_insights (
  model_id,
  pros,
  cons,
  inspection_tips,
  notable_features,
  engine_examples,
  common_issues_by_engine,
  reliability_score,
  popularity_score
)
values (
  '52ba25ce-a6fd-22e2-73f4-9711ff6972a3',
  '["Fuel efficiency","Compact size","Modern technology"]'::jsonb,
  '["Ride quality can be firm","Rear passenger space limited in some models"]'::jsonb,
  '["Check for electrical issues","Inspect suspension components"]'::jsonb,
  '["MBUX infotainment system","Active safety features"]'::jsonb,
  '["1.3L I4","2.0L I4","1.5L Diesel"]'::jsonb,
  '[{"engine_code":"M260","common_issues_ru":["Утечка масла","Проблемы с турбокомпрессором"]}]'::jsonb,
  null,
  null
)
on conflict (model_id) do nothing;


insert into public.vehicle_models (
  id,
  make_id,
  slug,
  name_en,
  first_model_year,
  last_model_year,
  years_available,
  body_types_available,
  fuel_types_available,
  transmission_available,
  reliability_score,
  popularity_score
)
values (
  '9671f2b0-e6c3-cf8d-7ff9-2835fbab9217',
  '598f082a-2b15-24d4-2bb6-374bd223679f',
  'b-class',
  'B-Class',
  2005,
  2024,
  '{2005,2010,2015,2019,2020,2024}'::int[],
  '["Hatchback (MPV)"]'::jsonb,
  '["Gasoline","Diesel","Electric (EQ)"]'::jsonb,
  '["Manual","Automatic","Dual-Clutch"]'::jsonb,
  7.2,
  6.5
)
on conflict (make_id, slug) do nothing;


insert into public.vehicle_generations (
  id,
  model_id,
  code,
  start_year,
  end_year,
  facelift,
  production_countries,
  body_types,
  fuel_types,
  transmission_types,
  summary
)
values (
  '3774bd12-9025-55de-8233-687419f29564',
  '9671f2b0-e6c3-cf8d-7ff9-2835fbab9217',
  'W245 (2005-2011)',
  2005,
  2011,
  true,
  '{"Germany"}'::text[],
  '["Hatchback (MPV)"]'::jsonb,
  '["Gasoline","Diesel"]'::jsonb,
  '["Manual","Automatic"]'::jsonb,
  'First generation B-Class, a compact MPV offering practicality and space.'
)
on conflict (model_id, code) do nothing;


insert into public.vehicle_generations (
  id,
  model_id,
  code,
  start_year,
  end_year,
  facelift,
  production_countries,
  body_types,
  fuel_types,
  transmission_types,
  summary
)
values (
  'c83e58ea-075a-2dd7-e4a8-544a77f1cb41',
  '9671f2b0-e6c3-cf8d-7ff9-2835fbab9217',
  'W246 (2011-2018)',
  2011,
  2018,
  true,
  '{"Germany"}'::text[],
  '["Hatchback (MPV)"]'::jsonb,
  '["Gasoline","Diesel","Electric"]'::jsonb,
  '["Manual","Automatic","Dual-Clutch"]'::jsonb,
  'Second generation, improved design and technology.'
)
on conflict (model_id, code) do nothing;


insert into public.vehicle_generations (
  id,
  model_id,
  code,
  start_year,
  end_year,
  facelift,
  production_countries,
  body_types,
  fuel_types,
  transmission_types,
  summary
)
values (
  '93106523-58e7-eeb2-a378-5baa76aa02ff',
  '9671f2b0-e6c3-cf8d-7ff9-2835fbab9217',
  'W247 (2018-Present)',
  2018,
  2024,
  true,
  '{"Germany"}'::text[],
  '["Hatchback (MPV)"]'::jsonb,
  '["Gasoline","Diesel","Plug-in Hybrid"]'::jsonb,
  '["Automatic","Dual-Clutch"]'::jsonb,
  'Current generation, featuring a modern interior and advanced driver-assistance systems.'
)
on conflict (model_id, code) do nothing;


insert into public.vehicle_insights (
  model_id,
  pros,
  cons,
  inspection_tips,
  notable_features,
  engine_examples,
  common_issues_by_engine,
  reliability_score,
  popularity_score
)
values (
  '9671f2b0-e6c3-cf8d-7ff9-2835fbab9217',
  '["Spacious interior","Good fuel economy","Comfortable ride"]'::jsonb,
  '["Not as sporty as other Mercedes models","Some interior materials feel cheap"]'::jsonb,
  '["Check for water leaks","Inspect the air conditioning system"]'::jsonb,
  '["Panoramic sunroof","Active parking assist"]'::jsonb,
  '["1.6L I4","2.0L I4","1.5L Diesel"]'::jsonb,
  '[{"engine_code":"M270","common_issues_ru":["Проблемы с цепью ГРМ","Утечка масла"]}]'::jsonb,
  null,
  null
)
on conflict (model_id) do nothing;


insert into public.vehicle_models (
  id,
  make_id,
  slug,
  name_en,
  first_model_year,
  last_model_year,
  years_available,
  body_types_available,
  fuel_types_available,
  transmission_available,
  reliability_score,
  popularity_score
)
values (
  '2be090a6-82d7-84aa-5778-a1140d2f913f',
  '598f082a-2b15-24d4-2bb6-374bd223679f',
  'c-class',
  'C-Class',
  1993,
  2024,
  '{1993,1995,2000,2005,2010,2014,2018,2020,2024}'::int[],
  '["Sedan","Coupe","Wagon","Convertible"]'::jsonb,
  '["Gasoline","Diesel","Hybrid","Plug-in Hybrid"]'::jsonb,
  '["Manual","Automatic"]'::jsonb,
  7.8,
  8.5
)
on conflict (make_id, slug) do nothing;


insert into public.vehicle_generations (
  id,
  model_id,
  code,
  start_year,
  end_year,
  facelift,
  production_countries,
  body_types,
  fuel_types,
  transmission_types,
  summary
)
values (
  '461794af-f26d-7d03-192e-9e6309b6783f',
  '2be090a6-82d7-84aa-5778-a1140d2f913f',
  'W202 (1993-2000)',
  1993,
  2000,
  true,
  '{"Germany"}'::text[],
  '["Sedan","Wagon"]'::jsonb,
  '["Gasoline","Diesel"]'::jsonb,
  '["Manual","Automatic"]'::jsonb,
  'First generation C-Class, a compact executive car.'
)
on conflict (model_id, code) do nothing;


insert into public.vehicle_generations (
  id,
  model_id,
  code,
  start_year,
  end_year,
  facelift,
  production_countries,
  body_types,
  fuel_types,
  transmission_types,
  summary
)
values (
  '51499f5a-0a9f-e55f-2cc3-62b7afd15852',
  '2be090a6-82d7-84aa-5778-a1140d2f913f',
  'W203 (2000-2007)',
  2000,
  2007,
  true,
  '{"Germany"}'::text[],
  '["Sedan","Coupe","Wagon"]'::jsonb,
  '["Gasoline","Diesel"]'::jsonb,
  '["Manual","Automatic"]'::jsonb,
  'Second generation, with improved styling and features.'
)
on conflict (model_id, code) do nothing;


insert into public.vehicle_generations (
  id,
  model_id,
  code,
  start_year,
  end_year,
  facelift,
  production_countries,
  body_types,
  fuel_types,
  transmission_types,
  summary
)
values (
  '74e3e58e-27e5-86b5-07d1-089f266fc62a',
  '2be090a6-82d7-84aa-5778-a1140d2f913f',
  'W204 (2007-2014)',
  2007,
  2014,
  true,
  '{"Germany"}'::text[],
  '["Sedan","Coupe","Wagon"]'::jsonb,
  '["Gasoline","Diesel"]'::jsonb,
  '["Manual","Automatic"]'::jsonb,
  'Third generation, known for its sporty design and handling.'
)
on conflict (model_id, code) do nothing;


insert into public.vehicle_generations (
  id,
  model_id,
  code,
  start_year,
  end_year,
  facelift,
  production_countries,
  body_types,
  fuel_types,
  transmission_types,
  summary
)
values (
  'd5b17db5-4175-769a-9507-ce08f50207ab',
  '2be090a6-82d7-84aa-5778-a1140d2f913f',
  'W205 (2014-2021)',
  2014,
  2021,
  true,
  '{"Germany","South Africa","USA"}'::text[],
  '["Sedan","Coupe","Wagon","Convertible"]'::jsonb,
  '["Gasoline","Diesel","Hybrid","Plug-in Hybrid"]'::jsonb,
  '["Automatic"]'::jsonb,
  'Fourth generation, with a more luxurious interior and advanced technology.'
)
on conflict (model_id, code) do nothing;


insert into public.vehicle_generations (
  id,
  model_id,
  code,
  start_year,
  end_year,
  facelift,
  production_countries,
  body_types,
  fuel_types,
  transmission_types,
  summary
)
values (
  'c6280368-45c5-8434-431a-e4245914ab48',
  '2be090a6-82d7-84aa-5778-a1140d2f913f',
  'W206 (2021-Present)',
  2021,
  2024,
  false,
  '{"Germany","South Africa","China"}'::text[],
  '["Sedan","Wagon"]'::jsonb,
  '["Gasoline","Diesel","Plug-in Hybrid"]'::jsonb,
  '["Automatic"]'::jsonb,
  'Current generation, featuring a modern design and advanced technology.'
)
on conflict (model_id, code) do nothing;


insert into public.vehicle_insights (
  model_id,
  pros,
  cons,
  inspection_tips,
  notable_features,
  engine_examples,
  common_issues_by_engine,
  reliability_score,
  popularity_score
)
values (
  '2be090a6-82d7-84aa-5778-a1140d2f913f',
  '["Luxurious interior","Comfortable ride","Wide range of engine options"]'::jsonb,
  '["Maintenance can be expensive","Some models have infotainment system issues"]'::jsonb,
  '["Check for rust","Inspect the suspension","Test the electrical systems"]'::jsonb,
  '["Burmester sound system","Driver-assistance systems"]'::jsonb,
  '["1.5L I4","2.0L I4","3.0L V6","2.1L Diesel"]'::jsonb,
  '[{"engine_code":"M274","common_issues_ru":["Утечка масла","Проблемы с цепью ГРМ"]}]'::jsonb,
  null,
  null
)
on conflict (model_id) do nothing;


insert into public.vehicle_models (
  id,
  make_id,
  slug,
  name_en,
  first_model_year,
  last_model_year,
  years_available,
  body_types_available,
  fuel_types_available,
  transmission_available,
  reliability_score,
  popularity_score
)
values (
  'bec2a632-040a-264b-e191-f3746c1ce30b',
  '598f082a-2b15-24d4-2bb6-374bd223679f',
  'cla',
  'CLA',
  2013,
  2024,
  '{2013,2015,2018,2020,2024}'::int[],
  '["Sedan","Shooting Brake"]'::jsonb,
  '["Gasoline","Diesel","Plug-in Hybrid"]'::jsonb,
  '["Automatic","Dual-Clutch"]'::jsonb,
  7.1,
  7.9
)
on conflict (make_id, slug) do nothing;


insert into public.vehicle_generations (
  id,
  model_id,
  code,
  start_year,
  end_year,
  facelift,
  production_countries,
  body_types,
  fuel_types,
  transmission_types,
  summary
)
values (
  'c2b1e455-d0e7-e082-7ff4-7528100734c6',
  'bec2a632-040a-264b-e191-f3746c1ce30b',
  'C117 (2013-2019)',
  2013,
  2019,
  true,
  '{"Germany","Hungary"}'::text[],
  '["Sedan","Shooting Brake"]'::jsonb,
  '["Gasoline","Diesel"]'::jsonb,
  '["Automatic","Dual-Clutch"]'::jsonb,
  'First generation CLA, a stylish four-door coupe based on the A-Class platform.'
)
on conflict (model_id, code) do nothing;


insert into public.vehicle_generations (
  id,
  model_id,
  code,
  start_year,
  end_year,
  facelift,
  production_countries,
  body_types,
  fuel_types,
  transmission_types,
  summary
)
values (
  'ff797bf1-a292-90df-819b-407b1644e245',
  'bec2a632-040a-264b-e191-f3746c1ce30b',
  'C118 (2019-Present)',
  2019,
  2024,
  true,
  '{"Germany","Hungary"}'::text[],
  '["Sedan","Shooting Brake"]'::jsonb,
  '["Gasoline","Diesel","Plug-in Hybrid"]'::jsonb,
  '["Automatic","Dual-Clutch"]'::jsonb,
  'Second generation, featuring a more modern design and advanced technology.'
)
on conflict (model_id, code) do nothing;


insert into public.vehicle_insights (
  model_id,
  pros,
  cons,
  inspection_tips,
  notable_features,
  engine_examples,
  common_issues_by_engine,
  reliability_score,
  popularity_score
)
values (
  'bec2a632-040a-264b-e191-f3746c1ce30b',
  '["Stylish design","Sporty handling","Fuel efficiency"]'::jsonb,
  '["Rear passenger space can be tight","Ride can be firm"]'::jsonb,
  '["Check for electrical issues","Inspect the suspension"]'::jsonb,
  '["MBUX infotainment system","AMG variants available"]'::jsonb,
  '["1.3L I4","2.0L I4","1.5L Diesel"]'::jsonb,
  '[{"engine_code":"M260","common_issues_ru":["Проблемы с турбокомпрессором","Утечка масла"]}]'::jsonb,
  null,
  null
)
on conflict (model_id) do nothing;


insert into public.vehicle_models (
  id,
  make_id,
  slug,
  name_en,
  first_model_year,
  last_model_year,
  years_available,
  body_types_available,
  fuel_types_available,
  transmission_available,
  reliability_score,
  popularity_score
)
values (
  '8513792b-b09f-6ad8-d880-29872c12e952',
  '598f082a-2b15-24d4-2bb6-374bd223679f',
  'cls',
  'CLS',
  2004,
  2024,
  '{2004,2010,2015,2018,2020,2024}'::int[],
  '["Sedan (4-door coupe)"]'::jsonb,
  '["Gasoline","Diesel","Hybrid"]'::jsonb,
  '["Automatic"]'::jsonb,
  7.6,
  7.5
)
on conflict (make_id, slug) do nothing;


insert into public.vehicle_generations (
  id,
  model_id,
  code,
  start_year,
  end_year,
  facelift,
  production_countries,
  body_types,
  fuel_types,
  transmission_types,
  summary
)
values (
  '01da9c31-ab08-6c54-4c1f-9a85b6c697d5',
  '8513792b-b09f-6ad8-d880-29872c12e952',
  'C219 (2004-2010)',
  2004,
  2010,
  true,
  '{"Germany"}'::text[],
  '["Sedan (4-door coupe)"]'::jsonb,
  '["Gasoline","Diesel"]'::jsonb,
  '["Automatic"]'::jsonb,
  'First generation CLS, a pioneering four-door coupe.'
)
on conflict (model_id, code) do nothing;


insert into public.vehicle_generations (
  id,
  model_id,
  code,
  start_year,
  end_year,
  facelift,
  production_countries,
  body_types,
  fuel_types,
  transmission_types,
  summary
)
values (
  '8082757a-8e5a-1b57-f74e-757109952f4d',
  '8513792b-b09f-6ad8-d880-29872c12e952',
  'C218 (2010-2018)',
  2010,
  2018,
  true,
  '{"Germany"}'::text[],
  '["Sedan (4-door coupe)","Shooting Brake"]'::jsonb,
  '["Gasoline","Diesel"]'::jsonb,
  '["Automatic"]'::jsonb,
  'Second generation, with updated styling and technology, including a Shooting Brake variant.'
)
on conflict (model_id, code) do nothing;


insert into public.vehicle_generations (
  id,
  model_id,
  code,
  start_year,
  end_year,
  facelift,
  production_countries,
  body_types,
  fuel_types,
  transmission_types,
  summary
)
values (
  '787b477b-055b-e788-62b2-a7f856f02a87',
  '8513792b-b09f-6ad8-d880-29872c12e952',
  'C257 (2018-Present)',
  2018,
  2024,
  true,
  '{"Germany"}'::text[],
  '["Sedan (4-door coupe)"]'::jsonb,
  '["Gasoline","Diesel","Hybrid"]'::jsonb,
  '["Automatic"]'::jsonb,
  'Third generation, featuring a sleek design and advanced technology.'
)
on conflict (model_id, code) do nothing;


insert into public.vehicle_insights (
  model_id,
  pros,
  cons,
  inspection_tips,
  notable_features,
  engine_examples,
  common_issues_by_engine,
  reliability_score,
  popularity_score
)
values (
  '8513792b-b09f-6ad8-d880-29872c12e952',
  '["Stylish design","Luxurious interior","Comfortable ride"]'::jsonb,
  '["Rear headroom can be limited","Maintenance can be expensive"]'::jsonb,
  '["Check for air suspension issues","Inspect the electrical systems"]'::jsonb,
  '["Air suspension","AMG variants available"]'::jsonb,
  '["3.0L V6","3.5L V6","3.0L Diesel"]'::jsonb,
  '[{"engine_code":"M276","common_issues_ru":["Утечка масла","Проблемы с водяной помпой"]}]'::jsonb,
  null,
  null
)
on conflict (model_id) do nothing;


insert into public.vehicle_models (
  id,
  make_id,
  slug,
  name_en,
  first_model_year,
  last_model_year,
  years_available,
  body_types_available,
  fuel_types_available,
  transmission_available,
  reliability_score,
  popularity_score
)
values (
  '2984a51b-9454-36f7-f4ed-6a22f2a99a1f',
  '598f082a-2b15-24d4-2bb6-374bd223679f',
  'e-class',
  'E-Class',
  1984,
  2024,
  '{1984,1990,1995,2000,2005,2010,2013,2016,2020,2024}'::int[],
  '["Sedan","Coupe","Wagon","Convertible"]'::jsonb,
  '["Gasoline","Diesel","Hybrid","Plug-in Hybrid"]'::jsonb,
  '["Manual","Automatic"]'::jsonb,
  8,
  9
)
on conflict (make_id, slug) do nothing;


insert into public.vehicle_generations (
  id,
  model_id,
  code,
  start_year,
  end_year,
  facelift,
  production_countries,
  body_types,
  fuel_types,
  transmission_types,
  summary
)
values (
  'd69e124e-b47a-28d2-1985-5e7536ca0f2a',
  '2984a51b-9454-36f7-f4ed-6a22f2a99a1f',
  'W124 (1984-1996)',
  1984,
  1996,
  true,
  '{"Germany"}'::text[],
  '["Sedan","Coupe","Wagon","Convertible"]'::jsonb,
  '["Gasoline","Diesel"]'::jsonb,
  '["Manual","Automatic"]'::jsonb,
  'Fourth generation E-Class, known for its build quality and reliability.'
)
on conflict (model_id, code) do nothing;


insert into public.vehicle_generations (
  id,
  model_id,
  code,
  start_year,
  end_year,
  facelift,
  production_countries,
  body_types,
  fuel_types,
  transmission_types,
  summary
)
values (
  'c2dd6649-819c-df3a-7649-11b55bc24cf3',
  '2984a51b-9454-36f7-f4ed-6a22f2a99a1f',
  'W210 (1995-2002)',
  1995,
  2002,
  true,
  '{"Germany"}'::text[],
  '["Sedan","Wagon"]'::jsonb,
  '["Gasoline","Diesel"]'::jsonb,
  '["Automatic"]'::jsonb,
  'Fifth generation, with a more modern design.'
)
on conflict (model_id, code) do nothing;


insert into public.vehicle_generations (
  id,
  model_id,
  code,
  start_year,
  end_year,
  facelift,
  production_countries,
  body_types,
  fuel_types,
  transmission_types,
  summary
)
values (
  '7a719fc5-1436-1235-5588-47bb3e55e38d',
  '2984a51b-9454-36f7-f4ed-6a22f2a99a1f',
  'W211 (2002-2009)',
  2002,
  2009,
  true,
  '{"Germany"}'::text[],
  '["Sedan","Wagon","Coupe","Convertible"]'::jsonb,
  '["Gasoline","Diesel"]'::jsonb,
  '["Automatic"]'::jsonb,
  'Sixth generation, with improved technology and safety features.'
)
on conflict (model_id, code) do nothing;


insert into public.vehicle_generations (
  id,
  model_id,
  code,
  start_year,
  end_year,
  facelift,
  production_countries,
  body_types,
  fuel_types,
  transmission_types,
  summary
)
values (
  '49f66e40-3b66-6eec-d440-a8192bc48571',
  '2984a51b-9454-36f7-f4ed-6a22f2a99a1f',
  'W212 (2009-2016)',
  2009,
  2016,
  true,
  '{"Germany"}'::text[],
  '["Sedan","Wagon","Coupe","Convertible"]'::jsonb,
  '["Gasoline","Diesel","Hybrid"]'::jsonb,
  '["Automatic"]'::jsonb,
  'Seventh generation, with a more angular design.'
)
on conflict (model_id, code) do nothing;


insert into public.vehicle_generations (
  id,
  model_id,
  code,
  start_year,
  end_year,
  facelift,
  production_countries,
  body_types,
  fuel_types,
  transmission_types,
  summary
)
values (
  'c5a7e27d-8adb-5657-81a5-cd89d99bc943',
  '2984a51b-9454-36f7-f4ed-6a22f2a99a1f',
  'W213 (2016-Present)',
  2016,
  2024,
  true,
  '{"Germany","China"}'::text[],
  '["Sedan","Wagon","Coupe","Convertible"]'::jsonb,
  '["Gasoline","Diesel","Hybrid","Plug-in Hybrid"]'::jsonb,
  '["Automatic"]'::jsonb,
  'Eighth generation, featuring a luxurious interior and advanced technology.'
)
on conflict (model_id, code) do nothing;


insert into public.vehicle_insights (
  model_id,
  pros,
  cons,
  inspection_tips,
  notable_features,
  engine_examples,
  common_issues_by_engine,
  reliability_score,
  popularity_score
)
values (
  '2984a51b-9454-36f7-f4ed-6a22f2a99a1f',
  '["Luxurious interior","Comfortable ride","Wide range of engine options","Advanced technology"]'::jsonb,
  '["Maintenance can be expensive","Some models have air suspension issues"]'::jsonb,
  '["Check for rust","Inspect the air suspension","Test the electrical systems"]'::jsonb,
  '["Air suspension","Burmester sound system","Driver-assistance systems"]'::jsonb,
  '["2.0L I4","3.0L V6","3.5L V6","2.1L Diesel"]'::jsonb,
  '[{"engine_code":"M274","common_issues_ru":["Утечка масла","Проблемы с цепью ГРМ"]}]'::jsonb,
  null,
  null
)
on conflict (model_id) do nothing;


insert into public.vehicle_models (
  id,
  make_id,
  slug,
  name_en,
  first_model_year,
  last_model_year,
  years_available,
  body_types_available,
  fuel_types_available,
  transmission_available,
  reliability_score,
  popularity_score
)
values (
  '9da787e8-f32b-0941-2c3f-0dfb09b46afc',
  '598f082a-2b15-24d4-2bb6-374bd223679f',
  'g-class',
  'G-Class',
  1979,
  2024,
  '{1979,1985,1990,1995,2000,2005,2010,2015,2018,2020,2024}'::int[],
  '["SUV"]'::jsonb,
  '["Gasoline","Diesel"]'::jsonb,
  '["Automatic"]'::jsonb,
  6.8,
  8.2
)
on conflict (make_id, slug) do nothing;


insert into public.vehicle_generations (
  id,
  model_id,
  code,
  start_year,
  end_year,
  facelift,
  production_countries,
  body_types,
  fuel_types,
  transmission_types,
  summary
)
values (
  'd5413c5f-b097-5bf9-6def-a744ed02b6aa',
  '9da787e8-f32b-0941-2c3f-0dfb09b46afc',
  'W460/W461 (1979-1990)',
  1979,
  1990,
  true,
  '{"Austria"}'::text[],
  '["SUV"]'::jsonb,
  '["Gasoline","Diesel"]'::jsonb,
  '["Manual","Automatic"]'::jsonb,
  'First generation G-Class, a rugged off-road vehicle.'
)
on conflict (model_id, code) do nothing;


insert into public.vehicle_generations (
  id,
  model_id,
  code,
  start_year,
  end_year,
  facelift,
  production_countries,
  body_types,
  fuel_types,
  transmission_types,
  summary
)
values (
  '20ecb30d-9b4d-5980-d205-c1c06ea94db4',
  '9da787e8-f32b-0941-2c3f-0dfb09b46afc',
  'W463 (1990-Present)',
  1990,
  2024,
  true,
  '{"Austria"}'::text[],
  '["SUV"]'::jsonb,
  '["Gasoline","Diesel"]'::jsonb,
  '["Automatic"]'::jsonb,
  'Second generation, with improved luxury and technology.'
)
on conflict (model_id, code) do nothing;


insert into public.vehicle_insights (
  model_id,
  pros,
  cons,
  inspection_tips,
  notable_features,
  engine_examples,
  common_issues_by_engine,
  reliability_score,
  popularity_score
)
values (
  '9da787e8-f32b-0941-2c3f-0dfb09b46afc',
  '["Off-road capability","Iconic design","Luxurious interior"]'::jsonb,
  '["Fuel economy","Ride quality on-road","High price"]'::jsonb,
  '["Check for rust","Inspect the suspension","Test the off-road systems"]'::jsonb,
  '["Locking differentials","AMG variants available"]'::jsonb,
  '["4.0L V8","5.5L V8","3.0L Diesel"]'::jsonb,
  '[{"engine_code":"M177","common_issues_ru":["Проблемы с турбокомпрессором","Утечка масла"]}]'::jsonb,
  null,
  null
)
on conflict (model_id) do nothing;


insert into public.vehicle_models (
  id,
  make_id,
  slug,
  name_en,
  first_model_year,
  last_model_year,
  years_available,
  body_types_available,
  fuel_types_available,
  transmission_available,
  reliability_score,
  popularity_score
)
values (
  '89a072a8-2d39-5fff-90c8-cab2e56a9dac',
  '598f082a-2b15-24d4-2bb6-374bd223679f',
  'gla',
  'GLA',
  2013,
  2024,
  '{2013,2015,2018,2020,2024}'::int[],
  '["SUV"]'::jsonb,
  '["Gasoline","Diesel","Plug-in Hybrid"]'::jsonb,
  '["Automatic","Dual-Clutch"]'::jsonb,
  7,
  7.7
)
on conflict (make_id, slug) do nothing;


insert into public.vehicle_generations (
  id,
  model_id,
  code,
  start_year,
  end_year,
  facelift,
  production_countries,
  body_types,
  fuel_types,
  transmission_types,
  summary
)
values (
  '75c1d889-d35a-c74f-e790-5e2e69199c86',
  '89a072a8-2d39-5fff-90c8-cab2e56a9dac',
  'X156 (2013-2019)',
  2013,
  2019,
  true,
  '{"Germany","Finland"}'::text[],
  '["SUV"]'::jsonb,
  '["Gasoline","Diesel"]'::jsonb,
  '["Automatic","Dual-Clutch"]'::jsonb,
  'First generation GLA, a compact SUV based on the A-Class platform.'
)
on conflict (model_id, code) do nothing;


insert into public.vehicle_generations (
  id,
  model_id,
  code,
  start_year,
  end_year,
  facelift,
  production_countries,
  body_types,
  fuel_types,
  transmission_types,
  summary
)
values (
  'b99cce3b-eeb1-ac36-0bbb-c3e29a5cef55',
  '89a072a8-2d39-5fff-90c8-cab2e56a9dac',
  'H247 (2019-Present)',
  2019,
  2024,
  true,
  '{"Germany","China"}'::text[],
  '["SUV"]'::jsonb,
  '["Gasoline","Diesel","Plug-in Hybrid"]'::jsonb,
  '["Automatic","Dual-Clutch"]'::jsonb,
  'Second generation, featuring a more modern design and advanced technology.'
)
on conflict (model_id, code) do nothing;


insert into public.vehicle_insights (
  model_id,
  pros,
  cons,
  inspection_tips,
  notable_features,
  engine_examples,
  common_issues_by_engine,
  reliability_score,
  popularity_score
)
values (
  '89a072a8-2d39-5fff-90c8-cab2e56a9dac',
  '["Stylish design","Fuel efficiency","Compact size"]'::jsonb,
  '["Ride can be firm","Rear passenger space can be limited"]'::jsonb,
  '["Check for electrical issues","Inspect the suspension"]'::jsonb,
  '["MBUX infotainment system","AMG variants available"]'::jsonb,
  '["1.3L I4","2.0L I4","1.5L Diesel"]'::jsonb,
  '[{"engine_code":"M260","common_issues_ru":["Проблемы с турбокомпрессором","Утечка масла"]}]'::jsonb,
  null,
  null
)
on conflict (model_id) do nothing;


insert into public.vehicle_models (
  id,
  make_id,
  slug,
  name_en,
  first_model_year,
  last_model_year,
  years_available,
  body_types_available,
  fuel_types_available,
  transmission_available,
  reliability_score,
  popularity_score
)
values (
  'bcacca92-6399-1c94-0d75-55134a1c7552',
  '598f082a-2b15-24d4-2bb6-374bd223679f',
  'glb',
  'GLB',
  2019,
  2024,
  '{2019,2020,2024}'::int[],
  '["SUV"]'::jsonb,
  '["Gasoline","Diesel"]'::jsonb,
  '["Automatic","Dual-Clutch"]'::jsonb,
  7.3,
  7.6
)
on conflict (make_id, slug) do nothing;


insert into public.vehicle_generations (
  id,
  model_id,
  code,
  start_year,
  end_year,
  facelift,
  production_countries,
  body_types,
  fuel_types,
  transmission_types,
  summary
)
values (
  'fb23f415-eb05-7f71-7c1f-d60995d10098',
  'bcacca92-6399-1c94-0d75-55134a1c7552',
  'X247 (2019-Present)',
  2019,
  2024,
  false,
  '{"Mexico","Germany"}'::text[],
  '["SUV"]'::jsonb,
  '["Gasoline","Diesel"]'::jsonb,
  '["Automatic","Dual-Clutch"]'::jsonb,
  'GLB, a compact SUV with available third-row seating.'
)
on conflict (model_id, code) do nothing;


insert into public.vehicle_insights (
  model_id,
  pros,
  cons,
  inspection_tips,
  notable_features,
  engine_examples,
  common_issues_by_engine,
  reliability_score,
  popularity_score
)
values (
  'bcacca92-6399-1c94-0d75-55134a1c7552',
  '["Spacious interior","Available third-row seating","Practical design"]'::jsonb,
  '["Ride quality can be firm","Third-row seating is cramped"]'::jsonb,
  '["Check for electrical issues","Inspect the suspension"]'::jsonb,
  '["MBUX infotainment system","AMG variants available"]'::jsonb,
  '["1.3L I4","2.0L I4","2.0L Diesel"]'::jsonb,
  '[{"engine_code":"M260","common_issues_ru":["Проблемы с турбокомпрессором","Утечка масла"]}]'::jsonb,
  null,
  null
)
on conflict (model_id) do nothing;


insert into public.vehicle_models (
  id,
  make_id,
  slug,
  name_en,
  first_model_year,
  last_model_year,
  years_available,
  body_types_available,
  fuel_types_available,
  transmission_available,
  reliability_score,
  popularity_score
)
values (
  'c6089f8e-fa3a-452d-a893-300e31fd1ae1',
  '598f082a-2b15-24d4-2bb6-374bd223679f',
  'glc',
  'GLC',
  2015,
  2024,
  '{2015,2018,2020,2024}'::int[],
  '["SUV","SUV Coupe"]'::jsonb,
  '["Gasoline","Diesel","Plug-in Hybrid"]'::jsonb,
  '["Automatic"]'::jsonb,
  7.5,
  8.1
)
on conflict (make_id, slug) do nothing;


insert into public.vehicle_generations (
  id,
  model_id,
  code,
  start_year,
  end_year,
  facelift,
  production_countries,
  body_types,
  fuel_types,
  transmission_types,
  summary
)
values (
  '41439a7f-e233-0260-b13c-c54ec0fe0c71',
  'c6089f8e-fa3a-452d-a893-300e31fd1ae1',
  'X253 (2015-2022)',
  2015,
  2022,
  true,
  '{"Germany","Finland","USA"}'::text[],
  '["SUV","SUV Coupe"]'::jsonb,
  '["Gasoline","Diesel","Plug-in Hybrid"]'::jsonb,
  '["Automatic"]'::jsonb,
  'First generation GLC, a compact SUV replacing the GLK.'
)
on conflict (model_id, code) do nothing;


insert into public.vehicle_generations (
  id,
  model_id,
  code,
  start_year,
  end_year,
  facelift,
  production_countries,
  body_types,
  fuel_types,
  transmission_types,
  summary
)
values (
  'ff6fc275-4353-3ef7-ae69-cf678fa10ff9',
  'c6089f8e-fa3a-452d-a893-300e31fd1ae1',
  'X254 (2022-Present)',
  2022,
  2024,
  false,
  '{"Germany","Finland","USA"}'::text[],
  '["SUV","SUV Coupe"]'::jsonb,
  '["Gasoline","Diesel","Plug-in Hybrid"]'::jsonb,
  '["Automatic"]'::jsonb,
  'Second generation GLC, featuring a modern design and advanced technology.'
)
on conflict (model_id, code) do nothing;


insert into public.vehicle_insights (
  model_id,
  pros,
  cons,
  inspection_tips,
  notable_features,
  engine_examples,
  common_issues_by_engine,
  reliability_score,
  popularity_score
)
values (
  'c6089f8e-fa3a-452d-a893-300e31fd1ae1',
  '["Luxurious interior","Comfortable ride","Advanced technology"]'::jsonb,
  '["Maintenance can be expensive","Some models have infotainment system issues"]'::jsonb,
  '["Check for electrical issues","Inspect the suspension"]'::jsonb,
  '["Burmester sound system","Driver-assistance systems"]'::jsonb,
  '["2.0L I4","3.0L V6","2.1L Diesel"]'::jsonb,
  '[{"engine_code":"M274","common_issues_ru":["Утечка масла","Проблемы с цепью ГРМ"]}]'::jsonb,
  null,
  null
)
on conflict (model_id) do nothing;


insert into public.vehicle_models (
  id,
  make_id,
  slug,
  name_en,
  first_model_year,
  last_model_year,
  years_available,
  body_types_available,
  fuel_types_available,
  transmission_available,
  reliability_score,
  popularity_score
)
values (
  '1cbd06e1-87f1-bf39-da7b-f4c4afe0c219',
  '598f082a-2b15-24d4-2bb6-374bd223679f',
  'gle-class',
  'GLE-Class',
  2015,
  2024,
  '{2015,2016,2017,2018,2019,2020,2021,2022,2023,2024}'::int[],
  '["SUV","Coupe SUV"]'::jsonb,
  '["Gasoline","Diesel","Hybrid","Plug-in Hybrid"]'::jsonb,
  '["Automatic"]'::jsonb,
  7.8,
  8.5
)
on conflict (make_id, slug) do nothing;


insert into public.vehicle_generations (
  id,
  model_id,
  code,
  start_year,
  end_year,
  facelift,
  production_countries,
  body_types,
  fuel_types,
  transmission_types,
  summary
)
values (
  '12fedfd3-597c-23c7-1cec-1e275cc02290',
  '1cbd06e1-87f1-bf39-da7b-f4c4afe0c219',
  'W166 (2015-2019)',
  2015,
  2019,
  true,
  '{"USA","Germany"}'::text[],
  '["SUV","Coupe SUV"]'::jsonb,
  '["Gasoline","Diesel"]'::jsonb,
  '["Automatic"]'::jsonb,
  'First generation of the GLE, formerly known as the M-Class. Offered in SUV and Coupe body styles.'
)
on conflict (model_id, code) do nothing;


insert into public.vehicle_generations (
  id,
  model_id,
  code,
  start_year,
  end_year,
  facelift,
  production_countries,
  body_types,
  fuel_types,
  transmission_types,
  summary
)
values (
  'bbd3c211-01df-7038-4410-b0132f29fc8f',
  '1cbd06e1-87f1-bf39-da7b-f4c4afe0c219',
  'V167 (2019-2024)',
  2019,
  2024,
  true,
  '{"USA","Germany"}'::text[],
  '["SUV","Coupe SUV"]'::jsonb,
  '["Gasoline","Diesel","Hybrid","Plug-in Hybrid"]'::jsonb,
  '["Automatic"]'::jsonb,
  'Second generation of the GLE, featuring updated styling, technology, and engine options, including hybrid variants.'
)
on conflict (model_id, code) do nothing;


insert into public.vehicle_insights (
  model_id,
  pros,
  cons,
  inspection_tips,
  notable_features,
  engine_examples,
  common_issues_by_engine,
  reliability_score,
  popularity_score
)
values (
  '1cbd06e1-87f1-bf39-da7b-f4c4afe0c219',
  '["Luxurious interior","Powerful engine options","Advanced technology"]'::jsonb,
  '["Can be expensive to maintain","Infotainment system can be complex"]'::jsonb,
  '["Check air suspension for leaks","Inspect for electrical issues"]'::jsonb,
  '["4MATIC all-wheel drive","MBUX infotainment system","Air suspension"]'::jsonb,
  '["2.0L I4 Turbo","3.0L I6 Turbo","4.0L V8 Turbo"]'::jsonb,
  '[{"engine_code":"M274","common_issues_ru":["Проблемы с цепью ГРМ","Утечки масла"]},{"engine_code":"M276","common_issues_ru":["Утечки масла","Проблемы с водяной помпой"]}]'::jsonb,
  null,
  null
)
on conflict (model_id) do nothing;


insert into public.vehicle_models (
  id,
  make_id,
  slug,
  name_en,
  first_model_year,
  last_model_year,
  years_available,
  body_types_available,
  fuel_types_available,
  transmission_available,
  reliability_score,
  popularity_score
)
values (
  '36afad3c-b9c5-7203-b463-bf27c4fb17fc',
  '598f082a-2b15-24d4-2bb6-374bd223679f',
  'gls-class',
  'GLS-Class',
  2019,
  2024,
  '{2019,2020,2021,2022,2023,2024}'::int[],
  '["SUV"]'::jsonb,
  '["Gasoline","Diesel","Hybrid"]'::jsonb,
  '["Automatic"]'::jsonb,
  7.5,
  8.2
)
on conflict (make_id, slug) do nothing;


insert into public.vehicle_generations (
  id,
  model_id,
  code,
  start_year,
  end_year,
  facelift,
  production_countries,
  body_types,
  fuel_types,
  transmission_types,
  summary
)
values (
  '69daca7d-8cda-118a-8145-1a926c121593',
  '36afad3c-b9c5-7203-b463-bf27c4fb17fc',
  'X167 (2019-2023)',
  2019,
  2023,
  true,
  '{"USA","Germany"}'::text[],
  '["SUV"]'::jsonb,
  '["Gasoline","Diesel"]'::jsonb,
  '["Automatic"]'::jsonb,
  'The second generation of the GLS, offering a luxurious and spacious SUV experience.'
)
on conflict (model_id, code) do nothing;


insert into public.vehicle_generations (
  id,
  model_id,
  code,
  start_year,
  end_year,
  facelift,
  production_countries,
  body_types,
  fuel_types,
  transmission_types,
  summary
)
values (
  'bd13df4d-1f21-3607-7cf5-8e0d97e086dd',
  '36afad3c-b9c5-7203-b463-bf27c4fb17fc',
  'X167 (2023-2024)',
  2023,
  2024,
  true,
  '{"USA","Germany"}'::text[],
  '["SUV"]'::jsonb,
  '["Gasoline","Diesel","Hybrid"]'::jsonb,
  '["Automatic"]'::jsonb,
  'Facelifted version of the GLS, with updated styling and technology.'
)
on conflict (model_id, code) do nothing;


insert into public.vehicle_insights (
  model_id,
  pros,
  cons,
  inspection_tips,
  notable_features,
  engine_examples,
  common_issues_by_engine,
  reliability_score,
  popularity_score
)
values (
  '36afad3c-b9c5-7203-b463-bf27c4fb17fc',
  '["Spacious interior","Powerful engine options","High level of luxury"]'::jsonb,
  '["Expensive","Large size can be difficult to maneuver"]'::jsonb,
  '["Check air suspension","Inspect for electrical issues"]'::jsonb,
  '["4MATIC all-wheel drive","MBUX infotainment system","Air suspension"]'::jsonb,
  '["3.0L I6 Turbo","4.0L V8 Turbo"]'::jsonb,
  '[{"engine_code":"M256","common_issues_ru":["Проблемы с водяной помпой","Утечки масла"]},{"engine_code":"M177","common_issues_ru":["Утечки масла","Проблемы с турбокомпрессорами"]}]'::jsonb,
  null,
  null
)
on conflict (model_id) do nothing;


insert into public.vehicle_models (
  id,
  make_id,
  slug,
  name_en,
  first_model_year,
  last_model_year,
  years_available,
  body_types_available,
  fuel_types_available,
  transmission_available,
  reliability_score,
  popularity_score
)
values (
  'c60881d8-dcad-fbb7-60d8-c968853f76b0',
  '598f082a-2b15-24d4-2bb6-374bd223679f',
  's-class',
  'S-Class',
  1954,
  2024,
  '{1954,1960,1970,1980,1990,2000,2005,2010,2015,2020,2024}'::int[],
  '["Sedan","Coupe","Convertible"]'::jsonb,
  '["Gasoline","Diesel","Hybrid","Plug-in Hybrid"]'::jsonb,
  '["Automatic"]'::jsonb,
  7,
  8.8
)
on conflict (make_id, slug) do nothing;


insert into public.vehicle_generations (
  id,
  model_id,
  code,
  start_year,
  end_year,
  facelift,
  production_countries,
  body_types,
  fuel_types,
  transmission_types,
  summary
)
values (
  '6aec9d94-2dda-0cc0-8c27-b5c0499cff49',
  'c60881d8-dcad-fbb7-60d8-c968853f76b0',
  'W180/W128 (1954-1959)',
  1954,
  1959,
  false,
  '{"Germany"}'::text[],
  '["Sedan","Coupe","Convertible"]'::jsonb,
  '["Gasoline"]'::jsonb,
  '["Manual","Automatic"]'::jsonb,
  'Early S-Class models, known for their elegant design and advanced features for their time.'
)
on conflict (model_id, code) do nothing;


insert into public.vehicle_generations (
  id,
  model_id,
  code,
  start_year,
  end_year,
  facelift,
  production_countries,
  body_types,
  fuel_types,
  transmission_types,
  summary
)
values (
  'b9bf6094-e9ef-4f39-b09f-7f48bbc6a36c',
  'c60881d8-dcad-fbb7-60d8-c968853f76b0',
  'W116 (1972-1980)',
  1972,
  1980,
  true,
  '{"Germany"}'::text[],
  '["Sedan"]'::jsonb,
  '["Gasoline","Diesel"]'::jsonb,
  '["Automatic"]'::jsonb,
  'Introduced many safety features and set a new standard for luxury sedans.'
)
on conflict (model_id, code) do nothing;


insert into public.vehicle_generations (
  id,
  model_id,
  code,
  start_year,
  end_year,
  facelift,
  production_countries,
  body_types,
  fuel_types,
  transmission_types,
  summary
)
values (
  '687f3e15-59b1-c602-4cc7-530f8d84cf73',
  'c60881d8-dcad-fbb7-60d8-c968853f76b0',
  'W126 (1979-1991)',
  1979,
  1991,
  true,
  '{"Germany"}'::text[],
  '["Sedan","Coupe"]'::jsonb,
  '["Gasoline","Diesel"]'::jsonb,
  '["Automatic"]'::jsonb,
  'A highly successful generation, known for its reliability and timeless design.'
)
on conflict (model_id, code) do nothing;


insert into public.vehicle_generations (
  id,
  model_id,
  code,
  start_year,
  end_year,
  facelift,
  production_countries,
  body_types,
  fuel_types,
  transmission_types,
  summary
)
values (
  '89fbd4d1-95a2-46ef-08da-bb0eb8343e19',
  'c60881d8-dcad-fbb7-60d8-c968853f76b0',
  'W140 (1991-1998)',
  1991,
  1998,
  true,
  '{"Germany"}'::text[],
  '["Sedan","Coupe"]'::jsonb,
  '["Gasoline","Diesel"]'::jsonb,
  '["Automatic"]'::jsonb,
  'Known for its size, luxury, and advanced features.'
)
on conflict (model_id, code) do nothing;


insert into public.vehicle_generations (
  id,
  model_id,
  code,
  start_year,
  end_year,
  facelift,
  production_countries,
  body_types,
  fuel_types,
  transmission_types,
  summary
)
values (
  '600d4535-6344-c1c8-41a0-1efa5c8880bb',
  'c60881d8-dcad-fbb7-60d8-c968853f76b0',
  'W220 (1998-2005)',
  1998,
  2005,
  true,
  '{"Germany"}'::text[],
  '["Sedan"]'::jsonb,
  '["Gasoline","Diesel"]'::jsonb,
  '["Automatic"]'::jsonb,
  'A more streamlined and technologically advanced S-Class.'
)
on conflict (model_id, code) do nothing;


insert into public.vehicle_generations (
  id,
  model_id,
  code,
  start_year,
  end_year,
  facelift,
  production_countries,
  body_types,
  fuel_types,
  transmission_types,
  summary
)
values (
  '488ecdca-683b-4989-6d33-e12cf95c2ca1',
  'c60881d8-dcad-fbb7-60d8-c968853f76b0',
  'W221 (2005-2013)',
  2005,
  2013,
  true,
  '{"Germany"}'::text[],
  '["Sedan"]'::jsonb,
  '["Gasoline","Diesel"]'::jsonb,
  '["Automatic"]'::jsonb,
  'Offered improved performance and a more luxurious interior.'
)
on conflict (model_id, code) do nothing;


insert into public.vehicle_generations (
  id,
  model_id,
  code,
  start_year,
  end_year,
  facelift,
  production_countries,
  body_types,
  fuel_types,
  transmission_types,
  summary
)
values (
  '0df4024b-18d3-066f-eabe-4b6a0a53599b',
  'c60881d8-dcad-fbb7-60d8-c968853f76b0',
  'W222 (2013-2020)',
  2013,
  2020,
  true,
  '{"Germany"}'::text[],
  '["Sedan","Coupe","Convertible"]'::jsonb,
  '["Gasoline","Diesel","Hybrid"]'::jsonb,
  '["Automatic"]'::jsonb,
  'Featured advanced technology and a focus on driver assistance systems.'
)
on conflict (model_id, code) do nothing;


insert into public.vehicle_generations (
  id,
  model_id,
  code,
  start_year,
  end_year,
  facelift,
  production_countries,
  body_types,
  fuel_types,
  transmission_types,
  summary
)
values (
  'd9b9159c-ed76-9a30-3153-9b137aaa2e14',
  'c60881d8-dcad-fbb7-60d8-c968853f76b0',
  'W223 (2020-2024)',
  2020,
  2024,
  false,
  '{"Germany"}'::text[],
  '["Sedan"]'::jsonb,
  '["Gasoline","Diesel","Hybrid","Plug-in Hybrid"]'::jsonb,
  '["Automatic"]'::jsonb,
  'The current generation, with a focus on digital innovation and luxury.'
)
on conflict (model_id, code) do nothing;


insert into public.vehicle_insights (
  model_id,
  pros,
  cons,
  inspection_tips,
  notable_features,
  engine_examples,
  common_issues_by_engine,
  reliability_score,
  popularity_score
)
values (
  'c60881d8-dcad-fbb7-60d8-c968853f76b0',
  '["Luxurious interior","Advanced technology","Comfortable ride"]'::jsonb,
  '["Expensive to maintain","Complex systems can be prone to issues"]'::jsonb,
  '["Check air suspension","Inspect for electrical issues","Check for rust"]'::jsonb,
  '["4MATIC all-wheel drive","Air suspension","MBUX infotainment system"]'::jsonb,
  '["3.0L I6 Turbo","4.0L V8 Turbo","6.0L V12 Turbo"]'::jsonb,
  '[{"engine_code":"M278","common_issues_ru":["Утечки масла","Проблемы с турбокомпрессорами"]},{"engine_code":"M276","common_issues_ru":["Утечки масла","Проблемы с водяной помпой"]},{"engine_code":"M279","common_issues_ru":["Утечки масла","Проблемы с турбокомпрессорами"]}]'::jsonb,
  null,
  null
)
on conflict (model_id) do nothing;


insert into public.vehicle_models (
  id,
  make_id,
  slug,
  name_en,
  first_model_year,
  last_model_year,
  years_available,
  body_types_available,
  fuel_types_available,
  transmission_available,
  reliability_score,
  popularity_score
)
values (
  '12807443-496e-f1c8-5e18-9c442494619d',
  '598f082a-2b15-24d4-2bb6-374bd223679f',
  'sprinter',
  'Sprinter',
  1995,
  2024,
  '{1995,2000,2005,2010,2015,2020,2024}'::int[],
  '["Van","Cargo Van","Passenger Van","Chassis Cab"]'::jsonb,
  '["Diesel","Gasoline"]'::jsonb,
  '["Manual","Automatic"]'::jsonb,
  7.2,
  8
)
on conflict (make_id, slug) do nothing;


insert into public.vehicle_generations (
  id,
  model_id,
  code,
  start_year,
  end_year,
  facelift,
  production_countries,
  body_types,
  fuel_types,
  transmission_types,
  summary
)
values (
  '7e62877b-ce48-356a-7108-ab6314b8c245',
  '12807443-496e-f1c8-5e18-9c442494619d',
  'W901-W905 (1995-2006)',
  1995,
  2006,
  true,
  '{"Germany","Argentina"}'::text[],
  '["Van","Cargo Van","Passenger Van","Chassis Cab"]'::jsonb,
  '["Diesel","Gasoline"]'::jsonb,
  '["Manual","Automatic"]'::jsonb,
  'First generation of the Sprinter, known for its versatility and reliability.'
)
on conflict (model_id, code) do nothing;


insert into public.vehicle_generations (
  id,
  model_id,
  code,
  start_year,
  end_year,
  facelift,
  production_countries,
  body_types,
  fuel_types,
  transmission_types,
  summary
)
values (
  '82b8ea55-f1d7-a440-b624-947e0c618afc',
  '12807443-496e-f1c8-5e18-9c442494619d',
  'W906 (2006-2018)',
  2006,
  2018,
  true,
  '{"Germany","Argentina","USA"}'::text[],
  '["Van","Cargo Van","Passenger Van","Chassis Cab"]'::jsonb,
  '["Diesel","Gasoline"]'::jsonb,
  '["Manual","Automatic"]'::jsonb,
  'Second generation, with improved features and engine options.'
)
on conflict (model_id, code) do nothing;


insert into public.vehicle_generations (
  id,
  model_id,
  code,
  start_year,
  end_year,
  facelift,
  production_countries,
  body_types,
  fuel_types,
  transmission_types,
  summary
)
values (
  'eeea316b-90d3-a041-7cce-ec623373831c',
  '12807443-496e-f1c8-5e18-9c442494619d',
  'W907/W910 (2018-2024)',
  2018,
  2024,
  false,
  '{"Germany","Argentina","USA"}'::text[],
  '["Van","Cargo Van","Passenger Van","Chassis Cab"]'::jsonb,
  '["Diesel","Gasoline","Electric"]'::jsonb,
  '["Manual","Automatic"]'::jsonb,
  'The current generation, offering a wider range of configurations and electric options.'
)
on conflict (model_id, code) do nothing;


insert into public.vehicle_insights (
  model_id,
  pros,
  cons,
  inspection_tips,
  notable_features,
  engine_examples,
  common_issues_by_engine,
  reliability_score,
  popularity_score
)
values (
  '12807443-496e-f1c8-5e18-9c442494619d',
  '["Versatile","Reliable","Good cargo capacity"]'::jsonb,
  '["Can be expensive to maintain","Ride can be rough when empty"]'::jsonb,
  '["Check for rust","Inspect brakes and suspension"]'::jsonb,
  '["High roof options","Various wheelbase lengths","4x4 option"]'::jsonb,
  '["2.1L I4 Diesel","3.0L V6 Diesel","2.0L I4 Gasoline"]'::jsonb,
  '[{"engine_code":"OM651","common_issues_ru":["Проблемы с форсунками","Износ цепи ГРМ"]},{"engine_code":"OM642","common_issues_ru":["Утечки масла","Проблемы с вихревыми заслонками"]}]'::jsonb,
  null,
  null
)
on conflict (model_id) do nothing;


insert into public.vehicle_models (
  id,
  make_id,
  slug,
  name_en,
  first_model_year,
  last_model_year,
  years_available,
  body_types_available,
  fuel_types_available,
  transmission_available,
  reliability_score,
  popularity_score
)
values (
  '50ab9607-bdff-f7e4-0411-738a49554425',
  '598f082a-2b15-24d4-2bb6-374bd223679f',
  'vito',
  'Vito',
  1996,
  2024,
  '{1996,2000,2005,2010,2015,2020,2024}'::int[],
  '["Van","Cargo Van","Passenger Van"]'::jsonb,
  '["Gasoline","Diesel","Electric"]'::jsonb,
  '["Manual","Automatic"]'::jsonb,
  7,
  7.5
)
on conflict (make_id, slug) do nothing;


insert into public.vehicle_generations (
  id,
  model_id,
  code,
  start_year,
  end_year,
  facelift,
  production_countries,
  body_types,
  fuel_types,
  transmission_types,
  summary
)
values (
  '18b58a63-4363-a3c7-01a0-b6ce1ab09001',
  '50ab9607-bdff-f7e4-0411-738a49554425',
  'W638 (1996-2003)',
  1996,
  2003,
  true,
  '{"Spain"}'::text[],
  '["Van","Cargo Van","Passenger Van"]'::jsonb,
  '["Gasoline","Diesel"]'::jsonb,
  '["Manual","Automatic"]'::jsonb,
  'First generation of the Vito, offering a compact and versatile van.'
)
on conflict (model_id, code) do nothing;


insert into public.vehicle_generations (
  id,
  model_id,
  code,
  start_year,
  end_year,
  facelift,
  production_countries,
  body_types,
  fuel_types,
  transmission_types,
  summary
)
values (
  '7d0de58e-66e4-db20-32b8-18622929abe3',
  '50ab9607-bdff-f7e4-0411-738a49554425',
  'W639 (2003-2014)',
  2003,
  2014,
  true,
  '{"Spain"}'::text[],
  '["Van","Cargo Van","Passenger Van"]'::jsonb,
  '["Gasoline","Diesel"]'::jsonb,
  '["Manual","Automatic"]'::jsonb,
  'Second generation, with improved design and features.'
)
on conflict (model_id, code) do nothing;


insert into public.vehicle_generations (
  id,
  model_id,
  code,
  start_year,
  end_year,
  facelift,
  production_countries,
  body_types,
  fuel_types,
  transmission_types,
  summary
)
values (
  'b0fc3954-2493-7dd6-44f7-521a18acb4ce',
  '50ab9607-bdff-f7e4-0411-738a49554425',
  'W447 (2014-2024)',
  2014,
  2024,
  true,
  '{"Spain"}'::text[],
  '["Van","Cargo Van","Passenger Van"]'::jsonb,
  '["Gasoline","Diesel","Electric"]'::jsonb,
  '["Manual","Automatic"]'::jsonb,
  'The current generation, featuring modern styling and technology.'
)
on conflict (model_id, code) do nothing;


insert into public.vehicle_insights (
  model_id,
  pros,
  cons,
  inspection_tips,
  notable_features,
  engine_examples,
  common_issues_by_engine,
  reliability_score,
  popularity_score
)
values (
  '50ab9607-bdff-f7e4-0411-738a49554425',
  '["Versatile","Good cargo capacity","Available in various configurations"]'::jsonb,
  '["Ride can be rough when empty","Some engine issues reported"]'::jsonb,
  '["Check for rust","Inspect brakes and suspension"]'::jsonb,
  '["Front-wheel drive (FWD) or Rear-wheel drive (RWD)","Various wheelbase lengths"]'::jsonb,
  '["1.6L I4 Diesel","2.1L I4 Diesel","2.0L I4 Gasoline"]'::jsonb,
  '[{"engine_code":"OM651","common_issues_ru":["Проблемы с форсунками","Износ цепи ГРМ"]},{"engine_code":"M274","common_issues_ru":["Проблемы с цепью ГРМ","Утечки масла"]}]'::jsonb,
  null,
  null
)
on conflict (model_id) do nothing;


insert into public.vehicle_makes (id, slug, name_en, country, segment_class, is_active, category_path)
values (
  'c19fa4cb-f211-6a52-5d6a-a444c78ea146',
  'mg',
  'MG',
  'Великобритания',
  null,
  true,
  'transport/legkovye-avtomobili'
)
on conflict (id) do nothing;


insert into public.vehicle_models (
  id,
  make_id,
  slug,
  name_en,
  first_model_year,
  last_model_year,
  years_available,
  body_types_available,
  fuel_types_available,
  transmission_available,
  reliability_score,
  popularity_score
)
values (
  'a9bfd25f-e72c-ebd2-450f-2086a2ddd5fa',
  'c19fa4cb-f211-6a52-5d6a-a444c78ea146',
  'mg-hs',
  'MG HS',
  2018,
  2024,
  '{2018,2019,2020,2021,2022,2023,2024}'::int[],
  '["SUV"]'::jsonb,
  '["Gasoline","Plug-in Hybrid"]'::jsonb,
  '["Automatic"]'::jsonb,
  7,
  7.8
)
on conflict (make_id, slug) do nothing;


insert into public.vehicle_generations (
  id,
  model_id,
  code,
  start_year,
  end_year,
  facelift,
  production_countries,
  body_types,
  fuel_types,
  transmission_types,
  summary
)
values (
  'bc6e6d40-9cb9-2e95-f505-2029b9956fb7',
  'a9bfd25f-e72c-ebd2-450f-2086a2ddd5fa',
  'First Generation (2018-Present)',
  2018,
  2024,
  true,
  '{"China"}'::text[],
  '["SUV"]'::jsonb,
  '["Gasoline","Plug-in Hybrid"]'::jsonb,
  '["Automatic"]'::jsonb,
  'The MG HS is a compact SUV known for its stylish design and competitive pricing. It offers a comfortable interior and a range of features.'
)
on conflict (model_id, code) do nothing;


insert into public.vehicle_insights (
  model_id,
  pros,
  cons,
  inspection_tips,
  notable_features,
  engine_examples,
  common_issues_by_engine,
  reliability_score,
  popularity_score
)
values (
  'a9bfd25f-e72c-ebd2-450f-2086a2ddd5fa',
  '["Stylish design","Competitive price","Spacious interior"]'::jsonb,
  '["Infotainment system can be slow","Some reports of build quality issues"]'::jsonb,
  '["Check for paint imperfections","Test all electronic features"]'::jsonb,
  '["Panoramic sunroof","MG Pilot driver assistance system"]'::jsonb,
  '["1.5L Turbo I4","1.5L Turbo Plug-in Hybrid"]'::jsonb,
  '[{"engine_code":"15S4C","common_issues_ru":["Проблемы с турбонаддувом","Неисправности в электрике"]}]'::jsonb,
  null,
  null
)
on conflict (model_id) do nothing;


insert into public.vehicle_models (
  id,
  make_id,
  slug,
  name_en,
  first_model_year,
  last_model_year,
  years_available,
  body_types_available,
  fuel_types_available,
  transmission_available,
  reliability_score,
  popularity_score
)
values (
  'f6cb3ef8-0f03-e8b0-b83b-615ddbd43861',
  'c19fa4cb-f211-6a52-5d6a-a444c78ea146',
  'mg3',
  'MG3',
  2011,
  2024,
  '{2011,2015,2020,2024}'::int[],
  '["Hatchback"]'::jsonb,
  '["Gasoline"]'::jsonb,
  '["Manual","Automatic"]'::jsonb,
  6.5,
  7.2
)
on conflict (make_id, slug) do nothing;


insert into public.vehicle_generations (
  id,
  model_id,
  code,
  start_year,
  end_year,
  facelift,
  production_countries,
  body_types,
  fuel_types,
  transmission_types,
  summary
)
values (
  '52072c81-80ba-4abd-8c51-206113580aef',
  'f6cb3ef8-0f03-e8b0-b83b-615ddbd43861',
  'First Generation (2011-2018)',
  2011,
  2018,
  true,
  '{"China"}'::text[],
  '["Hatchback"]'::jsonb,
  '["Gasoline"]'::jsonb,
  '["Manual","Automatic"]'::jsonb,
  'The MG3 is a small hatchback known for its affordability and practicality. It''s a popular choice for city driving.'
)
on conflict (model_id, code) do nothing;


insert into public.vehicle_generations (
  id,
  model_id,
  code,
  start_year,
  end_year,
  facelift,
  production_countries,
  body_types,
  fuel_types,
  transmission_types,
  summary
)
values (
  'aaf5fe24-d78d-ed59-6fcf-d94eac120a50',
  'f6cb3ef8-0f03-e8b0-b83b-615ddbd43861',
  'Second Generation (2018-Present)',
  2018,
  2024,
  true,
  '{"China"}'::text[],
  '["Hatchback"]'::jsonb,
  '["Gasoline"]'::jsonb,
  '["Manual","Automatic"]'::jsonb,
  'The second generation MG3 received a refreshed design and improved features.'
)
on conflict (model_id, code) do nothing;


insert into public.vehicle_insights (
  model_id,
  pros,
  cons,
  inspection_tips,
  notable_features,
  engine_examples,
  common_issues_by_engine,
  reliability_score,
  popularity_score
)
values (
  'f6cb3ef8-0f03-e8b0-b83b-615ddbd43861',
  '["Affordable price","Fuel-efficient","Easy to drive"]'::jsonb,
  '["Basic interior","Limited performance","Ride can be firm"]'::jsonb,
  '["Check for rust","Test the air conditioning"]'::jsonb,
  '["Touchscreen infotainment","Reversing camera"]'::jsonb,
  '["1.5L I4"]'::jsonb,
  '[{"engine_code":"15S4C","common_issues_ru":["Проблемы с системой зажигания","Износ сцепления (для МКПП)"]}]'::jsonb,
  null,
  null
)
on conflict (model_id) do nothing;


insert into public.vehicle_models (
  id,
  make_id,
  slug,
  name_en,
  first_model_year,
  last_model_year,
  years_available,
  body_types_available,
  fuel_types_available,
  transmission_available,
  reliability_score,
  popularity_score
)
values (
  '6034dc89-b39b-29fd-e9b0-0210d0faa73c',
  'c19fa4cb-f211-6a52-5d6a-a444c78ea146',
  'mg5',
  'MG5',
  2021,
  2024,
  '{2021,2022,2023,2024}'::int[],
  '["Sedan","Wagon"]'::jsonb,
  '["Gasoline","Electric"]'::jsonb,
  '["Manual","Automatic"]'::jsonb,
  7,
  7.5
)
on conflict (make_id, slug) do nothing;


insert into public.vehicle_generations (
  id,
  model_id,
  code,
  start_year,
  end_year,
  facelift,
  production_countries,
  body_types,
  fuel_types,
  transmission_types,
  summary
)
values (
  'bee42d2c-671d-3cdf-1713-d3cbcd17e6f8',
  '6034dc89-b39b-29fd-e9b0-0210d0faa73c',
  'First Generation (2021-Present)',
  2021,
  2024,
  false,
  '{"China"}'::text[],
  '["Sedan","Wagon"]'::jsonb,
  '["Gasoline","Electric"]'::jsonb,
  '["Manual","Automatic"]'::jsonb,
  'The MG5 is a compact sedan and wagon offering a blend of practicality and modern features. It is also available as an electric vehicle.'
)
on conflict (model_id, code) do nothing;


insert into public.vehicle_insights (
  model_id,
  pros,
  cons,
  inspection_tips,
  notable_features,
  engine_examples,
  common_issues_by_engine,
  reliability_score,
  popularity_score
)
values (
  '6034dc89-b39b-29fd-e9b0-0210d0faa73c',
  '["Spacious interior","Good value for money","Available as EV"]'::jsonb,
  '["Some reports of infotainment issues","Ride can be a bit firm"]'::jsonb,
  '["Check the condition of the tires","Test the charging system (EV)"]'::jsonb,
  '["Touchscreen infotainment","MG Pilot driver assistance system","Electric powertrain (EV)"]'::jsonb,
  '["1.5L I4","Electric motor"]'::jsonb,
  '[{"engine_code":"15S4C","common_issues_ru":["Проблемы с системой охлаждения","Неисправности в электрике"]}]'::jsonb,
  null,
  null
)
on conflict (model_id) do nothing;


insert into public.vehicle_models (
  id,
  make_id,
  slug,
  name_en,
  first_model_year,
  last_model_year,
  years_available,
  body_types_available,
  fuel_types_available,
  transmission_available,
  reliability_score,
  popularity_score
)
values (
  '4586628c-dee7-e8bd-bd9b-252abb3c5ba2',
  'c19fa4cb-f211-6a52-5d6a-a444c78ea146',
  'mg6',
  'MG6',
  2010,
  2024,
  '{2010,2015,2020,2024}'::int[],
  '["Sedan","Hatchback"]'::jsonb,
  '["Gasoline","Plug-in Hybrid"]'::jsonb,
  '["Manual","Automatic"]'::jsonb,
  6.8,
  7
)
on conflict (make_id, slug) do nothing;


insert into public.vehicle_generations (
  id,
  model_id,
  code,
  start_year,
  end_year,
  facelift,
  production_countries,
  body_types,
  fuel_types,
  transmission_types,
  summary
)
values (
  '186d3f8f-7682-85af-a145-52d4e95b88e6',
  '4586628c-dee7-e8bd-bd9b-252abb3c5ba2',
  'First Generation (2010-2018)',
  2010,
  2018,
  true,
  '{"China"}'::text[],
  '["Sedan","Hatchback"]'::jsonb,
  '["Gasoline"]'::jsonb,
  '["Manual","Automatic"]'::jsonb,
  'The MG6 is a compact car known for its sporty design and handling. It offers a comfortable ride and a range of features.'
)
on conflict (model_id, code) do nothing;


insert into public.vehicle_generations (
  id,
  model_id,
  code,
  start_year,
  end_year,
  facelift,
  production_countries,
  body_types,
  fuel_types,
  transmission_types,
  summary
)
values (
  'd91747ed-a20f-6e9c-b42a-737b27a359c0',
  '4586628c-dee7-e8bd-bd9b-252abb3c5ba2',
  'Second Generation (2018-Present)',
  2018,
  2024,
  true,
  '{"China"}'::text[],
  '["Sedan","Hatchback"]'::jsonb,
  '["Gasoline","Plug-in Hybrid"]'::jsonb,
  '["Manual","Automatic"]'::jsonb,
  'The second generation MG6 features a more modern design and improved technology, including a plug-in hybrid option.'
)
on conflict (model_id, code) do nothing;


insert into public.vehicle_insights (
  model_id,
  pros,
  cons,
  inspection_tips,
  notable_features,
  engine_examples,
  common_issues_by_engine,
  reliability_score,
  popularity_score
)
values (
  '4586628c-dee7-e8bd-bd9b-252abb3c5ba2',
  '["Sporty handling","Stylish design","Available plug-in hybrid"]'::jsonb,
  '["Some reports of reliability issues","Interior quality could be better"]'::jsonb,
  '["Check for suspension issues","Test the hybrid system (if applicable)"]'::jsonb,
  '["Touchscreen infotainment","MG Pilot driver assistance system","Plug-in hybrid powertrain"]'::jsonb,
  '["1.5L Turbo I4","1.5L Turbo Plug-in Hybrid"]'::jsonb,
  '[{"engine_code":"15S4C","common_issues_ru":["Проблемы с турбонаддувом","Неисправности в электрике"]}]'::jsonb,
  null,
  null
)
on conflict (model_id) do nothing;


insert into public.vehicle_models (
  id,
  make_id,
  slug,
  name_en,
  first_model_year,
  last_model_year,
  years_available,
  body_types_available,
  fuel_types_available,
  transmission_available,
  reliability_score,
  popularity_score
)
values (
  '39926ae7-7641-67ab-82e4-e3bebdf64e66',
  'c19fa4cb-f211-6a52-5d6a-a444c78ea146',
  'mg-zs',
  'MG ZS',
  2017,
  2024,
  '{2017,2018,2019,2020,2021,2022,2023,2024}'::int[],
  '["SUV"]'::jsonb,
  '["Gasoline","Electric"]'::jsonb,
  '["Manual","Automatic"]'::jsonb,
  7.2,
  8
)
on conflict (make_id, slug) do nothing;


insert into public.vehicle_generations (
  id,
  model_id,
  code,
  start_year,
  end_year,
  facelift,
  production_countries,
  body_types,
  fuel_types,
  transmission_types,
  summary
)
values (
  '4d2e0ec6-f005-8db8-3b6c-3eea25804334',
  '39926ae7-7641-67ab-82e4-e3bebdf64e66',
  'First Generation (2017-2024)',
  2017,
  2024,
  true,
  '{"China"}'::text[],
  '["SUV"]'::jsonb,
  '["Gasoline","Electric"]'::jsonb,
  '["Manual","Automatic"]'::jsonb,
  'The MG ZS is a compact SUV that has become increasingly popular due to its affordability, stylish design, and available electric powertrain.'
)
on conflict (model_id, code) do nothing;


insert into public.vehicle_insights (
  model_id,
  pros,
  cons,
  inspection_tips,
  notable_features,
  engine_examples,
  common_issues_by_engine,
  reliability_score,
  popularity_score
)
values (
  '39926ae7-7641-67ab-82e4-e3bebdf64e66',
  '["Affordable price","Stylish design","Available electric version"]'::jsonb,
  '["Basic interior materials","Ride can be a bit firm"]'::jsonb,
  '["Check for body panel alignment","Test the infotainment system"]'::jsonb,
  '["Touchscreen infotainment","Reversing camera","Electric powertrain (EV)"]'::jsonb,
  '["1.5L I4","Electric motor"]'::jsonb,
  '[{"engine_code":"15S4C","common_issues_ru":["Проблемы с системой охлаждения","Неисправности в электрике"]}]'::jsonb,
  null,
  null
)
on conflict (model_id) do nothing;


insert into public.vehicle_makes (id, slug, name_en, country, segment_class, is_active, category_path)
values (
  '8e753d13-b684-a8cf-0477-717bc934cde5',
  'mini',
  'Mini',
  'Великобритания',
  null,
  true,
  'transport/legkovye-avtomobili'
)
on conflict (id) do nothing;


insert into public.vehicle_models (
  id,
  make_id,
  slug,
  name_en,
  first_model_year,
  last_model_year,
  years_available,
  body_types_available,
  fuel_types_available,
  transmission_available,
  reliability_score,
  popularity_score
)
values (
  '53589d3b-3ee4-0751-032c-c4f65c3a527c',
  '8e753d13-b684-a8cf-0477-717bc934cde5',
  'clubman',
  'Clubman',
  2007,
  2024,
  '{2007,2010,2015,2020,2024}'::int[],
  '["Wagon"]'::jsonb,
  '["Gasoline","Diesel"]'::jsonb,
  '["Manual","Automatic"]'::jsonb,
  7,
  7.8
)
on conflict (make_id, slug) do nothing;


insert into public.vehicle_generations (
  id,
  model_id,
  code,
  start_year,
  end_year,
  facelift,
  production_countries,
  body_types,
  fuel_types,
  transmission_types,
  summary
)
values (
  'b43237c7-b241-a834-2761-3ea285628654',
  '53589d3b-3ee4-0751-032c-c4f65c3a527c',
  'Generation I (R55) (2007-2014)',
  2007,
  2014,
  true,
  '{"United Kingdom"}'::text[],
  '["Wagon"]'::jsonb,
  '["Gasoline","Diesel"]'::jsonb,
  '["Manual","Automatic"]'::jsonb,
  'First generation Clubman, featuring the unique split rear doors.'
)
on conflict (model_id, code) do nothing;


insert into public.vehicle_generations (
  id,
  model_id,
  code,
  start_year,
  end_year,
  facelift,
  production_countries,
  body_types,
  fuel_types,
  transmission_types,
  summary
)
values (
  '2a3dc5f5-1b1d-d457-4b15-ff9e867c048c',
  '53589d3b-3ee4-0751-032c-c4f65c3a527c',
  'Generation II (F54) (2015-2024)',
  2015,
  2024,
  true,
  '{"United Kingdom"}'::text[],
  '["Wagon"]'::jsonb,
  '["Gasoline","Diesel"]'::jsonb,
  '["Manual","Automatic"]'::jsonb,
  'Second generation Clubman, with a more conventional door configuration.'
)
on conflict (model_id, code) do nothing;


insert into public.vehicle_insights (
  model_id,
  pros,
  cons,
  inspection_tips,
  notable_features,
  engine_examples,
  common_issues_by_engine,
  reliability_score,
  popularity_score
)
values (
  '53589d3b-3ee4-0751-032c-c4f65c3a527c',
  '["Stylish design","Practical cargo space"]'::jsonb,
  '["Ride can be firm","Rear door access can be awkward"]'::jsonb,
  '["Check rear door seals","Inspect for oil leaks"]'::jsonb,
  '["Split rear doors","Panoramic sunroof"]'::jsonb,
  '["1.5L I3","2.0L I4"]'::jsonb,
  '[{"engine_code":"B38","common_issues_ru":["Утечка охлаждающей жидкости","Проблемы с цепью ГРМ"]},{"engine_code":"B48","common_issues_ru":["Повышенный расход масла","Неисправности турбокомпрессора"]}]'::jsonb,
  null,
  null
)
on conflict (model_id) do nothing;


insert into public.vehicle_models (
  id,
  make_id,
  slug,
  name_en,
  first_model_year,
  last_model_year,
  years_available,
  body_types_available,
  fuel_types_available,
  transmission_available,
  reliability_score,
  popularity_score
)
values (
  '90298f54-20c5-7703-3df1-e51ce540b2de',
  '8e753d13-b684-a8cf-0477-717bc934cde5',
  'countryman',
  'Countryman',
  2010,
  2024,
  '{2010,2015,2020,2024}'::int[],
  '["SUV"]'::jsonb,
  '["Gasoline","Diesel","Plug-in Hybrid"]'::jsonb,
  '["Manual","Automatic"]'::jsonb,
  6.8,
  8.2
)
on conflict (make_id, slug) do nothing;


insert into public.vehicle_generations (
  id,
  model_id,
  code,
  start_year,
  end_year,
  facelift,
  production_countries,
  body_types,
  fuel_types,
  transmission_types,
  summary
)
values (
  'de114aa7-ad9d-e946-eaae-46198f508eeb',
  '90298f54-20c5-7703-3df1-e51ce540b2de',
  'Generation I (R60) (2010-2016)',
  2010,
  2016,
  true,
  '{"Austria","United Kingdom"}'::text[],
  '["SUV"]'::jsonb,
  '["Gasoline","Diesel"]'::jsonb,
  '["Manual","Automatic"]'::jsonb,
  'First generation Countryman, Mini''s first SUV.'
)
on conflict (model_id, code) do nothing;


insert into public.vehicle_generations (
  id,
  model_id,
  code,
  start_year,
  end_year,
  facelift,
  production_countries,
  body_types,
  fuel_types,
  transmission_types,
  summary
)
values (
  '20263927-5793-3743-12bf-a93cd57dfb2b',
  '90298f54-20c5-7703-3df1-e51ce540b2de',
  'Generation II (F60) (2017-2024)',
  2017,
  2024,
  true,
  '{"Netherlands","Germany"}'::text[],
  '["SUV"]'::jsonb,
  '["Gasoline","Diesel","Plug-in Hybrid"]'::jsonb,
  '["Manual","Automatic"]'::jsonb,
  'Second generation Countryman, with updated styling and available plug-in hybrid.'
)
on conflict (model_id, code) do nothing;


insert into public.vehicle_insights (
  model_id,
  pros,
  cons,
  inspection_tips,
  notable_features,
  engine_examples,
  common_issues_by_engine,
  reliability_score,
  popularity_score
)
values (
  '90298f54-20c5-7703-3df1-e51ce540b2de',
  '["Spacious interior","Available all-wheel drive"]'::jsonb,
  '["Ride can be firm","Infotainment system can be slow"]'::jsonb,
  '["Check for suspension issues","Inspect for electrical problems"]'::jsonb,
  '["All-wheel drive","Plug-in hybrid option"]'::jsonb,
  '["1.5L I3","2.0L I4"]'::jsonb,
  '[{"engine_code":"B38","common_issues_ru":["Утечка масла","Проблемы с водяной помпой"]},{"engine_code":"B48","common_issues_ru":["Растяжение цепи ГРМ","Неисправности турбокомпрессора"]}]'::jsonb,
  null,
  null
)
on conflict (model_id) do nothing;


insert into public.vehicle_models (
  id,
  make_id,
  slug,
  name_en,
  first_model_year,
  last_model_year,
  years_available,
  body_types_available,
  fuel_types_available,
  transmission_available,
  reliability_score,
  popularity_score
)
values (
  'e509810a-55c6-38fb-457f-e7f75aecbc00',
  '8e753d13-b684-a8cf-0477-717bc934cde5',
  'hatch-cooper',
  'Hatch (Cooper)',
  2001,
  2024,
  '{2001,2005,2010,2015,2020,2024}'::int[],
  '["Hatchback"]'::jsonb,
  '["Gasoline","Diesel"]'::jsonb,
  '["Manual","Automatic"]'::jsonb,
  7.2,
  8.5
)
on conflict (make_id, slug) do nothing;


insert into public.vehicle_generations (
  id,
  model_id,
  code,
  start_year,
  end_year,
  facelift,
  production_countries,
  body_types,
  fuel_types,
  transmission_types,
  summary
)
values (
  '447ef416-e044-3ada-c848-723207a9b48e',
  'e509810a-55c6-38fb-457f-e7f75aecbc00',
  'Generation I (R50/R53) (2001-2006)',
  2001,
  2006,
  true,
  '{"United Kingdom"}'::text[],
  '["Hatchback"]'::jsonb,
  '["Gasoline","Diesel"]'::jsonb,
  '["Manual","Automatic"]'::jsonb,
  'First generation of the modern Mini, known for its retro styling.'
)
on conflict (model_id, code) do nothing;


insert into public.vehicle_generations (
  id,
  model_id,
  code,
  start_year,
  end_year,
  facelift,
  production_countries,
  body_types,
  fuel_types,
  transmission_types,
  summary
)
values (
  '4ba23a61-2cc5-5d4f-fe55-a69db01bb5ca',
  'e509810a-55c6-38fb-457f-e7f75aecbc00',
  'Generation II (R56) (2006-2013)',
  2006,
  2013,
  true,
  '{"United Kingdom"}'::text[],
  '["Hatchback"]'::jsonb,
  '["Gasoline","Diesel"]'::jsonb,
  '["Manual","Automatic"]'::jsonb,
  'Second generation, with updated engines and styling.'
)
on conflict (model_id, code) do nothing;


insert into public.vehicle_generations (
  id,
  model_id,
  code,
  start_year,
  end_year,
  facelift,
  production_countries,
  body_types,
  fuel_types,
  transmission_types,
  summary
)
values (
  '682af773-3d93-62e9-3ba4-5ef41ccf7778',
  'e509810a-55c6-38fb-457f-e7f75aecbc00',
  'Generation III (F56) (2014-2021)',
  2014,
  2021,
  true,
  '{"United Kingdom"}'::text[],
  '["Hatchback"]'::jsonb,
  '["Gasoline","Diesel","Electric"]'::jsonb,
  '["Manual","Automatic"]'::jsonb,
  'Third generation, with a new platform and more technology.'
)
on conflict (model_id, code) do nothing;


insert into public.vehicle_generations (
  id,
  model_id,
  code,
  start_year,
  end_year,
  facelift,
  production_countries,
  body_types,
  fuel_types,
  transmission_types,
  summary
)
values (
  '1db1b556-a829-da97-6d9d-a7d1b851eb28',
  'e509810a-55c6-38fb-457f-e7f75aecbc00',
  'Generation IV (F56) (2021-2024)',
  2021,
  2024,
  false,
  '{"United Kingdom"}'::text[],
  '["Hatchback"]'::jsonb,
  '["Gasoline","Electric"]'::jsonb,
  '["Manual","Automatic"]'::jsonb,
  'Fourth generation, with updated styling and features.'
)
on conflict (model_id, code) do nothing;


insert into public.vehicle_insights (
  model_id,
  pros,
  cons,
  inspection_tips,
  notable_features,
  engine_examples,
  common_issues_by_engine,
  reliability_score,
  popularity_score
)
values (
  'e509810a-55c6-38fb-457f-e7f75aecbc00',
  '["Fun to drive","Stylish design"]'::jsonb,
  '["Ride can be firm","Rear seat space is limited"]'::jsonb,
  '["Check for oil leaks","Inspect suspension components"]'::jsonb,
  '["Turbocharged engines","Sporty handling"]'::jsonb,
  '["1.5L I3","2.0L I4"]'::jsonb,
  '[{"engine_code":"N13","common_issues_ru":["Утечка масла","Проблемы с цепью ГРМ"]},{"engine_code":"B38","common_issues_ru":["Утечка охлаждающей жидкости","Проблемы с водяной помпой"]}]'::jsonb,
  null,
  null
)
on conflict (model_id) do nothing;


insert into public.vehicle_makes (id, slug, name_en, country, segment_class, is_active, category_path)
values (
  'f4bd3e7c-0776-f319-26ab-9f68ed7b358a',
  'mitsubishi',
  'Mitsubishi',
  'Япония',
  null,
  true,
  'transport/legkovye-avtomobili'
)
on conflict (id) do nothing;


insert into public.vehicle_models (
  id,
  make_id,
  slug,
  name_en,
  first_model_year,
  last_model_year,
  years_available,
  body_types_available,
  fuel_types_available,
  transmission_available,
  reliability_score,
  popularity_score
)
values (
  'b11c298a-3fc2-1f60-001b-f6d1d121834e',
  'f4bd3e7c-0776-f319-26ab-9f68ed7b358a',
  'asx-outlander-sport',
  'ASX (Outlander Sport)',
  2010,
  2024,
  '{2010,2011,2012,2013,2014,2015,2016,2017,2018,2019,2020,2021,2022,2023,2024}'::int[],
  '["SUV"]'::jsonb,
  '["Gasoline"]'::jsonb,
  '["Manual","Automatic","CVT"]'::jsonb,
  7,
  7.5
)
on conflict (make_id, slug) do nothing;


insert into public.vehicle_generations (
  id,
  model_id,
  code,
  start_year,
  end_year,
  facelift,
  production_countries,
  body_types,
  fuel_types,
  transmission_types,
  summary
)
values (
  '93c94a31-e576-ddc8-0c21-5d210a9c9313',
  'b11c298a-3fc2-1f60-001b-f6d1d121834e',
  'First Generation (2010-2017)',
  2010,
  2017,
  true,
  '{"Japan","USA"}'::text[],
  '["SUV"]'::jsonb,
  '["Gasoline"]'::jsonb,
  '["Manual","Automatic","CVT"]'::jsonb,
  'The first generation of the ASX/Outlander Sport offered a compact SUV experience with a focus on fuel efficiency and practicality. It received a facelift in 2013.'
)
on conflict (model_id, code) do nothing;


insert into public.vehicle_generations (
  id,
  model_id,
  code,
  start_year,
  end_year,
  facelift,
  production_countries,
  body_types,
  fuel_types,
  transmission_types,
  summary
)
values (
  '119853d8-03d9-ddde-4d28-3864174d2b02',
  'b11c298a-3fc2-1f60-001b-f6d1d121834e',
  'Second Generation (2018-2024)',
  2018,
  2024,
  true,
  '{"Japan","USA"}'::text[],
  '["SUV"]'::jsonb,
  '["Gasoline"]'::jsonb,
  '["CVT"]'::jsonb,
  'The second generation saw design updates and continued to offer a fuel-efficient and practical compact SUV. It received a facelift in 2020.'
)
on conflict (model_id, code) do nothing;


insert into public.vehicle_insights (
  model_id,
  pros,
  cons,
  inspection_tips,
  notable_features,
  engine_examples,
  common_issues_by_engine,
  reliability_score,
  popularity_score
)
values (
  'b11c298a-3fc2-1f60-001b-f6d1d121834e',
  '["Fuel efficiency","Compact size","Available all-wheel drive"]'::jsonb,
  '["Interior quality","Road noise","Limited cargo space"]'::jsonb,
  '["Check for rust","Inspect CVT transmission","Test all-wheel drive system"]'::jsonb,
  '["All-wheel drive","Panoramic sunroof","Touchscreen infotainment"]'::jsonb,
  '["2.0L I4","2.4L I4"]'::jsonb,
  '[{"engine_code":"4B11","common_issues_ru":["Растяжение цепи ГРМ","Утечки масла"]},{"engine_code":"4B12","common_issues_ru":["Повышенный расход масла","Неисправности системы охлаждения"]}]'::jsonb,
  null,
  null
)
on conflict (model_id) do nothing;


insert into public.vehicle_models (
  id,
  make_id,
  slug,
  name_en,
  first_model_year,
  last_model_year,
  years_available,
  body_types_available,
  fuel_types_available,
  transmission_available,
  reliability_score,
  popularity_score
)
values (
  'bdaf6cad-2638-cf28-5b3b-d82b7bb852c5',
  'f4bd3e7c-0776-f319-26ab-9f68ed7b358a',
  'eclipse-cross',
  'Eclipse Cross',
  2017,
  2024,
  '{2017,2018,2019,2020,2021,2022,2023,2024}'::int[],
  '["SUV"]'::jsonb,
  '["Gasoline","Plug-in Hybrid"]'::jsonb,
  '["Automatic","CVT"]'::jsonb,
  7.2,
  7.8
)
on conflict (make_id, slug) do nothing;


insert into public.vehicle_generations (
  id,
  model_id,
  code,
  start_year,
  end_year,
  facelift,
  production_countries,
  body_types,
  fuel_types,
  transmission_types,
  summary
)
values (
  'd053395e-ab06-fa8b-ca88-0edc58f06dd8',
  'bdaf6cad-2638-cf28-5b3b-d82b7bb852c5',
  'First Generation (2017-2023)',
  2017,
  2023,
  true,
  '{"Japan"}'::text[],
  '["SUV"]'::jsonb,
  '["Gasoline","Plug-in Hybrid"]'::jsonb,
  '["CVT","Automatic"]'::jsonb,
  'The Eclipse Cross is a compact SUV known for its distinctive styling and available all-wheel drive. It received a facelift in 2021.'
)
on conflict (model_id, code) do nothing;


insert into public.vehicle_insights (
  model_id,
  pros,
  cons,
  inspection_tips,
  notable_features,
  engine_examples,
  common_issues_by_engine,
  reliability_score,
  popularity_score
)
values (
  'bdaf6cad-2638-cf28-5b3b-d82b7bb852c5',
  '["Stylish design","Available all-wheel drive","Available plug-in hybrid"]'::jsonb,
  '["Rear visibility","Small cargo area","Engine noise"]'::jsonb,
  '["Check for electrical issues","Inspect the hybrid system (if applicable)","Test the all-wheel drive system"]'::jsonb,
  '["All-wheel drive","Panoramic sunroof","Touchscreen infotainment"]'::jsonb,
  '["1.5L Turbo I4","2.4L Plug-in Hybrid"]'::jsonb,
  '[{"engine_code":"4B40","common_issues_ru":["Проблемы с турбонаддувом","Утечки масла"]},{"engine_code":"4B12","common_issues_ru":["Проблемы с системой охлаждения","Нестабильная работа двигателя"]}]'::jsonb,
  null,
  null
)
on conflict (model_id) do nothing;


insert into public.vehicle_models (
  id,
  make_id,
  slug,
  name_en,
  first_model_year,
  last_model_year,
  years_available,
  body_types_available,
  fuel_types_available,
  transmission_available,
  reliability_score,
  popularity_score
)
values (
  '34a965c5-6400-17fd-c4be-ab6e16c215cc',
  'f4bd3e7c-0776-f319-26ab-9f68ed7b358a',
  'lancer',
  'Lancer',
  1973,
  2017,
  '{1973,1980,1988,1992,1995,2000,2005,2008,2010,2015,2017}'::int[],
  '["Sedan","Wagon","Hatchback"]'::jsonb,
  '["Gasoline"]'::jsonb,
  '["Manual","Automatic"]'::jsonb,
  7.8,
  8.2
)
on conflict (make_id, slug) do nothing;


insert into public.vehicle_generations (
  id,
  model_id,
  code,
  start_year,
  end_year,
  facelift,
  production_countries,
  body_types,
  fuel_types,
  transmission_types,
  summary
)
values (
  '67e7d69d-4404-7173-d4ee-1b25aa7a1541',
  '34a965c5-6400-17fd-c4be-ab6e16c215cc',
  'First Generation (1973-1979)',
  1973,
  1979,
  false,
  '{"Japan"}'::text[],
  '["Sedan","Wagon"]'::jsonb,
  '["Gasoline"]'::jsonb,
  '["Manual","Automatic"]'::jsonb,
  'The first generation Lancer was a compact car offered in various body styles.'
)
on conflict (model_id, code) do nothing;


insert into public.vehicle_generations (
  id,
  model_id,
  code,
  start_year,
  end_year,
  facelift,
  production_countries,
  body_types,
  fuel_types,
  transmission_types,
  summary
)
values (
  'af857cb9-03e2-52b2-ac97-f465e256b529',
  '34a965c5-6400-17fd-c4be-ab6e16c215cc',
  'Second Generation (1979-1983)',
  1979,
  1983,
  false,
  '{"Japan"}'::text[],
  '["Sedan","Wagon"]'::jsonb,
  '["Gasoline"]'::jsonb,
  '["Manual","Automatic"]'::jsonb,
  'The second generation Lancer saw design changes and continued to be a popular choice.'
)
on conflict (model_id, code) do nothing;


insert into public.vehicle_generations (
  id,
  model_id,
  code,
  start_year,
  end_year,
  facelift,
  production_countries,
  body_types,
  fuel_types,
  transmission_types,
  summary
)
values (
  '0e6216b4-01bf-d9c0-35b4-39ee396e51d2',
  '34a965c5-6400-17fd-c4be-ab6e16c215cc',
  'Third Generation (1983-1988)',
  1983,
  1988,
  false,
  '{"Japan"}'::text[],
  '["Sedan","Wagon"]'::jsonb,
  '["Gasoline"]'::jsonb,
  '["Manual","Automatic"]'::jsonb,
  'The third generation Lancer introduced new features and design elements.'
)
on conflict (model_id, code) do nothing;


insert into public.vehicle_generations (
  id,
  model_id,
  code,
  start_year,
  end_year,
  facelift,
  production_countries,
  body_types,
  fuel_types,
  transmission_types,
  summary
)
values (
  '698a9f67-ba9c-2ee8-17df-a2b16a79c804',
  '34a965c5-6400-17fd-c4be-ab6e16c215cc',
  'Fourth Generation (1988-1992)',
  1988,
  1992,
  false,
  '{"Japan"}'::text[],
  '["Sedan","Wagon"]'::jsonb,
  '["Gasoline"]'::jsonb,
  '["Manual","Automatic"]'::jsonb,
  'The fourth generation Lancer offered improved performance and features.'
)
on conflict (model_id, code) do nothing;


insert into public.vehicle_generations (
  id,
  model_id,
  code,
  start_year,
  end_year,
  facelift,
  production_countries,
  body_types,
  fuel_types,
  transmission_types,
  summary
)
values (
  '93b684f2-729c-e2f8-9b91-bb3dcbf6e1d6',
  '34a965c5-6400-17fd-c4be-ab6e16c215cc',
  'Fifth Generation (1991-1995)',
  1991,
  1995,
  false,
  '{"Japan"}'::text[],
  '["Sedan","Wagon"]'::jsonb,
  '["Gasoline"]'::jsonb,
  '["Manual","Automatic"]'::jsonb,
  'The fifth generation Lancer continued to evolve with new technologies.'
)
on conflict (model_id, code) do nothing;


insert into public.vehicle_generations (
  id,
  model_id,
  code,
  start_year,
  end_year,
  facelift,
  production_countries,
  body_types,
  fuel_types,
  transmission_types,
  summary
)
values (
  'b86551c1-23b6-12eb-3a68-52100e690af1',
  '34a965c5-6400-17fd-c4be-ab6e16c215cc',
  'Sixth Generation (1995-2003)',
  1995,
  2003,
  false,
  '{"Japan"}'::text[],
  '["Sedan","Wagon"]'::jsonb,
  '["Gasoline"]'::jsonb,
  '["Manual","Automatic"]'::jsonb,
  'The sixth generation Lancer offered a more modern design and features.'
)
on conflict (model_id, code) do nothing;


insert into public.vehicle_generations (
  id,
  model_id,
  code,
  start_year,
  end_year,
  facelift,
  production_countries,
  body_types,
  fuel_types,
  transmission_types,
  summary
)
values (
  '7795d10d-99b3-40de-b453-887c937c04c2',
  '34a965c5-6400-17fd-c4be-ab6e16c215cc',
  'Seventh Generation (2000-2007)',
  2000,
  2007,
  false,
  '{"Japan"}'::text[],
  '["Sedan","Wagon"]'::jsonb,
  '["Gasoline"]'::jsonb,
  '["Manual","Automatic"]'::jsonb,
  'The seventh generation Lancer saw a significant redesign.'
)
on conflict (model_id, code) do nothing;


insert into public.vehicle_generations (
  id,
  model_id,
  code,
  start_year,
  end_year,
  facelift,
  production_countries,
  body_types,
  fuel_types,
  transmission_types,
  summary
)
values (
  'a6b92eae-0817-821b-009c-72e355696e70',
  '34a965c5-6400-17fd-c4be-ab6e16c215cc',
  'Eighth Generation (2007-2017)',
  2007,
  2017,
  true,
  '{"Japan","USA"}'::text[],
  '["Sedan","Hatchback"]'::jsonb,
  '["Gasoline"]'::jsonb,
  '["Manual","Automatic","CVT"]'::jsonb,
  'The eighth generation Lancer was a popular compact car, known for its sporty handling and available features. It received a facelift in 2016.'
)
on conflict (model_id, code) do nothing;


insert into public.vehicle_insights (
  model_id,
  pros,
  cons,
  inspection_tips,
  notable_features,
  engine_examples,
  common_issues_by_engine,
  reliability_score,
  popularity_score
)
values (
  '34a965c5-6400-17fd-c4be-ab6e16c215cc',
  '["Reliable engines","Sporty handling (in some trims)","Availability of manual transmission"]'::jsonb,
  '["Interior quality (especially in later models)","Fuel economy (in some trims)","Outdated design (in later models)"]'::jsonb,
  '["Check for rust","Inspect the suspension","Test the transmission"]'::jsonb,
  '["Evolution models (high-performance)","Available all-wheel drive","Sporty trims"]'::jsonb,
  '["2.0L I4","2.4L I4","2.0L Turbo I4 (Evolution)"]'::jsonb,
  '[{"engine_code":"4B11","common_issues_ru":["Растяжение цепи ГРМ","Утечки масла"]},{"engine_code":"4B12","common_issues_ru":["Повышенный расход масла","Неисправности системы охлаждения"]}]'::jsonb,
  null,
  null
)
on conflict (model_id) do nothing;


insert into public.vehicle_models (
  id,
  make_id,
  slug,
  name_en,
  first_model_year,
  last_model_year,
  years_available,
  body_types_available,
  fuel_types_available,
  transmission_available,
  reliability_score,
  popularity_score
)
values (
  '224e427f-6907-3e4e-dfae-c8c1fbf3f660',
  'f4bd3e7c-0776-f319-26ab-9f68ed7b358a',
  'mirage',
  'Mirage',
  1978,
  2023,
  '{1978,1980,1985,1988,1991,1995,2000,2013,2015,2020,2023}'::int[],
  '["Hatchback","Sedan"]'::jsonb,
  '["Gasoline"]'::jsonb,
  '["Manual","Automatic","CVT"]'::jsonb,
  7.3,
  6.5
)
on conflict (make_id, slug) do nothing;


insert into public.vehicle_generations (
  id,
  model_id,
  code,
  start_year,
  end_year,
  facelift,
  production_countries,
  body_types,
  fuel_types,
  transmission_types,
  summary
)
values (
  'adccafa2-c760-807e-d14c-982fff6bef27',
  '224e427f-6907-3e4e-dfae-c8c1fbf3f660',
  'First Generation (1978-1983)',
  1978,
  1983,
  false,
  '{"Japan"}'::text[],
  '["Hatchback","Sedan"]'::jsonb,
  '["Gasoline"]'::jsonb,
  '["Manual","Automatic"]'::jsonb,
  'The first generation Mirage was a compact car known for its fuel efficiency.'
)
on conflict (model_id, code) do nothing;


insert into public.vehicle_generations (
  id,
  model_id,
  code,
  start_year,
  end_year,
  facelift,
  production_countries,
  body_types,
  fuel_types,
  transmission_types,
  summary
)
values (
  '28e5ccf6-e291-c185-7789-d8540475d707',
  '224e427f-6907-3e4e-dfae-c8c1fbf3f660',
  'Second Generation (1983-1987)',
  1983,
  1987,
  false,
  '{"Japan"}'::text[],
  '["Hatchback","Sedan"]'::jsonb,
  '["Gasoline"]'::jsonb,
  '["Manual","Automatic"]'::jsonb,
  'The second generation Mirage saw design changes and continued to be a fuel-efficient option.'
)
on conflict (model_id, code) do nothing;


insert into public.vehicle_generations (
  id,
  model_id,
  code,
  start_year,
  end_year,
  facelift,
  production_countries,
  body_types,
  fuel_types,
  transmission_types,
  summary
)
values (
  '45d5fe99-6a5c-9b80-6af0-cff5eb32c950',
  '224e427f-6907-3e4e-dfae-c8c1fbf3f660',
  'Third Generation (1987-1991)',
  1987,
  1991,
  false,
  '{"Japan"}'::text[],
  '["Hatchback","Sedan"]'::jsonb,
  '["Gasoline"]'::jsonb,
  '["Manual","Automatic"]'::jsonb,
  'The third generation Mirage offered improved features and performance.'
)
on conflict (model_id, code) do nothing;


insert into public.vehicle_generations (
  id,
  model_id,
  code,
  start_year,
  end_year,
  facelift,
  production_countries,
  body_types,
  fuel_types,
  transmission_types,
  summary
)
values (
  '7faf0c8a-2b0b-5ce9-689c-4fc077908f18',
  '224e427f-6907-3e4e-dfae-c8c1fbf3f660',
  'Fourth Generation (1991-1995)',
  1991,
  1995,
  false,
  '{"Japan"}'::text[],
  '["Hatchback","Sedan"]'::jsonb,
  '["Gasoline"]'::jsonb,
  '["Manual","Automatic"]'::jsonb,
  'The fourth generation Mirage continued to evolve with new technologies.'
)
on conflict (model_id, code) do nothing;


insert into public.vehicle_generations (
  id,
  model_id,
  code,
  start_year,
  end_year,
  facelift,
  production_countries,
  body_types,
  fuel_types,
  transmission_types,
  summary
)
values (
  'b2c185f2-c2f0-76cd-b5e9-c9c26c019723',
  '224e427f-6907-3e4e-dfae-c8c1fbf3f660',
  'Fifth Generation (1995-2003)',
  1995,
  2003,
  false,
  '{"Japan"}'::text[],
  '["Hatchback","Sedan"]'::jsonb,
  '["Gasoline"]'::jsonb,
  '["Manual","Automatic"]'::jsonb,
  'The fifth generation Mirage offered a more modern design.'
)
on conflict (model_id, code) do nothing;


insert into public.vehicle_generations (
  id,
  model_id,
  code,
  start_year,
  end_year,
  facelift,
  production_countries,
  body_types,
  fuel_types,
  transmission_types,
  summary
)
values (
  'e60110cd-0635-2f52-709a-bf3c24d86a16',
  '224e427f-6907-3e4e-dfae-c8c1fbf3f660',
  'Sixth Generation (2012-2023)',
  2012,
  2023,
  true,
  '{"Thailand"}'::text[],
  '["Hatchback","Sedan"]'::jsonb,
  '["Gasoline"]'::jsonb,
  '["Manual","CVT"]'::jsonb,
  'The sixth generation Mirage is a subcompact car known for its fuel efficiency and affordability. It received a facelift in 2016 and 2020.'
)
on conflict (model_id, code) do nothing;


insert into public.vehicle_insights (
  model_id,
  pros,
  cons,
  inspection_tips,
  notable_features,
  engine_examples,
  common_issues_by_engine,
  reliability_score,
  popularity_score
)
values (
  '224e427f-6907-3e4e-dfae-c8c1fbf3f660',
  '["Excellent fuel economy","Affordable price","Compact size"]'::jsonb,
  '["Underpowered engine","Basic interior","Limited features"]'::jsonb,
  '["Check the engine for leaks","Inspect the CVT transmission","Test the air conditioning"]'::jsonb,
  '["Fuel-efficient engine","Compact size","Affordable price"]'::jsonb,
  '["1.2L I3"]'::jsonb,
  '[{"engine_code":"3A92","common_issues_ru":["Износ ремня ГРМ","Неисправности системы зажигания"]}]'::jsonb,
  null,
  null
)
on conflict (model_id) do nothing;


insert into public.vehicle_models (
  id,
  make_id,
  slug,
  name_en,
  first_model_year,
  last_model_year,
  years_available,
  body_types_available,
  fuel_types_available,
  transmission_available,
  reliability_score,
  popularity_score
)
values (
  'a1302c9e-86ae-7c59-cf4a-86569150502c',
  'f4bd3e7c-0776-f319-26ab-9f68ed7b358a',
  'outlander',
  'Outlander',
  2003,
  2024,
  '{2003,2005,2007,2010,2013,2015,2017,2020,2022,2023,2024}'::int[],
  '["SUV"]'::jsonb,
  '["Gasoline","Plug-in Hybrid"]'::jsonb,
  '["Automatic","CVT"]'::jsonb,
  7.5,
  8
)
on conflict (make_id, slug) do nothing;


insert into public.vehicle_generations (
  id,
  model_id,
  code,
  start_year,
  end_year,
  facelift,
  production_countries,
  body_types,
  fuel_types,
  transmission_types,
  summary
)
values (
  '713e72ba-d564-edbd-bc4d-c16cf0fd9a8d',
  'a1302c9e-86ae-7c59-cf4a-86569150502c',
  'First Generation (2003-2006)',
  2003,
  2006,
  false,
  '{"Japan"}'::text[],
  '["SUV"]'::jsonb,
  '["Gasoline"]'::jsonb,
  '["Automatic","Manual"]'::jsonb,
  'The first generation Outlander was a compact SUV offering a balance of practicality and performance.'
)
on conflict (model_id, code) do nothing;


insert into public.vehicle_generations (
  id,
  model_id,
  code,
  start_year,
  end_year,
  facelift,
  production_countries,
  body_types,
  fuel_types,
  transmission_types,
  summary
)
values (
  '93135a2e-e142-cf40-6f66-e56662687cc5',
  'a1302c9e-86ae-7c59-cf4a-86569150502c',
  'Second Generation (2006-2012)',
  2006,
  2012,
  true,
  '{"Japan","USA"}'::text[],
  '["SUV"]'::jsonb,
  '["Gasoline"]'::jsonb,
  '["Automatic","CVT"]'::jsonb,
  'The second generation Outlander offered more space and features. It received a facelift in 2009.'
)
on conflict (model_id, code) do nothing;


insert into public.vehicle_generations (
  id,
  model_id,
  code,
  start_year,
  end_year,
  facelift,
  production_countries,
  body_types,
  fuel_types,
  transmission_types,
  summary
)
values (
  '1bccf6b9-dc00-d0b6-e8f7-6a01b85245e9',
  'a1302c9e-86ae-7c59-cf4a-86569150502c',
  'Third Generation (2012-2021)',
  2012,
  2021,
  true,
  '{"Japan","USA"}'::text[],
  '["SUV"]'::jsonb,
  '["Gasoline","Plug-in Hybrid"]'::jsonb,
  '["CVT"]'::jsonb,
  'The third generation Outlander introduced a plug-in hybrid variant and received a facelift in 2015 and 2019.'
)
on conflict (model_id, code) do nothing;


insert into public.vehicle_generations (
  id,
  model_id,
  code,
  start_year,
  end_year,
  facelift,
  production_countries,
  body_types,
  fuel_types,
  transmission_types,
  summary
)
values (
  '05b4dbfc-1c93-0dc2-b54b-41c01bff27e8',
  'a1302c9e-86ae-7c59-cf4a-86569150502c',
  'Fourth Generation (2021-2024)',
  2021,
  2024,
  false,
  '{"Japan"}'::text[],
  '["SUV"]'::jsonb,
  '["Gasoline","Plug-in Hybrid"]'::jsonb,
  '["CVT"]'::jsonb,
  'The fourth generation Outlander features a new design and updated technology.'
)
on conflict (model_id, code) do nothing;


insert into public.vehicle_insights (
  model_id,
  pros,
  cons,
  inspection_tips,
  notable_features,
  engine_examples,
  common_issues_by_engine,
  reliability_score,
  popularity_score
)
values (
  'a1302c9e-86ae-7c59-cf4a-86569150502c',
  '["Available third-row seating","Available all-wheel drive","Available plug-in hybrid"]'::jsonb,
  '["Interior quality (in some models)","Fuel economy (in some trims)","CVT transmission reliability"]'::jsonb,
  '["Check the CVT transmission","Inspect the all-wheel drive system","Test the hybrid system (if applicable)"]'::jsonb,
  '["Third-row seating","All-wheel drive","Plug-in hybrid","Advanced driver-assistance systems"]'::jsonb,
  '["2.4L I4","3.0L V6","2.0L Plug-in Hybrid"]'::jsonb,
  '[{"engine_code":"4B12","common_issues_ru":["Повышенный расход масла","Неисправности системы охлаждения"]},{"engine_code":"6B31","common_issues_ru":["Утечки масла","Проблемы с системой зажигания"]}]'::jsonb,
  null,
  null
)
on conflict (model_id) do nothing;


insert into public.vehicle_models (
  id,
  make_id,
  slug,
  name_en,
  first_model_year,
  last_model_year,
  years_available,
  body_types_available,
  fuel_types_available,
  transmission_available,
  reliability_score,
  popularity_score
)
values (
  '13fea5db-0e83-7483-56c0-9b6845ede14e',
  'f4bd3e7c-0776-f319-26ab-9f68ed7b358a',
  'pajero-montero',
  'Pajero (Montero)',
  1982,
  2021,
  '{1982,1985,1990,1995,2000,2006,2010,2015,2020,2021}'::int[],
  '["SUV"]'::jsonb,
  '["Gasoline","Diesel"]'::jsonb,
  '["Manual","Automatic"]'::jsonb,
  8,
  8.5
)
on conflict (make_id, slug) do nothing;


insert into public.vehicle_generations (
  id,
  model_id,
  code,
  start_year,
  end_year,
  facelift,
  production_countries,
  body_types,
  fuel_types,
  transmission_types,
  summary
)
values (
  '4daec610-e79e-914c-1af9-117e9f44f916',
  '13fea5db-0e83-7483-56c0-9b6845ede14e',
  'First Generation (1982-1991)',
  1982,
  1991,
  true,
  '{"Japan"}'::text[],
  '["SUV"]'::jsonb,
  '["Gasoline","Diesel"]'::jsonb,
  '["Manual","Automatic"]'::jsonb,
  'The first generation Pajero/Montero established itself as a capable off-road SUV.'
)
on conflict (model_id, code) do nothing;


insert into public.vehicle_generations (
  id,
  model_id,
  code,
  start_year,
  end_year,
  facelift,
  production_countries,
  body_types,
  fuel_types,
  transmission_types,
  summary
)
values (
  'db4d6111-6860-7748-b19f-d958a1d10418',
  '13fea5db-0e83-7483-56c0-9b6845ede14e',
  'Second Generation (1991-1999)',
  1991,
  1999,
  true,
  '{"Japan"}'::text[],
  '["SUV"]'::jsonb,
  '["Gasoline","Diesel"]'::jsonb,
  '["Manual","Automatic"]'::jsonb,
  'The second generation Pajero/Montero offered improved comfort and features.'
)
on conflict (model_id, code) do nothing;


insert into public.vehicle_generations (
  id,
  model_id,
  code,
  start_year,
  end_year,
  facelift,
  production_countries,
  body_types,
  fuel_types,
  transmission_types,
  summary
)
values (
  'b70db662-06b8-ccc5-4d04-b0d7edfb1495',
  '13fea5db-0e83-7483-56c0-9b6845ede14e',
  'Third Generation (1999-2006)',
  1999,
  2006,
  true,
  '{"Japan"}'::text[],
  '["SUV"]'::jsonb,
  '["Gasoline","Diesel"]'::jsonb,
  '["Manual","Automatic"]'::jsonb,
  'The third generation Pajero/Montero saw significant improvements in off-road capability and refinement.'
)
on conflict (model_id, code) do nothing;


insert into public.vehicle_generations (
  id,
  model_id,
  code,
  start_year,
  end_year,
  facelift,
  production_countries,
  body_types,
  fuel_types,
  transmission_types,
  summary
)
values (
  '2967e09a-f039-22c6-b3cd-c4043931760c',
  '13fea5db-0e83-7483-56c0-9b6845ede14e',
  'Fourth Generation (2006-2021)',
  2006,
  2021,
  true,
  '{"Japan"}'::text[],
  '["SUV"]'::jsonb,
  '["Gasoline","Diesel"]'::jsonb,
  '["Automatic"]'::jsonb,
  'The fourth generation Pajero/Montero continued to be a rugged and capable SUV, with a focus on off-road performance.'
)
on conflict (model_id, code) do nothing;


insert into public.vehicle_insights (
  model_id,
  pros,
  cons,
  inspection_tips,
  notable_features,
  engine_examples,
  common_issues_by_engine,
  reliability_score,
  popularity_score
)
values (
  '13fea5db-0e83-7483-56c0-9b6845ede14e',
  '["Off-road capability","Reliability","Durability"]'::jsonb,
  '["Fuel economy","Ride quality (on-road)","Interior design (in later models)"]'::jsonb,
  '["Check for rust","Inspect the suspension","Test the four-wheel drive system"]'::jsonb,
  '["Super Select 4WD system","Rugged construction","Diesel engine options"]'::jsonb,
  '["3.0L V6","3.5L V6","3.2L Diesel I4"]'::jsonb,
  '[{"engine_code":"6G72","common_issues_ru":["Проблемы с прокладкой клапанной крышки","Утечки масла"]},{"engine_code":"4M41","common_issues_ru":["Проблемы с ТНВД","Износ цепи ГРМ"]}]'::jsonb,
  null,
  null
)
on conflict (model_id) do nothing;


insert into public.vehicle_makes (id, slug, name_en, country, segment_class, is_active, category_path)
values (
  '10ea96fd-f8fa-b883-2709-5650fcdf7725',
  'morgan',
  'Morgan',
  'Великобритания',
  null,
  true,
  'transport/legkovye-avtomobili'
)
on conflict (id) do nothing;


insert into public.vehicle_models (
  id,
  make_id,
  slug,
  name_en,
  first_model_year,
  last_model_year,
  years_available,
  body_types_available,
  fuel_types_available,
  transmission_available,
  reliability_score,
  popularity_score
)
values (
  'ddf8ed6a-c48d-e1a8-73e3-6b8dc96e598c',
  '10ea96fd-f8fa-b883-2709-5650fcdf7725',
  '4-4',
  '4/4',
  1936,
  2024,
  '{1936,1940,1950,1960,1970,1980,1990,2000,2010,2020,2024}'::int[],
  '["Roadster","Convertible"]'::jsonb,
  '["Gasoline"]'::jsonb,
  '["Manual"]'::jsonb,
  6.5,
  7
)
on conflict (make_id, slug) do nothing;


insert into public.vehicle_generations (
  id,
  model_id,
  code,
  start_year,
  end_year,
  facelift,
  production_countries,
  body_types,
  fuel_types,
  transmission_types,
  summary
)
values (
  '65332662-f67c-1ea8-511c-b87cc13e2dbc',
  'ddf8ed6a-c48d-e1a8-73e3-6b8dc96e598c',
  'Series I (1936-1939)',
  1936,
  1939,
  false,
  '{"United Kingdom"}'::text[],
  '["Roadster"]'::jsonb,
  '["Gasoline"]'::jsonb,
  '["Manual"]'::jsonb,
  'The original 4/4, featuring a four-cylinder engine and a simple, lightweight design.'
)
on conflict (model_id, code) do nothing;


insert into public.vehicle_generations (
  id,
  model_id,
  code,
  start_year,
  end_year,
  facelift,
  production_countries,
  body_types,
  fuel_types,
  transmission_types,
  summary
)
values (
  '7814d566-bede-d796-e90b-10e4eb977234',
  'ddf8ed6a-c48d-e1a8-73e3-6b8dc96e598c',
  'Series II (1939-1950)',
  1939,
  1950,
  false,
  '{"United Kingdom"}'::text[],
  '["Roadster"]'::jsonb,
  '["Gasoline"]'::jsonb,
  '["Manual"]'::jsonb,
  'Post-war model with various engine and chassis improvements.'
)
on conflict (model_id, code) do nothing;


insert into public.vehicle_generations (
  id,
  model_id,
  code,
  start_year,
  end_year,
  facelift,
  production_countries,
  body_types,
  fuel_types,
  transmission_types,
  summary
)
values (
  'e29212c4-8b9a-4da0-191b-a99ec9f30900',
  'ddf8ed6a-c48d-e1a8-73e3-6b8dc96e598c',
  'Series III (1951-1955)',
  1951,
  1955,
  false,
  '{"United Kingdom"}'::text[],
  '["Roadster"]'::jsonb,
  '["Gasoline"]'::jsonb,
  '["Manual"]'::jsonb,
  'Introduced a new chassis and engine options.'
)
on conflict (model_id, code) do nothing;


insert into public.vehicle_generations (
  id,
  model_id,
  code,
  start_year,
  end_year,
  facelift,
  production_countries,
  body_types,
  fuel_types,
  transmission_types,
  summary
)
values (
  'c6f6ac05-0f38-210a-e16a-833357af5255',
  'ddf8ed6a-c48d-e1a8-73e3-6b8dc96e598c',
  'Series IV (1955-1960)',
  1955,
  1960,
  false,
  '{"United Kingdom"}'::text[],
  '["Roadster"]'::jsonb,
  '["Gasoline"]'::jsonb,
  '["Manual"]'::jsonb,
  'Further refinements to the chassis and engine.'
)
on conflict (model_id, code) do nothing;


insert into public.vehicle_generations (
  id,
  model_id,
  code,
  start_year,
  end_year,
  facelift,
  production_countries,
  body_types,
  fuel_types,
  transmission_types,
  summary
)
values (
  'a17d1b46-934d-8fd0-a5c6-96988610af9e',
  'ddf8ed6a-c48d-e1a8-73e3-6b8dc96e598c',
  '4/4 1600 (1960-1968)',
  1960,
  1968,
  false,
  '{"United Kingdom"}'::text[],
  '["Roadster"]'::jsonb,
  '["Gasoline"]'::jsonb,
  '["Manual"]'::jsonb,
  'Powered by Ford engines.'
)
on conflict (model_id, code) do nothing;


insert into public.vehicle_generations (
  id,
  model_id,
  code,
  start_year,
  end_year,
  facelift,
  production_countries,
  body_types,
  fuel_types,
  transmission_types,
  summary
)
values (
  '9974d547-5a45-de69-daba-433ce09adce4',
  'ddf8ed6a-c48d-e1a8-73e3-6b8dc96e598c',
  '4/4 (1968-1982)',
  1968,
  1982,
  false,
  '{"United Kingdom"}'::text[],
  '["Roadster"]'::jsonb,
  '["Gasoline"]'::jsonb,
  '["Manual"]'::jsonb,
  'Continued with Ford engines and various updates.'
)
on conflict (model_id, code) do nothing;


insert into public.vehicle_generations (
  id,
  model_id,
  code,
  start_year,
  end_year,
  facelift,
  production_countries,
  body_types,
  fuel_types,
  transmission_types,
  summary
)
values (
  'e3fe14c2-10d0-2461-1a5a-75a37db40ee1',
  'ddf8ed6a-c48d-e1a8-73e3-6b8dc96e598c',
  '4/4 (1982-2000)',
  1982,
  2000,
  false,
  '{"United Kingdom"}'::text[],
  '["Roadster"]'::jsonb,
  '["Gasoline"]'::jsonb,
  '["Manual"]'::jsonb,
  'Continued with Ford engines and various updates.'
)
on conflict (model_id, code) do nothing;


insert into public.vehicle_generations (
  id,
  model_id,
  code,
  start_year,
  end_year,
  facelift,
  production_countries,
  body_types,
  fuel_types,
  transmission_types,
  summary
)
values (
  '0c4af75d-2865-1df0-a73a-ce055f0f9f0c',
  'ddf8ed6a-c48d-e1a8-73e3-6b8dc96e598c',
  '4/4 (2000-2018)',
  2000,
  2018,
  false,
  '{"United Kingdom"}'::text[],
  '["Roadster"]'::jsonb,
  '["Gasoline"]'::jsonb,
  '["Manual"]'::jsonb,
  'Uses Ford engines.'
)
on conflict (model_id, code) do nothing;


insert into public.vehicle_generations (
  id,
  model_id,
  code,
  start_year,
  end_year,
  facelift,
  production_countries,
  body_types,
  fuel_types,
  transmission_types,
  summary
)
values (
  '7d3c81ff-a69f-60a4-d238-95cdcab39408',
  'ddf8ed6a-c48d-e1a8-73e3-6b8dc96e598c',
  '4/4 (2018-2024)',
  2018,
  2024,
  false,
  '{"United Kingdom"}'::text[],
  '["Roadster"]'::jsonb,
  '["Gasoline"]'::jsonb,
  '["Manual"]'::jsonb,
  'Uses Ford engines.'
)
on conflict (model_id, code) do nothing;


insert into public.vehicle_insights (
  model_id,
  pros,
  cons,
  inspection_tips,
  notable_features,
  engine_examples,
  common_issues_by_engine,
  reliability_score,
  popularity_score
)
values (
  'ddf8ed6a-c48d-e1a8-73e3-6b8dc96e598c',
  '["Classic design","Lightweight and engaging driving experience"]'::jsonb,
  '["Basic interior","Limited practicality"]'::jsonb,
  '["Check for chassis rust","Inspect the wooden frame"]'::jsonb,
  '["Classic roadster design","Simple mechanicals"]'::jsonb,
  '["1.6L Ford Sigma","1.8L Ford Zetec"]'::jsonb,
  '[{"engine_code":"1.6L Ford Sigma","common_issues_ru":["Утечки масла","Износ сцепления"]},{"engine_code":"1.8L Ford Zetec","common_issues_ru":["Неисправность датчика коленвала","Износ ремня ГРМ"]}]'::jsonb,
  null,
  null
)
on conflict (model_id) do nothing;


insert into public.vehicle_models (
  id,
  make_id,
  slug,
  name_en,
  first_model_year,
  last_model_year,
  years_available,
  body_types_available,
  fuel_types_available,
  transmission_available,
  reliability_score,
  popularity_score
)
values (
  'b11ada85-0488-ef82-7de5-e1f0118637fa',
  '10ea96fd-f8fa-b883-2709-5650fcdf7725',
  'plus-six',
  'Plus Six',
  2019,
  2024,
  '{2019,2020,2021,2022,2023,2024}'::int[],
  '["Roadster","Convertible"]'::jsonb,
  '["Gasoline"]'::jsonb,
  '["Automatic"]'::jsonb,
  7,
  7.5
)
on conflict (make_id, slug) do nothing;


insert into public.vehicle_generations (
  id,
  model_id,
  code,
  start_year,
  end_year,
  facelift,
  production_countries,
  body_types,
  fuel_types,
  transmission_types,
  summary
)
values (
  '5fab4347-398d-6397-c05d-6dc83f83e452',
  'b11ada85-0488-ef82-7de5-e1f0118637fa',
  'First Generation (2019-2024)',
  2019,
  2024,
  false,
  '{"United Kingdom"}'::text[],
  '["Roadster","Convertible"]'::jsonb,
  '["Gasoline"]'::jsonb,
  '["Automatic"]'::jsonb,
  'Modern Morgan with a BMW engine.'
)
on conflict (model_id, code) do nothing;


insert into public.vehicle_insights (
  model_id,
  pros,
  cons,
  inspection_tips,
  notable_features,
  engine_examples,
  common_issues_by_engine,
  reliability_score,
  popularity_score
)
values (
  'b11ada85-0488-ef82-7de5-e1f0118637fa',
  '["Powerful engine","Improved performance compared to older models"]'::jsonb,
  '["Higher price","Still a niche vehicle"]'::jsonb,
  '["Check for leaks","Inspect the bodywork for imperfections"]'::jsonb,
  '["BMW B58 engine","Modern chassis"]'::jsonb,
  '["3.0L BMW B58"]'::jsonb,
  '[{"engine_code":"BMW B58","common_issues_ru":["Утечки охлаждающей жидкости","Проблемы с водяной помпой"]}]'::jsonb,
  null,
  null
)
on conflict (model_id) do nothing;


insert into public.vehicle_makes (id, slug, name_en, country, segment_class, is_active, category_path)
values (
  '8f13f662-bf5f-bda7-0ebf-f07278a446a4',
  'moskvitch',
  'Moskvitch',
  'Россия',
  null,
  true,
  'transport/legkovye-avtomobili'
)
on conflict (id) do nothing;


insert into public.vehicle_models (
  id,
  make_id,
  slug,
  name_en,
  first_model_year,
  last_model_year,
  years_available,
  body_types_available,
  fuel_types_available,
  transmission_available,
  reliability_score,
  popularity_score
)
values (
  '6e0f0d9e-33ad-270f-af73-67a09f931e67',
  '8f13f662-bf5f-bda7-0ebf-f07278a446a4',
  'moskvitch-2141-aleko',
  'Moskvitch 2141 (Aleko)',
  1986,
  2002,
  '{1986,1990,1995,2000,2002}'::int[],
  '["Hatchback","Sedan (rare)"]'::jsonb,
  '["Gasoline"]'::jsonb,
  '["Manual"]'::jsonb,
  6,
  7
)
on conflict (make_id, slug) do nothing;


insert into public.vehicle_generations (
  id,
  model_id,
  code,
  start_year,
  end_year,
  facelift,
  production_countries,
  body_types,
  fuel_types,
  transmission_types,
  summary
)
values (
  '614e781f-5f88-7ced-4757-d4f93d85b36c',
  '6e0f0d9e-33ad-270f-af73-67a09f931e67',
  'Generation I (1986-1997)',
  1986,
  1997,
  true,
  '{"USSR","Russia"}'::text[],
  '["Hatchback"]'::jsonb,
  '["Gasoline"]'::jsonb,
  '["Manual"]'::jsonb,
  'The original generation, known for its Renault-based design and various engine options.'
)
on conflict (model_id, code) do nothing;


insert into public.vehicle_generations (
  id,
  model_id,
  code,
  start_year,
  end_year,
  facelift,
  production_countries,
  body_types,
  fuel_types,
  transmission_types,
  summary
)
values (
  '974805f4-588d-d0be-485b-360b321b0693',
  '6e0f0d9e-33ad-270f-af73-67a09f931e67',
  'Generation II (1997-2002)',
  1997,
  2002,
  false,
  '{"Russia"}'::text[],
  '["Hatchback"]'::jsonb,
  '["Gasoline"]'::jsonb,
  '["Manual"]'::jsonb,
  'Minor updates and improvements, with a focus on cost reduction.'
)
on conflict (model_id, code) do nothing;


insert into public.vehicle_insights (
  model_id,
  pros,
  cons,
  inspection_tips,
  notable_features,
  engine_examples,
  common_issues_by_engine,
  reliability_score,
  popularity_score
)
values (
  '6e0f0d9e-33ad-270f-af73-67a09f931e67',
  '["Affordable","Simple mechanics"]'::jsonb,
  '["Poor build quality","Rust-prone"]'::jsonb,
  '["Check for rust in the body and chassis","Inspect the engine for leaks"]'::jsonb,
  '["Front-wheel drive","Relatively spacious interior"]'::jsonb,
  '["1.5L UZAM","1.6L VAZ"]'::jsonb,
  '[{"engine_code":"UZAM-412","common_issues_ru":["Перегрев","Износ распредвала"]},{"engine_code":"VAZ-2106","common_issues_ru":["Утечка масла","Проблемы с карбюратором"]}]'::jsonb,
  null,
  null
)
on conflict (model_id) do nothing;


insert into public.vehicle_models (
  id,
  make_id,
  slug,
  name_en,
  first_model_year,
  last_model_year,
  years_available,
  body_types_available,
  fuel_types_available,
  transmission_available,
  reliability_score,
  popularity_score
)
values (
  '9e70eaeb-0a2d-2aca-9b6b-53ff18abf18a',
  '8f13f662-bf5f-bda7-0ebf-f07278a446a4',
  'moskvitch-3',
  'Moskvitch 3',
  2022,
  2024,
  '{2022,2023,2024}'::int[],
  '["SUV"]'::jsonb,
  '["Gasoline"]'::jsonb,
  '["Manual","Automatic"]'::jsonb,
  7,
  8.5
)
on conflict (make_id, slug) do nothing;


insert into public.vehicle_generations (
  id,
  model_id,
  code,
  start_year,
  end_year,
  facelift,
  production_countries,
  body_types,
  fuel_types,
  transmission_types,
  summary
)
values (
  'f8bd2095-afd6-e419-b966-865ba6f5a39e',
  '9e70eaeb-0a2d-2aca-9b6b-53ff18abf18a',
  'Generation I (2022-Present)',
  2022,
  2024,
  false,
  '{"Russia"}'::text[],
  '["SUV"]'::jsonb,
  '["Gasoline"]'::jsonb,
  '["Manual","Automatic"]'::jsonb,
  'Rebadged JAC Sehol X4, assembled in Russia.'
)
on conflict (model_id, code) do nothing;


insert into public.vehicle_insights (
  model_id,
  pros,
  cons,
  inspection_tips,
  notable_features,
  engine_examples,
  common_issues_by_engine,
  reliability_score,
  popularity_score
)
values (
  '9e70eaeb-0a2d-2aca-9b6b-53ff18abf18a',
  '["Modern features","Relatively affordable"]'::jsonb,
  '["Build quality concerns","Limited engine options"]'::jsonb,
  '["Check for electrical issues","Inspect the interior trim"]'::jsonb,
  '["Modern infotainment system","Turbocharged engine"]'::jsonb,
  '["1.5L Turbo"]'::jsonb,
  '[{"engine_code":"HFC4GB2.4E","common_issues_ru":["Проблемы с турбонаддувом","Нестабильная работа двигателя"]}]'::jsonb,
  null,
  null
)
on conflict (model_id) do nothing;


insert into public.vehicle_makes (id, slug, name_en, country, segment_class, is_active, category_path)
values (
  '1e7f4bf8-068e-1c53-3fc3-34eaff3d91aa',
  'nio',
  'NIO',
  'Китай',
  null,
  true,
  'transport/legkovye-avtomobili'
)
on conflict (id) do nothing;


insert into public.vehicle_models (
  id,
  make_id,
  slug,
  name_en,
  first_model_year,
  last_model_year,
  years_available,
  body_types_available,
  fuel_types_available,
  transmission_available,
  reliability_score,
  popularity_score
)
values (
  'e1ce80be-5338-7371-7fd8-44ab1c49f576',
  '1e7f4bf8-068e-1c53-3fc3-34eaff3d91aa',
  'nio-es6',
  'NIO ES6',
  2018,
  2024,
  '{2018,2019,2020,2021,2022,2023,2024}'::int[],
  '["SUV"]'::jsonb,
  '["Electric"]'::jsonb,
  '["Automatic"]'::jsonb,
  7,
  7.8
)
on conflict (make_id, slug) do nothing;


insert into public.vehicle_generations (
  id,
  model_id,
  code,
  start_year,
  end_year,
  facelift,
  production_countries,
  body_types,
  fuel_types,
  transmission_types,
  summary
)
values (
  'ad3fd7c7-0fdb-8d05-1676-a1a65550e5d3',
  'e1ce80be-5338-7371-7fd8-44ab1c49f576',
  'Generation I (2018-Present)',
  2018,
  2024,
  true,
  '{"China"}'::text[],
  '["SUV"]'::jsonb,
  '["Electric"]'::jsonb,
  '["Automatic"]'::jsonb,
  'The ES6 is a mid-size all-electric SUV. It features a dual-motor all-wheel-drive system and offers a range of battery options.'
)
on conflict (model_id, code) do nothing;


insert into public.vehicle_insights (
  model_id,
  pros,
  cons,
  inspection_tips,
  notable_features,
  engine_examples,
  common_issues_by_engine,
  reliability_score,
  popularity_score
)
values (
  'e1ce80be-5338-7371-7fd8-44ab1c49f576',
  '["Long range","Fast charging","Luxurious interior"]'::jsonb,
  '["Battery degradation","Software glitches","High price"]'::jsonb,
  '["Check battery health","Test infotainment system","Inspect suspension"]'::jsonb,
  '["NIO Pilot (ADAS)","Battery swap capability","Panoramic sunroof"]'::jsonb,
  '["Dual Electric Motors"]'::jsonb,
  '[{"engine_code":"Dual Electric Motors","common_issues_ru":["Проблемы с батареей","Сбои в программном обеспечении"]}]'::jsonb,
  null,
  null
)
on conflict (model_id) do nothing;


insert into public.vehicle_models (
  id,
  make_id,
  slug,
  name_en,
  first_model_year,
  last_model_year,
  years_available,
  body_types_available,
  fuel_types_available,
  transmission_available,
  reliability_score,
  popularity_score
)
values (
  '2ea730a4-f16e-baf3-c628-c7618ae17b6e',
  '1e7f4bf8-068e-1c53-3fc3-34eaff3d91aa',
  'nio-es8',
  'NIO ES8',
  2018,
  2024,
  '{2018,2019,2020,2021,2022,2023,2024}'::int[],
  '["SUV"]'::jsonb,
  '["Electric"]'::jsonb,
  '["Automatic"]'::jsonb,
  6.8,
  7.5
)
on conflict (make_id, slug) do nothing;


insert into public.vehicle_generations (
  id,
  model_id,
  code,
  start_year,
  end_year,
  facelift,
  production_countries,
  body_types,
  fuel_types,
  transmission_types,
  summary
)
values (
  '53c1913b-e86f-3335-3aee-686f262f3ba6',
  '2ea730a4-f16e-baf3-c628-c7618ae17b6e',
  'Generation I (2018-Present)',
  2018,
  2024,
  true,
  '{"China"}'::text[],
  '["SUV"]'::jsonb,
  '["Electric"]'::jsonb,
  '["Automatic"]'::jsonb,
  'The ES8 is a full-size all-electric SUV. It offers three-row seating and advanced driver-assistance systems.'
)
on conflict (model_id, code) do nothing;


insert into public.vehicle_insights (
  model_id,
  pros,
  cons,
  inspection_tips,
  notable_features,
  engine_examples,
  common_issues_by_engine,
  reliability_score,
  popularity_score
)
values (
  '2ea730a4-f16e-baf3-c628-c7618ae17b6e',
  '["Spacious interior","Advanced technology","Battery swap capability"]'::jsonb,
  '["High price","Battery degradation","Software issues"]'::jsonb,
  '["Check battery health","Test infotainment system","Inspect suspension"]'::jsonb,
  '["NIO Pilot (ADAS)","Battery swap capability","Air suspension"]'::jsonb,
  '["Dual Electric Motors"]'::jsonb,
  '[{"engine_code":"Dual Electric Motors","common_issues_ru":["Проблемы с батареей","Сбои в программном обеспечении"]}]'::jsonb,
  null,
  null
)
on conflict (model_id) do nothing;


insert into public.vehicle_models (
  id,
  make_id,
  slug,
  name_en,
  first_model_year,
  last_model_year,
  years_available,
  body_types_available,
  fuel_types_available,
  transmission_available,
  reliability_score,
  popularity_score
)
values (
  '6f350533-8ddb-8725-2333-90a1afe0de0f',
  '1e7f4bf8-068e-1c53-3fc3-34eaff3d91aa',
  'nio-et6',
  'NIO ET6',
  2023,
  2024,
  '{2023,2024}'::int[],
  '["SUV Coupe"]'::jsonb,
  '["Electric"]'::jsonb,
  '["Automatic"]'::jsonb,
  7.2,
  8.2
)
on conflict (make_id, slug) do nothing;


insert into public.vehicle_generations (
  id,
  model_id,
  code,
  start_year,
  end_year,
  facelift,
  production_countries,
  body_types,
  fuel_types,
  transmission_types,
  summary
)
values (
  '4e4ac73f-2a62-bb86-457e-d469ce5cc04f',
  '6f350533-8ddb-8725-2333-90a1afe0de0f',
  'Generation I (2023-Present)',
  2023,
  2024,
  false,
  '{"China"}'::text[],
  '["SUV Coupe"]'::jsonb,
  '["Electric"]'::jsonb,
  '["Automatic"]'::jsonb,
  'The ET6 is a mid-size all-electric SUV coupe. It offers a sleek design, advanced technology, and a focus on performance.'
)
on conflict (model_id, code) do nothing;


insert into public.vehicle_insights (
  model_id,
  pros,
  cons,
  inspection_tips,
  notable_features,
  engine_examples,
  common_issues_by_engine,
  reliability_score,
  popularity_score
)
values (
  '6f350533-8ddb-8725-2333-90a1afe0de0f',
  '["Stylish design","Advanced technology","Good range"]'::jsonb,
  '["Limited cargo space","High price","New model, potential early issues"]'::jsonb,
  '["Check battery health","Test infotainment system","Inspect suspension"]'::jsonb,
  '["NIO Pilot (ADAS)","Panoramic sunroof","Fast charging"]'::jsonb,
  '["Dual Electric Motors"]'::jsonb,
  '[{"engine_code":"Dual Electric Motors","common_issues_ru":["Проблемы с батареей","Сбои в программном обеспечении"]}]'::jsonb,
  null,
  null
)
on conflict (model_id) do nothing;


insert into public.vehicle_makes (id, slug, name_en, country, segment_class, is_active, category_path)
values (
  '8ac84637-3c81-6d6d-7862-edea1bfeb658',
  'nissan',
  'Nissan',
  'Япония',
  null,
  true,
  'transport/legkovye-avtomobili'
)
on conflict (id) do nothing;


insert into public.vehicle_models (
  id,
  make_id,
  slug,
  name_en,
  first_model_year,
  last_model_year,
  years_available,
  body_types_available,
  fuel_types_available,
  transmission_available,
  reliability_score,
  popularity_score
)
values (
  '1d391920-8a6b-4a01-3114-32569aa4fffb',
  '8ac84637-3c81-6d6d-7862-edea1bfeb658',
  'altima-teana',
  'Altima / Teana',
  1992,
  2024,
  '{1992,1995,2000,2005,2010,2015,2020,2024}'::int[],
  '["Sedan","Coupe","Wagon"]'::jsonb,
  '["Gasoline","Hybrid"]'::jsonb,
  '["Manual","Automatic","CVT"]'::jsonb,
  7.8,
  8.2
)
on conflict (make_id, slug) do nothing;


insert into public.vehicle_generations (
  id,
  model_id,
  code,
  start_year,
  end_year,
  facelift,
  production_countries,
  body_types,
  fuel_types,
  transmission_types,
  summary
)
values (
  '476b6e08-8f29-5dcc-1bd2-1979a0e5f9b5',
  '1d391920-8a6b-4a01-3114-32569aa4fffb',
  'L30 (1992-1997)',
  1992,
  1997,
  false,
  '{"USA","Japan"}'::text[],
  '["Sedan"]'::jsonb,
  '["Gasoline"]'::jsonb,
  '["Manual","Automatic"]'::jsonb,
  'First generation of the Altima, known for its reliable engines.'
)
on conflict (model_id, code) do nothing;


insert into public.vehicle_generations (
  id,
  model_id,
  code,
  start_year,
  end_year,
  facelift,
  production_countries,
  body_types,
  fuel_types,
  transmission_types,
  summary
)
values (
  '732f3f04-bd74-d7ef-554b-808281677dde',
  '1d391920-8a6b-4a01-3114-32569aa4fffb',
  'L31 (1998-2001)',
  1998,
  2001,
  false,
  '{"USA","Japan"}'::text[],
  '["Sedan"]'::jsonb,
  '["Gasoline"]'::jsonb,
  '["Manual","Automatic"]'::jsonb,
  'Second generation, improved design and features.'
)
on conflict (model_id, code) do nothing;


insert into public.vehicle_generations (
  id,
  model_id,
  code,
  start_year,
  end_year,
  facelift,
  production_countries,
  body_types,
  fuel_types,
  transmission_types,
  summary
)
values (
  'ed0a7f47-81c9-d0ca-ee2d-1a5f2fd24f37',
  '1d391920-8a6b-4a01-3114-32569aa4fffb',
  'L32 (2002-2006)',
  2002,
  2006,
  true,
  '{"USA","Japan"}'::text[],
  '["Sedan","Coupe"]'::jsonb,
  '["Gasoline"]'::jsonb,
  '["Manual","Automatic","CVT"]'::jsonb,
  'Third generation, introduced a coupe variant and CVT transmission.'
)
on conflict (model_id, code) do nothing;


insert into public.vehicle_generations (
  id,
  model_id,
  code,
  start_year,
  end_year,
  facelift,
  production_countries,
  body_types,
  fuel_types,
  transmission_types,
  summary
)
values (
  'f31dbda5-d822-7d89-919c-d822bc9a8c25',
  '1d391920-8a6b-4a01-3114-32569aa4fffb',
  'L33 (2013-2018)',
  2013,
  2018,
  true,
  '{"USA","China"}'::text[],
  '["Sedan"]'::jsonb,
  '["Gasoline"]'::jsonb,
  '["CVT"]'::jsonb,
  'Fifth generation, focused on fuel efficiency and technology.'
)
on conflict (model_id, code) do nothing;


insert into public.vehicle_generations (
  id,
  model_id,
  code,
  start_year,
  end_year,
  facelift,
  production_countries,
  body_types,
  fuel_types,
  transmission_types,
  summary
)
values (
  'd42c1fa8-bc17-4951-3a4d-5397bff910ef',
  '1d391920-8a6b-4a01-3114-32569aa4fffb',
  'L34 (2019-2024)',
  2019,
  2024,
  false,
  '{"USA","China"}'::text[],
  '["Sedan"]'::jsonb,
  '["Gasoline"]'::jsonb,
  '["CVT"]'::jsonb,
  'Sixth generation, modern design and advanced safety features.'
)
on conflict (model_id, code) do nothing;


insert into public.vehicle_insights (
  model_id,
  pros,
  cons,
  inspection_tips,
  notable_features,
  engine_examples,
  common_issues_by_engine,
  reliability_score,
  popularity_score
)
values (
  '1d391920-8a6b-4a01-3114-32569aa4fffb',
  '["Fuel efficiency","Comfortable ride","Spacious interior"]'::jsonb,
  '["CVT reliability concerns","Some interior materials"]'::jsonb,
  '["Check CVT condition","Inspect suspension components"]'::jsonb,
  '["ProPILOT Assist","NissanConnect infotainment"]'::jsonb,
  '["2.5L I4","3.5L V6","2.0L Turbo I4"]'::jsonb,
  '[{"engine_code":"QR25DE","common_issues_ru":["Расход масла","Растяжение цепи ГРМ"]},{"engine_code":"VQ35DE","common_issues_ru":["Утечка масла","Проблемы с катализатором"]}]'::jsonb,
  null,
  null
)
on conflict (model_id) do nothing;


insert into public.vehicle_models (
  id,
  make_id,
  slug,
  name_en,
  first_model_year,
  last_model_year,
  years_available,
  body_types_available,
  fuel_types_available,
  transmission_available,
  reliability_score,
  popularity_score
)
values (
  '71df62ce-00ca-0387-2934-8f52351516ab',
  '8ac84637-3c81-6d6d-7862-edea1bfeb658',
  'gt-r',
  'GT-R',
  2007,
  2024,
  '{2007,2010,2015,2020,2024}'::int[],
  '["Coupe"]'::jsonb,
  '["Gasoline"]'::jsonb,
  '["Automatic"]'::jsonb,
  7,
  9
)
on conflict (make_id, slug) do nothing;


insert into public.vehicle_generations (
  id,
  model_id,
  code,
  start_year,
  end_year,
  facelift,
  production_countries,
  body_types,
  fuel_types,
  transmission_types,
  summary
)
values (
  '0eaf1b3a-4a15-8be8-a5d3-9db64f06f1bc',
  '71df62ce-00ca-0387-2934-8f52351516ab',
  'R35 (2007-2024)',
  2007,
  2024,
  true,
  '{"Japan"}'::text[],
  '["Coupe"]'::jsonb,
  '["Gasoline"]'::jsonb,
  '["Automatic"]'::jsonb,
  'The iconic GT-R, known for its performance and advanced technology.'
)
on conflict (model_id, code) do nothing;


insert into public.vehicle_insights (
  model_id,
  pros,
  cons,
  inspection_tips,
  notable_features,
  engine_examples,
  common_issues_by_engine,
  reliability_score,
  popularity_score
)
values (
  '71df62ce-00ca-0387-2934-8f52351516ab',
  '["Exceptional performance","Advanced all-wheel-drive system","Track-ready capabilities"]'::jsonb,
  '["High running costs","Firm ride","Limited practicality"]'::jsonb,
  '["Check transmission condition","Inspect suspension components","Verify service history"]'::jsonb,
  '["ATTESA E-TS all-wheel-drive","Twin-turbocharged engine","Launch control"]'::jsonb,
  '["3.8L V6 Twin-Turbo"]'::jsonb,
  '[{"engine_code":"VR38DETT","common_issues_ru":["Проблемы с коробкой передач","Перегрев двигателя при интенсивной эксплуатации"]}]'::jsonb,
  null,
  null
)
on conflict (model_id) do nothing;


insert into public.vehicle_models (
  id,
  make_id,
  slug,
  name_en,
  first_model_year,
  last_model_year,
  years_available,
  body_types_available,
  fuel_types_available,
  transmission_available,
  reliability_score,
  popularity_score
)
values (
  'f56a4c5b-91e5-3634-047b-054b59929a77',
  '8ac84637-3c81-6d6d-7862-edea1bfeb658',
  'leaf',
  'Leaf',
  2010,
  2024,
  '{2010,2015,2020,2024}'::int[],
  '["Hatchback"]'::jsonb,
  '["Electric"]'::jsonb,
  '["Automatic"]'::jsonb,
  8,
  7.5
)
on conflict (make_id, slug) do nothing;


insert into public.vehicle_generations (
  id,
  model_id,
  code,
  start_year,
  end_year,
  facelift,
  production_countries,
  body_types,
  fuel_types,
  transmission_types,
  summary
)
values (
  '187b8107-8ce5-19fd-41b8-a72deeea3c07',
  'f56a4c5b-91e5-3634-047b-054b59929a77',
  'ZE0 (2010-2017)',
  2010,
  2017,
  true,
  '{"Japan","USA","UK"}'::text[],
  '["Hatchback"]'::jsonb,
  '["Electric"]'::jsonb,
  '["Automatic"]'::jsonb,
  'First generation of the all-electric Leaf, a pioneer in the EV market.'
)
on conflict (model_id, code) do nothing;


insert into public.vehicle_generations (
  id,
  model_id,
  code,
  start_year,
  end_year,
  facelift,
  production_countries,
  body_types,
  fuel_types,
  transmission_types,
  summary
)
values (
  'c6fcd6b8-7f9a-9045-3de0-9eb26a03a2be',
  'f56a4c5b-91e5-3634-047b-054b59929a77',
  'ZE1 (2017-2024)',
  2017,
  2024,
  true,
  '{"Japan","USA","UK"}'::text[],
  '["Hatchback"]'::jsonb,
  '["Electric"]'::jsonb,
  '["Automatic"]'::jsonb,
  'Second generation, improved range and design.'
)
on conflict (model_id, code) do nothing;


insert into public.vehicle_insights (
  model_id,
  pros,
  cons,
  inspection_tips,
  notable_features,
  engine_examples,
  common_issues_by_engine,
  reliability_score,
  popularity_score
)
values (
  'f56a4c5b-91e5-3634-047b-054b59929a77',
  '["Zero emissions","Quiet operation","Low running costs"]'::jsonb,
  '["Limited range","Battery degradation","Charging infrastructure"]'::jsonb,
  '["Check battery health","Inspect charging port","Verify software updates"]'::jsonb,
  '["e-Pedal","ProPILOT Assist","NissanConnect EV"]'::jsonb,
  '["Electric Motor"]'::jsonb,
  '[{"engine_code":"EM57","common_issues_ru":["Деградация батареи","Проблемы с зарядкой"]}]'::jsonb,
  null,
  null
)
on conflict (model_id) do nothing;


insert into public.vehicle_models (
  id,
  make_id,
  slug,
  name_en,
  first_model_year,
  last_model_year,
  years_available,
  body_types_available,
  fuel_types_available,
  transmission_available,
  reliability_score,
  popularity_score
)
values (
  'b37fef3a-8c3b-8bff-f294-b3060bb39a75',
  '8ac84637-3c81-6d6d-7862-edea1bfeb658',
  'maxima',
  'Maxima',
  1981,
  2023,
  '{1981,1985,1990,1995,2000,2005,2010,2015,2020,2023}'::int[],
  '["Sedan"]'::jsonb,
  '["Gasoline"]'::jsonb,
  '["Manual","Automatic","CVT"]'::jsonb,
  7.2,
  7.8
)
on conflict (make_id, slug) do nothing;


insert into public.vehicle_generations (
  id,
  model_id,
  code,
  start_year,
  end_year,
  facelift,
  production_countries,
  body_types,
  fuel_types,
  transmission_types,
  summary
)
values (
  '563f385f-5d07-12a5-8bb2-46578e4435fc',
  'b37fef3a-8c3b-8bff-f294-b3060bb39a75',
  'Datsun Maxima (1981-1984)',
  1981,
  1984,
  false,
  '{"Japan"}'::text[],
  '["Sedan","Wagon"]'::jsonb,
  '["Gasoline"]'::jsonb,
  '["Manual","Automatic"]'::jsonb,
  'Early Maxima models, known for their reliability.'
)
on conflict (model_id, code) do nothing;


insert into public.vehicle_generations (
  id,
  model_id,
  code,
  start_year,
  end_year,
  facelift,
  production_countries,
  body_types,
  fuel_types,
  transmission_types,
  summary
)
values (
  '39fa3d40-dd1b-3250-78d2-b014dba23c08',
  'b37fef3a-8c3b-8bff-f294-b3060bb39a75',
  'Maxima (1985-1988)',
  1985,
  1988,
  false,
  '{"Japan"}'::text[],
  '["Sedan","Wagon"]'::jsonb,
  '["Gasoline"]'::jsonb,
  '["Manual","Automatic"]'::jsonb,
  'Second generation, introduced a more modern design.'
)
on conflict (model_id, code) do nothing;


insert into public.vehicle_generations (
  id,
  model_id,
  code,
  start_year,
  end_year,
  facelift,
  production_countries,
  body_types,
  fuel_types,
  transmission_types,
  summary
)
values (
  'f2ac73e1-d06c-59ba-40ac-696ae4fc4bd7',
  'b37fef3a-8c3b-8bff-f294-b3060bb39a75',
  'Maxima (1989-1994)',
  1989,
  1994,
  true,
  '{"Japan","USA"}'::text[],
  '["Sedan"]'::jsonb,
  '["Gasoline"]'::jsonb,
  '["Manual","Automatic"]'::jsonb,
  'Third generation, increased performance and luxury.'
)
on conflict (model_id, code) do nothing;


insert into public.vehicle_generations (
  id,
  model_id,
  code,
  start_year,
  end_year,
  facelift,
  production_countries,
  body_types,
  fuel_types,
  transmission_types,
  summary
)
values (
  '590aeda7-6ca9-f8e1-5900-9fcd8d686aa3',
  'b37fef3a-8c3b-8bff-f294-b3060bb39a75',
  'Maxima (1995-1999)',
  1995,
  1999,
  true,
  '{"Japan","USA"}'::text[],
  '["Sedan"]'::jsonb,
  '["Gasoline"]'::jsonb,
  '["Manual","Automatic"]'::jsonb,
  'Fourth generation, refined design and features.'
)
on conflict (model_id, code) do nothing;


insert into public.vehicle_generations (
  id,
  model_id,
  code,
  start_year,
  end_year,
  facelift,
  production_countries,
  body_types,
  fuel_types,
  transmission_types,
  summary
)
values (
  'e8698840-ebbb-3509-8b0f-715965cc62d8',
  'b37fef3a-8c3b-8bff-f294-b3060bb39a75',
  'Maxima (2000-2003)',
  2000,
  2003,
  true,
  '{"USA"}'::text[],
  '["Sedan"]'::jsonb,
  '["Gasoline"]'::jsonb,
  '["Automatic","Manual"]'::jsonb,
  'Fifth generation, more powerful engine options.'
)
on conflict (model_id, code) do nothing;


insert into public.vehicle_generations (
  id,
  model_id,
  code,
  start_year,
  end_year,
  facelift,
  production_countries,
  body_types,
  fuel_types,
  transmission_types,
  summary
)
values (
  '1a1f4c29-ac6a-d213-3583-63e9db53437e',
  'b37fef3a-8c3b-8bff-f294-b3060bb39a75',
  'Maxima (2004-2008)',
  2004,
  2008,
  true,
  '{"USA"}'::text[],
  '["Sedan"]'::jsonb,
  '["Gasoline"]'::jsonb,
  '["Automatic"]'::jsonb,
  'Sixth generation, sporty design and performance.'
)
on conflict (model_id, code) do nothing;


insert into public.vehicle_generations (
  id,
  model_id,
  code,
  start_year,
  end_year,
  facelift,
  production_countries,
  body_types,
  fuel_types,
  transmission_types,
  summary
)
values (
  'e6bb2496-9372-d142-1818-9d44843e4718',
  'b37fef3a-8c3b-8bff-f294-b3060bb39a75',
  'Maxima (2009-2014)',
  2009,
  2014,
  true,
  '{"USA"}'::text[],
  '["Sedan"]'::jsonb,
  '["Gasoline"]'::jsonb,
  '["CVT"]'::jsonb,
  'Seventh generation, introduced a CVT transmission.'
)
on conflict (model_id, code) do nothing;


insert into public.vehicle_generations (
  id,
  model_id,
  code,
  start_year,
  end_year,
  facelift,
  production_countries,
  body_types,
  fuel_types,
  transmission_types,
  summary
)
values (
  'e9cf86c8-d7e0-b4e8-7b8e-4584616a5468',
  'b37fef3a-8c3b-8bff-f294-b3060bb39a75',
  'Maxima (2016-2023)',
  2016,
  2023,
  true,
  '{"USA"}'::text[],
  '["Sedan"]'::jsonb,
  '["Gasoline"]'::jsonb,
  '["CVT"]'::jsonb,
  'Eighth generation, modern design and features.'
)
on conflict (model_id, code) do nothing;


insert into public.vehicle_insights (
  model_id,
  pros,
  cons,
  inspection_tips,
  notable_features,
  engine_examples,
  common_issues_by_engine,
  reliability_score,
  popularity_score
)
values (
  'b37fef3a-8c3b-8bff-f294-b3060bb39a75',
  '["Comfortable ride","Powerful engine","Stylish design"]'::jsonb,
  '["CVT reliability concerns","Fuel economy"]'::jsonb,
  '["Check CVT condition","Inspect engine for leaks"]'::jsonb,
  '["NissanConnect infotainment","Sport mode"]'::jsonb,
  '["3.5L V6"]'::jsonb,
  '[{"engine_code":"VQ35DE","common_issues_ru":["Утечка масла","Проблемы с катализатором"]}]'::jsonb,
  null,
  null
)
on conflict (model_id) do nothing;


insert into public.vehicle_models (
  id,
  make_id,
  slug,
  name_en,
  first_model_year,
  last_model_year,
  years_available,
  body_types_available,
  fuel_types_available,
  transmission_available,
  reliability_score,
  popularity_score
)
values (
  '5c4f9d96-18a7-4a07-1d26-ec7b38043209',
  '8ac84637-3c81-6d6d-7862-edea1bfeb658',
  'navara-frontier',
  'Navara / Frontier',
  1997,
  2024,
  '{1997,2000,2005,2010,2015,2020,2024}'::int[],
  '["Pickup Truck"]'::jsonb,
  '["Gasoline","Diesel"]'::jsonb,
  '["Manual","Automatic"]'::jsonb,
  7.7,
  8.1
)
on conflict (make_id, slug) do nothing;


insert into public.vehicle_generations (
  id,
  model_id,
  code,
  start_year,
  end_year,
  facelift,
  production_countries,
  body_types,
  fuel_types,
  transmission_types,
  summary
)
values (
  'adc9d713-d22e-522b-28b9-6f18ee33b3e4',
  '5c4f9d96-18a7-4a07-1d26-ec7b38043209',
  'D22 (1997-2004)',
  1997,
  2004,
  true,
  '{"Japan","USA","Thailand"}'::text[],
  '["Pickup Truck"]'::jsonb,
  '["Gasoline","Diesel"]'::jsonb,
  '["Manual","Automatic"]'::jsonb,
  'First generation, reliable workhorse.'
)
on conflict (model_id, code) do nothing;


insert into public.vehicle_generations (
  id,
  model_id,
  code,
  start_year,
  end_year,
  facelift,
  production_countries,
  body_types,
  fuel_types,
  transmission_types,
  summary
)
values (
  '744436b3-857d-cdce-e090-cd7d59235fea',
  '5c4f9d96-18a7-4a07-1d26-ec7b38043209',
  'D40 (2005-2014)',
  2005,
  2014,
  true,
  '{"USA","Spain","Thailand"}'::text[],
  '["Pickup Truck"]'::jsonb,
  '["Gasoline","Diesel"]'::jsonb,
  '["Manual","Automatic"]'::jsonb,
  'Second generation, improved design and features.'
)
on conflict (model_id, code) do nothing;


insert into public.vehicle_generations (
  id,
  model_id,
  code,
  start_year,
  end_year,
  facelift,
  production_countries,
  body_types,
  fuel_types,
  transmission_types,
  summary
)
values (
  '7b286cbf-4962-aaa5-8ace-9b84b507e533',
  '5c4f9d96-18a7-4a07-1d26-ec7b38043209',
  'D23 (2014-2024)',
  2014,
  2024,
  true,
  '{"Thailand","Mexico"}'::text[],
  '["Pickup Truck"]'::jsonb,
  '["Gasoline","Diesel"]'::jsonb,
  '["Manual","Automatic"]'::jsonb,
  'Third generation, modern design and technology.'
)
on conflict (model_id, code) do nothing;


insert into public.vehicle_insights (
  model_id,
  pros,
  cons,
  inspection_tips,
  notable_features,
  engine_examples,
  common_issues_by_engine,
  reliability_score,
  popularity_score
)
values (
  '5c4f9d96-18a7-4a07-1d26-ec7b38043209',
  '["Durable","Good off-road capabilities","Strong towing capacity"]'::jsonb,
  '["Fuel economy","Ride comfort","Some interior materials"]'::jsonb,
  '["Check for rust","Inspect suspension","Verify 4x4 system"]'::jsonb,
  '["4x4 system","Bedliner","Towing package"]'::jsonb,
  '["2.5L I4","4.0L V6","2.3L Diesel"]'::jsonb,
  '[{"engine_code":"QR25DE","common_issues_ru":["Расход масла","Растяжение цепи ГРМ"]},{"engine_code":"YD25DDTi","common_issues_ru":["Проблемы с форсунками","Износ турбины"]}]'::jsonb,
  null,
  null
)
on conflict (model_id) do nothing;


insert into public.vehicle_models (
  id,
  make_id,
  slug,
  name_en,
  first_model_year,
  last_model_year,
  years_available,
  body_types_available,
  fuel_types_available,
  transmission_available,
  reliability_score,
  popularity_score
)
values (
  '217dfecc-ba31-6f25-cec5-08aea73ae4eb',
  '8ac84637-3c81-6d6d-7862-edea1bfeb658',
  'pathfinder',
  'Pathfinder',
  1986,
  2024,
  '{1986,1990,1995,2000,2005,2010,2015,2020,2024}'::int[],
  '["SUV"]'::jsonb,
  '["Gasoline","Hybrid"]'::jsonb,
  '["Manual","Automatic","CVT"]'::jsonb,
  7.6,
  8.3
)
on conflict (make_id, slug) do nothing;


insert into public.vehicle_generations (
  id,
  model_id,
  code,
  start_year,
  end_year,
  facelift,
  production_countries,
  body_types,
  fuel_types,
  transmission_types,
  summary
)
values (
  'f4cc3d92-57f0-4966-801a-4e00a2b7f30e',
  '217dfecc-ba31-6f25-cec5-08aea73ae4eb',
  'WD21 (1986-1995)',
  1986,
  1995,
  true,
  '{"Japan"}'::text[],
  '["SUV"]'::jsonb,
  '["Gasoline"]'::jsonb,
  '["Manual","Automatic"]'::jsonb,
  'First generation, rugged off-road SUV.'
)
on conflict (model_id, code) do nothing;


insert into public.vehicle_generations (
  id,
  model_id,
  code,
  start_year,
  end_year,
  facelift,
  production_countries,
  body_types,
  fuel_types,
  transmission_types,
  summary
)
values (
  'd1a4f5c7-aea5-3d1b-9751-0154dc668819',
  '217dfecc-ba31-6f25-cec5-08aea73ae4eb',
  'R50 (1996-2004)',
  1996,
  2004,
  true,
  '{"Japan"}'::text[],
  '["SUV"]'::jsonb,
  '["Gasoline"]'::jsonb,
  '["Automatic"]'::jsonb,
  'Second generation, improved comfort and features.'
)
on conflict (model_id, code) do nothing;


insert into public.vehicle_generations (
  id,
  model_id,
  code,
  start_year,
  end_year,
  facelift,
  production_countries,
  body_types,
  fuel_types,
  transmission_types,
  summary
)
values (
  '3d3c3ef2-0e70-80d3-6554-49faaea7887d',
  '217dfecc-ba31-6f25-cec5-08aea73ae4eb',
  'R51 (2005-2012)',
  2005,
  2012,
  true,
  '{"USA"}'::text[],
  '["SUV"]'::jsonb,
  '["Gasoline"]'::jsonb,
  '["Automatic"]'::jsonb,
  'Third generation, body-on-frame construction.'
)
on conflict (model_id, code) do nothing;


insert into public.vehicle_generations (
  id,
  model_id,
  code,
  start_year,
  end_year,
  facelift,
  production_countries,
  body_types,
  fuel_types,
  transmission_types,
  summary
)
values (
  '7aa5bbbe-3b2a-b73b-7277-acd2435c5058',
  '217dfecc-ba31-6f25-cec5-08aea73ae4eb',
  'R52 (2013-2020)',
  2013,
  2020,
  true,
  '{"USA"}'::text[],
  '["SUV"]'::jsonb,
  '["Gasoline","Hybrid"]'::jsonb,
  '["CVT"]'::jsonb,
  'Fourth generation, transitioned to a unibody design and introduced a hybrid option.'
)
on conflict (model_id, code) do nothing;


insert into public.vehicle_generations (
  id,
  model_id,
  code,
  start_year,
  end_year,
  facelift,
  production_countries,
  body_types,
  fuel_types,
  transmission_types,
  summary
)
values (
  '6fd1726d-fe7a-c719-4ea9-9b37e6b49857',
  '217dfecc-ba31-6f25-cec5-08aea73ae4eb',
  'R53 (2022-2024)',
  2022,
  2024,
  false,
  '{"USA"}'::text[],
  '["SUV"]'::jsonb,
  '["Gasoline"]'::jsonb,
  '["Automatic"]'::jsonb,
  'Fifth generation, modern design and features.'
)
on conflict (model_id, code) do nothing;


insert into public.vehicle_insights (
  model_id,
  pros,
  cons,
  inspection_tips,
  notable_features,
  engine_examples,
  common_issues_by_engine,
  reliability_score,
  popularity_score
)
values (
  '217dfecc-ba31-6f25-cec5-08aea73ae4eb',
  '["Spacious interior","Good towing capacity","Comfortable ride"]'::jsonb,
  '["Fuel economy","Some CVT reliability concerns","Off-road capability (later generations)"]'::jsonb,
  '["Check CVT condition","Inspect suspension","Verify 4x4 system"]'::jsonb,
  '["4x4 system","Third-row seating","Towing package"]'::jsonb,
  '["3.5L V6","2.0L Turbo I4","3.5L V6 Hybrid"]'::jsonb,
  '[{"engine_code":"VQ35DE","common_issues_ru":["Утечка масла","Проблемы с катализатором"]},{"engine_code":"QR25DER","common_issues_ru":["Расход масла","Растяжение цепи ГРМ"]}]'::jsonb,
  null,
  null
)
on conflict (model_id) do nothing;


insert into public.vehicle_models (
  id,
  make_id,
  slug,
  name_en,
  first_model_year,
  last_model_year,
  years_available,
  body_types_available,
  fuel_types_available,
  transmission_available,
  reliability_score,
  popularity_score
)
values (
  '8f30e546-5e75-98f6-955a-5b9aadb4e013',
  '8ac84637-3c81-6d6d-7862-edea1bfeb658',
  'qashqai',
  'Qashqai',
  2006,
  2024,
  '{2006,2010,2015,2020,2024}'::int[],
  '["SUV"]'::jsonb,
  '["Gasoline","Diesel","Hybrid"]'::jsonb,
  '["Manual","Automatic","CVT"]'::jsonb,
  7.9,
  8.5
)
on conflict (make_id, slug) do nothing;


insert into public.vehicle_generations (
  id,
  model_id,
  code,
  start_year,
  end_year,
  facelift,
  production_countries,
  body_types,
  fuel_types,
  transmission_types,
  summary
)
values (
  '65988e2d-8251-cc68-c147-fdbcfad2428d',
  '8f30e546-5e75-98f6-955a-5b9aadb4e013',
  'J10 (2006-2013)',
  2006,
  2013,
  true,
  '{"UK","Japan"}'::text[],
  '["SUV"]'::jsonb,
  '["Gasoline","Diesel"]'::jsonb,
  '["Manual","Automatic","CVT"]'::jsonb,
  'First generation, popular compact SUV.'
)
on conflict (model_id, code) do nothing;


insert into public.vehicle_generations (
  id,
  model_id,
  code,
  start_year,
  end_year,
  facelift,
  production_countries,
  body_types,
  fuel_types,
  transmission_types,
  summary
)
values (
  'ed7ade44-1729-8bf9-541d-443b27c4aa80',
  '8f30e546-5e75-98f6-955a-5b9aadb4e013',
  'J11 (2013-2021)',
  2013,
  2021,
  true,
  '{"UK","Japan"}'::text[],
  '["SUV"]'::jsonb,
  '["Gasoline","Diesel"]'::jsonb,
  '["Manual","Automatic","CVT"]'::jsonb,
  'Second generation, improved design and features.'
)
on conflict (model_id, code) do nothing;


insert into public.vehicle_generations (
  id,
  model_id,
  code,
  start_year,
  end_year,
  facelift,
  production_countries,
  body_types,
  fuel_types,
  transmission_types,
  summary
)
values (
  'e18b30eb-1aa1-b0d4-34d9-3c43d5ce322f',
  '8f30e546-5e75-98f6-955a-5b9aadb4e013',
  'J12 (2021-2024)',
  2021,
  2024,
  false,
  '{"UK","Japan"}'::text[],
  '["SUV"]'::jsonb,
  '["Gasoline","Mild Hybrid","E-Power"]'::jsonb,
  '["Manual","CVT"]'::jsonb,
  'Third generation, modern design and technology.'
)
on conflict (model_id, code) do nothing;


insert into public.vehicle_insights (
  model_id,
  pros,
  cons,
  inspection_tips,
  notable_features,
  engine_examples,
  common_issues_by_engine,
  reliability_score,
  popularity_score
)
values (
  '8f30e546-5e75-98f6-955a-5b9aadb4e013',
  '["Fuel efficiency","Compact size","Stylish design"]'::jsonb,
  '["Some interior materials","Limited cargo space","CVT reliability concerns"]'::jsonb,
  '["Check CVT condition","Inspect suspension","Verify service history"]'::jsonb,
  '["ProPILOT Assist","NissanConnect infotainment","Panoramic sunroof"]'::jsonb,
  '["1.3L Turbo","1.5L Diesel","1.3L Mild Hybrid"]'::jsonb,
  '[{"engine_code":"HR13DDT","common_issues_ru":["Расход масла","Проблемы с турбокомпрессором"]}]'::jsonb,
  null,
  null
)
on conflict (model_id) do nothing;


insert into public.vehicle_models (
  id,
  make_id,
  slug,
  name_en,
  first_model_year,
  last_model_year,
  years_available,
  body_types_available,
  fuel_types_available,
  transmission_available,
  reliability_score,
  popularity_score
)
values (
  '44f6dde1-6b20-565f-83a2-bff22cbbd60c',
  '8ac84637-3c81-6d6d-7862-edea1bfeb658',
  'rogue-x-trail',
  'Rogue / X-Trail',
  2007,
  2024,
  '{2007,2010,2015,2020,2024}'::int[],
  '["SUV"]'::jsonb,
  '["Gasoline","Hybrid"]'::jsonb,
  '["Manual","Automatic","CVT"]'::jsonb,
  7.4,
  8.4
)
on conflict (make_id, slug) do nothing;


insert into public.vehicle_generations (
  id,
  model_id,
  code,
  start_year,
  end_year,
  facelift,
  production_countries,
  body_types,
  fuel_types,
  transmission_types,
  summary
)
values (
  'd504c72c-2bda-5402-6d0c-80bfc9deea16',
  '44f6dde1-6b20-565f-83a2-bff22cbbd60c',
  'T31 (2007-2013)',
  2007,
  2013,
  true,
  '{"Japan"}'::text[],
  '["SUV"]'::jsonb,
  '["Gasoline"]'::jsonb,
  '["Manual","Automatic","CVT"]'::jsonb,
  'First generation, practical and versatile SUV.'
)
on conflict (model_id, code) do nothing;


insert into public.vehicle_generations (
  id,
  model_id,
  code,
  start_year,
  end_year,
  facelift,
  production_countries,
  body_types,
  fuel_types,
  transmission_types,
  summary
)
values (
  '44dc5817-f0ac-d952-254f-eb8ccd5b5829',
  '44f6dde1-6b20-565f-83a2-bff22cbbd60c',
  'T32 (2013-2020)',
  2013,
  2020,
  true,
  '{"Japan","USA"}'::text[],
  '["SUV"]'::jsonb,
  '["Gasoline","Hybrid"]'::jsonb,
  '["CVT"]'::jsonb,
  'Second generation, improved design and features.'
)
on conflict (model_id, code) do nothing;


insert into public.vehicle_generations (
  id,
  model_id,
  code,
  start_year,
  end_year,
  facelift,
  production_countries,
  body_types,
  fuel_types,
  transmission_types,
  summary
)
values (
  '356bf069-f057-0965-a8c1-54d622b9d147',
  '44f6dde1-6b20-565f-83a2-bff22cbbd60c',
  'T33 (2021-2024)',
  2021,
  2024,
  false,
  '{"USA","Japan"}'::text[],
  '["SUV"]'::jsonb,
  '["Gasoline"]'::jsonb,
  '["CVT"]'::jsonb,
  'Third generation, modern design and technology.'
)
on conflict (model_id, code) do nothing;


insert into public.vehicle_insights (
  model_id,
  pros,
  cons,
  inspection_tips,
  notable_features,
  engine_examples,
  common_issues_by_engine,
  reliability_score,
  popularity_score
)
values (
  '44f6dde1-6b20-565f-83a2-bff22cbbd60c',
  '["Spacious interior","Fuel efficiency","Comfortable ride"]'::jsonb,
  '["CVT reliability concerns","Some interior materials","Performance"]'::jsonb,
  '["Check CVT condition","Inspect suspension","Verify service history"]'::jsonb,
  '["ProPILOT Assist","NissanConnect infotainment","All-Wheel Drive"]'::jsonb,
  '["2.5L I4","2.0L I4 Hybrid","1.5L Turbo I3"]'::jsonb,
  '[{"engine_code":"QR25DE","common_issues_ru":["Расход масла","Растяжение цепи ГРМ"]},{"engine_code":"MR20DE","common_issues_ru":["Утечка масла","Проблемы с катализатором"]}]'::jsonb,
  null,
  null
)
on conflict (model_id) do nothing;


insert into public.vehicle_makes (id, slug, name_en, country, segment_class, is_active, category_path)
values (
  '240b70ee-650e-da98-d50e-11f0df10fd38',
  'opel',
  'Opel',
  'Германия',
  null,
  true,
  'transport/legkovye-avtomobili'
)
on conflict (id) do nothing;


insert into public.vehicle_models (
  id,
  make_id,
  slug,
  name_en,
  first_model_year,
  last_model_year,
  years_available,
  body_types_available,
  fuel_types_available,
  transmission_available,
  reliability_score,
  popularity_score
)
values (
  '0a4805ad-a166-9af8-3c51-69607118f88c',
  '240b70ee-650e-da98-d50e-11f0df10fd38',
  'astra',
  'Astra',
  1991,
  2024,
  '{1991,1995,2000,2005,2010,2015,2020,2024}'::int[],
  '["Hatchback","Sedan","Wagon","Coupe","Convertible"]'::jsonb,
  '["Gasoline","Diesel","Electric","Hybrid"]'::jsonb,
  '["Manual","Automatic"]'::jsonb,
  7,
  8.5
)
on conflict (make_id, slug) do nothing;


insert into public.vehicle_generations (
  id,
  model_id,
  code,
  start_year,
  end_year,
  facelift,
  production_countries,
  body_types,
  fuel_types,
  transmission_types,
  summary
)
values (
  'd9e1d136-301f-d1c4-0d26-f4bdb2126e65',
  '0a4805ad-a166-9af8-3c51-69607118f88c',
  'Astra F (1991-1998)',
  1991,
  1998,
  true,
  '{"Germany","Poland","UK"}'::text[],
  '["Hatchback","Sedan","Wagon","Coupe","Convertible"]'::jsonb,
  '["Gasoline","Diesel"]'::jsonb,
  '["Manual","Automatic"]'::jsonb,
  'The Astra F was a popular compact car, known for its practicality and affordability.'
)
on conflict (model_id, code) do nothing;


insert into public.vehicle_generations (
  id,
  model_id,
  code,
  start_year,
  end_year,
  facelift,
  production_countries,
  body_types,
  fuel_types,
  transmission_types,
  summary
)
values (
  'd088e72c-1880-e7c2-0b5f-ff16eb7ac309',
  '0a4805ad-a166-9af8-3c51-69607118f88c',
  'Astra G (1998-2004)',
  1998,
  2004,
  true,
  '{"Germany","Poland","UK","Brazil"}'::text[],
  '["Hatchback","Sedan","Wagon","Coupe","Convertible"]'::jsonb,
  '["Gasoline","Diesel"]'::jsonb,
  '["Manual","Automatic"]'::jsonb,
  'The Astra G offered improved safety and a more modern design.'
)
on conflict (model_id, code) do nothing;


insert into public.vehicle_generations (
  id,
  model_id,
  code,
  start_year,
  end_year,
  facelift,
  production_countries,
  body_types,
  fuel_types,
  transmission_types,
  summary
)
values (
  '217bde9e-6f7c-c191-bd77-154a713f59db',
  '0a4805ad-a166-9af8-3c51-69607118f88c',
  'Astra H (2004-2010)',
  2004,
  2010,
  true,
  '{"Germany","Poland","UK","Belgium"}'::text[],
  '["Hatchback","Sedan","Wagon","Coupe"]'::jsonb,
  '["Gasoline","Diesel"]'::jsonb,
  '["Manual","Automatic"]'::jsonb,
  'The Astra H introduced a sportier design and a wider range of engines.'
)
on conflict (model_id, code) do nothing;


insert into public.vehicle_generations (
  id,
  model_id,
  code,
  start_year,
  end_year,
  facelift,
  production_countries,
  body_types,
  fuel_types,
  transmission_types,
  summary
)
values (
  '30791fc2-ef80-b93d-dbaa-0fff5e654670',
  '0a4805ad-a166-9af8-3c51-69607118f88c',
  'Astra J (2009-2015)',
  2009,
  2015,
  true,
  '{"Germany","Poland","UK"}'::text[],
  '["Hatchback","Sedan","Wagon"]'::jsonb,
  '["Gasoline","Diesel"]'::jsonb,
  '["Manual","Automatic"]'::jsonb,
  'The Astra J featured a more refined interior and improved technology.'
)
on conflict (model_id, code) do nothing;


insert into public.vehicle_generations (
  id,
  model_id,
  code,
  start_year,
  end_year,
  facelift,
  production_countries,
  body_types,
  fuel_types,
  transmission_types,
  summary
)
values (
  '43e4cbf0-4b34-8553-def2-ad97268207aa',
  '0a4805ad-a166-9af8-3c51-69607118f88c',
  'Astra K (2015-2021)',
  2015,
  2021,
  true,
  '{"Germany","Poland","UK"}'::text[],
  '["Hatchback","Wagon"]'::jsonb,
  '["Gasoline","Diesel"]'::jsonb,
  '["Manual","Automatic"]'::jsonb,
  'The Astra K was lighter and more fuel-efficient than its predecessor.'
)
on conflict (model_id, code) do nothing;


insert into public.vehicle_generations (
  id,
  model_id,
  code,
  start_year,
  end_year,
  facelift,
  production_countries,
  body_types,
  fuel_types,
  transmission_types,
  summary
)
values (
  'a594a885-12ac-73f9-1f6d-666ed8b81b76',
  '0a4805ad-a166-9af8-3c51-69607118f88c',
  'Astra L (2021-current)',
  2021,
  2024,
  false,
  '{"Germany","Poland"}'::text[],
  '["Hatchback","Wagon"]'::jsonb,
  '["Gasoline","Diesel","Hybrid","Electric"]'::jsonb,
  '["Manual","Automatic"]'::jsonb,
  'The Astra L is the latest generation, offering a modern design and advanced technology.'
)
on conflict (model_id, code) do nothing;


insert into public.vehicle_insights (
  model_id,
  pros,
  cons,
  inspection_tips,
  notable_features,
  engine_examples,
  common_issues_by_engine,
  reliability_score,
  popularity_score
)
values (
  '0a4805ad-a166-9af8-3c51-69607118f88c',
  '["Wide range of engines","Good handling","Spacious interior (Wagon)"]'::jsonb,
  '["Some engines can be unreliable","Interior materials can feel cheap","Rust issues on older models"]'::jsonb,
  '["Check for rust, especially on older models","Inspect the timing belt/chain","Test the air conditioning system"]'::jsonb,
  '["Adaptive cruise control","LED headlights","IntelliLux LED matrix headlights"]'::jsonb,
  '["1.4L Turbo","1.6L Diesel","2.0L Turbo"]'::jsonb,
  '[{"engine_code":"A14NET","common_issues_ru":["Растяжение цепи ГРМ","Утечка масла"]},{"engine_code":"B16DTH","common_issues_ru":["Проблемы с сажевым фильтром","Износ форсунок"]}]'::jsonb,
  null,
  null
)
on conflict (model_id) do nothing;


insert into public.vehicle_models (
  id,
  make_id,
  slug,
  name_en,
  first_model_year,
  last_model_year,
  years_available,
  body_types_available,
  fuel_types_available,
  transmission_available,
  reliability_score,
  popularity_score
)
values (
  '14a0a77f-c6ca-7cc8-892a-a0fa06c543bf',
  '240b70ee-650e-da98-d50e-11f0df10fd38',
  'corsa',
  'Corsa',
  1982,
  2024,
  '{1982,1985,1990,1995,2000,2005,2010,2015,2020,2024}'::int[],
  '["Hatchback","Sedan","Van"]'::jsonb,
  '["Gasoline","Diesel","Electric"]'::jsonb,
  '["Manual","Automatic"]'::jsonb,
  6.5,
  8
)
on conflict (make_id, slug) do nothing;


insert into public.vehicle_generations (
  id,
  model_id,
  code,
  start_year,
  end_year,
  facelift,
  production_countries,
  body_types,
  fuel_types,
  transmission_types,
  summary
)
values (
  '8127c89c-8b87-a96d-da54-bc5a929c9cd2',
  '14a0a77f-c6ca-7cc8-892a-a0fa06c543bf',
  'Corsa A (1982-1993)',
  1982,
  1993,
  true,
  '{"Germany","Spain"}'::text[],
  '["Hatchback","Sedan","Van"]'::jsonb,
  '["Gasoline","Diesel"]'::jsonb,
  '["Manual","Automatic"]'::jsonb,
  'The Corsa A was a small, economical car, popular in Europe.'
)
on conflict (model_id, code) do nothing;


insert into public.vehicle_generations (
  id,
  model_id,
  code,
  start_year,
  end_year,
  facelift,
  production_countries,
  body_types,
  fuel_types,
  transmission_types,
  summary
)
values (
  'ff424cca-cacf-771b-9bf2-bbe76b2f15ca',
  '14a0a77f-c6ca-7cc8-892a-a0fa06c543bf',
  'Corsa B (1993-2000)',
  1993,
  2000,
  true,
  '{"Germany","Spain","UK"}'::text[],
  '["Hatchback","Sedan","Van"]'::jsonb,
  '["Gasoline","Diesel"]'::jsonb,
  '["Manual","Automatic"]'::jsonb,
  'The Corsa B offered a more modern design and improved safety features.'
)
on conflict (model_id, code) do nothing;


insert into public.vehicle_generations (
  id,
  model_id,
  code,
  start_year,
  end_year,
  facelift,
  production_countries,
  body_types,
  fuel_types,
  transmission_types,
  summary
)
values (
  '45349ad2-4e57-2ff3-48e1-d1b43a72f4d6',
  '14a0a77f-c6ca-7cc8-892a-a0fa06c543bf',
  'Corsa C (2000-2006)',
  2000,
  2006,
  true,
  '{"Germany","Spain","Brazil"}'::text[],
  '["Hatchback","Van"]'::jsonb,
  '["Gasoline","Diesel"]'::jsonb,
  '["Manual","Automatic"]'::jsonb,
  'The Corsa C was larger and more refined than its predecessor.'
)
on conflict (model_id, code) do nothing;


insert into public.vehicle_generations (
  id,
  model_id,
  code,
  start_year,
  end_year,
  facelift,
  production_countries,
  body_types,
  fuel_types,
  transmission_types,
  summary
)
values (
  'deb683c2-0f6a-9304-7905-f06cec0d2c59',
  '14a0a77f-c6ca-7cc8-892a-a0fa06c543bf',
  'Corsa D (2006-2014)',
  2006,
  2014,
  true,
  '{"Germany","Spain"}'::text[],
  '["Hatchback"]'::jsonb,
  '["Gasoline","Diesel"]'::jsonb,
  '["Manual","Automatic"]'::jsonb,
  'The Corsa D featured a more stylish design and improved driving dynamics.'
)
on conflict (model_id, code) do nothing;


insert into public.vehicle_generations (
  id,
  model_id,
  code,
  start_year,
  end_year,
  facelift,
  production_countries,
  body_types,
  fuel_types,
  transmission_types,
  summary
)
values (
  'b0abc7f5-16b6-266e-a08c-17a5bc58718d',
  '14a0a77f-c6ca-7cc8-892a-a0fa06c543bf',
  'Corsa E (2014-2019)',
  2014,
  2019,
  true,
  '{"Germany","Spain"}'::text[],
  '["Hatchback"]'::jsonb,
  '["Gasoline","Diesel"]'::jsonb,
  '["Manual","Automatic"]'::jsonb,
  'The Corsa E offered updated technology and a more modern interior.'
)
on conflict (model_id, code) do nothing;


insert into public.vehicle_generations (
  id,
  model_id,
  code,
  start_year,
  end_year,
  facelift,
  production_countries,
  body_types,
  fuel_types,
  transmission_types,
  summary
)
values (
  '992af53c-bb8d-0643-62b6-f70008119b6d',
  '14a0a77f-c6ca-7cc8-892a-a0fa06c543bf',
  'Corsa F (2019-current)',
  2019,
  2024,
  false,
  '{"Spain","Germany"}'::text[],
  '["Hatchback"]'::jsonb,
  '["Gasoline","Diesel","Electric"]'::jsonb,
  '["Manual","Automatic"]'::jsonb,
  'The Corsa F is the latest generation, offering a modern design, improved technology, and an electric variant.'
)
on conflict (model_id, code) do nothing;


insert into public.vehicle_insights (
  model_id,
  pros,
  cons,
  inspection_tips,
  notable_features,
  engine_examples,
  common_issues_by_engine,
  reliability_score,
  popularity_score
)
values (
  '14a0a77f-c6ca-7cc8-892a-a0fa06c543bf',
  '["Fuel-efficient","Easy to park","Affordable"]'::jsonb,
  '["Small interior space","Basic interior materials","Some engines can be underpowered"]'::jsonb,
  '["Check for rust, especially on older models","Inspect the suspension","Test the air conditioning system"]'::jsonb,
  '["City mode steering","Heated seats","Electric version available"]'::jsonb,
  '["1.2L","1.3L Diesel","1.0L Turbo"]'::jsonb,
  '[{"engine_code":"A12XER","common_issues_ru":["Повышенный расход масла","Нестабильная работа на холостом ходу"]},{"engine_code":"B13DTE","common_issues_ru":["Проблемы с сажевым фильтром","Износ форсунок"]}]'::jsonb,
  null,
  null
)
on conflict (model_id) do nothing;


insert into public.vehicle_models (
  id,
  make_id,
  slug,
  name_en,
  first_model_year,
  last_model_year,
  years_available,
  body_types_available,
  fuel_types_available,
  transmission_available,
  reliability_score,
  popularity_score
)
values (
  'c36a651d-9244-9245-7ede-aa7b7820249f',
  '240b70ee-650e-da98-d50e-11f0df10fd38',
  'crossland',
  'Crossland',
  2017,
  2024,
  '{2017,2020,2024}'::int[],
  '["SUV"]'::jsonb,
  '["Gasoline","Diesel"]'::jsonb,
  '["Manual","Automatic"]'::jsonb,
  7.2,
  7.5
)
on conflict (make_id, slug) do nothing;


insert into public.vehicle_generations (
  id,
  model_id,
  code,
  start_year,
  end_year,
  facelift,
  production_countries,
  body_types,
  fuel_types,
  transmission_types,
  summary
)
values (
  '262324b3-db45-52a1-b9bb-5dbf90caf131',
  'c36a651d-9244-9245-7ede-aa7b7820249f',
  'Crossland (2017-current)',
  2017,
  2024,
  true,
  '{"Spain"}'::text[],
  '["SUV"]'::jsonb,
  '["Gasoline","Diesel"]'::jsonb,
  '["Manual","Automatic"]'::jsonb,
  'The Crossland is a compact SUV, known for its practicality and fuel efficiency.'
)
on conflict (model_id, code) do nothing;


insert into public.vehicle_insights (
  model_id,
  pros,
  cons,
  inspection_tips,
  notable_features,
  engine_examples,
  common_issues_by_engine,
  reliability_score,
  popularity_score
)
values (
  'c36a651d-9244-9245-7ede-aa7b7820249f',
  '["Fuel-efficient","Practical interior","Good visibility"]'::jsonb,
  '["Basic interior materials","Ride can be firm","Some engines can be underpowered"]'::jsonb,
  '["Check the suspension","Inspect the brakes","Test the infotainment system"]'::jsonb,
  '["Panoramic rear-view camera","Lane departure warning","Automatic emergency braking"]'::jsonb,
  '["1.2L","1.5L Diesel"]'::jsonb,
  '[{"engine_code":"EB2ADTS","common_issues_ru":["Растяжение цепи ГРМ","Утечка масла"]},{"engine_code":"DV5RD","common_issues_ru":["Проблемы с сажевым фильтром","Износ форсунок"]}]'::jsonb,
  null,
  null
)
on conflict (model_id) do nothing;


insert into public.vehicle_models (
  id,
  make_id,
  slug,
  name_en,
  first_model_year,
  last_model_year,
  years_available,
  body_types_available,
  fuel_types_available,
  transmission_available,
  reliability_score,
  popularity_score
)
values (
  'bb645446-b5ac-4990-401e-55ec37778a97',
  '240b70ee-650e-da98-d50e-11f0df10fd38',
  'grandland',
  'Grandland',
  2017,
  2024,
  '{2017,2020,2024}'::int[],
  '["SUV"]'::jsonb,
  '["Gasoline","Diesel","Hybrid","Plug-in Hybrid"]'::jsonb,
  '["Manual","Automatic"]'::jsonb,
  7.8,
  8.2
)
on conflict (make_id, slug) do nothing;


insert into public.vehicle_generations (
  id,
  model_id,
  code,
  start_year,
  end_year,
  facelift,
  production_countries,
  body_types,
  fuel_types,
  transmission_types,
  summary
)
values (
  'eec90821-3be1-8b5d-12d9-f5b0fb165abf',
  'bb645446-b5ac-4990-401e-55ec37778a97',
  'Grandland X (2017-2021)',
  2017,
  2021,
  false,
  '{"Germany"}'::text[],
  '["SUV"]'::jsonb,
  '["Gasoline","Diesel"]'::jsonb,
  '["Manual","Automatic"]'::jsonb,
  'The Grandland X is a compact SUV, offering a spacious interior and a comfortable ride.'
)
on conflict (model_id, code) do nothing;


insert into public.vehicle_generations (
  id,
  model_id,
  code,
  start_year,
  end_year,
  facelift,
  production_countries,
  body_types,
  fuel_types,
  transmission_types,
  summary
)
values (
  'cce45de6-e58f-6af6-8654-aa21bee347c6',
  'bb645446-b5ac-4990-401e-55ec37778a97',
  'Grandland (2021-current)',
  2021,
  2024,
  true,
  '{"Germany"}'::text[],
  '["SUV"]'::jsonb,
  '["Gasoline","Diesel","Hybrid","Plug-in Hybrid"]'::jsonb,
  '["Manual","Automatic"]'::jsonb,
  'The Grandland received a facelift with updated styling and technology.'
)
on conflict (model_id, code) do nothing;


insert into public.vehicle_insights (
  model_id,
  pros,
  cons,
  inspection_tips,
  notable_features,
  engine_examples,
  common_issues_by_engine,
  reliability_score,
  popularity_score
)
values (
  'bb645446-b5ac-4990-401e-55ec37778a97',
  '["Spacious interior","Comfortable ride","Available hybrid options"]'::jsonb,
  '["Infotainment system can be slow","Some interior materials could be better","Diesel engines can be noisy"]'::jsonb,
  '["Check the hybrid system (if applicable)","Inspect the brakes","Test the infotainment system"]'::jsonb,
  '["Adaptive cruise control","Panoramic sunroof","IntelliLux LED headlights"]'::jsonb,
  '["1.2L Turbo","1.6L Diesel","1.6L Plug-in Hybrid"]'::jsonb,
  '[{"engine_code":"EB2ADTS","common_issues_ru":["Растяжение цепи ГРМ","Утечка масла"]},{"engine_code":"DV5RD","common_issues_ru":["Проблемы с сажевым фильтром","Износ форсунок"]}]'::jsonb,
  null,
  null
)
on conflict (model_id) do nothing;


insert into public.vehicle_models (
  id,
  make_id,
  slug,
  name_en,
  first_model_year,
  last_model_year,
  years_available,
  body_types_available,
  fuel_types_available,
  transmission_available,
  reliability_score,
  popularity_score
)
values (
  '946cc309-b8bf-d7f5-0fbf-6418da7cdf06',
  '240b70ee-650e-da98-d50e-11f0df10fd38',
  'insignia',
  'Insignia',
  2008,
  2024,
  '{2008,2010,2015,2020,2024}'::int[],
  '["Sedan","Wagon","Hatchback"]'::jsonb,
  '["Gasoline","Diesel"]'::jsonb,
  '["Manual","Automatic"]'::jsonb,
  7.5,
  8
)
on conflict (make_id, slug) do nothing;


insert into public.vehicle_generations (
  id,
  model_id,
  code,
  start_year,
  end_year,
  facelift,
  production_countries,
  body_types,
  fuel_types,
  transmission_types,
  summary
)
values (
  '239de7e2-0d73-f915-468b-68fc24fc513e',
  '946cc309-b8bf-d7f5-0fbf-6418da7cdf06',
  'Insignia A (2008-2017)',
  2008,
  2017,
  true,
  '{"Germany","UK"}'::text[],
  '["Sedan","Wagon","Hatchback"]'::jsonb,
  '["Gasoline","Diesel"]'::jsonb,
  '["Manual","Automatic"]'::jsonb,
  'The Insignia A was a mid-size car, known for its stylish design and comfortable ride.'
)
on conflict (model_id, code) do nothing;


insert into public.vehicle_generations (
  id,
  model_id,
  code,
  start_year,
  end_year,
  facelift,
  production_countries,
  body_types,
  fuel_types,
  transmission_types,
  summary
)
values (
  '08b76fca-bc59-74c6-8cdf-2b5ae5401ef5',
  '946cc309-b8bf-d7f5-0fbf-6418da7cdf06',
  'Insignia B (2017-current)',
  2017,
  2024,
  true,
  '{"Germany"}'::text[],
  '["Sedan","Wagon","Hatchback"]'::jsonb,
  '["Gasoline","Diesel"]'::jsonb,
  '["Manual","Automatic"]'::jsonb,
  'The Insignia B offers a more modern design, improved technology, and a lighter weight.'
)
on conflict (model_id, code) do nothing;


insert into public.vehicle_insights (
  model_id,
  pros,
  cons,
  inspection_tips,
  notable_features,
  engine_examples,
  common_issues_by_engine,
  reliability_score,
  popularity_score
)
values (
  '946cc309-b8bf-d7f5-0fbf-6418da7cdf06',
  '["Spacious interior","Comfortable ride","Good value for money"]'::jsonb,
  '["Some engines can be unreliable","Infotainment system can be slow","Fuel economy could be better"]'::jsonb,
  '["Check for rust, especially on older models","Inspect the suspension","Test the air conditioning system"]'::jsonb,
  '["Adaptive cruise control","LED headlights","Massage seats"]'::jsonb,
  '["1.5L Turbo","2.0L Diesel","2.0L Turbo"]'::jsonb,
  '[{"engine_code":"B20DTH","common_issues_ru":["Проблемы с сажевым фильтром","Износ форсунок"]},{"engine_code":"A20NFT","common_issues_ru":["Растяжение цепи ГРМ","Утечка масла"]}]'::jsonb,
  null,
  null
)
on conflict (model_id) do nothing;


insert into public.vehicle_models (
  id,
  make_id,
  slug,
  name_en,
  first_model_year,
  last_model_year,
  years_available,
  body_types_available,
  fuel_types_available,
  transmission_available,
  reliability_score,
  popularity_score
)
values (
  '45a6e572-3f32-88d0-5e80-547b08407438',
  '240b70ee-650e-da98-d50e-11f0df10fd38',
  'mokka',
  'Mokka',
  2012,
  2024,
  '{2012,2015,2020,2024}'::int[],
  '["SUV"]'::jsonb,
  '["Gasoline","Diesel","Electric"]'::jsonb,
  '["Manual","Automatic"]'::jsonb,
  7,
  7.8
)
on conflict (make_id, slug) do nothing;


insert into public.vehicle_generations (
  id,
  model_id,
  code,
  start_year,
  end_year,
  facelift,
  production_countries,
  body_types,
  fuel_types,
  transmission_types,
  summary
)
values (
  'c3288236-a9c2-5b30-6815-329de9ba06f8',
  '45a6e572-3f32-88d0-5e80-547b08407438',
  'Mokka (2012-2019)',
  2012,
  2019,
  true,
  '{"South Korea","Spain"}'::text[],
  '["SUV"]'::jsonb,
  '["Gasoline","Diesel"]'::jsonb,
  '["Manual","Automatic"]'::jsonb,
  'The Mokka was a small SUV, known for its compact size and stylish design.'
)
on conflict (model_id, code) do nothing;


insert into public.vehicle_generations (
  id,
  model_id,
  code,
  start_year,
  end_year,
  facelift,
  production_countries,
  body_types,
  fuel_types,
  transmission_types,
  summary
)
values (
  '6e05a9ed-bfb2-057e-877d-3e9daf7859d3',
  '45a6e572-3f32-88d0-5e80-547b08407438',
  'Mokka (2020-current)',
  2020,
  2024,
  false,
  '{"France"}'::text[],
  '["SUV"]'::jsonb,
  '["Gasoline","Diesel","Electric"]'::jsonb,
  '["Manual","Automatic"]'::jsonb,
  'The new Mokka offers a more modern design and is available with an electric powertrain.'
)
on conflict (model_id, code) do nothing;


insert into public.vehicle_insights (
  model_id,
  pros,
  cons,
  inspection_tips,
  notable_features,
  engine_examples,
  common_issues_by_engine,
  reliability_score,
  popularity_score
)
values (
  '45a6e572-3f32-88d0-5e80-547b08407438',
  '["Stylish design","Compact size","Available electric version"]'::jsonb,
  '["Small interior space","Ride can be firm","Some engines can be underpowered"]'::jsonb,
  '["Check the battery health (electric version)","Inspect the suspension","Test the infotainment system"]'::jsonb,
  '["LED headlights","Digital instrument cluster","Electric version available"]'::jsonb,
  '["1.2L Turbo","1.5L Diesel","Electric motor"]'::jsonb,
  '[{"engine_code":"EB2ADTS","common_issues_ru":["Растяжение цепи ГРМ","Утечка масла"]},{"engine_code":"DV5RD","common_issues_ru":["Проблемы с сажевым фильтром","Износ форсунок"]}]'::jsonb,
  null,
  null
)
on conflict (model_id) do nothing;


insert into public.vehicle_models (
  id,
  make_id,
  slug,
  name_en,
  first_model_year,
  last_model_year,
  years_available,
  body_types_available,
  fuel_types_available,
  transmission_available,
  reliability_score,
  popularity_score
)
values (
  '3d5a39f0-51b5-c41d-6562-44f6cce1cda8',
  '240b70ee-650e-da98-d50e-11f0df10fd38',
  'vectra',
  'Vectra',
  1988,
  2008,
  '{1988,1990,1995,2000,2005,2008}'::int[],
  '["Sedan","Wagon","Hatchback"]'::jsonb,
  '["Gasoline","Diesel"]'::jsonb,
  '["Manual","Automatic"]'::jsonb,
  6,
  7
)
on conflict (make_id, slug) do nothing;


insert into public.vehicle_generations (
  id,
  model_id,
  code,
  start_year,
  end_year,
  facelift,
  production_countries,
  body_types,
  fuel_types,
  transmission_types,
  summary
)
values (
  '53bab615-91eb-150e-7e6e-c06df7a63b81',
  '3d5a39f0-51b5-c41d-6562-44f6cce1cda8',
  'Vectra A (1988-1995)',
  1988,
  1995,
  true,
  '{"Germany","UK"}'::text[],
  '["Sedan","Hatchback"]'::jsonb,
  '["Gasoline","Diesel"]'::jsonb,
  '["Manual","Automatic"]'::jsonb,
  'The Vectra A was a mid-size car, known for its practicality and affordability.'
)
on conflict (model_id, code) do nothing;


insert into public.vehicle_generations (
  id,
  model_id,
  code,
  start_year,
  end_year,
  facelift,
  production_countries,
  body_types,
  fuel_types,
  transmission_types,
  summary
)
values (
  'f7dc3295-d82d-4ae7-3526-a7ed1d7b180b',
  '3d5a39f0-51b5-c41d-6562-44f6cce1cda8',
  'Vectra B (1995-2002)',
  1995,
  2002,
  true,
  '{"Germany","UK"}'::text[],
  '["Sedan","Wagon","Hatchback"]'::jsonb,
  '["Gasoline","Diesel"]'::jsonb,
  '["Manual","Automatic"]'::jsonb,
  'The Vectra B offered a more modern design and improved safety features.'
)
on conflict (model_id, code) do nothing;


insert into public.vehicle_generations (
  id,
  model_id,
  code,
  start_year,
  end_year,
  facelift,
  production_countries,
  body_types,
  fuel_types,
  transmission_types,
  summary
)
values (
  '0e8ec4ca-d49d-6efb-7a8c-93c90f80b70e',
  '3d5a39f0-51b5-c41d-6562-44f6cce1cda8',
  'Vectra C (2002-2008)',
  2002,
  2008,
  true,
  '{"Germany","UK"}'::text[],
  '["Sedan","Wagon","Hatchback"]'::jsonb,
  '["Gasoline","Diesel"]'::jsonb,
  '["Manual","Automatic"]'::jsonb,
  'The Vectra C was larger and more refined than its predecessor.'
)
on conflict (model_id, code) do nothing;


insert into public.vehicle_insights (
  model_id,
  pros,
  cons,
  inspection_tips,
  notable_features,
  engine_examples,
  common_issues_by_engine,
  reliability_score,
  popularity_score
)
values (
  '3d5a39f0-51b5-c41d-6562-44f6cce1cda8',
  '["Spacious interior","Comfortable ride","Affordable"]'::jsonb,
  '["Reliability issues","Rust problems","Interior materials can feel cheap"]'::jsonb,
  '["Check for rust, especially on older models","Inspect the suspension","Test the air conditioning system"]'::jsonb,
  '["Cruise control","Air conditioning","ABS"]'::jsonb,
  '["1.6L","2.0L Diesel","2.2L"]'::jsonb,
  '[{"engine_code":"X16XEL","common_issues_ru":["Повышенный расход масла","Нестабильная работа на холостом ходу"]},{"engine_code":"Y20DTH","common_issues_ru":["Проблемы с ТНВД","Износ форсунок"]}]'::jsonb,
  null,
  null
)
on conflict (model_id) do nothing;


insert into public.vehicle_models (
  id,
  make_id,
  slug,
  name_en,
  first_model_year,
  last_model_year,
  years_available,
  body_types_available,
  fuel_types_available,
  transmission_available,
  reliability_score,
  popularity_score
)
values (
  '1870e86f-a26f-82d1-3669-dd4aabb58e94',
  '240b70ee-650e-da98-d50e-11f0df10fd38',
  'zafira',
  'Zafira',
  1999,
  2019,
  '{1999,2000,2005,2010,2015,2019}'::int[],
  '["Minivan"]'::jsonb,
  '["Gasoline","Diesel","CNG"]'::jsonb,
  '["Manual","Automatic"]'::jsonb,
  6.8,
  7.5
)
on conflict (make_id, slug) do nothing;


insert into public.vehicle_generations (
  id,
  model_id,
  code,
  start_year,
  end_year,
  facelift,
  production_countries,
  body_types,
  fuel_types,
  transmission_types,
  summary
)
values (
  '55422dff-6118-f503-6934-6585533b16be',
  '1870e86f-a26f-82d1-3669-dd4aabb58e94',
  'Zafira A (1999-2005)',
  1999,
  2005,
  true,
  '{"Germany","Poland"}'::text[],
  '["Minivan"]'::jsonb,
  '["Gasoline","Diesel","CNG"]'::jsonb,
  '["Manual","Automatic"]'::jsonb,
  'The Zafira A was a compact minivan, known for its flexible seating arrangement.'
)
on conflict (model_id, code) do nothing;


insert into public.vehicle_generations (
  id,
  model_id,
  code,
  start_year,
  end_year,
  facelift,
  production_countries,
  body_types,
  fuel_types,
  transmission_types,
  summary
)
values (
  'e9d56c25-1f8b-2d91-66dd-55e735844d7e',
  '1870e86f-a26f-82d1-3669-dd4aabb58e94',
  'Zafira B (2005-2014)',
  2005,
  2014,
  true,
  '{"Germany","Poland"}'::text[],
  '["Minivan"]'::jsonb,
  '["Gasoline","Diesel","CNG"]'::jsonb,
  '["Manual","Automatic"]'::jsonb,
  'The Zafira B offered a more modern design and improved safety features.'
)
on conflict (model_id, code) do nothing;


insert into public.vehicle_generations (
  id,
  model_id,
  code,
  start_year,
  end_year,
  facelift,
  production_countries,
  body_types,
  fuel_types,
  transmission_types,
  summary
)
values (
  '3ec827e1-6861-f367-aa07-771ab51fd8cb',
  '1870e86f-a26f-82d1-3669-dd4aabb58e94',
  'Zafira C (2011-2019)',
  2011,
  2019,
  true,
  '{"Germany"}'::text[],
  '["Minivan"]'::jsonb,
  '["Gasoline","Diesel","CNG"]'::jsonb,
  '["Manual","Automatic"]'::jsonb,
  'The Zafira C, also known as Zafira Tourer, offered a more spacious interior and a more refined driving experience.'
)
on conflict (model_id, code) do nothing;


insert into public.vehicle_insights (
  model_id,
  pros,
  cons,
  inspection_tips,
  notable_features,
  engine_examples,
  common_issues_by_engine,
  reliability_score,
  popularity_score
)
values (
  '1870e86f-a26f-82d1-3669-dd4aabb58e94',
  '["Flexible seating","Spacious interior","Practical"]'::jsonb,
  '["Ride can be bumpy","Some engines can be underpowered","Reliability issues"]'::jsonb,
  '["Check the suspension","Inspect the brakes","Test the air conditioning system"]'::jsonb,
  '["Flex7 seating system","Panoramic sunroof","Cruise control"]'::jsonb,
  '["1.6L","1.9L Diesel","2.2L"]'::jsonb,
  '[{"engine_code":"Z16XEP","common_issues_ru":["Повышенный расход масла","Нестабильная работа на холостом ходу"]},{"engine_code":"Z19DT","common_issues_ru":["Проблемы с сажевым фильтром","Износ форсунок"]}]'::jsonb,
  null,
  null
)
on conflict (model_id) do nothing;


insert into public.vehicle_makes (id, slug, name_en, country, segment_class, is_active, category_path)
values (
  '1db0f6bf-956e-a996-051c-86b74593c11f',
  'pagani',
  'Pagani',
  'Италия',
  null,
  true,
  'transport/legkovye-avtomobili'
)
on conflict (id) do nothing;


insert into public.vehicle_models (
  id,
  make_id,
  slug,
  name_en,
  first_model_year,
  last_model_year,
  years_available,
  body_types_available,
  fuel_types_available,
  transmission_available,
  reliability_score,
  popularity_score
)
values (
  '2f303f1d-9d17-b96d-32ec-1a809f981237',
  '1db0f6bf-956e-a996-051c-86b74593c11f',
  'huayra',
  'Huayra',
  2011,
  2023,
  '{2011,2012,2013,2014,2015,2016,2017,2018,2019,2020,2021,2022,2023}'::int[],
  '["Coupe","Roadster"]'::jsonb,
  '["Gasoline"]'::jsonb,
  '["Automatic"]'::jsonb,
  6,
  8.5
)
on conflict (make_id, slug) do nothing;


insert into public.vehicle_generations (
  id,
  model_id,
  code,
  start_year,
  end_year,
  facelift,
  production_countries,
  body_types,
  fuel_types,
  transmission_types,
  summary
)
values (
  '7c52559a-241b-2801-d6a4-fee63135ecbd',
  '2f303f1d-9d17-b96d-32ec-1a809f981237',
  'First Generation (2011-2023)',
  2011,
  2023,
  true,
  '{"Italy"}'::text[],
  '["Coupe","Roadster"]'::jsonb,
  '["Gasoline"]'::jsonb,
  '["Automatic"]'::jsonb,
  'The Huayra is a mid-engine sports car produced by Pagani. It features a carbon fiber monocoque chassis and is powered by a Mercedes-AMG twin-turbocharged V12 engine.'
)
on conflict (model_id, code) do nothing;


insert into public.vehicle_insights (
  model_id,
  pros,
  cons,
  inspection_tips,
  notable_features,
  engine_examples,
  common_issues_by_engine,
  reliability_score,
  popularity_score
)
values (
  '2f303f1d-9d17-b96d-32ec-1a809f981237',
  '["Exceptional performance","Exquisite design","Exclusive ownership"]'::jsonb,
  '["High price","Expensive maintenance","Limited availability"]'::jsonb,
  '["Check carbon fiber for damage","Inspect engine for leaks","Verify transmission functionality"]'::jsonb,
  '["Active aerodynamics","Carbon fiber construction","AMG V12 engine"]'::jsonb,
  '["6.0L Twin-Turbo V12"]'::jsonb,
  '[{"engine_code":"M158","common_issues_ru":["Проблемы с турбонаддувом","Утечки масла","Неисправности электроники"]}]'::jsonb,
  null,
  null
)
on conflict (model_id) do nothing;


insert into public.vehicle_makes (id, slug, name_en, country, segment_class, is_active, category_path)
values (
  '8ff262c0-f80e-7c01-6571-c5c34bb6e645',
  'peugeot',
  'Peugeot',
  'Франция',
  null,
  true,
  'transport/legkovye-avtomobili'
)
on conflict (id) do nothing;


insert into public.vehicle_models (
  id,
  make_id,
  slug,
  name_en,
  first_model_year,
  last_model_year,
  years_available,
  body_types_available,
  fuel_types_available,
  transmission_available,
  reliability_score,
  popularity_score
)
values (
  '26c7bab2-39be-a8e5-eed0-f2ff353188ea',
  '8ff262c0-f80e-7c01-6571-c5c34bb6e645',
  '208-2012-current',
  'Peugeot 208',
  2012,
  2024,
  '{2012,2013,2014,2015,2016,2017,2018,2019,2020,2021,2022,2023,2024}'::int[],
  '["Hatchback","Electric"]'::jsonb,
  '["Gasoline","Diesel","Electric"]'::jsonb,
  '["Manual","Automatic"]'::jsonb,
  7,
  8.5
)
on conflict (make_id, slug) do nothing;


insert into public.vehicle_generations (
  id,
  model_id,
  code,
  start_year,
  end_year,
  facelift,
  production_countries,
  body_types,
  fuel_types,
  transmission_types,
  summary
)
values (
  'f1727b60-95e4-ec1c-9c56-cfdcf685712c',
  '26c7bab2-39be-a8e5-eed0-f2ff353188ea',
  'Generation I (2012-2019)',
  2012,
  2019,
  true,
  '{"France","Slovakia"}'::text[],
  '["Hatchback"]'::jsonb,
  '["Gasoline","Diesel"]'::jsonb,
  '["Manual","Automatic"]'::jsonb,
  'First generation of the 208, offering a range of petrol and diesel engines.'
)
on conflict (model_id, code) do nothing;


insert into public.vehicle_generations (
  id,
  model_id,
  code,
  start_year,
  end_year,
  facelift,
  production_countries,
  body_types,
  fuel_types,
  transmission_types,
  summary
)
values (
  '35912bb5-8da1-18a5-da73-d2621729e09b',
  '26c7bab2-39be-a8e5-eed0-f2ff353188ea',
  'Generation II (2019-current)',
  2019,
  2024,
  true,
  '{"France","Spain"}'::text[],
  '["Hatchback","Electric"]'::jsonb,
  '["Gasoline","Diesel","Electric"]'::jsonb,
  '["Manual","Automatic"]'::jsonb,
  'Second generation with updated design, including an electric version (e-208).'
)
on conflict (model_id, code) do nothing;


insert into public.vehicle_insights (
  model_id,
  pros,
  cons,
  inspection_tips,
  notable_features,
  engine_examples,
  common_issues_by_engine,
  reliability_score,
  popularity_score
)
values (
  '26c7bab2-39be-a8e5-eed0-f2ff353188ea',
  '["Fuel efficiency","Stylish design","Good handling"]'::jsonb,
  '["Small rear seats","Infotainment system can be slow"]'::jsonb,
  '["Check for electrical issues","Inspect the clutch (manual versions)"]'::jsonb,
  '["i-Cockpit","LED headlights"]'::jsonb,
  '["1.2L PureTech","1.5L BlueHDi"]'::jsonb,
  '[{"engine_code":"EB2","common_issues_ru":["Проблемы с ремнем ГРМ","Утечки масла"]},{"engine_code":"DV5","common_issues_ru":["Проблемы с форсунками","Износ турбины"]}]'::jsonb,
  null,
  null
)
on conflict (model_id) do nothing;


insert into public.vehicle_models (
  id,
  make_id,
  slug,
  name_en,
  first_model_year,
  last_model_year,
  years_available,
  body_types_available,
  fuel_types_available,
  transmission_available,
  reliability_score,
  popularity_score
)
values (
  '008cb019-52a7-1355-e5cb-9e30c4c97aa4',
  '8ff262c0-f80e-7c01-6571-c5c34bb6e645',
  '3008-2009-current',
  'Peugeot 3008',
  2009,
  2024,
  '{2009,2010,2011,2012,2013,2014,2015,2016,2017,2018,2019,2020,2021,2022,2023,2024}'::int[],
  '["SUV"]'::jsonb,
  '["Gasoline","Diesel","Hybrid"]'::jsonb,
  '["Manual","Automatic"]'::jsonb,
  7.2,
  9
)
on conflict (make_id, slug) do nothing;


insert into public.vehicle_generations (
  id,
  model_id,
  code,
  start_year,
  end_year,
  facelift,
  production_countries,
  body_types,
  fuel_types,
  transmission_types,
  summary
)
values (
  '89584a67-8e90-5aaa-d630-c8cadc491323',
  '008cb019-52a7-1355-e5cb-9e30c4c97aa4',
  'Generation I (2009-2016)',
  2009,
  2016,
  true,
  '{"France"}'::text[],
  '["SUV"]'::jsonb,
  '["Gasoline","Diesel"]'::jsonb,
  '["Manual","Automatic"]'::jsonb,
  'First generation of the 3008, a compact crossover SUV.'
)
on conflict (model_id, code) do nothing;


insert into public.vehicle_generations (
  id,
  model_id,
  code,
  start_year,
  end_year,
  facelift,
  production_countries,
  body_types,
  fuel_types,
  transmission_types,
  summary
)
values (
  'ca8fa4ac-6ad2-c335-76e9-4e7f5bab5489',
  '008cb019-52a7-1355-e5cb-9e30c4c97aa4',
  'Generation II (2016-current)',
  2016,
  2024,
  true,
  '{"France","China"}'::text[],
  '["SUV","Hybrid"]'::jsonb,
  '["Gasoline","Diesel","Hybrid"]'::jsonb,
  '["Manual","Automatic"]'::jsonb,
  'Second generation with a more modern design and hybrid options.'
)
on conflict (model_id, code) do nothing;


insert into public.vehicle_insights (
  model_id,
  pros,
  cons,
  inspection_tips,
  notable_features,
  engine_examples,
  common_issues_by_engine,
  reliability_score,
  popularity_score
)
values (
  '008cb019-52a7-1355-e5cb-9e30c4c97aa4',
  '["Spacious interior","Comfortable ride","Stylish design"]'::jsonb,
  '["Infotainment system can be slow","Some engine reliability issues"]'::jsonb,
  '["Check the timing belt (diesel)","Inspect the suspension"]'::jsonb,
  '["i-Cockpit","Advanced driver-assistance systems"]'::jsonb,
  '["1.2L PureTech","1.6L THP","1.6L BlueHDi"]'::jsonb,
  '[{"engine_code":"EP6","common_issues_ru":["Растяжение цепи ГРМ","Утечки масла"]},{"engine_code":"DV6","common_issues_ru":["Проблемы с форсунками","Засорение сажевого фильтра"]}]'::jsonb,
  null,
  null
)
on conflict (model_id) do nothing;


insert into public.vehicle_models (
  id,
  make_id,
  slug,
  name_en,
  first_model_year,
  last_model_year,
  years_available,
  body_types_available,
  fuel_types_available,
  transmission_available,
  reliability_score,
  popularity_score
)
values (
  'b44fc465-e33e-9bac-8dc3-c61c67b0be2c',
  '8ff262c0-f80e-7c01-6571-c5c34bb6e645',
  '308-2013-current',
  'Peugeot 308',
  2013,
  2024,
  '{2013,2014,2015,2016,2017,2018,2019,2020,2021,2022,2023,2024}'::int[],
  '["Hatchback","Wagon"]'::jsonb,
  '["Gasoline","Diesel","Plug-in Hybrid"]'::jsonb,
  '["Manual","Automatic"]'::jsonb,
  7.3,
  8.2
)
on conflict (make_id, slug) do nothing;


insert into public.vehicle_generations (
  id,
  model_id,
  code,
  start_year,
  end_year,
  facelift,
  production_countries,
  body_types,
  fuel_types,
  transmission_types,
  summary
)
values (
  '7b396d0b-e0e8-b800-6b97-4dbf7d4f68ca',
  'b44fc465-e33e-9bac-8dc3-c61c67b0be2c',
  'Generation II (2013-2021)',
  2013,
  2021,
  true,
  '{"France","Germany"}'::text[],
  '["Hatchback","Wagon"]'::jsonb,
  '["Gasoline","Diesel"]'::jsonb,
  '["Manual","Automatic"]'::jsonb,
  'Second generation of the 308, offering a range of petrol and diesel engines.'
)
on conflict (model_id, code) do nothing;


insert into public.vehicle_generations (
  id,
  model_id,
  code,
  start_year,
  end_year,
  facelift,
  production_countries,
  body_types,
  fuel_types,
  transmission_types,
  summary
)
values (
  'da1d768e-2bdd-fc75-c498-742c62913f3c',
  'b44fc465-e33e-9bac-8dc3-c61c67b0be2c',
  'Generation III (2021-current)',
  2021,
  2024,
  false,
  '{"France","Germany"}'::text[],
  '["Hatchback","Wagon","Plug-in Hybrid"]'::jsonb,
  '["Gasoline","Diesel","Plug-in Hybrid"]'::jsonb,
  '["Manual","Automatic"]'::jsonb,
  'Third generation with updated design and plug-in hybrid options.'
)
on conflict (model_id, code) do nothing;


insert into public.vehicle_insights (
  model_id,
  pros,
  cons,
  inspection_tips,
  notable_features,
  engine_examples,
  common_issues_by_engine,
  reliability_score,
  popularity_score
)
values (
  'b44fc465-e33e-9bac-8dc3-c61c67b0be2c',
  '["Comfortable ride","Fuel efficiency","Stylish design"]'::jsonb,
  '["Infotainment system can be slow","Some engine reliability issues"]'::jsonb,
  '["Check the timing belt (diesel)","Inspect the suspension"]'::jsonb,
  '["i-Cockpit","LED headlights"]'::jsonb,
  '["1.2L PureTech","1.6L THP","1.5L BlueHDi"]'::jsonb,
  '[{"engine_code":"EB2","common_issues_ru":["Проблемы с ремнем ГРМ","Утечки масла"]},{"engine_code":"DV5","common_issues_ru":["Проблемы с форсунками","Износ турбины"]}]'::jsonb,
  null,
  null
)
on conflict (model_id) do nothing;


insert into public.vehicle_models (
  id,
  make_id,
  slug,
  name_en,
  first_model_year,
  last_model_year,
  years_available,
  body_types_available,
  fuel_types_available,
  transmission_available,
  reliability_score,
  popularity_score
)
values (
  'bd3d2170-b93c-0891-0758-7c86f7cbd182',
  '8ff262c0-f80e-7c01-6571-c5c34bb6e645',
  '5008-2009-current',
  'Peugeot 5008',
  2009,
  2024,
  '{2009,2010,2011,2012,2013,2014,2015,2016,2017,2018,2019,2020,2021,2022,2023,2024}'::int[],
  '["MPV","SUV"]'::jsonb,
  '["Gasoline","Diesel","Hybrid"]'::jsonb,
  '["Manual","Automatic"]'::jsonb,
  7.1,
  8
)
on conflict (make_id, slug) do nothing;


insert into public.vehicle_generations (
  id,
  model_id,
  code,
  start_year,
  end_year,
  facelift,
  production_countries,
  body_types,
  fuel_types,
  transmission_types,
  summary
)
values (
  '04f81951-f7ec-df9b-4ec9-a9b48910f3a8',
  'bd3d2170-b93c-0891-0758-7c86f7cbd182',
  'Generation I (2009-2017)',
  2009,
  2017,
  true,
  '{"France"}'::text[],
  '["MPV"]'::jsonb,
  '["Gasoline","Diesel"]'::jsonb,
  '["Manual","Automatic"]'::jsonb,
  'First generation of the 5008, a compact MPV.'
)
on conflict (model_id, code) do nothing;


insert into public.vehicle_generations (
  id,
  model_id,
  code,
  start_year,
  end_year,
  facelift,
  production_countries,
  body_types,
  fuel_types,
  transmission_types,
  summary
)
values (
  'f5dad316-4762-f5e9-e7dd-b0f4ea1d4b30',
  'bd3d2170-b93c-0891-0758-7c86f7cbd182',
  'Generation II (2017-current)',
  2017,
  2024,
  true,
  '{"France"}'::text[],
  '["SUV"]'::jsonb,
  '["Gasoline","Diesel","Hybrid"]'::jsonb,
  '["Manual","Automatic"]'::jsonb,
  'Second generation, transformed into a larger SUV.'
)
on conflict (model_id, code) do nothing;


insert into public.vehicle_insights (
  model_id,
  pros,
  cons,
  inspection_tips,
  notable_features,
  engine_examples,
  common_issues_by_engine,
  reliability_score,
  popularity_score
)
values (
  'bd3d2170-b93c-0891-0758-7c86f7cbd182',
  '["Spacious interior","Versatile seating","Comfortable ride"]'::jsonb,
  '["Infotainment system can be slow","Some engine reliability issues"]'::jsonb,
  '["Check the timing belt (diesel)","Inspect the suspension"]'::jsonb,
  '["i-Cockpit","Panoramic sunroof"]'::jsonb,
  '["1.2L PureTech","1.6L THP","1.6L BlueHDi"]'::jsonb,
  '[{"engine_code":"EP6","common_issues_ru":["Растяжение цепи ГРМ","Утечки масла"]},{"engine_code":"DV6","common_issues_ru":["Проблемы с форсунками","Засорение сажевого фильтра"]}]'::jsonb,
  null,
  null
)
on conflict (model_id) do nothing;


insert into public.vehicle_models (
  id,
  make_id,
  slug,
  name_en,
  first_model_year,
  last_model_year,
  years_available,
  body_types_available,
  fuel_types_available,
  transmission_available,
  reliability_score,
  popularity_score
)
values (
  '36a815f9-b542-2d05-b4e2-b66f7aff1182',
  '8ff262c0-f80e-7c01-6571-c5c34bb6e645',
  '508-2011-current',
  'Peugeot 508',
  2011,
  2024,
  '{2011,2012,2013,2014,2015,2016,2017,2018,2019,2020,2021,2022,2023,2024}'::int[],
  '["Sedan","Wagon","Fastback"]'::jsonb,
  '["Gasoline","Diesel","Plug-in Hybrid"]'::jsonb,
  '["Manual","Automatic"]'::jsonb,
  7.4,
  7.8
)
on conflict (make_id, slug) do nothing;


insert into public.vehicle_generations (
  id,
  model_id,
  code,
  start_year,
  end_year,
  facelift,
  production_countries,
  body_types,
  fuel_types,
  transmission_types,
  summary
)
values (
  '8905a194-ec21-664c-e500-d581e549343b',
  '36a815f9-b542-2d05-b4e2-b66f7aff1182',
  'Generation I (2011-2018)',
  2011,
  2018,
  true,
  '{"France","China"}'::text[],
  '["Sedan","Wagon"]'::jsonb,
  '["Gasoline","Diesel"]'::jsonb,
  '["Manual","Automatic"]'::jsonb,
  'First generation of the 508, a mid-size sedan and wagon.'
)
on conflict (model_id, code) do nothing;


insert into public.vehicle_generations (
  id,
  model_id,
  code,
  start_year,
  end_year,
  facelift,
  production_countries,
  body_types,
  fuel_types,
  transmission_types,
  summary
)
values (
  '89d72f2e-b7be-face-5607-ddf9a92d71fa',
  '36a815f9-b542-2d05-b4e2-b66f7aff1182',
  'Generation II (2018-current)',
  2018,
  2024,
  true,
  '{"France","China"}'::text[],
  '["Fastback","Wagon"]'::jsonb,
  '["Gasoline","Diesel","Plug-in Hybrid"]'::jsonb,
  '["Automatic"]'::jsonb,
  'Second generation with a fastback design and plug-in hybrid options.'
)
on conflict (model_id, code) do nothing;


insert into public.vehicle_insights (
  model_id,
  pros,
  cons,
  inspection_tips,
  notable_features,
  engine_examples,
  common_issues_by_engine,
  reliability_score,
  popularity_score
)
values (
  '36a815f9-b542-2d05-b4e2-b66f7aff1182',
  '["Stylish design","Comfortable ride","Spacious interior"]'::jsonb,
  '["Infotainment system can be slow","Some engine reliability issues"]'::jsonb,
  '["Check the timing belt (diesel)","Inspect the suspension"]'::jsonb,
  '["i-Cockpit","LED headlights"]'::jsonb,
  '["1.6L THP","2.0L BlueHDi"]'::jsonb,
  '[{"engine_code":"EP6","common_issues_ru":["Растяжение цепи ГРМ","Утечки масла"]},{"engine_code":"DW10","common_issues_ru":["Проблемы с форсунками","Засорение сажевого фильтра"]}]'::jsonb,
  null,
  null
)
on conflict (model_id) do nothing;


insert into public.vehicle_models (
  id,
  make_id,
  slug,
  name_en,
  first_model_year,
  last_model_year,
  years_available,
  body_types_available,
  fuel_types_available,
  transmission_available,
  reliability_score,
  popularity_score
)
values (
  '5d84bbfa-a5c3-b19f-c7c7-13502bb6d6a2',
  '8ff262c0-f80e-7c01-6571-c5c34bb6e645',
  'boxer-1994-current',
  'Peugeot Boxer',
  1994,
  2024,
  '{1994,1995,1996,1997,1998,1999,2000,2001,2002,2003,2004,2005,2006,2007,2008,2009,2010,2011,2012,2013,2014,2015,2016,2017,2018,2019,2020,2021,2022,2023,2024}'::int[],
  '["Van","Chassis Cab"]'::jsonb,
  '["Diesel"]'::jsonb,
  '["Manual"]'::jsonb,
  6.8,
  7.5
)
on conflict (make_id, slug) do nothing;


insert into public.vehicle_generations (
  id,
  model_id,
  code,
  start_year,
  end_year,
  facelift,
  production_countries,
  body_types,
  fuel_types,
  transmission_types,
  summary
)
values (
  '6e750866-9bf3-1fda-03cc-2c1d6f8fb343',
  '5d84bbfa-a5c3-b19f-c7c7-13502bb6d6a2',
  'Generation I (1994-2006)',
  1994,
  2006,
  true,
  '{"Italy"}'::text[],
  '["Van","Chassis Cab"]'::jsonb,
  '["Diesel"]'::jsonb,
  '["Manual"]'::jsonb,
  'First generation of the Boxer, a commercial van.'
)
on conflict (model_id, code) do nothing;


insert into public.vehicle_generations (
  id,
  model_id,
  code,
  start_year,
  end_year,
  facelift,
  production_countries,
  body_types,
  fuel_types,
  transmission_types,
  summary
)
values (
  '51ac930a-7978-310e-48c2-4372f578cf11',
  '5d84bbfa-a5c3-b19f-c7c7-13502bb6d6a2',
  'Generation II (2006-2014)',
  2006,
  2014,
  true,
  '{"Italy"}'::text[],
  '["Van","Chassis Cab"]'::jsonb,
  '["Diesel"]'::jsonb,
  '["Manual"]'::jsonb,
  'Second generation with updated design and engines.'
)
on conflict (model_id, code) do nothing;


insert into public.vehicle_generations (
  id,
  model_id,
  code,
  start_year,
  end_year,
  facelift,
  production_countries,
  body_types,
  fuel_types,
  transmission_types,
  summary
)
values (
  'ddb5db57-26ac-7430-92b5-532d70fdeb6c',
  '5d84bbfa-a5c3-b19f-c7c7-13502bb6d6a2',
  'Generation III (2014-current)',
  2014,
  2024,
  true,
  '{"Italy"}'::text[],
  '["Van","Chassis Cab"]'::jsonb,
  '["Diesel"]'::jsonb,
  '["Manual"]'::jsonb,
  'Third generation with further updates and improvements.'
)
on conflict (model_id, code) do nothing;


insert into public.vehicle_insights (
  model_id,
  pros,
  cons,
  inspection_tips,
  notable_features,
  engine_examples,
  common_issues_by_engine,
  reliability_score,
  popularity_score
)
values (
  '5d84bbfa-a5c3-b19f-c7c7-13502bb6d6a2',
  '["Large cargo capacity","Reliable engines","Good fuel economy"]'::jsonb,
  '["Basic interior","Can be prone to rust","Ride can be harsh when empty"]'::jsonb,
  '["Check for rust","Inspect the clutch","Check brakes"]'::jsonb,
  '["Large cargo space","Wide range of configurations"]'::jsonb,
  '["2.2L HDi","3.0L HDi"]'::jsonb,
  '[{"engine_code":"2.2 HDi","common_issues_ru":["Проблемы с форсунками","Износ турбины"]},{"engine_code":"3.0 HDi","common_issues_ru":["Проблемы с цепью ГРМ","Утечки масла"]}]'::jsonb,
  null,
  null
)
on conflict (model_id) do nothing;


insert into public.vehicle_makes (id, slug, name_en, country, segment_class, is_active, category_path)
values (
  '6e4dd034-df44-fec1-0024-0691cd100ae4',
  'polestar',
  'Polestar',
  'Швеция',
  null,
  true,
  'transport/legkovye-avtomobili'
)
on conflict (id) do nothing;


insert into public.vehicle_models (
  id,
  make_id,
  slug,
  name_en,
  first_model_year,
  last_model_year,
  years_available,
  body_types_available,
  fuel_types_available,
  transmission_available,
  reliability_score,
  popularity_score
)
values (
  'd5c3a4a9-229e-2700-69b5-b308f27fcf16',
  '6e4dd034-df44-fec1-0024-0691cd100ae4',
  'polestar-1',
  'Polestar 1',
  2020,
  2022,
  '{2020,2021,2022}'::int[],
  '["Coupe"]'::jsonb,
  '["Hybrid (Gas/Electric)"]'::jsonb,
  '["Automatic"]'::jsonb,
  7,
  6.5
)
on conflict (make_id, slug) do nothing;


insert into public.vehicle_generations (
  id,
  model_id,
  code,
  start_year,
  end_year,
  facelift,
  production_countries,
  body_types,
  fuel_types,
  transmission_types,
  summary
)
values (
  '3a355957-3339-7213-d34b-0309f76114e2',
  'd5c3a4a9-229e-2700-69b5-b308f27fcf16',
  'Generation I (2020-2022)',
  2020,
  2022,
  false,
  '{"China"}'::text[],
  '["Coupe"]'::jsonb,
  '["Hybrid (Gas/Electric)"]'::jsonb,
  '["Automatic"]'::jsonb,
  'The Polestar 1 was a high-performance plug-in hybrid grand tourer, showcasing Polestar''s design and engineering capabilities.'
)
on conflict (model_id, code) do nothing;


insert into public.vehicle_insights (
  model_id,
  pros,
  cons,
  inspection_tips,
  notable_features,
  engine_examples,
  common_issues_by_engine,
  reliability_score,
  popularity_score
)
values (
  'd5c3a4a9-229e-2700-69b5-b308f27fcf16',
  '["High performance","Luxurious interior","Advanced technology"]'::jsonb,
  '["Limited production","High price","Complex hybrid system"]'::jsonb,
  '["Check battery health","Inspect suspension components"]'::jsonb,
  '["Carbon fiber body","Plug-in hybrid powertrain","Öhlins dampers"]'::jsonb,
  '["2.0L Supercharged and Turbocharged I4 + Electric Motors"]'::jsonb,
  '[{"engine_code":"2.0T","common_issues_ru":["Проблемы с высоковольтной батареей","Износ тормозных дисков"]}]'::jsonb,
  null,
  null
)
on conflict (model_id) do nothing;


insert into public.vehicle_models (
  id,
  make_id,
  slug,
  name_en,
  first_model_year,
  last_model_year,
  years_available,
  body_types_available,
  fuel_types_available,
  transmission_available,
  reliability_score,
  popularity_score
)
values (
  '459e0e9c-067f-021d-23df-32f8000e58e9',
  '6e4dd034-df44-fec1-0024-0691cd100ae4',
  'polestar-2',
  'Polestar 2',
  2020,
  2024,
  '{2020,2021,2022,2023,2024}'::int[],
  '["Liftback"]'::jsonb,
  '["Electric"]'::jsonb,
  '["Automatic"]'::jsonb,
  7.8,
  8.2
)
on conflict (make_id, slug) do nothing;


insert into public.vehicle_generations (
  id,
  model_id,
  code,
  start_year,
  end_year,
  facelift,
  production_countries,
  body_types,
  fuel_types,
  transmission_types,
  summary
)
values (
  'fade4f45-0121-63ad-36ba-feeb27ce2f8f',
  '459e0e9c-067f-021d-23df-32f8000e58e9',
  'Generation I (2020-Present)',
  2020,
  2024,
  true,
  '{"China"}'::text[],
  '["Liftback"]'::jsonb,
  '["Electric"]'::jsonb,
  '["Automatic"]'::jsonb,
  'The Polestar 2 is a fully electric fastback, offering a blend of performance, sustainability, and Scandinavian design.'
)
on conflict (model_id, code) do nothing;


insert into public.vehicle_insights (
  model_id,
  pros,
  cons,
  inspection_tips,
  notable_features,
  engine_examples,
  common_issues_by_engine,
  reliability_score,
  popularity_score
)
values (
  '459e0e9c-067f-021d-23df-32f8000e58e9',
  '["Fast acceleration","Stylish design","Advanced technology","Sustainable materials"]'::jsonb,
  '["Ride can be firm","Infotainment system quirks","Pricey"]'::jsonb,
  '["Check battery health and range","Inspect charging port"]'::jsonb,
  '["Android Automotive OS","Vegan interior options","Performance pack with Öhlins dampers"]'::jsonb,
  '["Single Motor","Dual Motor"]'::jsonb,
  '[{"engine_code":"Electric Motors","common_issues_ru":["Проблемы с зарядкой","Износ шин"]}]'::jsonb,
  null,
  null
)
on conflict (model_id) do nothing;


insert into public.vehicle_models (
  id,
  make_id,
  slug,
  name_en,
  first_model_year,
  last_model_year,
  years_available,
  body_types_available,
  fuel_types_available,
  transmission_available,
  reliability_score,
  popularity_score
)
values (
  '2b69c518-ccd0-8cb3-93b2-8b2adac7e9a7',
  '6e4dd034-df44-fec1-0024-0691cd100ae4',
  'polestar-3',
  'Polestar 3',
  2024,
  2024,
  '{2024}'::int[],
  '["SUV"]'::jsonb,
  '["Electric"]'::jsonb,
  '["Automatic"]'::jsonb,
  7.5,
  7.8
)
on conflict (make_id, slug) do nothing;


insert into public.vehicle_generations (
  id,
  model_id,
  code,
  start_year,
  end_year,
  facelift,
  production_countries,
  body_types,
  fuel_types,
  transmission_types,
  summary
)
values (
  'fd6740bf-232c-49f7-cee2-3b9f91e876e6',
  '2b69c518-ccd0-8cb3-93b2-8b2adac7e9a7',
  'Generation I (2024-Present)',
  2024,
  2024,
  false,
  '{"China","USA"}'::text[],
  '["SUV"]'::jsonb,
  '["Electric"]'::jsonb,
  '["Automatic"]'::jsonb,
  'The Polestar 3 is an all-electric performance SUV, designed to compete in the premium SUV segment.'
)
on conflict (model_id, code) do nothing;


insert into public.vehicle_insights (
  model_id,
  pros,
  cons,
  inspection_tips,
  notable_features,
  engine_examples,
  common_issues_by_engine,
  reliability_score,
  popularity_score
)
values (
  '2b69c518-ccd0-8cb3-93b2-8b2adac7e9a7',
  '["Spacious interior","High performance","Advanced technology","Long range"]'::jsonb,
  '["Pricey","New model, reliability unproven","Infotainment system"]'::jsonb,
  '["Check battery health and range","Inspect charging port"]'::jsonb,
  '["Dual-motor all-wheel drive","Advanced driver-assistance systems","Over-the-air updates"]'::jsonb,
  '["Dual Motor"]'::jsonb,
  '[{"engine_code":"Electric Motors","common_issues_ru":["Проблемы с зарядкой","Возможные проблемы с программным обеспечением"]}]'::jsonb,
  null,
  null
)
on conflict (model_id) do nothing;


insert into public.vehicle_makes (id, slug, name_en, country, segment_class, is_active, category_path)
values (
  '2b180d83-1c8a-1194-7ac6-b642e7f3844d',
  'porsche',
  'Porsche',
  'Германия',
  null,
  true,
  'transport/legkovye-avtomobili'
)
on conflict (id) do nothing;


insert into public.vehicle_models (
  id,
  make_id,
  slug,
  name_en,
  first_model_year,
  last_model_year,
  years_available,
  body_types_available,
  fuel_types_available,
  transmission_available,
  reliability_score,
  popularity_score
)
values (
  '6af0ddf7-ecf9-0af1-7f9a-ced493aacad7',
  '2b180d83-1c8a-1194-7ac6-b642e7f3844d',
  '911',
  '911',
  1963,
  2024,
  '{1963,1970,1980,1990,2000,2010,2020,2024}'::int[],
  '["Coupe","Targa","Convertible"]'::jsonb,
  '["Gasoline"]'::jsonb,
  '["Manual","Automatic","PDK"]'::jsonb,
  7,
  9.5
)
on conflict (make_id, slug) do nothing;


insert into public.vehicle_generations (
  id,
  model_id,
  code,
  start_year,
  end_year,
  facelift,
  production_countries,
  body_types,
  fuel_types,
  transmission_types,
  summary
)
values (
  '9ffc68db-19f3-53e2-3ac8-01431b531066',
  '6af0ddf7-ecf9-0af1-7f9a-ced493aacad7',
  '901/911 (1963-1973)',
  1963,
  1973,
  true,
  '{"Germany"}'::text[],
  '["Coupe","Targa"]'::jsonb,
  '["Gasoline"]'::jsonb,
  '["Manual"]'::jsonb,
  'The original 911, known for its iconic design and air-cooled flat-six engine.'
)
on conflict (model_id, code) do nothing;


insert into public.vehicle_generations (
  id,
  model_id,
  code,
  start_year,
  end_year,
  facelift,
  production_countries,
  body_types,
  fuel_types,
  transmission_types,
  summary
)
values (
  'a7931cdb-5fb4-b748-8f4a-b8353adb69e9',
  '6af0ddf7-ecf9-0af1-7f9a-ced493aacad7',
  'G-Series (1974-1989)',
  1974,
  1989,
  true,
  '{"Germany"}'::text[],
  '["Coupe","Targa","Convertible"]'::jsonb,
  '["Gasoline"]'::jsonb,
  '["Manual","Automatic"]'::jsonb,
  'Introduced significant safety and emissions updates, including impact bumpers.'
)
on conflict (model_id, code) do nothing;


insert into public.vehicle_generations (
  id,
  model_id,
  code,
  start_year,
  end_year,
  facelift,
  production_countries,
  body_types,
  fuel_types,
  transmission_types,
  summary
)
values (
  'be756ef2-b255-31ff-4196-a3777973b658',
  '6af0ddf7-ecf9-0af1-7f9a-ced493aacad7',
  '964 (1989-1994)',
  1989,
  1994,
  false,
  '{"Germany"}'::text[],
  '["Coupe","Targa","Convertible"]'::jsonb,
  '["Gasoline"]'::jsonb,
  '["Manual","Automatic"]'::jsonb,
  'Featured updated styling and introduced all-wheel drive.'
)
on conflict (model_id, code) do nothing;


insert into public.vehicle_generations (
  id,
  model_id,
  code,
  start_year,
  end_year,
  facelift,
  production_countries,
  body_types,
  fuel_types,
  transmission_types,
  summary
)
values (
  '992e0dc4-be85-8306-391b-cf9c9dcee694',
  '6af0ddf7-ecf9-0af1-7f9a-ced493aacad7',
  '993 (1993-1998)',
  1993,
  1998,
  false,
  '{"Germany"}'::text[],
  '["Coupe","Targa","Convertible"]'::jsonb,
  '["Gasoline"]'::jsonb,
  '["Manual","Automatic"]'::jsonb,
  'The last of the air-cooled 911s, known for its distinctive design.'
)
on conflict (model_id, code) do nothing;


insert into public.vehicle_generations (
  id,
  model_id,
  code,
  start_year,
  end_year,
  facelift,
  production_countries,
  body_types,
  fuel_types,
  transmission_types,
  summary
)
values (
  'c1886072-d8bf-0c18-e061-53c6ea451f35',
  '6af0ddf7-ecf9-0af1-7f9a-ced493aacad7',
  '996 (1997-2006)',
  1997,
  2006,
  true,
  '{"Germany"}'::text[],
  '["Coupe","Targa","Convertible"]'::jsonb,
  '["Gasoline"]'::jsonb,
  '["Manual","Automatic"]'::jsonb,
  'Introduced water-cooled engines and a new design language.'
)
on conflict (model_id, code) do nothing;


insert into public.vehicle_generations (
  id,
  model_id,
  code,
  start_year,
  end_year,
  facelift,
  production_countries,
  body_types,
  fuel_types,
  transmission_types,
  summary
)
values (
  '39cc880b-340c-0715-bb4a-0d605e5af480',
  '6af0ddf7-ecf9-0af1-7f9a-ced493aacad7',
  '997 (2004-2012)',
  2004,
  2012,
  true,
  '{"Germany"}'::text[],
  '["Coupe","Targa","Convertible"]'::jsonb,
  '["Gasoline"]'::jsonb,
  '["Manual","Automatic","PDK"]'::jsonb,
  'Offered improved performance and refinement over the 996.'
)
on conflict (model_id, code) do nothing;


insert into public.vehicle_generations (
  id,
  model_id,
  code,
  start_year,
  end_year,
  facelift,
  production_countries,
  body_types,
  fuel_types,
  transmission_types,
  summary
)
values (
  'bfe47df9-cc9a-56e2-caeb-123c098c5ed9',
  '6af0ddf7-ecf9-0af1-7f9a-ced493aacad7',
  '991 (2011-2019)',
  2011,
  2019,
  true,
  '{"Germany"}'::text[],
  '["Coupe","Targa","Convertible"]'::jsonb,
  '["Gasoline"]'::jsonb,
  '["Manual","PDK"]'::jsonb,
  'Featured a new platform and a wider range of engines, including turbocharged options.'
)
on conflict (model_id, code) do nothing;


insert into public.vehicle_generations (
  id,
  model_id,
  code,
  start_year,
  end_year,
  facelift,
  production_countries,
  body_types,
  fuel_types,
  transmission_types,
  summary
)
values (
  '0b942446-4f6e-a59d-aaff-c9f8dfe6d186',
  '6af0ddf7-ecf9-0af1-7f9a-ced493aacad7',
  '992 (2018-Present)',
  2018,
  2024,
  false,
  '{"Germany"}'::text[],
  '["Coupe","Targa","Convertible"]'::jsonb,
  '["Gasoline"]'::jsonb,
  '["Manual","PDK"]'::jsonb,
  'The current generation, with a focus on technology and performance.'
)
on conflict (model_id, code) do nothing;


insert into public.vehicle_insights (
  model_id,
  pros,
  cons,
  inspection_tips,
  notable_features,
  engine_examples,
  common_issues_by_engine,
  reliability_score,
  popularity_score
)
values (
  '6af0ddf7-ecf9-0af1-7f9a-ced493aacad7',
  '["Iconic design","Exceptional performance","Excellent handling"]'::jsonb,
  '["High price","Expensive maintenance","Can be challenging to drive at the limit"]'::jsonb,
  '["Check for oil leaks","Inspect the clutch (manual)","Examine the tires for wear"]'::jsonb,
  '["Rear-engine layout","Flat-six engine","PDK transmission"]'::jsonb,
  '["3.0L Twin-Turbo Flat-6","4.0L Naturally Aspirated Flat-6"]'::jsonb,
  '[{"engine_code":"996 engines","common_issues_ru":["Разрушение подшипника IMS","Утечка масла"]},{"engine_code":"997 engines","common_issues_ru":["Износ цепи ГРМ","Утечка масла"]}]'::jsonb,
  null,
  null
)
on conflict (model_id) do nothing;


insert into public.vehicle_models (
  id,
  make_id,
  slug,
  name_en,
  first_model_year,
  last_model_year,
  years_available,
  body_types_available,
  fuel_types_available,
  transmission_available,
  reliability_score,
  popularity_score
)
values (
  'fbe9dc84-42fc-f721-78e1-a2bc0c160291',
  '2b180d83-1c8a-1194-7ac6-b642e7f3844d',
  'cayenne',
  'Cayenne',
  2002,
  2024,
  '{2002,2005,2010,2015,2020,2024}'::int[],
  '["SUV"]'::jsonb,
  '["Gasoline","Diesel","Hybrid"]'::jsonb,
  '["Automatic"]'::jsonb,
  7.8,
  8.5
)
on conflict (make_id, slug) do nothing;


insert into public.vehicle_generations (
  id,
  model_id,
  code,
  start_year,
  end_year,
  facelift,
  production_countries,
  body_types,
  fuel_types,
  transmission_types,
  summary
)
values (
  'ab338ab6-2892-1322-04dd-871d0e89f991',
  'fbe9dc84-42fc-f721-78e1-a2bc0c160291',
  'First Generation (2002-2010)',
  2002,
  2010,
  true,
  '{"Germany"}'::text[],
  '["SUV"]'::jsonb,
  '["Gasoline","Diesel"]'::jsonb,
  '["Automatic"]'::jsonb,
  'The first SUV from Porsche, sharing a platform with the Volkswagen Touareg.'
)
on conflict (model_id, code) do nothing;


insert into public.vehicle_generations (
  id,
  model_id,
  code,
  start_year,
  end_year,
  facelift,
  production_countries,
  body_types,
  fuel_types,
  transmission_types,
  summary
)
values (
  '6f9eef4d-c007-9d0a-8bf9-6446811990a8',
  'fbe9dc84-42fc-f721-78e1-a2bc0c160291',
  'Second Generation (2010-2017)',
  2010,
  2017,
  true,
  '{"Germany"}'::text[],
  '["SUV"]'::jsonb,
  '["Gasoline","Diesel","Hybrid"]'::jsonb,
  '["Automatic"]'::jsonb,
  'Improved styling, performance, and fuel efficiency.'
)
on conflict (model_id, code) do nothing;


insert into public.vehicle_generations (
  id,
  model_id,
  code,
  start_year,
  end_year,
  facelift,
  production_countries,
  body_types,
  fuel_types,
  transmission_types,
  summary
)
values (
  '77552427-47ba-fd6e-bd56-8f0ddc0ea244',
  'fbe9dc84-42fc-f721-78e1-a2bc0c160291',
  'Third Generation (2018-Present)',
  2018,
  2024,
  true,
  '{"Germany"}'::text[],
  '["SUV"]'::jsonb,
  '["Gasoline","Hybrid"]'::jsonb,
  '["Automatic"]'::jsonb,
  'Based on the MLBevo platform, offering a range of powerful engines and advanced technology.'
)
on conflict (model_id, code) do nothing;


insert into public.vehicle_insights (
  model_id,
  pros,
  cons,
  inspection_tips,
  notable_features,
  engine_examples,
  common_issues_by_engine,
  reliability_score,
  popularity_score
)
values (
  'fbe9dc84-42fc-f721-78e1-a2bc0c160291',
  '["Luxurious interior","Strong performance","Good handling for an SUV"]'::jsonb,
  '["Expensive to maintain","Fuel consumption can be high","Some reliability issues"]'::jsonb,
  '["Check for air suspension leaks","Inspect the transfer case","Examine the engine for oil leaks"]'::jsonb,
  '["Air suspension","All-wheel drive","Powerful engine options"]'::jsonb,
  '["3.0L V6","4.8L V8","3.0L V6 Hybrid"]'::jsonb,
  '[{"engine_code":"4.8L V8","common_issues_ru":["Утечка охлаждающей жидкости","Износ цепи ГРМ"]},{"engine_code":"3.0L V6 Diesel","common_issues_ru":["Проблемы с сажевым фильтром","Утечка масла"]}]'::jsonb,
  null,
  null
)
on conflict (model_id) do nothing;


insert into public.vehicle_models (
  id,
  make_id,
  slug,
  name_en,
  first_model_year,
  last_model_year,
  years_available,
  body_types_available,
  fuel_types_available,
  transmission_available,
  reliability_score,
  popularity_score
)
values (
  '3f316de9-b8ea-a881-9be5-b32412c81f54',
  '2b180d83-1c8a-1194-7ac6-b642e7f3844d',
  'panamera',
  'Panamera',
  2009,
  2024,
  '{2009,2015,2020,2024}'::int[],
  '["Sedan","Wagon"]'::jsonb,
  '["Gasoline","Hybrid"]'::jsonb,
  '["Automatic","PDK"]'::jsonb,
  7.2,
  8.2
)
on conflict (make_id, slug) do nothing;


insert into public.vehicle_generations (
  id,
  model_id,
  code,
  start_year,
  end_year,
  facelift,
  production_countries,
  body_types,
  fuel_types,
  transmission_types,
  summary
)
values (
  '26773bb1-e751-2751-891d-be234913a5c6',
  '3f316de9-b8ea-a881-9be5-b32412c81f54',
  'First Generation (2009-2016)',
  2009,
  2016,
  true,
  '{"Germany"}'::text[],
  '["Sedan"]'::jsonb,
  '["Gasoline","Hybrid"]'::jsonb,
  '["Automatic","PDK"]'::jsonb,
  'Porsche''s first four-door sedan, offering a blend of luxury and performance.'
)
on conflict (model_id, code) do nothing;


insert into public.vehicle_generations (
  id,
  model_id,
  code,
  start_year,
  end_year,
  facelift,
  production_countries,
  body_types,
  fuel_types,
  transmission_types,
  summary
)
values (
  '9a5acc8e-8e81-111a-020a-b1d65209b3e7',
  '3f316de9-b8ea-a881-9be5-b32412c81f54',
  'Second Generation (2016-Present)',
  2016,
  2024,
  true,
  '{"Germany"}'::text[],
  '["Sedan","Wagon"]'::jsonb,
  '["Gasoline","Hybrid"]'::jsonb,
  '["PDK"]'::jsonb,
  'Based on the MSB platform, with improved performance, technology, and styling.'
)
on conflict (model_id, code) do nothing;


insert into public.vehicle_insights (
  model_id,
  pros,
  cons,
  inspection_tips,
  notable_features,
  engine_examples,
  common_issues_by_engine,
  reliability_score,
  popularity_score
)
values (
  '3f316de9-b8ea-a881-9be5-b32412c81f54',
  '["Luxurious interior","Exceptional performance","Comfortable ride"]'::jsonb,
  '["High price","Expensive maintenance","Rear styling can be divisive"]'::jsonb,
  '["Check for air suspension issues","Inspect the PDK transmission","Examine the engine for oil leaks"]'::jsonb,
  '["All-wheel drive","PDK transmission","Advanced driver-assistance systems"]'::jsonb,
  '["3.0L V6","4.0L V8","2.9L V6 Hybrid"]'::jsonb,
  '[{"engine_code":"3.0L V6","common_issues_ru":["Утечка масла","Проблемы с турбонаддувом"]},{"engine_code":"PDK","common_issues_ru":["Износ сцепления","Проблемы с мехатроником"]}]'::jsonb,
  null,
  null
)
on conflict (model_id) do nothing;


insert into public.vehicle_models (
  id,
  make_id,
  slug,
  name_en,
  first_model_year,
  last_model_year,
  years_available,
  body_types_available,
  fuel_types_available,
  transmission_available,
  reliability_score,
  popularity_score
)
values (
  '74b07c3b-a493-016d-7afa-8c7979e0b4a9',
  '2b180d83-1c8a-1194-7ac6-b642e7f3844d',
  'taycan',
  'Taycan',
  2019,
  2024,
  '{2019,2020,2021,2022,2023,2024}'::int[],
  '["Sedan","Wagon"]'::jsonb,
  '["Electric"]'::jsonb,
  '["Automatic"]'::jsonb,
  7.7,
  8.8
)
on conflict (make_id, slug) do nothing;


insert into public.vehicle_generations (
  id,
  model_id,
  code,
  start_year,
  end_year,
  facelift,
  production_countries,
  body_types,
  fuel_types,
  transmission_types,
  summary
)
values (
  '04483f55-feb4-3193-c584-4e3ac6488bfe',
  '74b07c3b-a493-016d-7afa-8c7979e0b4a9',
  'First Generation (2019-Present)',
  2019,
  2024,
  false,
  '{"Germany"}'::text[],
  '["Sedan","Wagon"]'::jsonb,
  '["Electric"]'::jsonb,
  '["Automatic"]'::jsonb,
  'Porsche''s first all-electric car, offering impressive performance and range.'
)
on conflict (model_id, code) do nothing;


insert into public.vehicle_insights (
  model_id,
  pros,
  cons,
  inspection_tips,
  notable_features,
  engine_examples,
  common_issues_by_engine,
  reliability_score,
  popularity_score
)
values (
  '74b07c3b-a493-016d-7afa-8c7979e0b4a9',
  '["Instant acceleration","Luxurious interior","Advanced technology"]'::jsonb,
  '["High price","Limited range compared to gasoline cars","Charging infrastructure still developing"]'::jsonb,
  '["Check the battery health","Inspect the charging port","Examine the tires for wear"]'::jsonb,
  '["Electric powertrain","Fast charging capability","Advanced driver-assistance systems"]'::jsonb,
  '["Dual Electric Motors"]'::jsonb,
  '[{"engine_code":"Electric Motors","common_issues_ru":["Проблемы с инвертором","Неисправности зарядного устройства"]}]'::jsonb,
  null,
  null
)
on conflict (model_id) do nothing;


insert into public.vehicle_makes (id, slug, name_en, country, segment_class, is_active, category_path)
values (
  '88ff9293-ee43-a558-d2cd-8b3664a83aae',
  'ram',
  'Ram',
  'США',
  null,
  true,
  'transport/legkovye-avtomobili'
)
on conflict (id) do nothing;


insert into public.vehicle_models (
  id,
  make_id,
  slug,
  name_en,
  first_model_year,
  last_model_year,
  years_available,
  body_types_available,
  fuel_types_available,
  transmission_available,
  reliability_score,
  popularity_score
)
values (
  '32c05dfe-3042-0f4f-56d0-c3745e0e421a',
  '88ff9293-ee43-a558-d2cd-8b3664a83aae',
  'ram-1500',
  'Ram 1500',
  1981,
  2024,
  '{1981,1985,1990,1995,2000,2005,2010,2015,2020,2024}'::int[],
  '["Pickup Truck","Extended Cab","Crew Cab"]'::jsonb,
  '["Gasoline","Diesel","Hybrid"]'::jsonb,
  '["Automatic","Manual"]'::jsonb,
  7,
  8.5
)
on conflict (make_id, slug) do nothing;


insert into public.vehicle_generations (
  id,
  model_id,
  code,
  start_year,
  end_year,
  facelift,
  production_countries,
  body_types,
  fuel_types,
  transmission_types,
  summary
)
values (
  '92f8b179-7021-bcf0-31a3-f415720a1d32',
  '32c05dfe-3042-0f4f-56d0-c3745e0e421a',
  'First Generation (1981-1993)',
  1981,
  1993,
  false,
  '{"United States"}'::text[],
  '["Pickup Truck","Extended Cab"]'::jsonb,
  '["Gasoline","Diesel"]'::jsonb,
  '["Automatic","Manual"]'::jsonb,
  'The first generation of the Ram 1500, known as the Dodge Ram, established a strong presence in the pickup truck market with its rugged design and powerful engine options.'
)
on conflict (model_id, code) do nothing;


insert into public.vehicle_generations (
  id,
  model_id,
  code,
  start_year,
  end_year,
  facelift,
  production_countries,
  body_types,
  fuel_types,
  transmission_types,
  summary
)
values (
  '2e5e41d3-70ba-2683-865e-1268dbcc2437',
  '32c05dfe-3042-0f4f-56d0-c3745e0e421a',
  'Second Generation (1994-2001)',
  1994,
  2001,
  true,
  '{"United States"}'::text[],
  '["Pickup Truck","Extended Cab","Crew Cab"]'::jsonb,
  '["Gasoline","Diesel"]'::jsonb,
  '["Automatic","Manual"]'::jsonb,
  'The second generation introduced a bold new design and improved interior. It became known for its distinctive ''big rig'' styling.'
)
on conflict (model_id, code) do nothing;


insert into public.vehicle_generations (
  id,
  model_id,
  code,
  start_year,
  end_year,
  facelift,
  production_countries,
  body_types,
  fuel_types,
  transmission_types,
  summary
)
values (
  '9d45174d-a901-c543-abbd-61497847deaf',
  '32c05dfe-3042-0f4f-56d0-c3745e0e421a',
  'Third Generation (2002-2008)',
  2002,
  2008,
  true,
  '{"United States"}'::text[],
  '["Pickup Truck","Extended Cab","Crew Cab"]'::jsonb,
  '["Gasoline","Diesel"]'::jsonb,
  '["Automatic","Manual"]'::jsonb,
  'The third generation saw further refinements in design, engine options, and interior comfort. It offered increased towing and payload capacities.'
)
on conflict (model_id, code) do nothing;


insert into public.vehicle_generations (
  id,
  model_id,
  code,
  start_year,
  end_year,
  facelift,
  production_countries,
  body_types,
  fuel_types,
  transmission_types,
  summary
)
values (
  '400aa813-ec56-b3d1-524a-2138b3a7a0e0',
  '32c05dfe-3042-0f4f-56d0-c3745e0e421a',
  'Fourth Generation (2009-2018)',
  2009,
  2018,
  true,
  '{"United States","Mexico"}'::text[],
  '["Pickup Truck","Extended Cab","Crew Cab"]'::jsonb,
  '["Gasoline","Diesel"]'::jsonb,
  '["Automatic"]'::jsonb,
  'The fourth generation brought significant updates, including a new frame, suspension, and interior. It also introduced advanced technology features.'
)
on conflict (model_id, code) do nothing;


insert into public.vehicle_generations (
  id,
  model_id,
  code,
  start_year,
  end_year,
  facelift,
  production_countries,
  body_types,
  fuel_types,
  transmission_types,
  summary
)
values (
  '13a36346-9914-f858-3041-8e6ec4e6ab73',
  '32c05dfe-3042-0f4f-56d0-c3745e0e421a',
  'Fifth Generation (2019-Present)',
  2019,
  2024,
  true,
  '{"United States","Mexico"}'::text[],
  '["Pickup Truck","Extended Cab","Crew Cab"]'::jsonb,
  '["Gasoline","Diesel","Hybrid"]'::jsonb,
  '["Automatic"]'::jsonb,
  'The fifth generation features a lighter, stronger frame, a more luxurious interior, and advanced technology. It also offers a mild-hybrid system.'
)
on conflict (model_id, code) do nothing;


insert into public.vehicle_insights (
  model_id,
  pros,
  cons,
  inspection_tips,
  notable_features,
  engine_examples,
  common_issues_by_engine,
  reliability_score,
  popularity_score
)
values (
  '32c05dfe-3042-0f4f-56d0-c3745e0e421a',
  '["Powerful engine options","Comfortable ride","Spacious interior","High towing capacity"]'::jsonb,
  '["Fuel economy can be poor","Can be expensive to maintain","Large size can be difficult to maneuver"]'::jsonb,
  '["Check for rust on the frame","Inspect the suspension","Test the transmission","Check the condition of the engine"]'::jsonb,
  '["RamBox cargo management system","Uconnect infotainment system","Air suspension","Multi-function tailgate"]'::jsonb,
  '["3.6L V6","5.7L V8","3.0L Diesel","6.4L V8"]'::jsonb,
  '[{"engine_code":"5.7L HEMI","common_issues_ru":["Расход масла","Проблемы с системой MDS","Неисправности свечей зажигания"]},{"engine_code":"3.0L EcoDiesel","common_issues_ru":["Проблемы с турбокомпрессором","Утечки масла","Неисправности системы EGR"]}]'::jsonb,
  null,
  null
)
on conflict (model_id) do nothing;


insert into public.vehicle_models (
  id,
  make_id,
  slug,
  name_en,
  first_model_year,
  last_model_year,
  years_available,
  body_types_available,
  fuel_types_available,
  transmission_available,
  reliability_score,
  popularity_score
)
values (
  '67a9fe47-f428-e9e1-d0ef-49cb04e8333c',
  '88ff9293-ee43-a558-d2cd-8b3664a83aae',
  'ram-2500-3500',
  'Ram 2500/3500',
  1981,
  2024,
  '{1981,1985,1990,1995,2000,2005,2010,2015,2020,2024}'::int[],
  '["Pickup Truck","Chassis Cab"]'::jsonb,
  '["Gasoline","Diesel"]'::jsonb,
  '["Automatic","Manual"]'::jsonb,
  6.8,
  8.2
)
on conflict (make_id, slug) do nothing;


insert into public.vehicle_generations (
  id,
  model_id,
  code,
  start_year,
  end_year,
  facelift,
  production_countries,
  body_types,
  fuel_types,
  transmission_types,
  summary
)
values (
  'f8b7ad89-7a2f-d0f4-dc16-4a3c0f714c99',
  '67a9fe47-f428-e9e1-d0ef-49cb04e8333c',
  'First Generation (1981-1993)',
  1981,
  1993,
  false,
  '{"United States"}'::text[],
  '["Pickup Truck","Chassis Cab"]'::jsonb,
  '["Gasoline","Diesel"]'::jsonb,
  '["Automatic","Manual"]'::jsonb,
  'Heavy-duty trucks designed for commercial and heavy-duty applications. Offered robust engine options and increased payload and towing capabilities.'
)
on conflict (model_id, code) do nothing;


insert into public.vehicle_generations (
  id,
  model_id,
  code,
  start_year,
  end_year,
  facelift,
  production_countries,
  body_types,
  fuel_types,
  transmission_types,
  summary
)
values (
  '3338a586-385f-16e1-85de-386284ceebf8',
  '67a9fe47-f428-e9e1-d0ef-49cb04e8333c',
  'Second Generation (1994-2002)',
  1994,
  2002,
  true,
  '{"United States"}'::text[],
  '["Pickup Truck","Chassis Cab"]'::jsonb,
  '["Gasoline","Diesel"]'::jsonb,
  '["Automatic","Manual"]'::jsonb,
  'Continued the trend of offering powerful engines and heavy-duty capabilities. The second generation introduced the Cummins diesel engine.'
)
on conflict (model_id, code) do nothing;


insert into public.vehicle_generations (
  id,
  model_id,
  code,
  start_year,
  end_year,
  facelift,
  production_countries,
  body_types,
  fuel_types,
  transmission_types,
  summary
)
values (
  '73621894-aff8-e1fe-8e61-c2fa8c6a353f',
  '67a9fe47-f428-e9e1-d0ef-49cb04e8333c',
  'Third Generation (2003-2009)',
  2003,
  2009,
  true,
  '{"United States","Mexico"}'::text[],
  '["Pickup Truck","Chassis Cab"]'::jsonb,
  '["Gasoline","Diesel"]'::jsonb,
  '["Automatic","Manual"]'::jsonb,
  'Improved interior and exterior design. Enhanced towing and payload capacity. Continued to offer the Cummins diesel engine.'
)
on conflict (model_id, code) do nothing;


insert into public.vehicle_generations (
  id,
  model_id,
  code,
  start_year,
  end_year,
  facelift,
  production_countries,
  body_types,
  fuel_types,
  transmission_types,
  summary
)
values (
  '6fdf830d-a452-9fbc-6ae1-d19f265b4736',
  '67a9fe47-f428-e9e1-d0ef-49cb04e8333c',
  'Fourth Generation (2010-2018)',
  2010,
  2018,
  true,
  '{"United States","Mexico"}'::text[],
  '["Pickup Truck","Chassis Cab"]'::jsonb,
  '["Gasoline","Diesel"]'::jsonb,
  '["Automatic","Manual"]'::jsonb,
  'Significant updates to the design, interior, and technology. Improved ride quality and handling. Offered a variety of engine options.'
)
on conflict (model_id, code) do nothing;


insert into public.vehicle_generations (
  id,
  model_id,
  code,
  start_year,
  end_year,
  facelift,
  production_countries,
  body_types,
  fuel_types,
  transmission_types,
  summary
)
values (
  'e43873b9-814a-201f-92c9-6b5f54027dd9',
  '67a9fe47-f428-e9e1-d0ef-49cb04e8333c',
  'Fifth Generation (2019-Present)',
  2019,
  2024,
  true,
  '{"United States","Mexico"}'::text[],
  '["Pickup Truck","Chassis Cab"]'::jsonb,
  '["Gasoline","Diesel"]'::jsonb,
  '["Automatic"]'::jsonb,
  'Features a new design, improved interior, and advanced technology. Offers a more refined driving experience and increased towing capacity.'
)
on conflict (model_id, code) do nothing;


insert into public.vehicle_insights (
  model_id,
  pros,
  cons,
  inspection_tips,
  notable_features,
  engine_examples,
  common_issues_by_engine,
  reliability_score,
  popularity_score
)
values (
  '67a9fe47-f428-e9e1-d0ef-49cb04e8333c',
  '["Exceptional towing and payload capacity","Powerful engine options","Durable construction","Comfortable ride (for a heavy-duty truck)"]'::jsonb,
  '["Fuel economy can be poor","Expensive to maintain","Large size can be difficult to maneuver","Ride can be rough when unloaded"]'::jsonb,
  '["Check for rust on the frame","Inspect the suspension and brakes","Test the transmission","Check the condition of the engine"]'::jsonb,
  '["Heavy-duty suspension","High towing capacity","Cummins diesel engine option","Uconnect infotainment system"]'::jsonb,
  '["6.4L V8","6.7L Cummins Diesel"]'::jsonb,
  '[{"engine_code":"6.7L Cummins","common_issues_ru":["Проблемы с турбокомпрессором","Неисправности топливного насоса","Утечки масла"]},{"engine_code":"6.4L HEMI","common_issues_ru":["Расход масла","Проблемы с системой охлаждения","Неисправности свечей зажигания"]}]'::jsonb,
  null,
  null
)
on conflict (model_id) do nothing;


insert into public.vehicle_makes (id, slug, name_en, country, segment_class, is_active, category_path)
values (
  '898c9c55-132f-e82f-a6d9-26426bb349e1',
  'renault',
  'Renault',
  'Франция',
  null,
  true,
  'transport/legkovye-avtomobili'
)
on conflict (id) do nothing;


insert into public.vehicle_models (
  id,
  make_id,
  slug,
  name_en,
  first_model_year,
  last_model_year,
  years_available,
  body_types_available,
  fuel_types_available,
  transmission_available,
  reliability_score,
  popularity_score
)
values (
  'e85cb14b-7928-5cbf-e741-2d1e63958141',
  '898c9c55-132f-e82f-a6d9-26426bb349e1',
  'clio',
  'Clio',
  1990,
  2024,
  '{1990,1995,2000,2005,2010,2015,2019,2024}'::int[],
  '["Hatchback","Estate","Sedan"]'::jsonb,
  '["Gasoline","Diesel","Electric"]'::jsonb,
  '["Manual","Automatic","CVT"]'::jsonb,
  7,
  8.5
)
on conflict (make_id, slug) do nothing;


insert into public.vehicle_generations (
  id,
  model_id,
  code,
  start_year,
  end_year,
  facelift,
  production_countries,
  body_types,
  fuel_types,
  transmission_types,
  summary
)
values (
  '49f02f77-2b00-a597-3eec-0846c64b18ea',
  'e85cb14b-7928-5cbf-e741-2d1e63958141',
  'Generation I (1990-1998)',
  1990,
  1998,
  true,
  '{"France","Spain"}'::text[],
  '["Hatchback","Van"]'::jsonb,
  '["Gasoline","Diesel"]'::jsonb,
  '["Manual","Automatic"]'::jsonb,
  'First generation of the Clio, known for its compact size and fuel efficiency.'
)
on conflict (model_id, code) do nothing;


insert into public.vehicle_generations (
  id,
  model_id,
  code,
  start_year,
  end_year,
  facelift,
  production_countries,
  body_types,
  fuel_types,
  transmission_types,
  summary
)
values (
  '218da07d-2081-10b7-e2d5-04731cbed195',
  'e85cb14b-7928-5cbf-e741-2d1e63958141',
  'Generation II (1998-2005)',
  1998,
  2005,
  true,
  '{"France","Spain","Argentina","Brazil"}'::text[],
  '["Hatchback","Estate"]'::jsonb,
  '["Gasoline","Diesel"]'::jsonb,
  '["Manual","Automatic"]'::jsonb,
  'Improved design and features compared to the first generation.'
)
on conflict (model_id, code) do nothing;


insert into public.vehicle_generations (
  id,
  model_id,
  code,
  start_year,
  end_year,
  facelift,
  production_countries,
  body_types,
  fuel_types,
  transmission_types,
  summary
)
values (
  'e0ffa9ce-10f1-b608-d630-38c382bb3814',
  'e85cb14b-7928-5cbf-e741-2d1e63958141',
  'Generation III (2005-2012)',
  2005,
  2012,
  true,
  '{"France","Spain","Turkey","Slovenia"}'::text[],
  '["Hatchback","Estate"]'::jsonb,
  '["Gasoline","Diesel"]'::jsonb,
  '["Manual","Automatic"]'::jsonb,
  'Larger and more refined than the previous generations.'
)
on conflict (model_id, code) do nothing;


insert into public.vehicle_generations (
  id,
  model_id,
  code,
  start_year,
  end_year,
  facelift,
  production_countries,
  body_types,
  fuel_types,
  transmission_types,
  summary
)
values (
  '8359d344-b82c-9d91-3fee-073d455bde30',
  'e85cb14b-7928-5cbf-e741-2d1e63958141',
  'Generation IV (2012-2019)',
  2012,
  2019,
  true,
  '{"France","Turkey"}'::text[],
  '["Hatchback","Estate"]'::jsonb,
  '["Gasoline","Diesel"]'::jsonb,
  '["Manual","Automatic","CVT"]'::jsonb,
  'Modern design and technology, including a focus on fuel efficiency.'
)
on conflict (model_id, code) do nothing;


insert into public.vehicle_generations (
  id,
  model_id,
  code,
  start_year,
  end_year,
  facelift,
  production_countries,
  body_types,
  fuel_types,
  transmission_types,
  summary
)
values (
  'f44f71ad-8321-92ac-5059-0e66a243bbaf',
  'e85cb14b-7928-5cbf-e741-2d1e63958141',
  'Generation V (2019-Present)',
  2019,
  2024,
  true,
  '{"France","Turkey","Slovenia"}'::text[],
  '["Hatchback"]'::jsonb,
  '["Gasoline","Diesel","Hybrid","LPG"]'::jsonb,
  '["Manual","Automatic","CVT"]'::jsonb,
  'Current generation with updated styling, technology, and engine options, including hybrid versions.'
)
on conflict (model_id, code) do nothing;


insert into public.vehicle_insights (
  model_id,
  pros,
  cons,
  inspection_tips,
  notable_features,
  engine_examples,
  common_issues_by_engine,
  reliability_score,
  popularity_score
)
values (
  'e85cb14b-7928-5cbf-e741-2d1e63958141',
  '["Fuel-efficient engines","Compact size, easy to park","Good value for money"]'::jsonb,
  '["Some interior plastics feel cheap","Ride can be firm","Diesel engines can be noisy"]'::jsonb,
  '["Check for rust, especially on older models","Inspect the timing belt (diesel)","Test the air conditioning"]'::jsonb,
  '["Keyless entry and start","Touchscreen infotainment system","LED headlights"]'::jsonb,
  '["1.2L I4","1.5L dCi","1.0L TCe"]'::jsonb,
  '[{"engine_code":"1.5 dCi","common_issues_ru":["Износ форсунок","Проблемы с турбокомпрессором"]},{"engine_code":"1.2L I4","common_issues_ru":["Расход масла","Нестабильная работа двигателя"]}]'::jsonb,
  null,
  null
)
on conflict (model_id) do nothing;


insert into public.vehicle_models (
  id,
  make_id,
  slug,
  name_en,
  first_model_year,
  last_model_year,
  years_available,
  body_types_available,
  fuel_types_available,
  transmission_available,
  reliability_score,
  popularity_score
)
values (
  '1e12701b-0c1a-2137-a61d-693a2eff33a3',
  '898c9c55-132f-e82f-a6d9-26426bb349e1',
  'duster',
  'Duster',
  2009,
  2024,
  '{2010,2015,2020,2024}'::int[],
  '["SUV"]'::jsonb,
  '["Gasoline","Diesel","LPG"]'::jsonb,
  '["Manual","Automatic"]'::jsonb,
  7.8,
  9
)
on conflict (make_id, slug) do nothing;


insert into public.vehicle_generations (
  id,
  model_id,
  code,
  start_year,
  end_year,
  facelift,
  production_countries,
  body_types,
  fuel_types,
  transmission_types,
  summary
)
values (
  'e25fa775-82c9-1d33-8e4f-42864702068a',
  '1e12701b-0c1a-2137-a61d-693a2eff33a3',
  'Generation I (2009-2017)',
  2009,
  2017,
  true,
  '{"Romania","Russia","Brazil","India","Colombia"}'::text[],
  '["SUV"]'::jsonb,
  '["Gasoline","Diesel","LPG"]'::jsonb,
  '["Manual","Automatic"]'::jsonb,
  'First generation of the Duster, known for its affordability and off-road capabilities.'
)
on conflict (model_id, code) do nothing;


insert into public.vehicle_generations (
  id,
  model_id,
  code,
  start_year,
  end_year,
  facelift,
  production_countries,
  body_types,
  fuel_types,
  transmission_types,
  summary
)
values (
  '5adab358-ae5c-39f7-1a8b-ded6068c2778',
  '1e12701b-0c1a-2137-a61d-693a2eff33a3',
  'Generation II (2017-Present)',
  2017,
  2024,
  true,
  '{"Romania","Russia","Brazil","India","Colombia"}'::text[],
  '["SUV"]'::jsonb,
  '["Gasoline","Diesel","LPG"]'::jsonb,
  '["Manual","Automatic","CVT"]'::jsonb,
  'Improved design, technology, and safety features compared to the first generation.'
)
on conflict (model_id, code) do nothing;


insert into public.vehicle_insights (
  model_id,
  pros,
  cons,
  inspection_tips,
  notable_features,
  engine_examples,
  common_issues_by_engine,
  reliability_score,
  popularity_score
)
values (
  '1e12701b-0c1a-2137-a61d-693a2eff33a3',
  '["Affordable price","Good off-road capability","Spacious interior"]'::jsonb,
  '["Basic interior design","Ride can be bumpy","Diesel engines can be noisy"]'::jsonb,
  '["Check for rust, especially on the undercarriage","Inspect the suspension","Test the 4x4 system (if equipped)"]'::jsonb,
  '["4x4 system","Hill descent control","Touchscreen infotainment system"]'::jsonb,
  '["1.6L I4","1.5L dCi","1.3L TCe"]'::jsonb,
  '[{"engine_code":"1.5 dCi","common_issues_ru":["Проблемы с форсунками","Износ турбины"]},{"engine_code":"1.6L I4","common_issues_ru":["Расход масла","Нестабильная работа двигателя"]}]'::jsonb,
  null,
  null
)
on conflict (model_id) do nothing;


insert into public.vehicle_models (
  id,
  make_id,
  slug,
  name_en,
  first_model_year,
  last_model_year,
  years_available,
  body_types_available,
  fuel_types_available,
  transmission_available,
  reliability_score,
  popularity_score
)
values (
  'c5d3a4a6-b8ec-65ff-66bc-71ccaeeaeac6',
  '898c9c55-132f-e82f-a6d9-26426bb349e1',
  'master',
  'Master',
  1980,
  2024,
  '{1980,1985,1990,1995,2000,2005,2010,2015,2020,2024}'::int[],
  '["Van","Minibus","Chassis Cab"]'::jsonb,
  '["Diesel","Electric"]'::jsonb,
  '["Manual","Automatic"]'::jsonb,
  7.2,
  7.5
)
on conflict (make_id, slug) do nothing;


insert into public.vehicle_generations (
  id,
  model_id,
  code,
  start_year,
  end_year,
  facelift,
  production_countries,
  body_types,
  fuel_types,
  transmission_types,
  summary
)
values (
  '7319e9ae-8345-60d4-2b8e-ff4f9b3e671d',
  'c5d3a4a6-b8ec-65ff-66bc-71ccaeeaeac6',
  'Generation I (1980-1997)',
  1980,
  1997,
  true,
  '{"France"}'::text[],
  '["Van","Chassis Cab"]'::jsonb,
  '["Diesel"]'::jsonb,
  '["Manual"]'::jsonb,
  'First generation of the Master, a robust and reliable commercial vehicle.'
)
on conflict (model_id, code) do nothing;


insert into public.vehicle_generations (
  id,
  model_id,
  code,
  start_year,
  end_year,
  facelift,
  production_countries,
  body_types,
  fuel_types,
  transmission_types,
  summary
)
values (
  '7f348194-4311-665c-6cbb-77a2fc32fca1',
  'c5d3a4a6-b8ec-65ff-66bc-71ccaeeaeac6',
  'Generation II (1997-2010)',
  1997,
  2010,
  true,
  '{"France"}'::text[],
  '["Van","Minibus","Chassis Cab"]'::jsonb,
  '["Diesel"]'::jsonb,
  '["Manual"]'::jsonb,
  'Improved design and features compared to the first generation.'
)
on conflict (model_id, code) do nothing;


insert into public.vehicle_generations (
  id,
  model_id,
  code,
  start_year,
  end_year,
  facelift,
  production_countries,
  body_types,
  fuel_types,
  transmission_types,
  summary
)
values (
  '4e2ec869-57d8-3be1-c2b4-5a20b38692cf',
  'c5d3a4a6-b8ec-65ff-66bc-71ccaeeaeac6',
  'Generation III (2010-2019)',
  2010,
  2019,
  true,
  '{"France"}'::text[],
  '["Van","Minibus","Chassis Cab"]'::jsonb,
  '["Diesel"]'::jsonb,
  '["Manual","Automatic"]'::jsonb,
  'Modern design and improved fuel efficiency.'
)
on conflict (model_id, code) do nothing;


insert into public.vehicle_generations (
  id,
  model_id,
  code,
  start_year,
  end_year,
  facelift,
  production_countries,
  body_types,
  fuel_types,
  transmission_types,
  summary
)
values (
  'be30497c-16c1-44c7-66d6-ff99cd3155c0',
  'c5d3a4a6-b8ec-65ff-66bc-71ccaeeaeac6',
  'Generation IV (2019-Present)',
  2019,
  2024,
  true,
  '{"France"}'::text[],
  '["Van","Minibus","Chassis Cab","Electric Van"]'::jsonb,
  '["Diesel","Electric"]'::jsonb,
  '["Manual","Automatic"]'::jsonb,
  'Current generation with updated styling, technology, and electric versions.'
)
on conflict (model_id, code) do nothing;


insert into public.vehicle_insights (
  model_id,
  pros,
  cons,
  inspection_tips,
  notable_features,
  engine_examples,
  common_issues_by_engine,
  reliability_score,
  popularity_score
)
values (
  'c5d3a4a6-b8ec-65ff-66bc-71ccaeeaeac6',
  '["Large cargo capacity","Durable and reliable","Wide range of configurations"]'::jsonb,
  '["Can be expensive to maintain","Ride can be rough when empty","Basic interior"]'::jsonb,
  '["Check for rust, especially on the chassis","Inspect the brakes","Test the engine under load"]'::jsonb,
  '["Wide range of body styles","High payload capacity","Electric version available"]'::jsonb,
  '["2.3L dCi","2.5L dCi","Electric motor"]'::jsonb,
  '[{"engine_code":"2.3 dCi","common_issues_ru":["Проблемы с турбокомпрессором","Износ форсунок"]},{"engine_code":"2.5 dCi","common_issues_ru":["Износ цепи ГРМ","Утечка масла"]}]'::jsonb,
  null,
  null
)
on conflict (model_id) do nothing;


insert into public.vehicle_models (
  id,
  make_id,
  slug,
  name_en,
  first_model_year,
  last_model_year,
  years_available,
  body_types_available,
  fuel_types_available,
  transmission_available,
  reliability_score,
  popularity_score
)
values (
  'cfb128da-2082-222f-8dd1-b7e30ef5440b',
  '898c9c55-132f-e82f-a6d9-26426bb349e1',
  'megane',
  'Megane',
  1995,
  2024,
  '{1995,2000,2005,2010,2015,2020,2024}'::int[],
  '["Hatchback","Sedan","Estate","Coupe","Convertible"]'::jsonb,
  '["Gasoline","Diesel","Electric","Hybrid"]'::jsonb,
  '["Manual","Automatic","CVT"]'::jsonb,
  7.3,
  8.2
)
on conflict (make_id, slug) do nothing;


insert into public.vehicle_generations (
  id,
  model_id,
  code,
  start_year,
  end_year,
  facelift,
  production_countries,
  body_types,
  fuel_types,
  transmission_types,
  summary
)
values (
  '16ece040-6c5b-c120-c345-7d235f0fea6a',
  'cfb128da-2082-222f-8dd1-b7e30ef5440b',
  'Generation I (1995-2002)',
  1995,
  2002,
  true,
  '{"France","Spain"}'::text[],
  '["Hatchback","Sedan","Coupe","Convertible","Estate"]'::jsonb,
  '["Gasoline","Diesel"]'::jsonb,
  '["Manual","Automatic"]'::jsonb,
  'First generation of the Megane, replacing the Renault 19.'
)
on conflict (model_id, code) do nothing;


insert into public.vehicle_generations (
  id,
  model_id,
  code,
  start_year,
  end_year,
  facelift,
  production_countries,
  body_types,
  fuel_types,
  transmission_types,
  summary
)
values (
  '1edc4779-3a5f-1229-ccd1-63ca20cd1e20',
  'cfb128da-2082-222f-8dd1-b7e30ef5440b',
  'Generation II (2002-2008)',
  2002,
  2008,
  true,
  '{"France","Spain","Turkey"}'::text[],
  '["Hatchback","Sedan","Estate","Coupe"]'::jsonb,
  '["Gasoline","Diesel"]'::jsonb,
  '["Manual","Automatic"]'::jsonb,
  'Distinctive styling and improved safety features.'
)
on conflict (model_id, code) do nothing;


insert into public.vehicle_generations (
  id,
  model_id,
  code,
  start_year,
  end_year,
  facelift,
  production_countries,
  body_types,
  fuel_types,
  transmission_types,
  summary
)
values (
  'c7f1104b-2e31-6eb4-14ad-638c65f2bbc3',
  'cfb128da-2082-222f-8dd1-b7e30ef5440b',
  'Generation III (2008-2016)',
  2008,
  2016,
  true,
  '{"France","Spain","Turkey"}'::text[],
  '["Hatchback","Sedan","Estate","Coupe"]'::jsonb,
  '["Gasoline","Diesel"]'::jsonb,
  '["Manual","Automatic","CVT"]'::jsonb,
  'More refined and technologically advanced than the previous generation.'
)
on conflict (model_id, code) do nothing;


insert into public.vehicle_generations (
  id,
  model_id,
  code,
  start_year,
  end_year,
  facelift,
  production_countries,
  body_types,
  fuel_types,
  transmission_types,
  summary
)
values (
  '63d117a8-500f-ec5c-74bb-0067290359d9',
  'cfb128da-2082-222f-8dd1-b7e30ef5440b',
  'Generation IV (2016-2022)',
  2016,
  2022,
  true,
  '{"France","Spain","Turkey"}'::text[],
  '["Hatchback","Estate","Sedan","Coupe"]'::jsonb,
  '["Gasoline","Diesel","Hybrid"]'::jsonb,
  '["Manual","Automatic","CVT"]'::jsonb,
  'Modern design and technology, including hybrid options.'
)
on conflict (model_id, code) do nothing;


insert into public.vehicle_generations (
  id,
  model_id,
  code,
  start_year,
  end_year,
  facelift,
  production_countries,
  body_types,
  fuel_types,
  transmission_types,
  summary
)
values (
  '3c8703ef-0264-a214-4ccb-ba71740e8cdb',
  'cfb128da-2082-222f-8dd1-b7e30ef5440b',
  'Generation V (2022-Present)',
  2022,
  2024,
  false,
  '{"France","Germany"}'::text[],
  '["Hatchback","Estate","Electric"]'::jsonb,
  '["Electric","Gasoline","Hybrid"]'::jsonb,
  '["Automatic"]'::jsonb,
  'Current generation with electric and hybrid options.'
)
on conflict (model_id, code) do nothing;


insert into public.vehicle_insights (
  model_id,
  pros,
  cons,
  inspection_tips,
  notable_features,
  engine_examples,
  common_issues_by_engine,
  reliability_score,
  popularity_score
)
values (
  'cfb128da-2082-222f-8dd1-b7e30ef5440b',
  '["Stylish design","Comfortable ride","Wide range of engine options"]'::jsonb,
  '["Some reliability issues","Interior plastics can feel cheap","Running costs can be high"]'::jsonb,
  '["Check the electrical system","Inspect the suspension","Test the air conditioning"]'::jsonb,
  '["Keyless entry and start","Touchscreen infotainment system","Panoramic sunroof"]'::jsonb,
  '["1.6L I4","1.5L dCi","1.3L TCe","Electric motor"]'::jsonb,
  '[{"engine_code":"1.5 dCi","common_issues_ru":["Проблемы с форсунками","Износ турбины"]},{"engine_code":"1.6L I4","common_issues_ru":["Расход масла","Нестабильная работа двигателя"]}]'::jsonb,
  null,
  null
)
on conflict (model_id) do nothing;


insert into public.vehicle_models (
  id,
  make_id,
  slug,
  name_en,
  first_model_year,
  last_model_year,
  years_available,
  body_types_available,
  fuel_types_available,
  transmission_available,
  reliability_score,
  popularity_score
)
values (
  'fd2ac882-40a9-3222-6310-5f267bf4b80d',
  '898c9c55-132f-e82f-a6d9-26426bb349e1',
  'scenic',
  'Scenic',
  1996,
  2024,
  '{1996,2000,2005,2010,2015,2020,2024}'::int[],
  '["MPV","SUV"]'::jsonb,
  '["Gasoline","Diesel","Hybrid","Electric"]'::jsonb,
  '["Manual","Automatic","CVT"]'::jsonb,
  7.1,
  7.9
)
on conflict (make_id, slug) do nothing;


insert into public.vehicle_generations (
  id,
  model_id,
  code,
  start_year,
  end_year,
  facelift,
  production_countries,
  body_types,
  fuel_types,
  transmission_types,
  summary
)
values (
  '899391fd-4a03-83df-41c5-7bedbec65020',
  'fd2ac882-40a9-3222-6310-5f267bf4b80d',
  'Generation I (1996-2003)',
  1996,
  2003,
  true,
  '{"France","Spain"}'::text[],
  '["MPV"]'::jsonb,
  '["Gasoline","Diesel"]'::jsonb,
  '["Manual","Automatic"]'::jsonb,
  'First generation of the Scenic, a compact MPV.'
)
on conflict (model_id, code) do nothing;


insert into public.vehicle_generations (
  id,
  model_id,
  code,
  start_year,
  end_year,
  facelift,
  production_countries,
  body_types,
  fuel_types,
  transmission_types,
  summary
)
values (
  'cabf24e5-d07c-6a8b-17d7-e94aa905c49d',
  'fd2ac882-40a9-3222-6310-5f267bf4b80d',
  'Generation II (2003-2009)',
  2003,
  2009,
  true,
  '{"France","Spain"}'::text[],
  '["MPV"]'::jsonb,
  '["Gasoline","Diesel"]'::jsonb,
  '["Manual","Automatic"]'::jsonb,
  'Improved design and features compared to the first generation.'
)
on conflict (model_id, code) do nothing;


insert into public.vehicle_generations (
  id,
  model_id,
  code,
  start_year,
  end_year,
  facelift,
  production_countries,
  body_types,
  fuel_types,
  transmission_types,
  summary
)
values (
  '1238b397-fab5-6a70-f961-37704d056f7a',
  'fd2ac882-40a9-3222-6310-5f267bf4b80d',
  'Generation III (2009-2016)',
  2009,
  2016,
  true,
  '{"France","Spain"}'::text[],
  '["MPV"]'::jsonb,
  '["Gasoline","Diesel"]'::jsonb,
  '["Manual","Automatic","CVT"]'::jsonb,
  'More spacious and comfortable than the previous generations.'
)
on conflict (model_id, code) do nothing;


insert into public.vehicle_generations (
  id,
  model_id,
  code,
  start_year,
  end_year,
  facelift,
  production_countries,
  body_types,
  fuel_types,
  transmission_types,
  summary
)
values (
  '8f438379-3a1a-6c6d-d8be-f8313a5bd11a',
  'fd2ac882-40a9-3222-6310-5f267bf4b80d',
  'Generation IV (2016-2022)',
  2016,
  2022,
  true,
  '{"France"}'::text[],
  '["MPV","SUV"]'::jsonb,
  '["Gasoline","Diesel","Hybrid"]'::jsonb,
  '["Manual","Automatic","CVT"]'::jsonb,
  'Modern design and technology, including SUV version.'
)
on conflict (model_id, code) do nothing;


insert into public.vehicle_generations (
  id,
  model_id,
  code,
  start_year,
  end_year,
  facelift,
  production_countries,
  body_types,
  fuel_types,
  transmission_types,
  summary
)
values (
  '32525f0e-76b8-3ffa-ff00-a74c0c830221',
  'fd2ac882-40a9-3222-6310-5f267bf4b80d',
  'Generation V (2024-Present)',
  2024,
  2024,
  false,
  '{"France"}'::text[],
  '["SUV","Electric"]'::jsonb,
  '["Electric"]'::jsonb,
  '["Automatic"]'::jsonb,
  'Current generation, fully electric.'
)
on conflict (model_id, code) do nothing;


insert into public.vehicle_insights (
  model_id,
  pros,
  cons,
  inspection_tips,
  notable_features,
  engine_examples,
  common_issues_by_engine,
  reliability_score,
  popularity_score
)
values (
  'fd2ac882-40a9-3222-6310-5f267bf4b80d',
  '["Spacious interior","Practical design","Good fuel economy"]'::jsonb,
  '["Some reliability issues","Ride can be a bit soft","Interior plastics can feel cheap"]'::jsonb,
  '["Check the electrical system","Inspect the suspension","Test the air conditioning"]'::jsonb,
  '["Panoramic sunroof","Rear seat entertainment system","Advanced safety features"]'::jsonb,
  '["1.6L I4","1.5L dCi","1.3L TCe","Electric motor"]'::jsonb,
  '[{"engine_code":"1.5 dCi","common_issues_ru":["Проблемы с форсунками","Износ турбины"]},{"engine_code":"1.6L I4","common_issues_ru":["Расход масла","Нестабильная работа двигателя"]}]'::jsonb,
  null,
  null
)
on conflict (model_id) do nothing;


insert into public.vehicle_models (
  id,
  make_id,
  slug,
  name_en,
  first_model_year,
  last_model_year,
  years_available,
  body_types_available,
  fuel_types_available,
  transmission_available,
  reliability_score,
  popularity_score
)
values (
  '828dfde1-c21b-4bfd-c44b-52fc63d4fb80',
  '898c9c55-132f-e82f-a6d9-26426bb349e1',
  'talisman-laguna',
  'Talisman (Laguna)',
  2015,
  2022,
  '{2015,2020,2022}'::int[],
  '["Sedan","Estate"]'::jsonb,
  '["Gasoline","Diesel"]'::jsonb,
  '["Manual","Automatic"]'::jsonb,
  7.4,
  7.7
)
on conflict (make_id, slug) do nothing;


insert into public.vehicle_generations (
  id,
  model_id,
  code,
  start_year,
  end_year,
  facelift,
  production_countries,
  body_types,
  fuel_types,
  transmission_types,
  summary
)
values (
  '5fc333e0-570f-8348-ee5c-8f362ccbd766',
  '828dfde1-c21b-4bfd-c44b-52fc63d4fb80',
  'Generation I (2015-2022)',
  2015,
  2022,
  true,
  '{"France"}'::text[],
  '["Sedan","Estate"]'::jsonb,
  '["Gasoline","Diesel"]'::jsonb,
  '["Manual","Automatic"]'::jsonb,
  'Replaced the Laguna model, offering a more modern design and features.'
)
on conflict (model_id, code) do nothing;


insert into public.vehicle_insights (
  model_id,
  pros,
  cons,
  inspection_tips,
  notable_features,
  engine_examples,
  common_issues_by_engine,
  reliability_score,
  popularity_score
)
values (
  '828dfde1-c21b-4bfd-c44b-52fc63d4fb80',
  '["Comfortable ride","Spacious interior","Stylish design"]'::jsonb,
  '["Some reliability issues","Running costs can be high","Not as sporty as some rivals"]'::jsonb,
  '["Check the electrical system","Inspect the suspension","Test the air conditioning"]'::jsonb,
  '["Four-wheel steering (4Control)","Touchscreen infotainment system","Massage seats"]'::jsonb,
  '["1.6L TCe","1.5L dCi","2.0L dCi"]'::jsonb,
  '[{"engine_code":"1.5 dCi","common_issues_ru":["Проблемы с форсунками","Износ турбины"]},{"engine_code":"1.6L TCe","common_issues_ru":["Расход масла","Нестабильная работа двигателя"]}]'::jsonb,
  null,
  null
)
on conflict (model_id) do nothing;


insert into public.vehicle_makes (id, slug, name_en, country, segment_class, is_active, category_path)
values (
  '77b0b53b-e7a8-9c40-6774-068e4cef4870',
  'roewe',
  'Roewe',
  'Китай',
  null,
  true,
  'transport/legkovye-avtomobili'
)
on conflict (id) do nothing;


insert into public.vehicle_models (
  id,
  make_id,
  slug,
  name_en,
  first_model_year,
  last_model_year,
  years_available,
  body_types_available,
  fuel_types_available,
  transmission_available,
  reliability_score,
  popularity_score
)
values (
  'b85eae04-3ab5-a0e0-0050-eaf670be5bec',
  '77b0b53b-e7a8-9c40-6774-068e4cef4870',
  'roewe-i6',
  'Roewe i6',
  2017,
  2023,
  '{2017,2018,2019,2020,2021,2022,2023}'::int[],
  '["Sedan"]'::jsonb,
  '["Gasoline","Electric"]'::jsonb,
  '["Manual","Automatic","CVT"]'::jsonb,
  7,
  7.5
)
on conflict (make_id, slug) do nothing;


insert into public.vehicle_generations (
  id,
  model_id,
  code,
  start_year,
  end_year,
  facelift,
  production_countries,
  body_types,
  fuel_types,
  transmission_types,
  summary
)
values (
  '44a66cbb-e310-f1b9-fbf9-8c8eeb99274f',
  'b85eae04-3ab5-a0e0-0050-eaf670be5bec',
  'First Generation (2017-2023)',
  2017,
  2023,
  true,
  '{"China"}'::text[],
  '["Sedan"]'::jsonb,
  '["Gasoline","Electric"]'::jsonb,
  '["Manual","Automatic","CVT"]'::jsonb,
  'The Roewe i6 is a compact sedan known for its modern design and fuel efficiency. It offers both gasoline and electric powertrain options.'
)
on conflict (model_id, code) do nothing;


insert into public.vehicle_insights (
  model_id,
  pros,
  cons,
  inspection_tips,
  notable_features,
  engine_examples,
  common_issues_by_engine,
  reliability_score,
  popularity_score
)
values (
  'b85eae04-3ab5-a0e0-0050-eaf670be5bec',
  '["Fuel efficiency","Modern design","Spacious interior"]'::jsonb,
  '["Infotainment system issues","Ride quality"]'::jsonb,
  '["Check the infotainment system","Inspect the suspension"]'::jsonb,
  '["Panoramic sunroof","Advanced driver-assistance systems"]'::jsonb,
  '["1.0L Turbo","1.5L Turbo","Electric Motor"]'::jsonb,
  '[{"engine_code":"15E4E","common_issues_ru":["Проблемы с турбокомпрессором","Неисправности системы охлаждения"]}]'::jsonb,
  null,
  null
)
on conflict (model_id) do nothing;


insert into public.vehicle_models (
  id,
  make_id,
  slug,
  name_en,
  first_model_year,
  last_model_year,
  years_available,
  body_types_available,
  fuel_types_available,
  transmission_available,
  reliability_score,
  popularity_score
)
values (
  '9ecae490-41b7-7726-1b01-cda0a0ee9aca',
  '77b0b53b-e7a8-9c40-6774-068e4cef4870',
  'roewe-rx5',
  'Roewe RX5',
  2016,
  2024,
  '{2016,2017,2018,2019,2020,2021,2022,2023,2024}'::int[],
  '["SUV"]'::jsonb,
  '["Gasoline","Plug-in Hybrid","Electric"]'::jsonb,
  '["Manual","Automatic","DCT"]'::jsonb,
  7.2,
  8.2
)
on conflict (make_id, slug) do nothing;


insert into public.vehicle_generations (
  id,
  model_id,
  code,
  start_year,
  end_year,
  facelift,
  production_countries,
  body_types,
  fuel_types,
  transmission_types,
  summary
)
values (
  'a1882d42-94fb-ca31-c8a4-b618fce547f5',
  '9ecae490-41b7-7726-1b01-cda0a0ee9aca',
  'First Generation (2016-2022)',
  2016,
  2022,
  true,
  '{"China"}'::text[],
  '["SUV"]'::jsonb,
  '["Gasoline","Plug-in Hybrid"]'::jsonb,
  '["Manual","Automatic","DCT"]'::jsonb,
  'The Roewe RX5 is a compact SUV offering a blend of style, technology, and practicality. It is available with gasoline and plug-in hybrid powertrains.'
)
on conflict (model_id, code) do nothing;


insert into public.vehicle_generations (
  id,
  model_id,
  code,
  start_year,
  end_year,
  facelift,
  production_countries,
  body_types,
  fuel_types,
  transmission_types,
  summary
)
values (
  'a9602431-1ab8-dde0-ddd2-e17741de3cc1',
  '9ecae490-41b7-7726-1b01-cda0a0ee9aca',
  'Second Generation (2022-2024)',
  2022,
  2024,
  false,
  '{"China"}'::text[],
  '["SUV"]'::jsonb,
  '["Gasoline","Plug-in Hybrid","Electric"]'::jsonb,
  '["Automatic","DCT"]'::jsonb,
  'The second generation RX5 features updated styling, improved technology, and expanded powertrain options, including an all-electric variant.'
)
on conflict (model_id, code) do nothing;


insert into public.vehicle_insights (
  model_id,
  pros,
  cons,
  inspection_tips,
  notable_features,
  engine_examples,
  common_issues_by_engine,
  reliability_score,
  popularity_score
)
values (
  '9ecae490-41b7-7726-1b01-cda0a0ee9aca',
  '["Stylish design","Advanced technology","Good value for money"]'::jsonb,
  '["Ride comfort","Some interior materials"]'::jsonb,
  '["Check the infotainment system","Inspect the hybrid system (if applicable)"]'::jsonb,
  '["Large touchscreen display","Panoramic sunroof","ADAS features"]'::jsonb,
  '["1.5L Turbo","2.0L Turbo","Electric Motor"]'::jsonb,
  '[{"engine_code":"15E4E","common_issues_ru":["Проблемы с турбокомпрессором","Неисправности системы охлаждения"]},{"engine_code":"20L4E","common_issues_ru":["Утечка масла","Проблемы с системой зажигания"]}]'::jsonb,
  null,
  null
)
on conflict (model_id) do nothing;


insert into public.vehicle_makes (id, slug, name_en, country, segment_class, is_active, category_path)
values (
  'ed5596d4-a732-e5c0-cdd7-f7f098768fc7',
  'rolls-royce',
  'Rolls-Royce',
  'Великобритания',
  null,
  true,
  'transport/legkovye-avtomobili'
)
on conflict (id) do nothing;


insert into public.vehicle_models (
  id,
  make_id,
  slug,
  name_en,
  first_model_year,
  last_model_year,
  years_available,
  body_types_available,
  fuel_types_available,
  transmission_available,
  reliability_score,
  popularity_score
)
values (
  '5a87be14-c7e1-e05a-df54-cdf7810173d5',
  'ed5596d4-a732-e5c0-cdd7-f7f098768fc7',
  'rolls-royce-ghost',
  'Rolls-Royce Ghost',
  2009,
  2024,
  '{2009,2010,2011,2012,2013,2014,2015,2016,2017,2018,2019,2020,2021,2022,2023,2024}'::int[],
  '["Sedan"]'::jsonb,
  '["Gasoline"]'::jsonb,
  '["Automatic"]'::jsonb,
  6.5,
  8.5
)
on conflict (make_id, slug) do nothing;


insert into public.vehicle_generations (
  id,
  model_id,
  code,
  start_year,
  end_year,
  facelift,
  production_countries,
  body_types,
  fuel_types,
  transmission_types,
  summary
)
values (
  'acf1da0c-fc83-ac2b-7c41-3a77e7619344',
  '5a87be14-c7e1-e05a-df54-cdf7810173d5',
  'First Generation (2009-2020)',
  2009,
  2020,
  true,
  '{"United Kingdom"}'::text[],
  '["Sedan"]'::jsonb,
  '["Gasoline"]'::jsonb,
  '["Automatic"]'::jsonb,
  'The first generation Ghost, based on the BMW 7 Series platform, offered a luxurious and powerful driving experience.'
)
on conflict (model_id, code) do nothing;


insert into public.vehicle_generations (
  id,
  model_id,
  code,
  start_year,
  end_year,
  facelift,
  production_countries,
  body_types,
  fuel_types,
  transmission_types,
  summary
)
values (
  'bbc8805e-a189-2bb5-c1f6-de5ea0b93341',
  '5a87be14-c7e1-e05a-df54-cdf7810173d5',
  'Second Generation (2020-Present)',
  2020,
  2024,
  false,
  '{"United Kingdom"}'::text[],
  '["Sedan"]'::jsonb,
  '["Gasoline"]'::jsonb,
  '["Automatic"]'::jsonb,
  'The second generation Ghost features a new aluminum spaceframe and a more refined design.'
)
on conflict (model_id, code) do nothing;


insert into public.vehicle_insights (
  model_id,
  pros,
  cons,
  inspection_tips,
  notable_features,
  engine_examples,
  common_issues_by_engine,
  reliability_score,
  popularity_score
)
values (
  '5a87be14-c7e1-e05a-df54-cdf7810173d5',
  '["Luxurious interior","Powerful engine","Smooth ride"]'::jsonb,
  '["High price","Expensive maintenance","Fuel consumption"]'::jsonb,
  '["Check for electrical issues","Inspect air suspension","Examine for oil leaks"]'::jsonb,
  '["Rear-hinged doors","Spirit of Ecstasy hood ornament","Starlight headliner"]'::jsonb,
  '["6.6L V12"]'::jsonb,
  '[{"engine_code":"N74B66","common_issues_ru":["Утечка масла","Проблемы с турбонаддувом","Неисправности катушек зажигания"]}]'::jsonb,
  null,
  null
)
on conflict (model_id) do nothing;


insert into public.vehicle_models (
  id,
  make_id,
  slug,
  name_en,
  first_model_year,
  last_model_year,
  years_available,
  body_types_available,
  fuel_types_available,
  transmission_available,
  reliability_score,
  popularity_score
)
values (
  'f7f0336d-e8e9-5e62-b9f0-9fc2eb2474f0',
  'ed5596d4-a732-e5c0-cdd7-f7f098768fc7',
  'rolls-royce-phantom',
  'Rolls-Royce Phantom',
  2003,
  2024,
  '{2003,2004,2005,2006,2007,2008,2009,2010,2011,2012,2013,2014,2015,2016,2017,2018,2019,2020,2021,2022,2023,2024}'::int[],
  '["Sedan","Coupe","Drophead Coupe"]'::jsonb,
  '["Gasoline"]'::jsonb,
  '["Automatic"]'::jsonb,
  6,
  9
)
on conflict (make_id, slug) do nothing;


insert into public.vehicle_generations (
  id,
  model_id,
  code,
  start_year,
  end_year,
  facelift,
  production_countries,
  body_types,
  fuel_types,
  transmission_types,
  summary
)
values (
  '1bd77222-f45d-2b5a-3a1b-3a1f73b8ae2b',
  'f7f0336d-e8e9-5e62-b9f0-9fc2eb2474f0',
  'Seventh Generation (2003-2017)',
  2003,
  2017,
  true,
  '{"United Kingdom"}'::text[],
  '["Sedan","Coupe","Drophead Coupe"]'::jsonb,
  '["Gasoline"]'::jsonb,
  '["Automatic"]'::jsonb,
  'The seventh generation Phantom marked the rebirth of Rolls-Royce under BMW ownership, setting a new standard for luxury.'
)
on conflict (model_id, code) do nothing;


insert into public.vehicle_generations (
  id,
  model_id,
  code,
  start_year,
  end_year,
  facelift,
  production_countries,
  body_types,
  fuel_types,
  transmission_types,
  summary
)
values (
  '7c8b857c-0889-8e41-e47e-b746c4ecf3e4',
  'f7f0336d-e8e9-5e62-b9f0-9fc2eb2474f0',
  'Eighth Generation (2017-Present)',
  2017,
  2024,
  true,
  '{"United Kingdom"}'::text[],
  '["Sedan"]'::jsonb,
  '["Gasoline"]'::jsonb,
  '["Automatic"]'::jsonb,
  'The eighth generation Phantom features an all-aluminum architecture and advanced technology.'
)
on conflict (model_id, code) do nothing;


insert into public.vehicle_insights (
  model_id,
  pros,
  cons,
  inspection_tips,
  notable_features,
  engine_examples,
  common_issues_by_engine,
  reliability_score,
  popularity_score
)
values (
  'f7f0336d-e8e9-5e62-b9f0-9fc2eb2474f0',
  '["Unmatched luxury","Exquisite craftsmanship","Powerful engine"]'::jsonb,
  '["Extremely high price","High running costs","Large size"]'::jsonb,
  '["Check for air suspension issues","Inspect for body panel alignment","Examine the interior for wear and tear"]'::jsonb,
  '["Suicide doors","Spirit of Ecstasy hood ornament","Lambswool carpets"]'::jsonb,
  '["6.75L V12","6.6L V12"]'::jsonb,
  '[{"engine_code":"N74B66","common_issues_ru":["Утечка масла","Проблемы с турбонаддувом","Неисправности катушек зажигания"]},{"engine_code":"N73B67","common_issues_ru":["Утечка масла","Проблемы с системой охлаждения","Неисправности свечей зажигания"]}]'::jsonb,
  null,
  null
)
on conflict (model_id) do nothing;


insert into public.vehicle_makes (id, slug, name_en, country, segment_class, is_active, category_path)
values (
  '3cddbf95-2c0d-053d-ee4b-2c5416e2b777',
  'saab',
  'Saab',
  'Швеция',
  null,
  true,
  'transport/legkovye-avtomobili'
)
on conflict (id) do nothing;


insert into public.vehicle_models (
  id,
  make_id,
  slug,
  name_en,
  first_model_year,
  last_model_year,
  years_available,
  body_types_available,
  fuel_types_available,
  transmission_available,
  reliability_score,
  popularity_score
)
values (
  'd2ea53d7-2f85-d582-7f2c-ce04698ab5b8',
  '3cddbf95-2c0d-053d-ee4b-2c5416e2b777',
  'saab-9-3',
  'Saab 9-3',
  1998,
  2014,
  '{1998,2000,2005,2010,2014}'::int[],
  '["Sedan","Hatchback","Convertible","Wagon"]'::jsonb,
  '["Gasoline","Diesel","Ethanol"]'::jsonb,
  '["Manual","Automatic"]'::jsonb,
  6.8,
  7.2
)
on conflict (make_id, slug) do nothing;


insert into public.vehicle_generations (
  id,
  model_id,
  code,
  start_year,
  end_year,
  facelift,
  production_countries,
  body_types,
  fuel_types,
  transmission_types,
  summary
)
values (
  '553b8da1-c191-87a2-eb75-74dea4c58434',
  'd2ea53d7-2f85-d582-7f2c-ce04698ab5b8',
  'Generation I (1998-2002)',
  1998,
  2002,
  true,
  '{"Sweden"}'::text[],
  '["Sedan","Hatchback","Convertible"]'::jsonb,
  '["Gasoline"]'::jsonb,
  '["Manual","Automatic"]'::jsonb,
  'First generation based on the Opel Vectra platform. Known for its turbo engines and distinctive styling.'
)
on conflict (model_id, code) do nothing;


insert into public.vehicle_generations (
  id,
  model_id,
  code,
  start_year,
  end_year,
  facelift,
  production_countries,
  body_types,
  fuel_types,
  transmission_types,
  summary
)
values (
  '5cb6a6a4-d352-a5a0-7222-7bae8bd6eef1',
  'd2ea53d7-2f85-d582-7f2c-ce04698ab5b8',
  'Generation II (2003-2014)',
  2003,
  2014,
  true,
  '{"Sweden","Austria"}'::text[],
  '["Sedan","Hatchback","Convertible","Wagon"]'::jsonb,
  '["Gasoline","Diesel","Ethanol"]'::jsonb,
  '["Manual","Automatic"]'::jsonb,
  'Second generation based on the GM Epsilon platform. Offered more modern features and improved performance.'
)
on conflict (model_id, code) do nothing;


insert into public.vehicle_insights (
  model_id,
  pros,
  cons,
  inspection_tips,
  notable_features,
  engine_examples,
  common_issues_by_engine,
  reliability_score,
  popularity_score
)
values (
  'd2ea53d7-2f85-d582-7f2c-ce04698ab5b8',
  '["Sporty handling","Distinctive design","Turbocharged engines"]'::jsonb,
  '["Potential for electrical issues","Parts availability (later years)","Interior quality"]'::jsonb,
  '["Check for rust, especially around the wheel arches and undercarriage.","Inspect the turbocharger for leaks and wear.","Test the electrical systems thoroughly."]'::jsonb,
  '["Turbocharged engines","Sport chassis","Convertible option"]'::jsonb,
  '["2.0T I4","2.8T V6","1.9TiD Diesel"]'::jsonb,
  '[{"engine_code":"B207","common_issues_ru":["Растяжение цепи ГРМ","Утечки масла","Неисправности турбокомпрессора"]},{"engine_code":"Z19DTH","common_issues_ru":["Засорение сажевого фильтра","Неисправности клапана EGR"]}]'::jsonb,
  null,
  null
)
on conflict (model_id) do nothing;


insert into public.vehicle_models (
  id,
  make_id,
  slug,
  name_en,
  first_model_year,
  last_model_year,
  years_available,
  body_types_available,
  fuel_types_available,
  transmission_available,
  reliability_score,
  popularity_score
)
values (
  'd73742b4-fe85-38de-9a33-9ed7236b7316',
  '3cddbf95-2c0d-053d-ee4b-2c5416e2b777',
  'saab-9-5',
  'Saab 9-5',
  1997,
  2012,
  '{1997,2000,2005,2010,2012}'::int[],
  '["Sedan","Wagon"]'::jsonb,
  '["Gasoline","Diesel"]'::jsonb,
  '["Manual","Automatic"]'::jsonb,
  7,
  7.5
)
on conflict (make_id, slug) do nothing;


insert into public.vehicle_generations (
  id,
  model_id,
  code,
  start_year,
  end_year,
  facelift,
  production_countries,
  body_types,
  fuel_types,
  transmission_types,
  summary
)
values (
  '87345412-ff87-a6c2-7211-6378e31cd137',
  'd73742b4-fe85-38de-9a33-9ed7236b7316',
  'Generation I (1997-2009)',
  1997,
  2009,
  true,
  '{"Sweden"}'::text[],
  '["Sedan","Wagon"]'::jsonb,
  '["Gasoline"]'::jsonb,
  '["Manual","Automatic"]'::jsonb,
  'First generation of the 9-5, known for its spacious interior and comfortable ride.'
)
on conflict (model_id, code) do nothing;


insert into public.vehicle_generations (
  id,
  model_id,
  code,
  start_year,
  end_year,
  facelift,
  production_countries,
  body_types,
  fuel_types,
  transmission_types,
  summary
)
values (
  '181aad44-2c27-a977-9988-a5404c27ee05',
  'd73742b4-fe85-38de-9a33-9ed7236b7316',
  'Generation II (2010-2012)',
  2010,
  2012,
  false,
  '{"Sweden"}'::text[],
  '["Sedan","Wagon"]'::jsonb,
  '["Gasoline","Diesel"]'::jsonb,
  '["Manual","Automatic"]'::jsonb,
  'Second generation, based on the Opel Insignia platform, with updated styling and features.'
)
on conflict (model_id, code) do nothing;


insert into public.vehicle_insights (
  model_id,
  pros,
  cons,
  inspection_tips,
  notable_features,
  engine_examples,
  common_issues_by_engine,
  reliability_score,
  popularity_score
)
values (
  'd73742b4-fe85-38de-9a33-9ed7236b7316',
  '["Comfortable ride","Spacious interior","Good safety features"]'::jsonb,
  '["Potential for electrical issues","Parts availability (later years)","Fuel economy"]'::jsonb,
  '["Check for oil leaks, especially around the engine and transmission.","Inspect the suspension components for wear.","Test the electrical systems thoroughly."]'::jsonb,
  '["Turbocharged engines","Comfortable seats","Good safety ratings"]'::jsonb,
  '["2.0T I4","2.3T I4","3.0T V6","1.9TiD Diesel"]'::jsonb,
  '[{"engine_code":"B235R","common_issues_ru":["Засорение маслоприемника","Износ турбокомпрессора","Проблемы с системой вентиляции картерных газов"]},{"engine_code":"Z19DTH","common_issues_ru":["Засорение сажевого фильтра","Неисправности клапана EGR"]}]'::jsonb,
  null,
  null
)
on conflict (model_id) do nothing;


insert into public.vehicle_makes (id, slug, name_en, country, segment_class, is_active, category_path)
values (
  'e6928b36-47a3-5e43-1f6e-5c0474ae72ab',
  'seat',
  'Seat',
  'Испания',
  null,
  true,
  'transport/legkovye-avtomobili'
)
on conflict (id) do nothing;


insert into public.vehicle_models (
  id,
  make_id,
  slug,
  name_en,
  first_model_year,
  last_model_year,
  years_available,
  body_types_available,
  fuel_types_available,
  transmission_available,
  reliability_score,
  popularity_score
)
values (
  'ec586f3a-d776-cb02-030c-1551f27df31d',
  'e6928b36-47a3-5e43-1f6e-5c0474ae72ab',
  'arona-2017-current',
  'Arona',
  2017,
  2024,
  '{2017,2018,2019,2020,2021,2022,2023,2024}'::int[],
  '["SUV"]'::jsonb,
  '["Gasoline","Diesel","CNG"]'::jsonb,
  '["Manual","Automatic"]'::jsonb,
  7,
  7.8
)
on conflict (make_id, slug) do nothing;


insert into public.vehicle_generations (
  id,
  model_id,
  code,
  start_year,
  end_year,
  facelift,
  production_countries,
  body_types,
  fuel_types,
  transmission_types,
  summary
)
values (
  'a321bc55-6277-b907-6225-1b9d1c5809ef',
  'ec586f3a-d776-cb02-030c-1551f27df31d',
  'First Generation (2017-Present)',
  2017,
  2024,
  true,
  '{"Spain"}'::text[],
  '["SUV"]'::jsonb,
  '["Gasoline","Diesel","CNG"]'::jsonb,
  '["Manual","Automatic"]'::jsonb,
  'The Arona is a subcompact crossover SUV, based on the Ibiza platform. It offers a range of efficient engines and is known for its practicality and stylish design.'
)
on conflict (model_id, code) do nothing;


insert into public.vehicle_insights (
  model_id,
  pros,
  cons,
  inspection_tips,
  notable_features,
  engine_examples,
  common_issues_by_engine,
  reliability_score,
  popularity_score
)
values (
  'ec586f3a-d776-cb02-030c-1551f27df31d',
  '["Fuel efficiency","Stylish design","Compact size"]'::jsonb,
  '["Limited rear passenger space","Basic interior materials"]'::jsonb,
  '["Check for infotainment system issues","Inspect the suspension"]'::jsonb,
  '["LED headlights","Adaptive cruise control"]'::jsonb,
  '["1.0L TSI","1.5L TSI","1.6L TDI"]'::jsonb,
  '[{"engine_code":"1.0L TSI","common_issues_ru":["Растяжение цепи ГРМ","Утечки масла"]}]'::jsonb,
  null,
  null
)
on conflict (model_id) do nothing;


insert into public.vehicle_models (
  id,
  make_id,
  slug,
  name_en,
  first_model_year,
  last_model_year,
  years_available,
  body_types_available,
  fuel_types_available,
  transmission_available,
  reliability_score,
  popularity_score
)
values (
  'd7d453ec-a39f-8977-05e3-60df515590c6',
  'e6928b36-47a3-5e43-1f6e-5c0474ae72ab',
  'ateca-2016-current',
  'Ateca',
  2016,
  2024,
  '{2016,2017,2018,2019,2020,2021,2022,2023,2024}'::int[],
  '["SUV"]'::jsonb,
  '["Gasoline","Diesel","Plug-in Hybrid"]'::jsonb,
  '["Manual","Automatic"]'::jsonb,
  7.2,
  8.2
)
on conflict (make_id, slug) do nothing;


insert into public.vehicle_generations (
  id,
  model_id,
  code,
  start_year,
  end_year,
  facelift,
  production_countries,
  body_types,
  fuel_types,
  transmission_types,
  summary
)
values (
  '858edcb9-a4f4-3897-9481-f6999f5b5c5e',
  'd7d453ec-a39f-8977-05e3-60df515590c6',
  'First Generation (2016-Present)',
  2016,
  2024,
  true,
  '{"Czech Republic"}'::text[],
  '["SUV"]'::jsonb,
  '["Gasoline","Diesel","Plug-in Hybrid"]'::jsonb,
  '["Manual","Automatic"]'::jsonb,
  'The Ateca is a compact SUV, offering a good balance of practicality, driving dynamics, and value. It shares its platform with the Volkswagen Tiguan.'
)
on conflict (model_id, code) do nothing;


insert into public.vehicle_insights (
  model_id,
  pros,
  cons,
  inspection_tips,
  notable_features,
  engine_examples,
  common_issues_by_engine,
  reliability_score,
  popularity_score
)
values (
  'd7d453ec-a39f-8977-05e3-60df515590c6',
  '["Spacious interior","Good handling","Wide range of engines"]'::jsonb,
  '["Some interior plastics feel cheap","Diesel engine issues (older models)"]'::jsonb,
  '["Check for DSG gearbox issues","Inspect the brakes"]'::jsonb,
  '["Adaptive chassis control","Virtual cockpit"]'::jsonb,
  '["1.0L TSI","1.4L TSI","2.0L TDI"]'::jsonb,
  '[{"engine_code":"1.4L TSI","common_issues_ru":["Повышенный расход масла","Проблемы с турбокомпрессором"]}]'::jsonb,
  null,
  null
)
on conflict (model_id) do nothing;


insert into public.vehicle_models (
  id,
  make_id,
  slug,
  name_en,
  first_model_year,
  last_model_year,
  years_available,
  body_types_available,
  fuel_types_available,
  transmission_available,
  reliability_score,
  popularity_score
)
values (
  'e03244b3-124b-f6c0-4ed5-dbe599606420',
  'e6928b36-47a3-5e43-1f6e-5c0474ae72ab',
  'ibiza-1993-current',
  'Ibiza',
  1993,
  2024,
  '{1993,1995,2000,2005,2010,2015,2020,2024}'::int[],
  '["Hatchback","Estate"]'::jsonb,
  '["Gasoline","Diesel","CNG"]'::jsonb,
  '["Manual","Automatic"]'::jsonb,
  7.3,
  8.5
)
on conflict (make_id, slug) do nothing;


insert into public.vehicle_generations (
  id,
  model_id,
  code,
  start_year,
  end_year,
  facelift,
  production_countries,
  body_types,
  fuel_types,
  transmission_types,
  summary
)
values (
  'b7d73b5c-5816-f3db-75d3-13882c8351a8',
  'e03244b3-124b-f6c0-4ed5-dbe599606420',
  'First Generation (1984-1993)',
  1984,
  1993,
  true,
  '{"Spain"}'::text[],
  '["Hatchback"]'::jsonb,
  '["Gasoline","Diesel"]'::jsonb,
  '["Manual"]'::jsonb,
  'The first generation Ibiza was a small hatchback, based on the Fiat Ritmo platform. It was a popular choice for its affordability and practicality.'
)
on conflict (model_id, code) do nothing;


insert into public.vehicle_generations (
  id,
  model_id,
  code,
  start_year,
  end_year,
  facelift,
  production_countries,
  body_types,
  fuel_types,
  transmission_types,
  summary
)
values (
  'dc18390f-f113-8135-3258-3ec5000a81f1',
  'e03244b3-124b-f6c0-4ed5-dbe599606420',
  'Second Generation (1993-2002)',
  1993,
  2002,
  true,
  '{"Spain"}'::text[],
  '["Hatchback","Estate"]'::jsonb,
  '["Gasoline","Diesel"]'::jsonb,
  '["Manual","Automatic"]'::jsonb,
  'The second generation Ibiza was a significant improvement over its predecessor, with a more modern design and improved build quality.'
)
on conflict (model_id, code) do nothing;


insert into public.vehicle_generations (
  id,
  model_id,
  code,
  start_year,
  end_year,
  facelift,
  production_countries,
  body_types,
  fuel_types,
  transmission_types,
  summary
)
values (
  '4cbd3b35-4bab-45d5-e989-3ca5f1cf832d',
  'e03244b3-124b-f6c0-4ed5-dbe599606420',
  'Third Generation (2002-2008)',
  2002,
  2008,
  true,
  '{"Spain"}'::text[],
  '["Hatchback","Estate"]'::jsonb,
  '["Gasoline","Diesel"]'::jsonb,
  '["Manual","Automatic"]'::jsonb,
  'The third generation Ibiza was built on the Volkswagen Group''s A04 platform, offering improved driving dynamics and a wider range of engines.'
)
on conflict (model_id, code) do nothing;


insert into public.vehicle_generations (
  id,
  model_id,
  code,
  start_year,
  end_year,
  facelift,
  production_countries,
  body_types,
  fuel_types,
  transmission_types,
  summary
)
values (
  'c4def693-ece3-9e42-a5ad-f24cc271a833',
  'e03244b3-124b-f6c0-4ed5-dbe599606420',
  'Fourth Generation (2008-2017)',
  2008,
  2017,
  true,
  '{"Spain"}'::text[],
  '["Hatchback","Estate"]'::jsonb,
  '["Gasoline","Diesel"]'::jsonb,
  '["Manual","Automatic"]'::jsonb,
  'The fourth generation Ibiza featured a more modern design and improved technology, including advanced safety features.'
)
on conflict (model_id, code) do nothing;


insert into public.vehicle_generations (
  id,
  model_id,
  code,
  start_year,
  end_year,
  facelift,
  production_countries,
  body_types,
  fuel_types,
  transmission_types,
  summary
)
values (
  '0a8e02b9-98ea-1e8b-cbbb-97c61c4d4e2b',
  'e03244b3-124b-f6c0-4ed5-dbe599606420',
  'Fifth Generation (2017-Present)',
  2017,
  2024,
  true,
  '{"Spain"}'::text[],
  '["Hatchback"]'::jsonb,
  '["Gasoline","Diesel","CNG"]'::jsonb,
  '["Manual","Automatic"]'::jsonb,
  'The fifth generation Ibiza is built on the Volkswagen Group''s MQB A0 platform, offering improved space, technology, and efficiency.'
)
on conflict (model_id, code) do nothing;


insert into public.vehicle_insights (
  model_id,
  pros,
  cons,
  inspection_tips,
  notable_features,
  engine_examples,
  common_issues_by_engine,
  reliability_score,
  popularity_score
)
values (
  'e03244b3-124b-f6c0-4ed5-dbe599606420',
  '["Fuel efficiency","Stylish design","Good value for money"]'::jsonb,
  '["Some interior plastics feel cheap","Limited rear passenger space"]'::jsonb,
  '["Check for electrical issues","Inspect the suspension"]'::jsonb,
  '["Touchscreen infotainment","LED headlights"]'::jsonb,
  '["1.0L MPI","1.0L TSI","1.5L TSI","1.6L TDI"]'::jsonb,
  '[{"engine_code":"1.0L TSI","common_issues_ru":["Растяжение цепи ГРМ","Утечки масла"]}]'::jsonb,
  null,
  null
)
on conflict (model_id) do nothing;


insert into public.vehicle_models (
  id,
  make_id,
  slug,
  name_en,
  first_model_year,
  last_model_year,
  years_available,
  body_types_available,
  fuel_types_available,
  transmission_available,
  reliability_score,
  popularity_score
)
values (
  '249f8f3c-941f-c5d8-6282-5e6b5de155d8',
  'e6928b36-47a3-5e43-1f6e-5c0474ae72ab',
  'leon-1999-current',
  'Leon',
  1999,
  2024,
  '{1999,2000,2005,2010,2015,2020,2024}'::int[],
  '["Hatchback","Estate","Coupe"]'::jsonb,
  '["Gasoline","Diesel","Plug-in Hybrid","CNG"]'::jsonb,
  '["Manual","Automatic"]'::jsonb,
  7.6,
  8.8
)
on conflict (make_id, slug) do nothing;


insert into public.vehicle_generations (
  id,
  model_id,
  code,
  start_year,
  end_year,
  facelift,
  production_countries,
  body_types,
  fuel_types,
  transmission_types,
  summary
)
values (
  '9edfc2c1-3e57-2627-e5fc-d076b7022402',
  '249f8f3c-941f-c5d8-6282-5e6b5de155d8',
  'First Generation (1999-2006)',
  1999,
  2006,
  true,
  '{"Spain"}'::text[],
  '["Hatchback","Coupe"]'::jsonb,
  '["Gasoline","Diesel"]'::jsonb,
  '["Manual","Automatic"]'::jsonb,
  'The first generation Leon was based on the Volkswagen Golf platform and offered a sporty design and driving experience.'
)
on conflict (model_id, code) do nothing;


insert into public.vehicle_generations (
  id,
  model_id,
  code,
  start_year,
  end_year,
  facelift,
  production_countries,
  body_types,
  fuel_types,
  transmission_types,
  summary
)
values (
  'eedb632b-c7b6-39b2-924e-b88d359143f6',
  '249f8f3c-941f-c5d8-6282-5e6b5de155d8',
  'Second Generation (2005-2012)',
  2005,
  2012,
  true,
  '{"Spain"}'::text[],
  '["Hatchback","Coupe"]'::jsonb,
  '["Gasoline","Diesel"]'::jsonb,
  '["Manual","Automatic"]'::jsonb,
  'The second generation Leon featured a more distinctive design and improved interior quality.'
)
on conflict (model_id, code) do nothing;


insert into public.vehicle_generations (
  id,
  model_id,
  code,
  start_year,
  end_year,
  facelift,
  production_countries,
  body_types,
  fuel_types,
  transmission_types,
  summary
)
values (
  '9b2f492f-3e47-7e54-5dd5-9f12de8a0921',
  '249f8f3c-941f-c5d8-6282-5e6b5de155d8',
  'Third Generation (2012-2020)',
  2012,
  2020,
  true,
  '{"Spain"}'::text[],
  '["Hatchback","Estate"]'::jsonb,
  '["Gasoline","Diesel","CNG"]'::jsonb,
  '["Manual","Automatic"]'::jsonb,
  'The third generation Leon was built on the Volkswagen Group''s MQB platform, offering improved space, technology, and efficiency.'
)
on conflict (model_id, code) do nothing;


insert into public.vehicle_generations (
  id,
  model_id,
  code,
  start_year,
  end_year,
  facelift,
  production_countries,
  body_types,
  fuel_types,
  transmission_types,
  summary
)
values (
  'd1ccad42-7029-2483-3004-3fc83544ec7d',
  '249f8f3c-941f-c5d8-6282-5e6b5de155d8',
  'Fourth Generation (2020-Present)',
  2020,
  2024,
  false,
  '{"Spain"}'::text[],
  '["Hatchback","Estate"]'::jsonb,
  '["Gasoline","Diesel","Plug-in Hybrid","CNG"]'::jsonb,
  '["Manual","Automatic"]'::jsonb,
  'The fourth generation Leon features a more modern design, advanced technology, and a range of efficient engines, including plug-in hybrid options.'
)
on conflict (model_id, code) do nothing;


insert into public.vehicle_insights (
  model_id,
  pros,
  cons,
  inspection_tips,
  notable_features,
  engine_examples,
  common_issues_by_engine,
  reliability_score,
  popularity_score
)
values (
  '249f8f3c-941f-c5d8-6282-5e6b5de155d8',
  '["Sporty handling","Stylish design","Wide range of engines"]'::jsonb,
  '["Some interior plastics feel cheap","DSG gearbox issues (older models)"]'::jsonb,
  '["Check for DSG gearbox issues","Inspect the suspension","Check for oil leaks"]'::jsonb,
  '["LED headlights","Virtual cockpit","Adaptive cruise control"]'::jsonb,
  '["1.0L TSI","1.5L TSI","2.0L TSI","2.0L TDI"]'::jsonb,
  '[{"engine_code":"1.4L TSI","common_issues_ru":["Повышенный расход масла","Проблемы с турбокомпрессором"]}]'::jsonb,
  null,
  null
)
on conflict (model_id) do nothing;


insert into public.vehicle_models (
  id,
  make_id,
  slug,
  name_en,
  first_model_year,
  last_model_year,
  years_available,
  body_types_available,
  fuel_types_available,
  transmission_available,
  reliability_score,
  popularity_score
)
values (
  'fff5ae13-8ddd-7d12-e270-1382161f0b68',
  'e6928b36-47a3-5e43-1f6e-5c0474ae72ab',
  'tarraco-2018-current',
  'Tarraco',
  2018,
  2024,
  '{2018,2019,2020,2021,2022,2023,2024}'::int[],
  '["SUV"]'::jsonb,
  '["Gasoline","Diesel","Plug-in Hybrid"]'::jsonb,
  '["Manual","Automatic"]'::jsonb,
  7.4,
  8
)
on conflict (make_id, slug) do nothing;


insert into public.vehicle_generations (
  id,
  model_id,
  code,
  start_year,
  end_year,
  facelift,
  production_countries,
  body_types,
  fuel_types,
  transmission_types,
  summary
)
values (
  'cbb5f920-84a7-fa1b-e01d-7fa79f285fa4',
  'fff5ae13-8ddd-7d12-e270-1382161f0b68',
  'First Generation (2018-Present)',
  2018,
  2024,
  false,
  '{"Germany","Czech Republic"}'::text[],
  '["SUV"]'::jsonb,
  '["Gasoline","Diesel","Plug-in Hybrid"]'::jsonb,
  '["Manual","Automatic"]'::jsonb,
  'The Tarraco is a mid-size SUV, offering a spacious interior, a range of engines, and available seven-seat configuration. It shares its platform with the Skoda Kodiaq and Volkswagen Tiguan Allspace.'
)
on conflict (model_id, code) do nothing;


insert into public.vehicle_insights (
  model_id,
  pros,
  cons,
  inspection_tips,
  notable_features,
  engine_examples,
  common_issues_by_engine,
  reliability_score,
  popularity_score
)
values (
  'fff5ae13-8ddd-7d12-e270-1382161f0b68',
  '["Spacious interior","Good driving dynamics","Available seven-seat configuration"]'::jsonb,
  '["Some interior plastics feel cheap","Diesel engine issues (older models)"]'::jsonb,
  '["Check for infotainment system issues","Inspect the brakes"]'::jsonb,
  '["Digital cockpit","Adaptive cruise control","360-degree camera"]'::jsonb,
  '["1.5L TSI","2.0L TSI","2.0L TDI"]'::jsonb,
  '[{"engine_code":"2.0L TDI","common_issues_ru":["Проблемы с сажевым фильтром","Утечки масла"]}]'::jsonb,
  null,
  null
)
on conflict (model_id) do nothing;


insert into public.vehicle_makes (id, slug, name_en, country, segment_class, is_active, category_path)
values (
  '583cfa78-f8f6-e17a-e9d0-60048eb9c908',
  'skoda',
  'Skoda',
  'Чехия',
  null,
  true,
  'transport/legkovye-avtomobili'
)
on conflict (id) do nothing;


insert into public.vehicle_models (
  id,
  make_id,
  slug,
  name_en,
  first_model_year,
  last_model_year,
  years_available,
  body_types_available,
  fuel_types_available,
  transmission_available,
  reliability_score,
  popularity_score
)
values (
  'ec273e64-f08d-02d4-4f72-f6e8b0dcf7fa',
  '583cfa78-f8f6-e17a-e9d0-60048eb9c908',
  'fabia',
  'Fabia',
  1999,
  2024,
  '{1999,2005,2010,2015,2020,2024}'::int[],
  '["Hatchback","Estate","Sedan (First Generation)"]'::jsonb,
  '["Gasoline","Diesel","CNG (Select Years)"]'::jsonb,
  '["Manual","Automatic (DSG)"]'::jsonb,
  7,
  7.8
)
on conflict (make_id, slug) do nothing;


insert into public.vehicle_generations (
  id,
  model_id,
  code,
  start_year,
  end_year,
  facelift,
  production_countries,
  body_types,
  fuel_types,
  transmission_types,
  summary
)
values (
  'e12b472a-dc74-8394-8d07-006aeb048195',
  'ec273e64-f08d-02d4-4f72-f6e8b0dcf7fa',
  'Generation I (1999-2007)',
  1999,
  2007,
  true,
  '{"Czech Republic","Ukraine"}'::text[],
  '["Hatchback","Estate","Sedan"]'::jsonb,
  '["Gasoline","Diesel"]'::jsonb,
  '["Manual","Automatic"]'::jsonb,
  'First generation of the Fabia, known for its practicality and affordability.'
)
on conflict (model_id, code) do nothing;


insert into public.vehicle_generations (
  id,
  model_id,
  code,
  start_year,
  end_year,
  facelift,
  production_countries,
  body_types,
  fuel_types,
  transmission_types,
  summary
)
values (
  '44c0aa0d-687f-2d75-327c-24b3b0d03923',
  'ec273e64-f08d-02d4-4f72-f6e8b0dcf7fa',
  'Generation II (2007-2014)',
  2007,
  2014,
  true,
  '{"Czech Republic","Russia"}'::text[],
  '["Hatchback","Estate"]'::jsonb,
  '["Gasoline","Diesel"]'::jsonb,
  '["Manual","Automatic (Tiptronic)"]'::jsonb,
  'Improved design and features compared to the first generation.'
)
on conflict (model_id, code) do nothing;


insert into public.vehicle_generations (
  id,
  model_id,
  code,
  start_year,
  end_year,
  facelift,
  production_countries,
  body_types,
  fuel_types,
  transmission_types,
  summary
)
values (
  '57b13346-a76e-fd7c-c1bb-3b2d26ec37fb',
  'ec273e64-f08d-02d4-4f72-f6e8b0dcf7fa',
  'Generation III (2014-2021)',
  2014,
  2021,
  true,
  '{"Czech Republic"}'::text[],
  '["Hatchback","Estate"]'::jsonb,
  '["Gasoline","Diesel"]'::jsonb,
  '["Manual","Automatic (DSG)"]'::jsonb,
  'Modernized design and technology, including improved fuel efficiency.'
)
on conflict (model_id, code) do nothing;


insert into public.vehicle_generations (
  id,
  model_id,
  code,
  start_year,
  end_year,
  facelift,
  production_countries,
  body_types,
  fuel_types,
  transmission_types,
  summary
)
values (
  'd2d7a181-18a1-73fa-9740-747717ef1fea',
  'ec273e64-f08d-02d4-4f72-f6e8b0dcf7fa',
  'Generation IV (2021-Current)',
  2021,
  2024,
  false,
  '{"Czech Republic"}'::text[],
  '["Hatchback"]'::jsonb,
  '["Gasoline"]'::jsonb,
  '["Manual","Automatic (DSG)"]'::jsonb,
  'The latest generation with a focus on safety and connectivity.'
)
on conflict (model_id, code) do nothing;


insert into public.vehicle_insights (
  model_id,
  pros,
  cons,
  inspection_tips,
  notable_features,
  engine_examples,
  common_issues_by_engine,
  reliability_score,
  popularity_score
)
values (
  'ec273e64-f08d-02d4-4f72-f6e8b0dcf7fa',
  '["Fuel efficiency","Compact size","Affordable price"]'::jsonb,
  '["Basic interior","Limited engine options (later generations)","Ride can be firm"]'::jsonb,
  '["Check for rust, especially on older models","Inspect the clutch (manual)","Check the DSG gearbox for smooth operation"]'::jsonb,
  '["Panoramic sunroof (optional)","Touchscreen infotainment system (later generations)","Advanced driver-assistance systems (later generations)"]'::jsonb,
  '["1.0L MPI","1.2L TSI","1.6L TDI"]'::jsonb,
  '[{"engine_code":"1.2L TSI","common_issues_ru":["Растяжение цепи ГРМ","Утечка масла"]},{"engine_code":"1.6L TDI","common_issues_ru":["Проблемы с сажевым фильтром","Износ форсунок"]}]'::jsonb,
  null,
  null
)
on conflict (model_id) do nothing;


insert into public.vehicle_models (
  id,
  make_id,
  slug,
  name_en,
  first_model_year,
  last_model_year,
  years_available,
  body_types_available,
  fuel_types_available,
  transmission_available,
  reliability_score,
  popularity_score
)
values (
  '1e0d383f-c019-5eee-875d-794aaead1dd4',
  '583cfa78-f8f6-e17a-e9d0-60048eb9c908',
  'karoq',
  'Karoq',
  2017,
  2024,
  '{2017,2020,2024}'::int[],
  '["SUV"]'::jsonb,
  '["Gasoline","Diesel"]'::jsonb,
  '["Manual","Automatic (DSG)"]'::jsonb,
  7.8,
  8.2
)
on conflict (make_id, slug) do nothing;


insert into public.vehicle_generations (
  id,
  model_id,
  code,
  start_year,
  end_year,
  facelift,
  production_countries,
  body_types,
  fuel_types,
  transmission_types,
  summary
)
values (
  '1d2c2ed5-bdf3-320d-176e-d663d18150a6',
  '1e0d383f-c019-5eee-875d-794aaead1dd4',
  'Generation I (2017-Current)',
  2017,
  2024,
  true,
  '{"Czech Republic","Slovakia","Russia (until 2022)"}'::text[],
  '["SUV"]'::jsonb,
  '["Gasoline","Diesel"]'::jsonb,
  '["Manual","Automatic (DSG)"]'::jsonb,
  'Compact SUV offering a good balance of space, practicality, and technology.'
)
on conflict (model_id, code) do nothing;


insert into public.vehicle_insights (
  model_id,
  pros,
  cons,
  inspection_tips,
  notable_features,
  engine_examples,
  common_issues_by_engine,
  reliability_score,
  popularity_score
)
values (
  '1e0d383f-c019-5eee-875d-794aaead1dd4',
  '["Spacious interior","Good fuel economy","User-friendly infotainment system"]'::jsonb,
  '["Ride can be firm on some trims","Some engine options lack power","Infotainment system can be slow at times"]'::jsonb,
  '["Check for oil leaks","Inspect the DSG gearbox","Check the condition of the suspension"]'::jsonb,
  '["Virtual Cockpit","Adaptive Cruise Control","LED headlights"]'::jsonb,
  '["1.0L TSI","1.5L TSI","1.6L TDI","2.0L TDI"]'::jsonb,
  '[{"engine_code":"1.5L TSI","common_issues_ru":["Повышенный расход масла","Проблемы с системой деактивации цилиндров"]},{"engine_code":"2.0L TDI","common_issues_ru":["Проблемы с сажевым фильтром","Износ форсунок"]}]'::jsonb,
  null,
  null
)
on conflict (model_id) do nothing;


insert into public.vehicle_models (
  id,
  make_id,
  slug,
  name_en,
  first_model_year,
  last_model_year,
  years_available,
  body_types_available,
  fuel_types_available,
  transmission_available,
  reliability_score,
  popularity_score
)
values (
  '2ba9b8b4-9808-64f2-7f08-747f737aafa4',
  '583cfa78-f8f6-e17a-e9d0-60048eb9c908',
  'kodiaq',
  'Kodiaq',
  2016,
  2024,
  '{2016,2020,2024}'::int[],
  '["SUV"]'::jsonb,
  '["Gasoline","Diesel"]'::jsonb,
  '["Manual","Automatic (DSG)"]'::jsonb,
  7.6,
  8.5
)
on conflict (make_id, slug) do nothing;


insert into public.vehicle_generations (
  id,
  model_id,
  code,
  start_year,
  end_year,
  facelift,
  production_countries,
  body_types,
  fuel_types,
  transmission_types,
  summary
)
values (
  '79f34575-ea4d-85dc-9cb5-7c6169671d62',
  '2ba9b8b4-9808-64f2-7f08-747f737aafa4',
  'Generation I (2016-Current)',
  2016,
  2024,
  true,
  '{"Czech Republic","Russia (until 2022)","China"}'::text[],
  '["SUV"]'::jsonb,
  '["Gasoline","Diesel"]'::jsonb,
  '["Manual","Automatic (DSG)"]'::jsonb,
  'Mid-size SUV offering seven-seat configuration and a spacious interior.'
)
on conflict (model_id, code) do nothing;


insert into public.vehicle_insights (
  model_id,
  pros,
  cons,
  inspection_tips,
  notable_features,
  engine_examples,
  common_issues_by_engine,
  reliability_score,
  popularity_score
)
values (
  '2ba9b8b4-9808-64f2-7f08-747f737aafa4',
  '["Spacious interior","Available seven-seat configuration","Comfortable ride"]'::jsonb,
  '["Fuel economy can be lower with larger engines","Some infotainment system issues reported","Parking can be challenging in tight spaces"]'::jsonb,
  '["Check the condition of the suspension","Inspect the DSG gearbox","Check for oil leaks"]'::jsonb,
  '["Virtual Cockpit","Adaptive Cruise Control","LED headlights","Seven-seat configuration"]'::jsonb,
  '["1.4L TSI","2.0L TSI","2.0L TDI"]'::jsonb,
  '[{"engine_code":"1.4L TSI","common_issues_ru":["Растяжение цепи ГРМ","Утечка антифриза"]},{"engine_code":"2.0L TDI","common_issues_ru":["Проблемы с сажевым фильтром","Износ форсунок"]}]'::jsonb,
  null,
  null
)
on conflict (model_id) do nothing;


insert into public.vehicle_models (
  id,
  make_id,
  slug,
  name_en,
  first_model_year,
  last_model_year,
  years_available,
  body_types_available,
  fuel_types_available,
  transmission_available,
  reliability_score,
  popularity_score
)
values (
  'a2fbcad0-1bec-db70-e228-b67804315170',
  '583cfa78-f8f6-e17a-e9d0-60048eb9c908',
  'octavia',
  'Octavia',
  1996,
  2024,
  '{1996,2000,2005,2010,2015,2020,2024}'::int[],
  '["Sedan","Wagon"]'::jsonb,
  '["Gasoline","Diesel","CNG (Select Years)"]'::jsonb,
  '["Manual","Automatic (DSG)"]'::jsonb,
  8,
  9
)
on conflict (make_id, slug) do nothing;


insert into public.vehicle_generations (
  id,
  model_id,
  code,
  start_year,
  end_year,
  facelift,
  production_countries,
  body_types,
  fuel_types,
  transmission_types,
  summary
)
values (
  '3a7c23b4-b739-0c98-e98f-202b81d8e928',
  'a2fbcad0-1bec-db70-e228-b67804315170',
  'Generation I (1996-2010)',
  1996,
  2010,
  true,
  '{"Czech Republic","Ukraine","Kazakhstan","India"}'::text[],
  '["Sedan","Wagon"]'::jsonb,
  '["Gasoline","Diesel"]'::jsonb,
  '["Manual","Automatic"]'::jsonb,
  'The first generation of the modern Octavia, based on the Volkswagen Group A4 platform.'
)
on conflict (model_id, code) do nothing;


insert into public.vehicle_generations (
  id,
  model_id,
  code,
  start_year,
  end_year,
  facelift,
  production_countries,
  body_types,
  fuel_types,
  transmission_types,
  summary
)
values (
  '9e98b53f-e879-8ca2-24e8-17530188fae8',
  'a2fbcad0-1bec-db70-e228-b67804315170',
  'Generation II (2004-2013)',
  2004,
  2013,
  true,
  '{"Czech Republic","Russia","Ukraine","India","China"}'::text[],
  '["Sedan","Wagon"]'::jsonb,
  '["Gasoline","Diesel"]'::jsonb,
  '["Manual","Automatic (DSG)"]'::jsonb,
  'Improved design and features, including the introduction of the DSG transmission.'
)
on conflict (model_id, code) do nothing;


insert into public.vehicle_generations (
  id,
  model_id,
  code,
  start_year,
  end_year,
  facelift,
  production_countries,
  body_types,
  fuel_types,
  transmission_types,
  summary
)
values (
  'd684fb39-cbf9-04d5-38a9-c9e796ecaf51',
  'a2fbcad0-1bec-db70-e228-b67804315170',
  'Generation III (2012-2020)',
  2012,
  2020,
  true,
  '{"Czech Republic","Russia","China","India","Kazakhstan"}'::text[],
  '["Sedan","Wagon"]'::jsonb,
  '["Gasoline","Diesel","CNG"]'::jsonb,
  '["Manual","Automatic (DSG)"]'::jsonb,
  'Modern design and technology, including improved fuel efficiency and safety features.'
)
on conflict (model_id, code) do nothing;


insert into public.vehicle_generations (
  id,
  model_id,
  code,
  start_year,
  end_year,
  facelift,
  production_countries,
  body_types,
  fuel_types,
  transmission_types,
  summary
)
values (
  'dcd6a256-cf80-e0cf-428d-20b4c361b4fd',
  'a2fbcad0-1bec-db70-e228-b67804315170',
  'Generation IV (2019-Current)',
  2019,
  2024,
  false,
  '{"Czech Republic","China","India"}'::text[],
  '["Sedan","Wagon"]'::jsonb,
  '["Gasoline","Diesel","Mild Hybrid","Plug-in Hybrid"]'::jsonb,
  '["Manual","Automatic (DSG)"]'::jsonb,
  'The latest generation with a focus on connectivity, safety, and efficiency.'
)
on conflict (model_id, code) do nothing;


insert into public.vehicle_insights (
  model_id,
  pros,
  cons,
  inspection_tips,
  notable_features,
  engine_examples,
  common_issues_by_engine,
  reliability_score,
  popularity_score
)
values (
  'a2fbcad0-1bec-db70-e228-b67804315170',
  '["Spacious interior","Good fuel economy","Wide range of engine options","Reliable engines"]'::jsonb,
  '["Some interior materials can feel cheap","DSG gearbox can be problematic in some cases","Ride can be firm on sportier models"]'::jsonb,
  '["Check the DSG gearbox for smooth operation","Inspect the suspension","Check for oil leaks"]'::jsonb,
  '["Virtual Cockpit","Adaptive Cruise Control","LED headlights","Wide range of engine options"]'::jsonb,
  '["1.0L TSI","1.4L TSI","1.6L TDI","2.0L TDI"]'::jsonb,
  '[{"engine_code":"1.4L TSI","common_issues_ru":["Растяжение цепи ГРМ","Утечка антифриза"]},{"engine_code":"1.6L TDI","common_issues_ru":["Проблемы с сажевым фильтром","Износ форсунок"]},{"engine_code":"2.0L TDI","common_issues_ru":["Проблемы с сажевым фильтром","Износ форсунок"]}]'::jsonb,
  null,
  null
)
on conflict (model_id) do nothing;


insert into public.vehicle_models (
  id,
  make_id,
  slug,
  name_en,
  first_model_year,
  last_model_year,
  years_available,
  body_types_available,
  fuel_types_available,
  transmission_available,
  reliability_score,
  popularity_score
)
values (
  '28f0cb45-73ce-e90b-7d63-1fe333b5cecf',
  '583cfa78-f8f6-e17a-e9d0-60048eb9c908',
  'roomster',
  'Roomster',
  2006,
  2015,
  '{2006,2010,2015}'::int[],
  '["MPV"]'::jsonb,
  '["Gasoline","Diesel"]'::jsonb,
  '["Manual","Automatic"]'::jsonb,
  7.2,
  6.5
)
on conflict (make_id, slug) do nothing;


insert into public.vehicle_generations (
  id,
  model_id,
  code,
  start_year,
  end_year,
  facelift,
  production_countries,
  body_types,
  fuel_types,
  transmission_types,
  summary
)
values (
  'c5fd89d1-59b9-dfed-6c6f-03b44433c1f1',
  '28f0cb45-73ce-e90b-7d63-1fe333b5cecf',
  'Generation I (2006-2015)',
  2006,
  2015,
  true,
  '{"Czech Republic"}'::text[],
  '["MPV"]'::jsonb,
  '["Gasoline","Diesel"]'::jsonb,
  '["Manual","Automatic"]'::jsonb,
  'Compact MPV known for its unique design and spacious interior.'
)
on conflict (model_id, code) do nothing;


insert into public.vehicle_insights (
  model_id,
  pros,
  cons,
  inspection_tips,
  notable_features,
  engine_examples,
  common_issues_by_engine,
  reliability_score,
  popularity_score
)
values (
  '28f0cb45-73ce-e90b-7d63-1fe333b5cecf',
  '["Spacious interior","Good visibility","Practical design"]'::jsonb,
  '["Unconventional styling","Ride can be bouncy","Limited engine options"]'::jsonb,
  '["Check the condition of the suspension","Inspect the clutch (manual)","Check for oil leaks"]'::jsonb,
  '["Panoramic sunroof (optional)","Flexible seating arrangement","High roofline"]'::jsonb,
  '["1.2L TSI","1.4L","1.9L TDI"]'::jsonb,
  '[{"engine_code":"1.2L TSI","common_issues_ru":["Растяжение цепи ГРМ","Утечка масла"]},{"engine_code":"1.9L TDI","common_issues_ru":["Проблемы с турбиной","Износ форсунок"]}]'::jsonb,
  null,
  null
)
on conflict (model_id) do nothing;


insert into public.vehicle_models (
  id,
  make_id,
  slug,
  name_en,
  first_model_year,
  last_model_year,
  years_available,
  body_types_available,
  fuel_types_available,
  transmission_available,
  reliability_score,
  popularity_score
)
values (
  '3a8a4aa5-545b-37d6-ad67-ed4d463a6a04',
  '583cfa78-f8f6-e17a-e9d0-60048eb9c908',
  'superb',
  'Superb',
  2001,
  2024,
  '{2001,2005,2010,2015,2020,2024}'::int[],
  '["Sedan","Wagon"]'::jsonb,
  '["Gasoline","Diesel","Plug-in Hybrid (Later Generations)"]'::jsonb,
  '["Manual","Automatic (DSG)"]'::jsonb,
  7.7,
  8.3
)
on conflict (make_id, slug) do nothing;


insert into public.vehicle_generations (
  id,
  model_id,
  code,
  start_year,
  end_year,
  facelift,
  production_countries,
  body_types,
  fuel_types,
  transmission_types,
  summary
)
values (
  '6fc8caa4-74ad-3e2d-5fdc-24b73abad9b3',
  '3a8a4aa5-545b-37d6-ad67-ed4d463a6a04',
  'Generation I (2001-2008)',
  2001,
  2008,
  true,
  '{"Czech Republic","China"}'::text[],
  '["Sedan"]'::jsonb,
  '["Gasoline","Diesel"]'::jsonb,
  '["Manual","Automatic"]'::jsonb,
  'First generation of the modern Superb, offering a spacious interior and a comfortable ride.'
)
on conflict (model_id, code) do nothing;


insert into public.vehicle_generations (
  id,
  model_id,
  code,
  start_year,
  end_year,
  facelift,
  production_countries,
  body_types,
  fuel_types,
  transmission_types,
  summary
)
values (
  '0242f4e7-06e2-4d98-e464-6b05f0e1fd8e',
  '3a8a4aa5-545b-37d6-ad67-ed4d463a6a04',
  'Generation II (2008-2015)',
  2008,
  2015,
  true,
  '{"Czech Republic","China","India","Russia"}'::text[],
  '["Sedan","Wagon"]'::jsonb,
  '["Gasoline","Diesel"]'::jsonb,
  '["Manual","Automatic (DSG)"]'::jsonb,
  'Improved design and features, including a larger interior and more advanced technology.'
)
on conflict (model_id, code) do nothing;


insert into public.vehicle_generations (
  id,
  model_id,
  code,
  start_year,
  end_year,
  facelift,
  production_countries,
  body_types,
  fuel_types,
  transmission_types,
  summary
)
values (
  'f9dfc3f0-b44f-0d28-45d2-14e2e7f1b8e6',
  '3a8a4aa5-545b-37d6-ad67-ed4d463a6a04',
  'Generation III (2015-Current)',
  2015,
  2024,
  true,
  '{"Czech Republic","China","India","Ukraine"}'::text[],
  '["Sedan","Wagon"]'::jsonb,
  '["Gasoline","Diesel","Plug-in Hybrid"]'::jsonb,
  '["Manual","Automatic (DSG)"]'::jsonb,
  'The latest generation with a focus on luxury, technology, and efficiency.'
)
on conflict (model_id, code) do nothing;


insert into public.vehicle_insights (
  model_id,
  pros,
  cons,
  inspection_tips,
  notable_features,
  engine_examples,
  common_issues_by_engine,
  reliability_score,
  popularity_score
)
values (
  '3a8a4aa5-545b-37d6-ad67-ed4d463a6a04',
  '["Spacious interior","Comfortable ride","High level of equipment"]'::jsonb,
  '["Fuel economy can be lower with larger engines","DSG gearbox can be problematic in some cases","Some interior materials could be better"]'::jsonb,
  '["Check the DSG gearbox for smooth operation","Inspect the suspension","Check for oil leaks"]'::jsonb,
  '["Adaptive Cruise Control","LED headlights","Virtual Cockpit","Panoramic sunroof (optional)"]'::jsonb,
  '["1.4L TSI","1.8L TSI","2.0L TSI","2.0L TDI"]'::jsonb,
  '[{"engine_code":"1.4L TSI","common_issues_ru":["Растяжение цепи ГРМ","Утечка антифриза"]},{"engine_code":"2.0L TDI","common_issues_ru":["Проблемы с сажевым фильтром","Износ форсунок"]}]'::jsonb,
  null,
  null
)
on conflict (model_id) do nothing;


insert into public.vehicle_models (
  id,
  make_id,
  slug,
  name_en,
  first_model_year,
  last_model_year,
  years_available,
  body_types_available,
  fuel_types_available,
  transmission_available,
  reliability_score,
  popularity_score
)
values (
  '86c3d481-5514-daf5-9f10-92029b56d5f2',
  '583cfa78-f8f6-e17a-e9d0-60048eb9c908',
  'yeti',
  'Yeti',
  2009,
  2017,
  '{2009,2010,2015,2017}'::int[],
  '["SUV"]'::jsonb,
  '["Gasoline","Diesel"]'::jsonb,
  '["Manual","Automatic (DSG)"]'::jsonb,
  7.4,
  7
)
on conflict (make_id, slug) do nothing;


insert into public.vehicle_generations (
  id,
  model_id,
  code,
  start_year,
  end_year,
  facelift,
  production_countries,
  body_types,
  fuel_types,
  transmission_types,
  summary
)
values (
  '2a5449fd-d455-960b-50cf-cd59f543e0da',
  '86c3d481-5514-daf5-9f10-92029b56d5f2',
  'Generation I (2009-2017)',
  2009,
  2017,
  true,
  '{"Czech Republic","Russia","India"}'::text[],
  '["SUV"]'::jsonb,
  '["Gasoline","Diesel"]'::jsonb,
  '["Manual","Automatic (DSG)"]'::jsonb,
  'Compact SUV known for its quirky design and practicality.'
)
on conflict (model_id, code) do nothing;


insert into public.vehicle_insights (
  model_id,
  pros,
  cons,
  inspection_tips,
  notable_features,
  engine_examples,
  common_issues_by_engine,
  reliability_score,
  popularity_score
)
values (
  '86c3d481-5514-daf5-9f10-92029b56d5f2',
  '["Spacious interior","Good visibility","Off-road capability (with 4x4)","Practical design"]'::jsonb,
  '["Unconventional styling","Ride can be firm","Some engine options lack power"]'::jsonb,
  '["Check the condition of the suspension","Inspect the clutch (manual)","Check for oil leaks"]'::jsonb,
  '["VarioFlex seating system","Panoramic sunroof (optional)","Off-road capability (with 4x4)"]'::jsonb,
  '["1.2L TSI","1.4L TSI","1.6L TDI","2.0L TDI"]'::jsonb,
  '[{"engine_code":"1.2L TSI","common_issues_ru":["Растяжение цепи ГРМ","Утечка масла"]},{"engine_code":"1.6L TDI","common_issues_ru":["Проблемы с сажевым фильтром","Износ форсунок"]}]'::jsonb,
  null,
  null
)
on conflict (model_id) do nothing;


insert into public.vehicle_makes (id, slug, name_en, country, segment_class, is_active, category_path)
values (
  '4e4ad996-3867-0949-a67d-d5d364e4c351',
  'smart',
  'Smart',
  'Германия',
  null,
  true,
  'transport/legkovye-avtomobili'
)
on conflict (id) do nothing;


insert into public.vehicle_models (
  id,
  make_id,
  slug,
  name_en,
  first_model_year,
  last_model_year,
  years_available,
  body_types_available,
  fuel_types_available,
  transmission_available,
  reliability_score,
  popularity_score
)
values (
  'c26ba862-4876-ca32-ac87-609295365e1d',
  '4e4ad996-3867-0949-a67d-d5d364e4c351',
  'eq1-2018-current',
  'Smart EQ fortwo',
  2018,
  2024,
  '{2018,2019,2020,2021,2022,2023,2024}'::int[],
  '["Hatchback"]'::jsonb,
  '["Electric"]'::jsonb,
  '["Automatic"]'::jsonb,
  7,
  6.5
)
on conflict (make_id, slug) do nothing;


insert into public.vehicle_generations (
  id,
  model_id,
  code,
  start_year,
  end_year,
  facelift,
  production_countries,
  body_types,
  fuel_types,
  transmission_types,
  summary
)
values (
  '4bd46561-4926-cb87-915b-843e50ae7b91',
  'c26ba862-4876-ca32-ac87-609295365e1d',
  'Generation 2 (2017-2024)',
  2017,
  2024,
  true,
  '{"France","China"}'::text[],
  '["Hatchback"]'::jsonb,
  '["Electric"]'::jsonb,
  '["Automatic"]'::jsonb,
  'Second generation of the Smart fortwo, now fully electric. Features updated styling and improved range.'
)
on conflict (model_id, code) do nothing;


insert into public.vehicle_insights (
  model_id,
  pros,
  cons,
  inspection_tips,
  notable_features,
  engine_examples,
  common_issues_by_engine,
  reliability_score,
  popularity_score
)
values (
  'c26ba862-4876-ca32-ac87-609295365e1d',
  '["Compact size","Zero emissions","Easy to park"]'::jsonb,
  '["Limited range","High price","Small cargo space"]'::jsonb,
  '["Check battery health","Inspect charging port"]'::jsonb,
  '["Regenerative braking","Smartphone integration"]'::jsonb,
  '["Electric Motor (80 hp)"]'::jsonb,
  '[{"engine_code":"Electric Motor","common_issues_ru":["Проблемы с батареей","Неисправности зарядного устройства"]}]'::jsonb,
  null,
  null
)
on conflict (model_id) do nothing;


insert into public.vehicle_models (
  id,
  make_id,
  slug,
  name_en,
  first_model_year,
  last_model_year,
  years_available,
  body_types_available,
  fuel_types_available,
  transmission_available,
  reliability_score,
  popularity_score
)
values (
  '261975ba-220f-2d6d-c363-7a4a0b454234',
  '4e4ad996-3867-0949-a67d-d5d364e4c351',
  'eq3-2021-current',
  'Smart EQ forfour',
  2021,
  2024,
  '{2021,2022,2023,2024}'::int[],
  '["Hatchback"]'::jsonb,
  '["Electric"]'::jsonb,
  '["Automatic"]'::jsonb,
  6.8,
  6
)
on conflict (make_id, slug) do nothing;


insert into public.vehicle_generations (
  id,
  model_id,
  code,
  start_year,
  end_year,
  facelift,
  production_countries,
  body_types,
  fuel_types,
  transmission_types,
  summary
)
values (
  '4fd2ddda-32b9-3991-746d-9ea0fef21994',
  '261975ba-220f-2d6d-c363-7a4a0b454234',
  'Generation 2 (2017-2024)',
  2017,
  2024,
  true,
  '{"France","China"}'::text[],
  '["Hatchback"]'::jsonb,
  '["Electric"]'::jsonb,
  '["Automatic"]'::jsonb,
  'Second generation of the Smart forfour, now fully electric. Offers more space than the fortwo.'
)
on conflict (model_id, code) do nothing;


insert into public.vehicle_insights (
  model_id,
  pros,
  cons,
  inspection_tips,
  notable_features,
  engine_examples,
  common_issues_by_engine,
  reliability_score,
  popularity_score
)
values (
  '261975ba-220f-2d6d-c363-7a4a0b454234',
  '["Four-door practicality","Zero emissions","Easy to park"]'::jsonb,
  '["Limited range","High price","Small cargo space"]'::jsonb,
  '["Check battery health","Inspect charging port"]'::jsonb,
  '["Regenerative braking","Smartphone integration"]'::jsonb,
  '["Electric Motor (80 hp)"]'::jsonb,
  '[{"engine_code":"Electric Motor","common_issues_ru":["Проблемы с батареей","Неисправности зарядного устройства"]}]'::jsonb,
  null,
  null
)
on conflict (model_id) do nothing;


insert into public.vehicle_models (
  id,
  make_id,
  slug,
  name_en,
  first_model_year,
  last_model_year,
  years_available,
  body_types_available,
  fuel_types_available,
  transmission_available,
  reliability_score,
  popularity_score
)
values (
  '561f0c60-dc39-196c-55b7-e38d9eba24b1',
  '4e4ad996-3867-0949-a67d-d5d364e4c351',
  'forfour-2014-current',
  'Smart forfour',
  2014,
  2024,
  '{2014,2015,2016,2017,2018,2019,2020,2021,2022,2023,2024}'::int[],
  '["Hatchback"]'::jsonb,
  '["Gasoline","Electric"]'::jsonb,
  '["Manual","Automatic"]'::jsonb,
  6.5,
  7
)
on conflict (make_id, slug) do nothing;


insert into public.vehicle_generations (
  id,
  model_id,
  code,
  start_year,
  end_year,
  facelift,
  production_countries,
  body_types,
  fuel_types,
  transmission_types,
  summary
)
values (
  '399259ce-504d-a98c-7237-e1a3d8196dfa',
  '561f0c60-dc39-196c-55b7-e38d9eba24b1',
  'Generation 2 (2014-2024)',
  2014,
  2024,
  true,
  '{"Slovenia","China"}'::text[],
  '["Hatchback"]'::jsonb,
  '["Gasoline","Electric"]'::jsonb,
  '["Manual","Automatic"]'::jsonb,
  'Second generation Smart forfour, a four-door city car.  Initially offered with gasoline engines, later with electric powertrains.'
)
on conflict (model_id, code) do nothing;


insert into public.vehicle_insights (
  model_id,
  pros,
  cons,
  inspection_tips,
  notable_features,
  engine_examples,
  common_issues_by_engine,
  reliability_score,
  popularity_score
)
values (
  '561f0c60-dc39-196c-55b7-e38d9eba24b1',
  '["Four-door practicality","Compact size","Easy to park"]'::jsonb,
  '["Small cargo space","Limited engine options","Ride quality"]'::jsonb,
  '["Check for rust","Inspect engine for leaks"]'::jsonb,
  '["Optional panoramic roof","Smartphone integration"]'::jsonb,
  '["1.0L I3","Electric Motor"]'::jsonb,
  '[{"engine_code":"1.0L I3","common_issues_ru":["Проблемы с турбонаддувом","Утечки масла"]},{"engine_code":"Electric Motor","common_issues_ru":["Проблемы с батареей","Неисправности зарядного устройства"]}]'::jsonb,
  null,
  null
)
on conflict (model_id) do nothing;


insert into public.vehicle_models (
  id,
  make_id,
  slug,
  name_en,
  first_model_year,
  last_model_year,
  years_available,
  body_types_available,
  fuel_types_available,
  transmission_available,
  reliability_score,
  popularity_score
)
values (
  '297b980b-a89f-ea26-770c-9e2a3ebc5df6',
  '4e4ad996-3867-0949-a67d-d5d364e4c351',
  'fortwo-1998-current',
  'Smart fortwo',
  1998,
  2024,
  '{1998,2000,2005,2010,2015,2020,2024}'::int[],
  '["Hatchback","Convertible"]'::jsonb,
  '["Gasoline","Diesel","Electric"]'::jsonb,
  '["Automatic"]'::jsonb,
  7.2,
  7.8
)
on conflict (make_id, slug) do nothing;


insert into public.vehicle_generations (
  id,
  model_id,
  code,
  start_year,
  end_year,
  facelift,
  production_countries,
  body_types,
  fuel_types,
  transmission_types,
  summary
)
values (
  'e3636399-8c48-6f86-019d-0aa818f1d457',
  '297b980b-a89f-ea26-770c-9e2a3ebc5df6',
  'Generation 1 (1998-2007)',
  1998,
  2007,
  true,
  '{"France","Germany"}'::text[],
  '["Hatchback","Convertible"]'::jsonb,
  '["Gasoline","Diesel"]'::jsonb,
  '["Automatic"]'::jsonb,
  'First generation Smart fortwo, a two-seater city car. Known for its small size and fuel efficiency.'
)
on conflict (model_id, code) do nothing;


insert into public.vehicle_generations (
  id,
  model_id,
  code,
  start_year,
  end_year,
  facelift,
  production_countries,
  body_types,
  fuel_types,
  transmission_types,
  summary
)
values (
  'd6f72a7a-3c07-a5ad-9b47-658a06a9db0e',
  '297b980b-a89f-ea26-770c-9e2a3ebc5df6',
  'Generation 2 (2007-2015)',
  2007,
  2015,
  true,
  '{"France","Germany"}'::text[],
  '["Hatchback","Convertible"]'::jsonb,
  '["Gasoline"]'::jsonb,
  '["Automatic"]'::jsonb,
  'Second generation Smart fortwo, with updated styling and improved safety features.'
)
on conflict (model_id, code) do nothing;


insert into public.vehicle_generations (
  id,
  model_id,
  code,
  start_year,
  end_year,
  facelift,
  production_countries,
  body_types,
  fuel_types,
  transmission_types,
  summary
)
values (
  '214bbde6-9009-78d6-50fd-2308ba0dd060',
  '297b980b-a89f-ea26-770c-9e2a3ebc5df6',
  'Generation 3 (2014-2024)',
  2014,
  2024,
  true,
  '{"France","China"}'::text[],
  '["Hatchback","Convertible"]'::jsonb,
  '["Gasoline","Electric"]'::jsonb,
  '["Automatic"]'::jsonb,
  'Third generation Smart fortwo, offered with both gasoline and electric powertrains.'
)
on conflict (model_id, code) do nothing;


insert into public.vehicle_insights (
  model_id,
  pros,
  cons,
  inspection_tips,
  notable_features,
  engine_examples,
  common_issues_by_engine,
  reliability_score,
  popularity_score
)
values (
  '297b980b-a89f-ea26-770c-9e2a3ebc5df6',
  '["Compact size","Easy to park","Fuel efficiency"]'::jsonb,
  '["Limited cargo space","Ride quality","Highway performance"]'::jsonb,
  '["Check for rust","Inspect engine for leaks"]'::jsonb,
  '["Tridion safety cell","Optional panoramic roof"]'::jsonb,
  '["0.9L I3","Electric Motor"]'::jsonb,
  '[{"engine_code":"0.9L I3","common_issues_ru":["Проблемы с турбонаддувом","Утечки масла"]},{"engine_code":"Electric Motor","common_issues_ru":["Проблемы с батареей","Неисправности зарядного устройства"]}]'::jsonb,
  null,
  null
)
on conflict (model_id) do nothing;


insert into public.vehicle_makes (id, slug, name_en, country, segment_class, is_active, category_path)
values (
  'c046950b-6c62-2440-7cc1-9a24f8e1069b',
  'ssangyong',
  'SsangYong',
  'Южная Корея',
  null,
  true,
  'transport/legkovye-avtomobili'
)
on conflict (id) do nothing;


insert into public.vehicle_models (
  id,
  make_id,
  slug,
  name_en,
  first_model_year,
  last_model_year,
  years_available,
  body_types_available,
  fuel_types_available,
  transmission_available,
  reliability_score,
  popularity_score
)
values (
  'f948023b-1637-53ce-d8b3-f43d691f25c8',
  'c046950b-6c62-2440-7cc1-9a24f8e1069b',
  'korando-2011-current',
  'Korando',
  2011,
  2024,
  '{2011,2012,2013,2014,2015,2016,2017,2018,2019,2020,2021,2022,2023,2024}'::int[],
  '["SUV"]'::jsonb,
  '["Diesel","Gasoline","Electric"]'::jsonb,
  '["Manual","Automatic"]'::jsonb,
  7,
  7.5
)
on conflict (make_id, slug) do nothing;


insert into public.vehicle_generations (
  id,
  model_id,
  code,
  start_year,
  end_year,
  facelift,
  production_countries,
  body_types,
  fuel_types,
  transmission_types,
  summary
)
values (
  '8f33972a-5569-18d3-7b9e-9c77313ddf32',
  'f948023b-1637-53ce-d8b3-f43d691f25c8',
  'C300 (2010-2019)',
  2010,
  2019,
  true,
  '{"South Korea"}'::text[],
  '["SUV"]'::jsonb,
  '["Diesel","Gasoline"]'::jsonb,
  '["Manual","Automatic"]'::jsonb,
  'First generation of the modern Korando, offering a more refined design and improved features compared to its predecessor. Facelifted in 2013 and 2017.'
)
on conflict (model_id, code) do nothing;


insert into public.vehicle_generations (
  id,
  model_id,
  code,
  start_year,
  end_year,
  facelift,
  production_countries,
  body_types,
  fuel_types,
  transmission_types,
  summary
)
values (
  '09f542e8-ed52-5ef8-d944-95b4f55aae2d',
  'f948023b-1637-53ce-d8b3-f43d691f25c8',
  'C300 (2019-Current)',
  2019,
  2024,
  true,
  '{"South Korea"}'::text[],
  '["SUV"]'::jsonb,
  '["Diesel","Gasoline","Electric"]'::jsonb,
  '["Manual","Automatic"]'::jsonb,
  'Second generation Korando, featuring a more modern design and updated technology. Received a facelift in 2023.'
)
on conflict (model_id, code) do nothing;


insert into public.vehicle_insights (
  model_id,
  pros,
  cons,
  inspection_tips,
  notable_features,
  engine_examples,
  common_issues_by_engine,
  reliability_score,
  popularity_score
)
values (
  'f948023b-1637-53ce-d8b3-f43d691f25c8',
  '["Spacious interior","Good value for money","Fuel efficiency"]'::jsonb,
  '["Interior plastics quality","Ride comfort can be firm","Some engine options lack power"]'::jsonb,
  '["Check for rust, especially on older models","Inspect the suspension for wear","Test the air conditioning system"]'::jsonb,
  '["Available all-wheel drive","Touchscreen infotainment system","Advanced driver-assistance systems (ADAS)"]'::jsonb,
  '["1.6L Diesel","1.5L Turbo Gasoline","Electric Motor"]'::jsonb,
  '[{"engine_code":"D16T","common_issues_ru":["Проблемы с турбокомпрессором","Неисправности топливной системы"]},{"engine_code":"G15T","common_issues_ru":["Растяжение цепи ГРМ","Утечки масла"]}]'::jsonb,
  null,
  null
)
on conflict (model_id) do nothing;


insert into public.vehicle_models (
  id,
  make_id,
  slug,
  name_en,
  first_model_year,
  last_model_year,
  years_available,
  body_types_available,
  fuel_types_available,
  transmission_available,
  reliability_score,
  popularity_score
)
values (
  'f570c4fa-e471-fcd2-35b4-50f6cf0a1d2f',
  'c046950b-6c62-2440-7cc1-9a24f8e1069b',
  'rexton-2001-current',
  'Rexton',
  2001,
  2024,
  '{2001,2005,2010,2015,2020,2024}'::int[],
  '["SUV"]'::jsonb,
  '["Diesel","Gasoline"]'::jsonb,
  '["Manual","Automatic"]'::jsonb,
  6.5,
  7
)
on conflict (make_id, slug) do nothing;


insert into public.vehicle_generations (
  id,
  model_id,
  code,
  start_year,
  end_year,
  facelift,
  production_countries,
  body_types,
  fuel_types,
  transmission_types,
  summary
)
values (
  'f233f6f1-2ad9-8a0d-0eb5-eb977f855f53',
  'f570c4fa-e471-fcd2-35b4-50f6cf0a1d2f',
  'Y200 (2001-2006)',
  2001,
  2006,
  true,
  '{"South Korea"}'::text[],
  '["SUV"]'::jsonb,
  '["Diesel","Gasoline"]'::jsonb,
  '["Manual","Automatic"]'::jsonb,
  'First generation Rexton, based on a Mercedes-Benz platform. Known for its robust build and off-road capabilities. Facelifted in 2004.'
)
on conflict (model_id, code) do nothing;


insert into public.vehicle_generations (
  id,
  model_id,
  code,
  start_year,
  end_year,
  facelift,
  production_countries,
  body_types,
  fuel_types,
  transmission_types,
  summary
)
values (
  'e7ed929e-ea2a-f8f4-9ace-8cc0c1144d37',
  'f570c4fa-e471-fcd2-35b4-50f6cf0a1d2f',
  'Y250 (2006-2017)',
  2006,
  2017,
  true,
  '{"South Korea"}'::text[],
  '["SUV"]'::jsonb,
  '["Diesel","Gasoline"]'::jsonb,
  '["Manual","Automatic"]'::jsonb,
  'Second generation Rexton, with updated styling and improved features. Received facelifts in 2012 and 2013.'
)
on conflict (model_id, code) do nothing;


insert into public.vehicle_generations (
  id,
  model_id,
  code,
  start_year,
  end_year,
  facelift,
  production_countries,
  body_types,
  fuel_types,
  transmission_types,
  summary
)
values (
  '3dcf20c6-904e-0072-6970-39b266b38b94',
  'f570c4fa-e471-fcd2-35b4-50f6cf0a1d2f',
  'Y400 (2017-Current)',
  2017,
  2024,
  true,
  '{"South Korea"}'::text[],
  '["SUV"]'::jsonb,
  '["Diesel","Gasoline"]'::jsonb,
  '["Automatic"]'::jsonb,
  'Third generation Rexton, featuring a modern design and advanced technology. Facelifted in 2020.'
)
on conflict (model_id, code) do nothing;


insert into public.vehicle_insights (
  model_id,
  pros,
  cons,
  inspection_tips,
  notable_features,
  engine_examples,
  common_issues_by_engine,
  reliability_score,
  popularity_score
)
values (
  'f570c4fa-e471-fcd2-35b4-50f6cf0a1d2f',
  '["Off-road capability","Spacious interior","Towing capacity"]'::jsonb,
  '["Fuel economy","Ride quality can be harsh","Interior materials quality"]'::jsonb,
  '["Check the suspension and undercarriage for off-road damage","Inspect the transmission for smooth shifting","Test the four-wheel drive system"]'::jsonb,
  '["Part-time or full-time four-wheel drive","Hill descent control","Towing package"]'::jsonb,
  '["2.2L Diesel","3.2L Gasoline"]'::jsonb,
  '[{"engine_code":"D22DT","common_issues_ru":["Проблемы с форсунками","Износ турбокомпрессора"]},{"engine_code":"G32D","common_issues_ru":["Утечки масла","Неисправности системы зажигания"]}]'::jsonb,
  null,
  null
)
on conflict (model_id) do nothing;


insert into public.vehicle_models (
  id,
  make_id,
  slug,
  name_en,
  first_model_year,
  last_model_year,
  years_available,
  body_types_available,
  fuel_types_available,
  transmission_available,
  reliability_score,
  popularity_score
)
values (
  '2831077e-d2c1-20a0-656d-ce179e28829f',
  'c046950b-6c62-2440-7cc1-9a24f8e1069b',
  'tivoli-2015-current',
  'Tivoli',
  2015,
  2024,
  '{2015,2016,2017,2018,2019,2020,2021,2022,2023,2024}'::int[],
  '["SUV"]'::jsonb,
  '["Gasoline","Diesel"]'::jsonb,
  '["Manual","Automatic"]'::jsonb,
  7.2,
  7.8
)
on conflict (make_id, slug) do nothing;


insert into public.vehicle_generations (
  id,
  model_id,
  code,
  start_year,
  end_year,
  facelift,
  production_countries,
  body_types,
  fuel_types,
  transmission_types,
  summary
)
values (
  '4d3e91f9-7022-d9d0-89d3-2e11e3c6d1f3',
  '2831077e-d2c1-20a0-656d-ce179e28829f',
  'X100 (2015-2019)',
  2015,
  2019,
  false,
  '{"South Korea"}'::text[],
  '["SUV"]'::jsonb,
  '["Gasoline","Diesel"]'::jsonb,
  '["Manual","Automatic"]'::jsonb,
  'First generation Tivoli, a compact SUV designed for urban environments. Offered a range of efficient engines and a stylish design.'
)
on conflict (model_id, code) do nothing;


insert into public.vehicle_generations (
  id,
  model_id,
  code,
  start_year,
  end_year,
  facelift,
  production_countries,
  body_types,
  fuel_types,
  transmission_types,
  summary
)
values (
  '9e15974e-8db6-6b29-7734-2382ae0e8ecd',
  '2831077e-d2c1-20a0-656d-ce179e28829f',
  'X100 (2019-Current)',
  2019,
  2024,
  true,
  '{"South Korea"}'::text[],
  '["SUV"]'::jsonb,
  '["Gasoline","Diesel"]'::jsonb,
  '["Manual","Automatic"]'::jsonb,
  'Second generation Tivoli, with updated styling and improved features. Received a facelift in 2019.'
)
on conflict (model_id, code) do nothing;


insert into public.vehicle_insights (
  model_id,
  pros,
  cons,
  inspection_tips,
  notable_features,
  engine_examples,
  common_issues_by_engine,
  reliability_score,
  popularity_score
)
values (
  '2831077e-d2c1-20a0-656d-ce179e28829f',
  '["Compact size","Fuel efficiency","Affordable price"]'::jsonb,
  '["Interior quality","Ride comfort can be firm","Limited cargo space"]'::jsonb,
  '["Check the suspension for wear","Inspect the brakes","Test the air conditioning system"]'::jsonb,
  '["Available all-wheel drive","Touchscreen infotainment system","Parking sensors"]'::jsonb,
  '["1.2L Gasoline","1.6L Diesel","1.5L Turbo Gasoline"]'::jsonb,
  '[{"engine_code":"G12E","common_issues_ru":["Расход масла","Проблемы с катализатором"]},{"engine_code":"D16T","common_issues_ru":["Проблемы с турбокомпрессором","Неисправности топливной системы"]}]'::jsonb,
  null,
  null
)
on conflict (model_id) do nothing;


insert into public.vehicle_makes (id, slug, name_en, country, segment_class, is_active, category_path)
values (
  'eab86d52-8ab2-71a4-173c-84400769ce45',
  'subaru',
  'Subaru',
  'Япония',
  null,
  true,
  'transport/legkovye-avtomobili'
)
on conflict (id) do nothing;


insert into public.vehicle_models (
  id,
  make_id,
  slug,
  name_en,
  first_model_year,
  last_model_year,
  years_available,
  body_types_available,
  fuel_types_available,
  transmission_available,
  reliability_score,
  popularity_score
)
values (
  'c2b234d8-8d00-b7a6-523c-703bc6d2e13b',
  'eab86d52-8ab2-71a4-173c-84400769ce45',
  'brz',
  'BRZ',
  2012,
  2024,
  '{2012,2013,2014,2015,2016,2017,2018,2019,2020,2021,2022,2023,2024}'::int[],
  '["Coupe"]'::jsonb,
  '["Gasoline"]'::jsonb,
  '["Manual","Automatic"]'::jsonb,
  7.8,
  7.5
)
on conflict (make_id, slug) do nothing;


insert into public.vehicle_generations (
  id,
  model_id,
  code,
  start_year,
  end_year,
  facelift,
  production_countries,
  body_types,
  fuel_types,
  transmission_types,
  summary
)
values (
  '3cd0152a-9a1c-f26d-90ad-194508faba62',
  'c2b234d8-8d00-b7a6-523c-703bc6d2e13b',
  'First Generation (2012-2021)',
  2012,
  2021,
  true,
  '{"Japan"}'::text[],
  '["Coupe"]'::jsonb,
  '["Gasoline"]'::jsonb,
  '["Manual","Automatic"]'::jsonb,
  'The first generation BRZ, developed jointly with Toyota, offered a lightweight, rear-wheel-drive experience.'
)
on conflict (model_id, code) do nothing;


insert into public.vehicle_generations (
  id,
  model_id,
  code,
  start_year,
  end_year,
  facelift,
  production_countries,
  body_types,
  fuel_types,
  transmission_types,
  summary
)
values (
  'e9efb3c8-ac40-caaf-0362-19d155edcaf0',
  'c2b234d8-8d00-b7a6-523c-703bc6d2e13b',
  'Second Generation (2022-Present)',
  2022,
  2024,
  false,
  '{"Japan"}'::text[],
  '["Coupe"]'::jsonb,
  '["Gasoline"]'::jsonb,
  '["Manual","Automatic"]'::jsonb,
  'The second generation BRZ features a larger engine and updated styling.'
)
on conflict (model_id, code) do nothing;


insert into public.vehicle_insights (
  model_id,
  pros,
  cons,
  inspection_tips,
  notable_features,
  engine_examples,
  common_issues_by_engine,
  reliability_score,
  popularity_score
)
values (
  'c2b234d8-8d00-b7a6-523c-703bc6d2e13b',
  '["Excellent handling","Fun to drive","Relatively affordable"]'::jsonb,
  '["Small back seat","Limited cargo space","Engine lacks low-end torque"]'::jsonb,
  '["Check for clutch wear (manual)","Inspect tires for even wear"]'::jsonb,
  '["Rear-wheel drive","Limited-slip differential (LSD)"]'::jsonb,
  '["2.0L H4","2.4L H4"]'::jsonb,
  '[{"engine_code":"FA20","common_issues_ru":["Расход масла","Проблемы с синхронизаторами"]},{"engine_code":"FA24","common_issues_ru":["Расход масла","Проблемы с топливным насосом"]}]'::jsonb,
  null,
  null
)
on conflict (model_id) do nothing;


insert into public.vehicle_models (
  id,
  make_id,
  slug,
  name_en,
  first_model_year,
  last_model_year,
  years_available,
  body_types_available,
  fuel_types_available,
  transmission_available,
  reliability_score,
  popularity_score
)
values (
  '63820fbb-683a-aa86-9189-c1666b233dc9',
  'eab86d52-8ab2-71a4-173c-84400769ce45',
  'crosstrek',
  'Crosstrek (XV)',
  2012,
  2024,
  '{2012,2013,2014,2015,2016,2017,2018,2019,2020,2021,2022,2023,2024}'::int[],
  '["SUV"]'::jsonb,
  '["Gasoline","Hybrid"]'::jsonb,
  '["Manual","Automatic"]'::jsonb,
  8.2,
  8.5
)
on conflict (make_id, slug) do nothing;


insert into public.vehicle_generations (
  id,
  model_id,
  code,
  start_year,
  end_year,
  facelift,
  production_countries,
  body_types,
  fuel_types,
  transmission_types,
  summary
)
values (
  '1c72270f-5381-b9d8-f57c-ae2aa2c20e1a',
  '63820fbb-683a-aa86-9189-c1666b233dc9',
  'First Generation (2012-2017)',
  2012,
  2017,
  true,
  '{"Japan","USA"}'::text[],
  '["SUV"]'::jsonb,
  '["Gasoline"]'::jsonb,
  '["Manual","Automatic"]'::jsonb,
  'Based on the Impreza platform, the Crosstrek offered increased ground clearance and rugged styling.'
)
on conflict (model_id, code) do nothing;


insert into public.vehicle_generations (
  id,
  model_id,
  code,
  start_year,
  end_year,
  facelift,
  production_countries,
  body_types,
  fuel_types,
  transmission_types,
  summary
)
values (
  '2da5c9aa-8b93-22a2-48c9-53159f7d0ac2',
  '63820fbb-683a-aa86-9189-c1666b233dc9',
  'Second Generation (2018-2023)',
  2018,
  2023,
  true,
  '{"Japan","USA"}'::text[],
  '["SUV"]'::jsonb,
  '["Gasoline","Hybrid"]'::jsonb,
  '["Automatic"]'::jsonb,
  'The second generation Crosstrek featured updated styling, improved fuel economy, and a hybrid option.'
)
on conflict (model_id, code) do nothing;


insert into public.vehicle_generations (
  id,
  model_id,
  code,
  start_year,
  end_year,
  facelift,
  production_countries,
  body_types,
  fuel_types,
  transmission_types,
  summary
)
values (
  'ed0f1fc3-75a6-224c-748f-db4dfb7c2daf',
  '63820fbb-683a-aa86-9189-c1666b233dc9',
  'Third Generation (2024-Present)',
  2024,
  2024,
  false,
  '{"Japan","USA"}'::text[],
  '["SUV"]'::jsonb,
  '["Gasoline","Hybrid"]'::jsonb,
  '["Automatic"]'::jsonb,
  'The third generation Crosstrek features updated styling, improved technology, and a more powerful engine option.'
)
on conflict (model_id, code) do nothing;


insert into public.vehicle_insights (
  model_id,
  pros,
  cons,
  inspection_tips,
  notable_features,
  engine_examples,
  common_issues_by_engine,
  reliability_score,
  popularity_score
)
values (
  '63820fbb-683a-aa86-9189-c1666b233dc9',
  '["Good fuel economy","Standard all-wheel drive","Reliable"]'::jsonb,
  '["Underpowered base engine","Road noise","Infotainment system can be slow"]'::jsonb,
  '["Check for rust in undercarriage","Inspect suspension components"]'::jsonb,
  '["Symmetrical All-Wheel Drive","EyeSight Driver Assist Technology"]'::jsonb,
  '["2.0L H4","2.5L H4"]'::jsonb,
  '[{"engine_code":"FB20","common_issues_ru":["Расход масла","Проблемы с прокладкой головки блока цилиндров"]},{"engine_code":"FB25","common_issues_ru":["Расход масла","Проблемы с катализатором"]}]'::jsonb,
  null,
  null
)
on conflict (model_id) do nothing;


insert into public.vehicle_models (
  id,
  make_id,
  slug,
  name_en,
  first_model_year,
  last_model_year,
  years_available,
  body_types_available,
  fuel_types_available,
  transmission_available,
  reliability_score,
  popularity_score
)
values (
  '7878f1cb-d9e8-81ba-e23b-d4251f5d2f97',
  'eab86d52-8ab2-71a4-173c-84400769ce45',
  'forester',
  'Forester',
  1997,
  2024,
  '{1997,1998,1999,2000,2001,2002,2003,2004,2005,2006,2007,2008,2009,2010,2011,2012,2013,2014,2015,2016,2017,2018,2019,2020,2021,2022,2023,2024}'::int[],
  '["SUV"]'::jsonb,
  '["Gasoline"]'::jsonb,
  '["Manual","Automatic"]'::jsonb,
  8,
  9
)
on conflict (make_id, slug) do nothing;


insert into public.vehicle_generations (
  id,
  model_id,
  code,
  start_year,
  end_year,
  facelift,
  production_countries,
  body_types,
  fuel_types,
  transmission_types,
  summary
)
values (
  '675fdec3-41d7-f150-3bc7-ef8422e8442b',
  '7878f1cb-d9e8-81ba-e23b-d4251f5d2f97',
  'First Generation (1997-2002)',
  1997,
  2002,
  true,
  '{"Japan"}'::text[],
  '["SUV"]'::jsonb,
  '["Gasoline"]'::jsonb,
  '["Manual","Automatic"]'::jsonb,
  'The first generation Forester was a compact SUV known for its practicality and all-wheel drive.'
)
on conflict (model_id, code) do nothing;


insert into public.vehicle_generations (
  id,
  model_id,
  code,
  start_year,
  end_year,
  facelift,
  production_countries,
  body_types,
  fuel_types,
  transmission_types,
  summary
)
values (
  '537cfeb8-494b-0855-e0ec-4e19e69a7b04',
  '7878f1cb-d9e8-81ba-e23b-d4251f5d2f97',
  'Second Generation (2003-2008)',
  2003,
  2008,
  true,
  '{"Japan"}'::text[],
  '["SUV"]'::jsonb,
  '["Gasoline"]'::jsonb,
  '["Manual","Automatic"]'::jsonb,
  'The second generation Forester grew in size and offered more features.'
)
on conflict (model_id, code) do nothing;


insert into public.vehicle_generations (
  id,
  model_id,
  code,
  start_year,
  end_year,
  facelift,
  production_countries,
  body_types,
  fuel_types,
  transmission_types,
  summary
)
values (
  '772abebb-8747-7080-817e-b1b30f7d4ef9',
  '7878f1cb-d9e8-81ba-e23b-d4251f5d2f97',
  'Third Generation (2009-2013)',
  2009,
  2013,
  true,
  '{"Japan"}'::text[],
  '["SUV"]'::jsonb,
  '["Gasoline"]'::jsonb,
  '["Manual","Automatic"]'::jsonb,
  'The third generation Forester featured a more modern design and improved fuel economy.'
)
on conflict (model_id, code) do nothing;


insert into public.vehicle_generations (
  id,
  model_id,
  code,
  start_year,
  end_year,
  facelift,
  production_countries,
  body_types,
  fuel_types,
  transmission_types,
  summary
)
values (
  '48ba77e0-d0bb-55c3-8467-978a8f333813',
  '7878f1cb-d9e8-81ba-e23b-d4251f5d2f97',
  'Fourth Generation (2014-2018)',
  2014,
  2018,
  true,
  '{"Japan","USA"}'::text[],
  '["SUV"]'::jsonb,
  '["Gasoline"]'::jsonb,
  '["Manual","Automatic"]'::jsonb,
  'The fourth generation Forester offered more interior space and advanced safety features.'
)
on conflict (model_id, code) do nothing;


insert into public.vehicle_generations (
  id,
  model_id,
  code,
  start_year,
  end_year,
  facelift,
  production_countries,
  body_types,
  fuel_types,
  transmission_types,
  summary
)
values (
  '68ff7edf-f928-2353-802c-ddf0c204b685',
  '7878f1cb-d9e8-81ba-e23b-d4251f5d2f97',
  'Fifth Generation (2019-Present)',
  2019,
  2024,
  true,
  '{"Japan","USA"}'::text[],
  '["SUV"]'::jsonb,
  '["Gasoline"]'::jsonb,
  '["Automatic"]'::jsonb,
  'The fifth generation Forester features updated styling, improved technology, and a focus on safety.'
)
on conflict (model_id, code) do nothing;


insert into public.vehicle_insights (
  model_id,
  pros,
  cons,
  inspection_tips,
  notable_features,
  engine_examples,
  common_issues_by_engine,
  reliability_score,
  popularity_score
)
values (
  '7878f1cb-d9e8-81ba-e23b-d4251f5d2f97',
  '["Spacious interior","Good visibility","Standard all-wheel drive"]'::jsonb,
  '["Base engine can feel underpowered","Infotainment system can be slow","Some road noise"]'::jsonb,
  '["Check for head gasket leaks (older models)","Inspect for rust in undercarriage"]'::jsonb,
  '["Symmetrical All-Wheel Drive","EyeSight Driver Assist Technology","Generous cargo space"]'::jsonb,
  '["2.5L H4","2.0L Turbo H4"]'::jsonb,
  '[{"engine_code":"EJ25","common_issues_ru":["Утечка масла","Проблемы с прокладкой головки блока цилиндров"]},{"engine_code":"FB25","common_issues_ru":["Расход масла","Проблемы с катализатором"]},{"engine_code":"FA20DIT","common_issues_ru":["Расход масла","Проблемы с турбокомпрессором"]}]'::jsonb,
  null,
  null
)
on conflict (model_id) do nothing;


insert into public.vehicle_models (
  id,
  make_id,
  slug,
  name_en,
  first_model_year,
  last_model_year,
  years_available,
  body_types_available,
  fuel_types_available,
  transmission_available,
  reliability_score,
  popularity_score
)
values (
  '890beba0-2ad7-6dca-d2f6-6199dc660abf',
  'eab86d52-8ab2-71a4-173c-84400769ce45',
  'impreza',
  'Impreza',
  1992,
  2024,
  '{1992,1993,1994,1995,1996,1997,1998,1999,2000,2001,2002,2003,2004,2005,2006,2007,2008,2009,2010,2011,2012,2013,2014,2015,2016,2017,2018,2019,2020,2021,2022,2023,2024}'::int[],
  '["Sedan","Hatchback"]'::jsonb,
  '["Gasoline"]'::jsonb,
  '["Manual","Automatic"]'::jsonb,
  7.7,
  8.2
)
on conflict (make_id, slug) do nothing;


insert into public.vehicle_generations (
  id,
  model_id,
  code,
  start_year,
  end_year,
  facelift,
  production_countries,
  body_types,
  fuel_types,
  transmission_types,
  summary
)
values (
  '094cf3d3-9975-d654-ae9f-605b84dccab0',
  '890beba0-2ad7-6dca-d2f6-6199dc660abf',
  'First Generation (1992-2000)',
  1992,
  2000,
  true,
  '{"Japan"}'::text[],
  '["Sedan","Wagon"]'::jsonb,
  '["Gasoline"]'::jsonb,
  '["Manual","Automatic"]'::jsonb,
  'The first generation Impreza introduced Subaru''s all-wheel drive to a wider audience.'
)
on conflict (model_id, code) do nothing;


insert into public.vehicle_generations (
  id,
  model_id,
  code,
  start_year,
  end_year,
  facelift,
  production_countries,
  body_types,
  fuel_types,
  transmission_types,
  summary
)
values (
  '70d5d424-4ec2-66a7-5d1f-159dfeae5d63',
  '890beba0-2ad7-6dca-d2f6-6199dc660abf',
  'Second Generation (2000-2007)',
  2000,
  2007,
  true,
  '{"Japan"}'::text[],
  '["Sedan","Wagon"]'::jsonb,
  '["Gasoline"]'::jsonb,
  '["Manual","Automatic"]'::jsonb,
  'The second generation Impreza saw the introduction of the WRX performance model.'
)
on conflict (model_id, code) do nothing;


insert into public.vehicle_generations (
  id,
  model_id,
  code,
  start_year,
  end_year,
  facelift,
  production_countries,
  body_types,
  fuel_types,
  transmission_types,
  summary
)
values (
  '4186406c-8d97-55f7-c0a3-d56038cffe57',
  '890beba0-2ad7-6dca-d2f6-6199dc660abf',
  'Third Generation (2007-2011)',
  2007,
  2011,
  true,
  '{"Japan"}'::text[],
  '["Sedan","Hatchback"]'::jsonb,
  '["Gasoline"]'::jsonb,
  '["Manual","Automatic"]'::jsonb,
  'The third generation Impreza introduced a hatchback body style.'
)
on conflict (model_id, code) do nothing;


insert into public.vehicle_generations (
  id,
  model_id,
  code,
  start_year,
  end_year,
  facelift,
  production_countries,
  body_types,
  fuel_types,
  transmission_types,
  summary
)
values (
  'fd776d4a-d6e4-93d5-948d-af27db900459',
  '890beba0-2ad7-6dca-d2f6-6199dc660abf',
  'Fourth Generation (2011-2016)',
  2011,
  2016,
  true,
  '{"Japan","USA"}'::text[],
  '["Sedan","Hatchback"]'::jsonb,
  '["Gasoline"]'::jsonb,
  '["Manual","Automatic"]'::jsonb,
  'The fourth generation Impreza offered improved fuel economy and updated styling.'
)
on conflict (model_id, code) do nothing;


insert into public.vehicle_generations (
  id,
  model_id,
  code,
  start_year,
  end_year,
  facelift,
  production_countries,
  body_types,
  fuel_types,
  transmission_types,
  summary
)
values (
  '59f59e53-117f-ad3c-ae19-2a29b6e9e3b8',
  '890beba0-2ad7-6dca-d2f6-6199dc660abf',
  'Fifth Generation (2016-Present)',
  2016,
  2024,
  true,
  '{"Japan","USA"}'::text[],
  '["Sedan","Hatchback"]'::jsonb,
  '["Gasoline"]'::jsonb,
  '["Manual","Automatic"]'::jsonb,
  'The fifth generation Impreza features the Subaru Global Platform and improved safety features.'
)
on conflict (model_id, code) do nothing;


insert into public.vehicle_insights (
  model_id,
  pros,
  cons,
  inspection_tips,
  notable_features,
  engine_examples,
  common_issues_by_engine,
  reliability_score,
  popularity_score
)
values (
  '890beba0-2ad7-6dca-d2f6-6199dc660abf',
  '["Standard all-wheel drive","Good fuel economy","Available hatchback body style"]'::jsonb,
  '["Base engine can feel underpowered","Interior materials could be better","Road noise"]'::jsonb,
  '["Check for head gasket leaks (older models)","Inspect for rust"]'::jsonb,
  '["Symmetrical All-Wheel Drive","EyeSight Driver Assist Technology","WRX and STI performance models"]'::jsonb,
  '["2.0L H4","2.5L H4","2.0L Turbo H4"]'::jsonb,
  '[{"engine_code":"EJ25","common_issues_ru":["Утечка масла","Проблемы с прокладкой головки блока цилиндров"]},{"engine_code":"FB20","common_issues_ru":["Расход масла","Проблемы с катализатором"]},{"engine_code":"FA20DIT","common_issues_ru":["Расход масла","Проблемы с турбокомпрессором"]}]'::jsonb,
  null,
  null
)
on conflict (model_id) do nothing;


insert into public.vehicle_models (
  id,
  make_id,
  slug,
  name_en,
  first_model_year,
  last_model_year,
  years_available,
  body_types_available,
  fuel_types_available,
  transmission_available,
  reliability_score,
  popularity_score
)
values (
  '486029e2-229c-9736-4865-93a8a6238d79',
  'eab86d52-8ab2-71a4-173c-84400769ce45',
  'legacy',
  'Legacy',
  1989,
  2024,
  '{1989,1990,1991,1992,1993,1994,1995,1996,1997,1998,1999,2000,2001,2002,2003,2004,2005,2006,2007,2008,2009,2010,2011,2012,2013,2014,2015,2016,2017,2018,2019,2020,2021,2022,2023,2024}'::int[],
  '["Sedan","Wagon"]'::jsonb,
  '["Gasoline"]'::jsonb,
  '["Manual","Automatic"]'::jsonb,
  7.9,
  8.1
)
on conflict (make_id, slug) do nothing;


insert into public.vehicle_generations (
  id,
  model_id,
  code,
  start_year,
  end_year,
  facelift,
  production_countries,
  body_types,
  fuel_types,
  transmission_types,
  summary
)
values (
  '98c8db3b-3f00-1ce3-9159-904c6ecd4f8f',
  '486029e2-229c-9736-4865-93a8a6238d79',
  'First Generation (1989-1994)',
  1989,
  1994,
  true,
  '{"Japan"}'::text[],
  '["Sedan","Wagon"]'::jsonb,
  '["Gasoline"]'::jsonb,
  '["Manual","Automatic"]'::jsonb,
  'The first generation Legacy established Subaru''s reputation for all-wheel drive and reliability.'
)
on conflict (model_id, code) do nothing;


insert into public.vehicle_generations (
  id,
  model_id,
  code,
  start_year,
  end_year,
  facelift,
  production_countries,
  body_types,
  fuel_types,
  transmission_types,
  summary
)
values (
  'd2139841-2d09-4c3e-16df-8106eeaed243',
  '486029e2-229c-9736-4865-93a8a6238d79',
  'Second Generation (1994-1999)',
  1994,
  1999,
  true,
  '{"Japan"}'::text[],
  '["Sedan","Wagon"]'::jsonb,
  '["Gasoline"]'::jsonb,
  '["Manual","Automatic"]'::jsonb,
  'The second generation Legacy featured updated styling and improved safety features.'
)
on conflict (model_id, code) do nothing;


insert into public.vehicle_generations (
  id,
  model_id,
  code,
  start_year,
  end_year,
  facelift,
  production_countries,
  body_types,
  fuel_types,
  transmission_types,
  summary
)
values (
  '59f6f5f0-118e-a70e-31e4-83bd17006d58',
  '486029e2-229c-9736-4865-93a8a6238d79',
  'Third Generation (1999-2004)',
  1999,
  2004,
  true,
  '{"Japan"}'::text[],
  '["Sedan","Wagon"]'::jsonb,
  '["Gasoline"]'::jsonb,
  '["Manual","Automatic"]'::jsonb,
  'The third generation Legacy offered more interior space and a more refined driving experience.'
)
on conflict (model_id, code) do nothing;


insert into public.vehicle_generations (
  id,
  model_id,
  code,
  start_year,
  end_year,
  facelift,
  production_countries,
  body_types,
  fuel_types,
  transmission_types,
  summary
)
values (
  '0f5587c6-4d1c-b9e8-2c07-97f2727a4d81',
  '486029e2-229c-9736-4865-93a8a6238d79',
  'Fourth Generation (2004-2009)',
  2004,
  2009,
  true,
  '{"Japan","USA"}'::text[],
  '["Sedan","Wagon"]'::jsonb,
  '["Gasoline"]'::jsonb,
  '["Manual","Automatic"]'::jsonb,
  'The fourth generation Legacy saw the introduction of a turbocharged engine option.'
)
on conflict (model_id, code) do nothing;


insert into public.vehicle_generations (
  id,
  model_id,
  code,
  start_year,
  end_year,
  facelift,
  production_countries,
  body_types,
  fuel_types,
  transmission_types,
  summary
)
values (
  '21885660-43b5-34bc-6a32-e6d72092eb3f',
  '486029e2-229c-9736-4865-93a8a6238d79',
  'Fifth Generation (2009-2014)',
  2009,
  2014,
  true,
  '{"Japan","USA"}'::text[],
  '["Sedan"]'::jsonb,
  '["Gasoline"]'::jsonb,
  '["Manual","Automatic"]'::jsonb,
  'The fifth generation Legacy was only available as a sedan.'
)
on conflict (model_id, code) do nothing;


insert into public.vehicle_generations (
  id,
  model_id,
  code,
  start_year,
  end_year,
  facelift,
  production_countries,
  body_types,
  fuel_types,
  transmission_types,
  summary
)
values (
  '438a31a4-919b-c0a0-f9be-44c7b008babd',
  '486029e2-229c-9736-4865-93a8a6238d79',
  'Sixth Generation (2015-2019)',
  2015,
  2019,
  true,
  '{"USA"}'::text[],
  '["Sedan"]'::jsonb,
  '["Gasoline"]'::jsonb,
  '["Automatic"]'::jsonb,
  'The sixth generation Legacy featured updated styling and improved technology.'
)
on conflict (model_id, code) do nothing;


insert into public.vehicle_generations (
  id,
  model_id,
  code,
  start_year,
  end_year,
  facelift,
  production_countries,
  body_types,
  fuel_types,
  transmission_types,
  summary
)
values (
  'f178538a-a513-eb24-4103-c54cc58803e8',
  '486029e2-229c-9736-4865-93a8a6238d79',
  'Seventh Generation (2020-Present)',
  2020,
  2024,
  true,
  '{"USA"}'::text[],
  '["Sedan"]'::jsonb,
  '["Gasoline"]'::jsonb,
  '["Automatic"]'::jsonb,
  'The seventh generation Legacy features a new platform and updated technology.'
)
on conflict (model_id, code) do nothing;


insert into public.vehicle_insights (
  model_id,
  pros,
  cons,
  inspection_tips,
  notable_features,
  engine_examples,
  common_issues_by_engine,
  reliability_score,
  popularity_score
)
values (
  '486029e2-229c-9736-4865-93a8a6238d79',
  '["Comfortable ride","Spacious interior","Standard all-wheel drive"]'::jsonb,
  '["Base engine can feel underpowered","Infotainment system can be slow","Fuel economy could be better"]'::jsonb,
  '["Check for head gasket leaks (older models)","Inspect for rust"]'::jsonb,
  '["Symmetrical All-Wheel Drive","EyeSight Driver Assist Technology"]'::jsonb,
  '["2.5L H4","3.6L H6","2.0L Turbo H4"]'::jsonb,
  '[{"engine_code":"EJ25","common_issues_ru":["Утечка масла","Проблемы с прокладкой головки блока цилиндров"]},{"engine_code":"FB25","common_issues_ru":["Расход масла","Проблемы с катализатором"]},{"engine_code":"EZ36","common_issues_ru":["Расход масла","Проблемы с датчиком коленвала"]}]'::jsonb,
  null,
  null
)
on conflict (model_id) do nothing;


insert into public.vehicle_models (
  id,
  make_id,
  slug,
  name_en,
  first_model_year,
  last_model_year,
  years_available,
  body_types_available,
  fuel_types_available,
  transmission_available,
  reliability_score,
  popularity_score
)
values (
  '65e25d40-e136-84e5-e147-072b68e2fc53',
  'eab86d52-8ab2-71a4-173c-84400769ce45',
  'outback',
  'Outback',
  1994,
  2024,
  '{1994,1995,1996,1997,1998,1999,2000,2001,2002,2003,2004,2005,2006,2007,2008,2009,2010,2011,2012,2013,2014,2015,2016,2017,2018,2019,2020,2021,2022,2023,2024}'::int[],
  '["Wagon","SUV"]'::jsonb,
  '["Gasoline"]'::jsonb,
  '["Manual","Automatic"]'::jsonb,
  8.1,
  9.2
)
on conflict (make_id, slug) do nothing;


insert into public.vehicle_generations (
  id,
  model_id,
  code,
  start_year,
  end_year,
  facelift,
  production_countries,
  body_types,
  fuel_types,
  transmission_types,
  summary
)
values (
  'fe68776e-899f-7f69-8124-174322b648f8',
  '65e25d40-e136-84e5-e147-072b68e2fc53',
  'First Generation (1994-1999)',
  1994,
  1999,
  true,
  '{"Japan"}'::text[],
  '["Wagon"]'::jsonb,
  '["Gasoline"]'::jsonb,
  '["Manual","Automatic"]'::jsonb,
  'The Outback was introduced as a rugged, all-wheel-drive wagon based on the Legacy.'
)
on conflict (model_id, code) do nothing;


insert into public.vehicle_generations (
  id,
  model_id,
  code,
  start_year,
  end_year,
  facelift,
  production_countries,
  body_types,
  fuel_types,
  transmission_types,
  summary
)
values (
  '73b5b29e-a260-82bf-87e7-950dde625e0a',
  '65e25d40-e136-84e5-e147-072b68e2fc53',
  'Second Generation (2000-2004)',
  2000,
  2004,
  true,
  '{"Japan"}'::text[],
  '["Wagon"]'::jsonb,
  '["Gasoline"]'::jsonb,
  '["Manual","Automatic"]'::jsonb,
  'The second generation Outback offered more power and improved features.'
)
on conflict (model_id, code) do nothing;


insert into public.vehicle_generations (
  id,
  model_id,
  code,
  start_year,
  end_year,
  facelift,
  production_countries,
  body_types,
  fuel_types,
  transmission_types,
  summary
)
values (
  '59680dfa-618a-ba8a-ba92-04bcf7b933ec',
  '65e25d40-e136-84e5-e147-072b68e2fc53',
  'Third Generation (2005-2009)',
  2005,
  2009,
  true,
  '{"Japan","USA"}'::text[],
  '["Wagon"]'::jsonb,
  '["Gasoline"]'::jsonb,
  '["Manual","Automatic"]'::jsonb,
  'The third generation Outback grew in size and offered a more luxurious interior.'
)
on conflict (model_id, code) do nothing;


insert into public.vehicle_generations (
  id,
  model_id,
  code,
  start_year,
  end_year,
  facelift,
  production_countries,
  body_types,
  fuel_types,
  transmission_types,
  summary
)
values (
  'e0c86f0c-a9c8-8ba8-5a87-ffdb1f66d85d',
  '65e25d40-e136-84e5-e147-072b68e2fc53',
  'Fourth Generation (2010-2014)',
  2010,
  2014,
  true,
  '{"USA"}'::text[],
  '["Wagon"]'::jsonb,
  '["Gasoline"]'::jsonb,
  '["Automatic"]'::jsonb,
  'The fourth generation Outback featured a redesigned exterior and interior.'
)
on conflict (model_id, code) do nothing;


insert into public.vehicle_generations (
  id,
  model_id,
  code,
  start_year,
  end_year,
  facelift,
  production_countries,
  body_types,
  fuel_types,
  transmission_types,
  summary
)
values (
  '5f6aea33-2b9f-2754-e951-5c874edc4c67',
  '65e25d40-e136-84e5-e147-072b68e2fc53',
  'Fifth Generation (2015-2019)',
  2015,
  2019,
  true,
  '{"USA"}'::text[],
  '["Wagon"]'::jsonb,
  '["Gasoline"]'::jsonb,
  '["Automatic"]'::jsonb,
  'The fifth generation Outback offered improved fuel economy and advanced safety features.'
)
on conflict (model_id, code) do nothing;


insert into public.vehicle_generations (
  id,
  model_id,
  code,
  start_year,
  end_year,
  facelift,
  production_countries,
  body_types,
  fuel_types,
  transmission_types,
  summary
)
values (
  '2ebbb41e-6521-9cda-4d45-1bdfcf70bf77',
  '65e25d40-e136-84e5-e147-072b68e2fc53',
  'Sixth Generation (2020-Present)',
  2020,
  2024,
  true,
  '{"USA"}'::text[],
  '["SUV"]'::jsonb,
  '["Gasoline"]'::jsonb,
  '["Automatic"]'::jsonb,
  'The sixth generation Outback features a new platform and updated technology.'
)
on conflict (model_id, code) do nothing;


insert into public.vehicle_insights (
  model_id,
  pros,
  cons,
  inspection_tips,
  notable_features,
  engine_examples,
  common_issues_by_engine,
  reliability_score,
  popularity_score
)
values (
  '65e25d40-e136-84e5-e147-072b68e2fc53',
  '["Spacious interior","Standard all-wheel drive","Good ground clearance"]'::jsonb,
  '["Base engine can feel underpowered","Infotainment system can be slow","Some road noise"]'::jsonb,
  '["Check for head gasket leaks (older models)","Inspect for rust","Check CVT transmission (newer models)"]'::jsonb,
  '["Symmetrical All-Wheel Drive","EyeSight Driver Assist Technology","Increased ground clearance"]'::jsonb,
  '["2.5L H4","3.6L H6","2.4L Turbo H4"]'::jsonb,
  '[{"engine_code":"EJ25","common_issues_ru":["Утечка масла","Проблемы с прокладкой головки блока цилиндров"]},{"engine_code":"FB25","common_issues_ru":["Расход масла","Проблемы с катализатором"]},{"engine_code":"EZ36","common_issues_ru":["Расход масла","Проблемы с датчиком коленвала"]},{"engine_code":"FA24","common_issues_ru":["Расход масла","Проблемы с турбокомпрессором"]}]'::jsonb,
  null,
  null
)
on conflict (model_id) do nothing;


insert into public.vehicle_makes (id, slug, name_en, country, segment_class, is_active, category_path)
values (
  'e917ef57-da1d-dcab-c60d-513abff4953c',
  'suzuki',
  'Suzuki',
  'Япония',
  null,
  true,
  'transport/legkovye-avtomobili'
)
on conflict (id) do nothing;


insert into public.vehicle_models (
  id,
  make_id,
  slug,
  name_en,
  first_model_year,
  last_model_year,
  years_available,
  body_types_available,
  fuel_types_available,
  transmission_available,
  reliability_score,
  popularity_score
)
values (
  '3ca31559-28c2-8f8b-0898-245f90be42ce',
  'e917ef57-da1d-dcab-c60d-513abff4953c',
  'alto',
  'Alto',
  1979,
  2024,
  '{1979,1984,1988,1994,1998,2002,2009,2014,2018,2022,2024}'::int[],
  '["Hatchback"]'::jsonb,
  '["Gasoline","Electric (in some markets)"]'::jsonb,
  '["Manual","Automatic","CVT"]'::jsonb,
  6.8,
  7.2
)
on conflict (make_id, slug) do nothing;


insert into public.vehicle_generations (
  id,
  model_id,
  code,
  start_year,
  end_year,
  facelift,
  production_countries,
  body_types,
  fuel_types,
  transmission_types,
  summary
)
values (
  'ee55b628-ebdc-8c0c-b774-6273efe2c636',
  '3ca31559-28c2-8f8b-0898-245f90be42ce',
  'First Generation (1979-1984)',
  1979,
  1984,
  false,
  '{"Japan"}'::text[],
  '["Hatchback"]'::jsonb,
  '["Gasoline"]'::jsonb,
  '["Manual","Automatic"]'::jsonb,
  'The first generation of the Alto, a compact and economical city car.'
)
on conflict (model_id, code) do nothing;


insert into public.vehicle_generations (
  id,
  model_id,
  code,
  start_year,
  end_year,
  facelift,
  production_countries,
  body_types,
  fuel_types,
  transmission_types,
  summary
)
values (
  '32ef3a75-4c00-173a-437f-e51cbcf07a10',
  '3ca31559-28c2-8f8b-0898-245f90be42ce',
  'Second Generation (1984-1988)',
  1984,
  1988,
  false,
  '{"Japan"}'::text[],
  '["Hatchback"]'::jsonb,
  '["Gasoline"]'::jsonb,
  '["Manual","Automatic"]'::jsonb,
  'Improvements in fuel efficiency and interior space.'
)
on conflict (model_id, code) do nothing;


insert into public.vehicle_generations (
  id,
  model_id,
  code,
  start_year,
  end_year,
  facelift,
  production_countries,
  body_types,
  fuel_types,
  transmission_types,
  summary
)
values (
  'c401c5db-8347-ad54-dbd9-19427dc657b7',
  '3ca31559-28c2-8f8b-0898-245f90be42ce',
  'Third Generation (1988-1994)',
  1988,
  1994,
  true,
  '{"Japan"}'::text[],
  '["Hatchback"]'::jsonb,
  '["Gasoline"]'::jsonb,
  '["Manual","Automatic"]'::jsonb,
  'Introduction of a more rounded design and increased safety features.'
)
on conflict (model_id, code) do nothing;


insert into public.vehicle_generations (
  id,
  model_id,
  code,
  start_year,
  end_year,
  facelift,
  production_countries,
  body_types,
  fuel_types,
  transmission_types,
  summary
)
values (
  'c8155a33-8a94-f35c-2e39-4a1e691bae4d',
  '3ca31559-28c2-8f8b-0898-245f90be42ce',
  'Fourth Generation (1994-1998)',
  1994,
  1998,
  false,
  '{"Japan"}'::text[],
  '["Hatchback"]'::jsonb,
  '["Gasoline"]'::jsonb,
  '["Manual","Automatic"]'::jsonb,
  'Further refinement of the Alto''s compact design.'
)
on conflict (model_id, code) do nothing;


insert into public.vehicle_generations (
  id,
  model_id,
  code,
  start_year,
  end_year,
  facelift,
  production_countries,
  body_types,
  fuel_types,
  transmission_types,
  summary
)
values (
  '3b593305-5471-0d0d-ea95-f9d21cf3d457',
  '3ca31559-28c2-8f8b-0898-245f90be42ce',
  'Fifth Generation (1998-2004)',
  1998,
  2004,
  true,
  '{"Japan","India"}'::text[],
  '["Hatchback"]'::jsonb,
  '["Gasoline"]'::jsonb,
  '["Manual","Automatic"]'::jsonb,
  'A new design with improved safety and comfort features.'
)
on conflict (model_id, code) do nothing;


insert into public.vehicle_generations (
  id,
  model_id,
  code,
  start_year,
  end_year,
  facelift,
  production_countries,
  body_types,
  fuel_types,
  transmission_types,
  summary
)
values (
  '6e21bea4-2a64-eb19-af99-b8d21fa764a0',
  '3ca31559-28c2-8f8b-0898-245f90be42ce',
  'Sixth Generation (2004-2009)',
  2004,
  2009,
  true,
  '{"Japan","India"}'::text[],
  '["Hatchback"]'::jsonb,
  '["Gasoline"]'::jsonb,
  '["Manual","Automatic"]'::jsonb,
  'Continued focus on fuel efficiency and affordability.'
)
on conflict (model_id, code) do nothing;


insert into public.vehicle_generations (
  id,
  model_id,
  code,
  start_year,
  end_year,
  facelift,
  production_countries,
  body_types,
  fuel_types,
  transmission_types,
  summary
)
values (
  '2eddbbb7-5c2c-9a3d-1e90-20bedb755415',
  '3ca31559-28c2-8f8b-0898-245f90be42ce',
  'Seventh Generation (2009-2014)',
  2009,
  2014,
  true,
  '{"Japan","India"}'::text[],
  '["Hatchback"]'::jsonb,
  '["Gasoline"]'::jsonb,
  '["Manual","Automatic","CVT"]'::jsonb,
  'A more modern design with improved interior space.'
)
on conflict (model_id, code) do nothing;


insert into public.vehicle_generations (
  id,
  model_id,
  code,
  start_year,
  end_year,
  facelift,
  production_countries,
  body_types,
  fuel_types,
  transmission_types,
  summary
)
values (
  'ccd35c72-c64f-561a-8601-762a1d854aab',
  '3ca31559-28c2-8f8b-0898-245f90be42ce',
  'Eighth Generation (2014-2021)',
  2014,
  2021,
  true,
  '{"Japan","India"}'::text[],
  '["Hatchback"]'::jsonb,
  '["Gasoline"]'::jsonb,
  '["Manual","Automatic","CVT"]'::jsonb,
  'Further improvements in fuel efficiency and safety features.'
)
on conflict (model_id, code) do nothing;


insert into public.vehicle_generations (
  id,
  model_id,
  code,
  start_year,
  end_year,
  facelift,
  production_countries,
  body_types,
  fuel_types,
  transmission_types,
  summary
)
values (
  'aa95cff2-b421-52f1-d499-e2e1508f69a9',
  '3ca31559-28c2-8f8b-0898-245f90be42ce',
  'Ninth Generation (2021-Present)',
  2021,
  2024,
  false,
  '{"Japan","India"}'::text[],
  '["Hatchback"]'::jsonb,
  '["Gasoline"]'::jsonb,
  '["Manual","Automatic","CVT"]'::jsonb,
  'The current generation, with updated styling and technology.'
)
on conflict (model_id, code) do nothing;


insert into public.vehicle_insights (
  model_id,
  pros,
  cons,
  inspection_tips,
  notable_features,
  engine_examples,
  common_issues_by_engine,
  reliability_score,
  popularity_score
)
values (
  '3ca31559-28c2-8f8b-0898-245f90be42ce',
  '["Excellent fuel economy","Compact size, easy to park","Affordable price"]'::jsonb,
  '["Limited power","Basic interior","Not ideal for long journeys"]'::jsonb,
  '["Check for rust, especially in older models","Inspect the brakes","Check the engine for leaks"]'::jsonb,
  '["Lightweight design","Good city car"]'::jsonb,
  '["0.8L I3","1.0L I3"]'::jsonb,
  '[{"engine_code":"K10B","common_issues_ru":["Износ свечей зажигания","Проблемы с катушками зажигания"]}]'::jsonb,
  null,
  null
)
on conflict (model_id) do nothing;


insert into public.vehicle_models (
  id,
  make_id,
  slug,
  name_en,
  first_model_year,
  last_model_year,
  years_available,
  body_types_available,
  fuel_types_available,
  transmission_available,
  reliability_score,
  popularity_score
)
values (
  '970f0e0e-32c3-a3b9-1c59-4389182ff427',
  'e917ef57-da1d-dcab-c60d-513abff4953c',
  'grand-vitara',
  'Grand Vitara',
  1998,
  2024,
  '{1998,2000,2005,2010,2015,2020,2024}'::int[],
  '["SUV","3-door SUV","5-door SUV"]'::jsonb,
  '["Gasoline","Diesel"]'::jsonb,
  '["Manual","Automatic"]'::jsonb,
  7.8,
  8.5
)
on conflict (make_id, slug) do nothing;


insert into public.vehicle_generations (
  id,
  model_id,
  code,
  start_year,
  end_year,
  facelift,
  production_countries,
  body_types,
  fuel_types,
  transmission_types,
  summary
)
values (
  '07971580-454d-cd8c-5b4a-d41b9cdbd252',
  '970f0e0e-32c3-a3b9-1c59-4389182ff427',
  'Second Generation (1998-2005)',
  1998,
  2005,
  true,
  '{"Japan","Spain"}'::text[],
  '["3-door SUV","5-door SUV"]'::jsonb,
  '["Gasoline","Diesel"]'::jsonb,
  '["Manual","Automatic"]'::jsonb,
  'A significant upgrade over the original Vitara, with improved off-road capabilities and a more refined interior.'
)
on conflict (model_id, code) do nothing;


insert into public.vehicle_generations (
  id,
  model_id,
  code,
  start_year,
  end_year,
  facelift,
  production_countries,
  body_types,
  fuel_types,
  transmission_types,
  summary
)
values (
  'd86e0f76-ecb1-c475-3679-a4accc48fde2',
  '970f0e0e-32c3-a3b9-1c59-4389182ff427',
  'Third Generation (2005-2015)',
  2005,
  2015,
  true,
  '{"Japan","Canada"}'::text[],
  '["3-door SUV","5-door SUV"]'::jsonb,
  '["Gasoline","Diesel"]'::jsonb,
  '["Manual","Automatic"]'::jsonb,
  'A new design with improved on-road handling and a more modern look.'
)
on conflict (model_id, code) do nothing;


insert into public.vehicle_generations (
  id,
  model_id,
  code,
  start_year,
  end_year,
  facelift,
  production_countries,
  body_types,
  fuel_types,
  transmission_types,
  summary
)
values (
  '900c45be-f318-c75b-f4ea-f5c6b2dd8033',
  '970f0e0e-32c3-a3b9-1c59-4389182ff427',
  'Fourth Generation (2015-Present)',
  2015,
  2024,
  true,
  '{"Hungary","India"}'::text[],
  '["SUV"]'::jsonb,
  '["Gasoline","Hybrid"]'::jsonb,
  '["Manual","Automatic"]'::jsonb,
  'A more crossover-oriented design, focusing on fuel efficiency and modern features.'
)
on conflict (model_id, code) do nothing;


insert into public.vehicle_insights (
  model_id,
  pros,
  cons,
  inspection_tips,
  notable_features,
  engine_examples,
  common_issues_by_engine,
  reliability_score,
  popularity_score
)
values (
  '970f0e0e-32c3-a3b9-1c59-4389182ff427',
  '["Good off-road capability","Reliable engines","Spacious interior"]'::jsonb,
  '["Fuel economy can be poor in older models","Interior materials could be better","Ride can be a bit rough"]'::jsonb,
  '["Check the 4WD system","Inspect for rust, especially on older models","Check the suspension"]'::jsonb,
  '["4WD system","Hill descent control","Good ground clearance"]'::jsonb,
  '["2.0L I4","2.4L I4","3.2L V6","1.9L Diesel"]'::jsonb,
  '[{"engine_code":"J24B","common_issues_ru":["Растяжение цепи ГРМ","Утечки масла"]},{"engine_code":"H27A","common_issues_ru":["Выход из строя катализатора","Проблемы с датчиками"]}]'::jsonb,
  null,
  null
)
on conflict (model_id) do nothing;


insert into public.vehicle_models (
  id,
  make_id,
  slug,
  name_en,
  first_model_year,
  last_model_year,
  years_available,
  body_types_available,
  fuel_types_available,
  transmission_available,
  reliability_score,
  popularity_score
)
values (
  '195a6694-d7de-2c9d-039f-f8b7005ce829',
  'e917ef57-da1d-dcab-c60d-513abff4953c',
  'jimny',
  'Jimny',
  1970,
  2024,
  '{1970,1980,1990,1998,2005,2010,2015,2020,2024}'::int[],
  '["SUV","3-door SUV"]'::jsonb,
  '["Gasoline"]'::jsonb,
  '["Manual","Automatic"]'::jsonb,
  8,
  8.2
)
on conflict (make_id, slug) do nothing;


insert into public.vehicle_generations (
  id,
  model_id,
  code,
  start_year,
  end_year,
  facelift,
  production_countries,
  body_types,
  fuel_types,
  transmission_types,
  summary
)
values (
  'b364b4ea-06ac-97c9-2a6c-bc404953c2c1',
  '195a6694-d7de-2c9d-039f-f8b7005ce829',
  'First Generation (1970-1981)',
  1970,
  1981,
  false,
  '{"Japan"}'::text[],
  '["SUV","3-door SUV"]'::jsonb,
  '["Gasoline"]'::jsonb,
  '["Manual"]'::jsonb,
  'The original Jimny, known for its ruggedness and off-road capabilities.'
)
on conflict (model_id, code) do nothing;


insert into public.vehicle_generations (
  id,
  model_id,
  code,
  start_year,
  end_year,
  facelift,
  production_countries,
  body_types,
  fuel_types,
  transmission_types,
  summary
)
values (
  '72c5e7ce-d9b5-1c73-5734-a7a2a31b8f05',
  '195a6694-d7de-2c9d-039f-f8b7005ce829',
  'Second Generation (1981-1998)',
  1981,
  1998,
  true,
  '{"Japan","Spain"}'::text[],
  '["SUV","3-door SUV"]'::jsonb,
  '["Gasoline"]'::jsonb,
  '["Manual","Automatic"]'::jsonb,
  'Improvements in engine and design, maintaining its off-road prowess.'
)
on conflict (model_id, code) do nothing;


insert into public.vehicle_generations (
  id,
  model_id,
  code,
  start_year,
  end_year,
  facelift,
  production_countries,
  body_types,
  fuel_types,
  transmission_types,
  summary
)
values (
  '82b92d2d-6af7-5eab-7d06-6f869154b30f',
  '195a6694-d7de-2c9d-039f-f8b7005ce829',
  'Third Generation (1998-2018)',
  1998,
  2018,
  true,
  '{"Japan","Spain","Brazil"}'::text[],
  '["SUV","3-door SUV"]'::jsonb,
  '["Gasoline"]'::jsonb,
  '["Manual","Automatic"]'::jsonb,
  'A more modern design with improved safety features, while retaining its off-road capabilities.'
)
on conflict (model_id, code) do nothing;


insert into public.vehicle_generations (
  id,
  model_id,
  code,
  start_year,
  end_year,
  facelift,
  production_countries,
  body_types,
  fuel_types,
  transmission_types,
  summary
)
values (
  'f95f8956-338a-974b-e4ef-5183eaa871e2',
  '195a6694-d7de-2c9d-039f-f8b7005ce829',
  'Fourth Generation (2018-Present)',
  2018,
  2024,
  false,
  '{"Japan","India"}'::text[],
  '["SUV","3-door SUV"]'::jsonb,
  '["Gasoline"]'::jsonb,
  '["Manual","Automatic"]'::jsonb,
  'The current generation, with a retro design and enhanced off-road performance.'
)
on conflict (model_id, code) do nothing;


insert into public.vehicle_insights (
  model_id,
  pros,
  cons,
  inspection_tips,
  notable_features,
  engine_examples,
  common_issues_by_engine,
  reliability_score,
  popularity_score
)
values (
  '195a6694-d7de-2c9d-039f-f8b7005ce829',
  '["Excellent off-road capability","Compact size, easy to maneuver","Reliable engine"]'::jsonb,
  '["Limited on-road comfort","Small interior space","Not ideal for highway driving"]'::jsonb,
  '["Check the 4WD system","Inspect for rust, especially on the chassis","Check the suspension"]'::jsonb,
  '["4WD system","Ladder frame chassis","High ground clearance"]'::jsonb,
  '["1.3L I4","1.5L I4"]'::jsonb,
  '[{"engine_code":"M13A","common_issues_ru":["Проблемы с датчиком коленвала","Утечки масла"]},{"engine_code":"K15B","common_issues_ru":["Слабый аккумулятор","Неисправности системы зажигания"]}]'::jsonb,
  null,
  null
)
on conflict (model_id) do nothing;


insert into public.vehicle_models (
  id,
  make_id,
  slug,
  name_en,
  first_model_year,
  last_model_year,
  years_available,
  body_types_available,
  fuel_types_available,
  transmission_available,
  reliability_score,
  popularity_score
)
values (
  'b07a1703-8692-1a3c-ba2a-fd09f72f6184',
  'e917ef57-da1d-dcab-c60d-513abff4953c',
  'swift',
  'Swift',
  2004,
  2024,
  '{2004,2005,2010,2015,2020,2024}'::int[],
  '["Hatchback","Sedan (in some markets)"]'::jsonb,
  '["Gasoline","Diesel","Hybrid"]'::jsonb,
  '["Manual","Automatic","CVT"]'::jsonb,
  7.7,
  8.8
)
on conflict (make_id, slug) do nothing;


insert into public.vehicle_generations (
  id,
  model_id,
  code,
  start_year,
  end_year,
  facelift,
  production_countries,
  body_types,
  fuel_types,
  transmission_types,
  summary
)
values (
  '817cbafa-68ee-3a88-a62f-71909935fb3e',
  'b07a1703-8692-1a3c-ba2a-fd09f72f6184',
  'First Generation (2004-2010)',
  2004,
  2010,
  true,
  '{"Japan","Hungary","India"}'::text[],
  '["Hatchback"]'::jsonb,
  '["Gasoline","Diesel"]'::jsonb,
  '["Manual","Automatic"]'::jsonb,
  'A sporty and stylish hatchback, known for its handling and fuel efficiency.'
)
on conflict (model_id, code) do nothing;


insert into public.vehicle_generations (
  id,
  model_id,
  code,
  start_year,
  end_year,
  facelift,
  production_countries,
  body_types,
  fuel_types,
  transmission_types,
  summary
)
values (
  'a28db5a9-2e22-e49b-da94-023317cdb4bd',
  'b07a1703-8692-1a3c-ba2a-fd09f72f6184',
  'Second Generation (2010-2017)',
  2010,
  2017,
  true,
  '{"Japan","Hungary","India"}'::text[],
  '["Hatchback"]'::jsonb,
  '["Gasoline","Diesel","Hybrid"]'::jsonb,
  '["Manual","Automatic","CVT"]'::jsonb,
  'Improvements in fuel efficiency and interior space, with a focus on safety.'
)
on conflict (model_id, code) do nothing;


insert into public.vehicle_generations (
  id,
  model_id,
  code,
  start_year,
  end_year,
  facelift,
  production_countries,
  body_types,
  fuel_types,
  transmission_types,
  summary
)
values (
  '31ecbcff-0ee3-ad28-74a2-157a1bb6921c',
  'b07a1703-8692-1a3c-ba2a-fd09f72f6184',
  'Third Generation (2017-Present)',
  2017,
  2024,
  true,
  '{"Japan","Hungary","India"}'::text[],
  '["Hatchback"]'::jsonb,
  '["Gasoline","Hybrid"]'::jsonb,
  '["Manual","Automatic","CVT"]'::jsonb,
  'A more modern design with improved technology and safety features.'
)
on conflict (model_id, code) do nothing;


insert into public.vehicle_insights (
  model_id,
  pros,
  cons,
  inspection_tips,
  notable_features,
  engine_examples,
  common_issues_by_engine,
  reliability_score,
  popularity_score
)
values (
  'b07a1703-8692-1a3c-ba2a-fd09f72f6184',
  '["Good handling","Fuel-efficient engines","Stylish design"]'::jsonb,
  '["Rear passenger space can be limited","Some interior plastics feel cheap","Ride can be firm"]'::jsonb,
  '["Check the suspension","Inspect the brakes","Check for any electrical issues"]'::jsonb,
  '["Sporty handling","Available hybrid system","Good fuel economy"]'::jsonb,
  '["1.2L I4","1.4L I4","1.0L Turbo I3"]'::jsonb,
  '[{"engine_code":"K12B","common_issues_ru":["Растяжение цепи ГРМ","Проблемы с датчиком коленвала"]},{"engine_code":"K10C","common_issues_ru":["Неисправности турбокомпрессора","Утечки масла"]}]'::jsonb,
  null,
  null
)
on conflict (model_id) do nothing;


insert into public.vehicle_models (
  id,
  make_id,
  slug,
  name_en,
  first_model_year,
  last_model_year,
  years_available,
  body_types_available,
  fuel_types_available,
  transmission_available,
  reliability_score,
  popularity_score
)
values (
  'f73c51aa-2015-9783-646c-6e3f1485ed73',
  'e917ef57-da1d-dcab-c60d-513abff4953c',
  'sx4-s-cross',
  'SX4 S-Cross',
  2013,
  2024,
  '{2013,2015,2020,2024}'::int[],
  '["SUV"]'::jsonb,
  '["Gasoline","Diesel","Hybrid"]'::jsonb,
  '["Manual","Automatic"]'::jsonb,
  7.9,
  8.1
)
on conflict (make_id, slug) do nothing;


insert into public.vehicle_generations (
  id,
  model_id,
  code,
  start_year,
  end_year,
  facelift,
  production_countries,
  body_types,
  fuel_types,
  transmission_types,
  summary
)
values (
  'd6a31f1e-c320-f0a6-8e70-226601f3d0e4',
  'f73c51aa-2015-9783-646c-6e3f1485ed73',
  'First Generation (2013-2021)',
  2013,
  2021,
  true,
  '{"Hungary","India"}'::text[],
  '["SUV"]'::jsonb,
  '["Gasoline","Diesel"]'::jsonb,
  '["Manual","Automatic"]'::jsonb,
  'A compact crossover with a focus on practicality and fuel efficiency.'
)
on conflict (model_id, code) do nothing;


insert into public.vehicle_generations (
  id,
  model_id,
  code,
  start_year,
  end_year,
  facelift,
  production_countries,
  body_types,
  fuel_types,
  transmission_types,
  summary
)
values (
  'aa23ad60-342e-4141-4667-891f3cc4bdc1',
  'f73c51aa-2015-9783-646c-6e3f1485ed73',
  'Second Generation (2022-Present)',
  2022,
  2024,
  false,
  '{"Hungary"}'::text[],
  '["SUV"]'::jsonb,
  '["Gasoline","Hybrid"]'::jsonb,
  '["Manual","Automatic"]'::jsonb,
  'A redesigned model with updated styling and technology, including a hybrid option.'
)
on conflict (model_id, code) do nothing;


insert into public.vehicle_insights (
  model_id,
  pros,
  cons,
  inspection_tips,
  notable_features,
  engine_examples,
  common_issues_by_engine,
  reliability_score,
  popularity_score
)
values (
  'f73c51aa-2015-9783-646c-6e3f1485ed73',
  '["Spacious interior","Good fuel economy","Available all-wheel drive"]'::jsonb,
  '["Some interior materials could be better","Infotainment system can be slow","Ride can be a bit firm"]'::jsonb,
  '["Check the all-wheel drive system","Inspect the brakes","Check for any electrical issues"]'::jsonb,
  '["Available all-wheel drive","Spacious interior","Good fuel economy"]'::jsonb,
  '["1.4L Turbo I4","1.6L I4","1.6L Diesel"]'::jsonb,
  '[{"engine_code":"M16A","common_issues_ru":["Растяжение цепи ГРМ","Утечки масла"]},{"engine_code":"K14C","common_issues_ru":["Проблемы с турбокомпрессором","Неисправности системы охлаждения"]}]'::jsonb,
  null,
  null
)
on conflict (model_id) do nothing;


insert into public.vehicle_models (
  id,
  make_id,
  slug,
  name_en,
  first_model_year,
  last_model_year,
  years_available,
  body_types_available,
  fuel_types_available,
  transmission_available,
  reliability_score,
  popularity_score
)
values (
  '74f52c7a-74f4-eca8-565c-16c9eccb6c29',
  'e917ef57-da1d-dcab-c60d-513abff4953c',
  'vitara',
  'Vitara',
  2015,
  2024,
  '{2015,2020,2024}'::int[],
  '["SUV"]'::jsonb,
  '["Gasoline","Hybrid"]'::jsonb,
  '["Manual","Automatic"]'::jsonb,
  8.2,
  8.7
)
on conflict (make_id, slug) do nothing;


insert into public.vehicle_generations (
  id,
  model_id,
  code,
  start_year,
  end_year,
  facelift,
  production_countries,
  body_types,
  fuel_types,
  transmission_types,
  summary
)
values (
  '8d2b8703-bb59-8ca7-92f5-b6e5194fb36a',
  '74f52c7a-74f4-eca8-565c-16c9eccb6c29',
  'Fourth Generation (2015-Present)',
  2015,
  2024,
  true,
  '{"Hungary"}'::text[],
  '["SUV"]'::jsonb,
  '["Gasoline","Hybrid"]'::jsonb,
  '["Manual","Automatic"]'::jsonb,
  'A compact SUV with a focus on style, fuel efficiency, and modern features.'
)
on conflict (model_id, code) do nothing;


insert into public.vehicle_insights (
  model_id,
  pros,
  cons,
  inspection_tips,
  notable_features,
  engine_examples,
  common_issues_by_engine,
  reliability_score,
  popularity_score
)
values (
  '74f52c7a-74f4-eca8-565c-16c9eccb6c29',
  '["Stylish design","Good fuel economy","Reliable engines"]'::jsonb,
  '["Some interior plastics feel cheap","Infotainment system can be slow","Not as spacious as some rivals"]'::jsonb,
  '["Check the all-wheel drive system","Inspect the brakes","Check for any electrical issues"]'::jsonb,
  '["Available all-wheel drive","Stylish design","Good fuel economy"]'::jsonb,
  '["1.0L Turbo I3","1.4L Turbo I4","1.5L I4 Hybrid"]'::jsonb,
  '[{"engine_code":"K14C","common_issues_ru":["Проблемы с турбокомпрессором","Неисправности системы охлаждения"]},{"engine_code":"K15C","common_issues_ru":["Неисправности системы зажигания","Проблемы с датчиками"]}]'::jsonb,
  null,
  null
)
on conflict (model_id) do nothing;


insert into public.vehicle_makes (id, slug, name_en, country, segment_class, is_active, category_path)
values (
  'f13ae2ab-e3e0-8f84-be3a-978ed78ffe46',
  'swm-taiga-',
  'SWM (Taiga)',
  'Россия',
  null,
  true,
  'transport/legkovye-avtomobili'
)
on conflict (id) do nothing;


insert into public.vehicle_models (
  id,
  make_id,
  slug,
  name_en,
  first_model_year,
  last_model_year,
  years_available,
  body_types_available,
  fuel_types_available,
  transmission_available,
  reliability_score,
  popularity_score
)
values (
  'a5122b24-3130-ae89-99f2-c36fa82e198a',
  'f13ae2ab-e3e0-8f84-be3a-978ed78ffe46',
  'swm-condor',
  'SWM Condor',
  2009,
  2024,
  '{2009,2010,2011,2012,2013,2014,2015,2016,2017,2018,2019,2020,2021,2022,2023,2024}'::int[],
  '["SUV"]'::jsonb,
  '["Gasoline"]'::jsonb,
  '["Manual","Automatic"]'::jsonb,
  6.5,
  7
)
on conflict (make_id, slug) do nothing;


insert into public.vehicle_generations (
  id,
  model_id,
  code,
  start_year,
  end_year,
  facelift,
  production_countries,
  body_types,
  fuel_types,
  transmission_types,
  summary
)
values (
  '6dec76c2-5f40-fcc6-a571-6cc55a927ef6',
  'a5122b24-3130-ae89-99f2-c36fa82e198a',
  'First Generation (2009-Present)',
  2009,
  2024,
  true,
  '{"China"}'::text[],
  '["SUV"]'::jsonb,
  '["Gasoline"]'::jsonb,
  '["Manual","Automatic"]'::jsonb,
  'The SWM Condor is a compact SUV produced by SWM Motors. It offers a range of gasoline engines and is known for its affordability.'
)
on conflict (model_id, code) do nothing;


insert into public.vehicle_insights (
  model_id,
  pros,
  cons,
  inspection_tips,
  notable_features,
  engine_examples,
  common_issues_by_engine,
  reliability_score,
  popularity_score
)
values (
  'a5122b24-3130-ae89-99f2-c36fa82e198a',
  '["Affordable price","Spacious interior"]'::jsonb,
  '["Basic interior materials","Fuel economy could be better"]'::jsonb,
  '["Check for rust","Inspect the suspension"]'::jsonb,
  '["Touchscreen infotainment system","Rear parking sensors"]'::jsonb,
  '["1.5L Turbo I4","1.6L I4"]'::jsonb,
  '[{"engine_code":"1.5T","common_issues_ru":["Проблемы с турбонаддувом","Неисправности топливной системы"]}]'::jsonb,
  null,
  null
)
on conflict (model_id) do nothing;


insert into public.vehicle_makes (id, slug, name_en, country, segment_class, is_active, category_path)
values (
  '53450973-93fc-c44d-723e-05f5dc8e2542',
  'taiga-tagaz-',
  'Taiga (TagAZ)',
  'Россия',
  null,
  true,
  'transport/legkovye-avtomobili'
)
on conflict (id) do nothing;


insert into public.vehicle_models (
  id,
  make_id,
  slug,
  name_en,
  first_model_year,
  last_model_year,
  years_available,
  body_types_available,
  fuel_types_available,
  transmission_available,
  reliability_score,
  popularity_score
)
values (
  'e41a79be-0f0b-d57e-1bb2-1249092254ba',
  '53450973-93fc-c44d-723e-05f5dc8e2542',
  'condor-aquila',
  'Condor (Aquila)',
  2009,
  2014,
  '{2009,2010,2011,2012,2013,2014}'::int[],
  '["Sedan"]'::jsonb,
  '["Gasoline"]'::jsonb,
  '["Manual"]'::jsonb,
  5,
  4
)
on conflict (make_id, slug) do nothing;


insert into public.vehicle_generations (
  id,
  model_id,
  code,
  start_year,
  end_year,
  facelift,
  production_countries,
  body_types,
  fuel_types,
  transmission_types,
  summary
)
values (
  '01828a29-52b6-aa62-35b9-6b7ea0a71e76',
  'e41a79be-0f0b-d57e-1bb2-1249092254ba',
  'First Generation (2009-2014)',
  2009,
  2014,
  false,
  '{"Russia"}'::text[],
  '["Sedan"]'::jsonb,
  '["Gasoline"]'::jsonb,
  '["Manual"]'::jsonb,
  'The TagAZ Aquila was a compact sedan produced by TagAZ. It was known for its unique design, inspired by sports cars, but suffered from quality issues.'
)
on conflict (model_id, code) do nothing;


insert into public.vehicle_insights (
  model_id,
  pros,
  cons,
  inspection_tips,
  notable_features,
  engine_examples,
  common_issues_by_engine,
  reliability_score,
  popularity_score
)
values (
  'e41a79be-0f0b-d57e-1bb2-1249092254ba',
  '["Unique styling","Relatively affordable"]'::jsonb,
  '["Poor build quality","Unreliable engine","Limited parts availability"]'::jsonb,
  '["Check for rust","Inspect engine for leaks","Test all electrical components"]'::jsonb,
  '["Sporty design"]'::jsonb,
  '["1.6L Mitsubishi 4A91"]'::jsonb,
  '[{"engine_code":"4A91","common_issues_ru":["Нестабильная работа двигателя","Проблемы с электроникой","Низкое качество сборки"]}]'::jsonb,
  null,
  null
)
on conflict (model_id) do nothing;


insert into public.vehicle_makes (id, slug, name_en, country, segment_class, is_active, category_path)
values (
  'c5c023d4-d8cc-c98d-93e1-fe4c1086b835',
  'toyota',
  'Toyota',
  'Япония',
  null,
  true,
  'transport/legkovye-avtomobili'
)
on conflict (id) do nothing;


insert into public.vehicle_models (
  id,
  make_id,
  slug,
  name_en,
  first_model_year,
  last_model_year,
  years_available,
  body_types_available,
  fuel_types_available,
  transmission_available,
  reliability_score,
  popularity_score
)
values (
  '50c5bf94-51b4-faec-fd28-a88927dc9db2',
  'c5c023d4-d8cc-c98d-93e1-fe4c1086b835',
  'c-hr',
  'C-HR',
  2016,
  2024,
  '{}'::int[],
  '[]'::jsonb,
  '[]'::jsonb,
  '[]'::jsonb,
  null,
  null
)
on conflict (make_id, slug) do nothing;


insert into public.vehicle_models (
  id,
  make_id,
  slug,
  name_en,
  first_model_year,
  last_model_year,
  years_available,
  body_types_available,
  fuel_types_available,
  transmission_available,
  reliability_score,
  popularity_score
)
values (
  '642ed388-9d4c-facc-4c9f-c5af5f391cd6',
  'c5c023d4-d8cc-c98d-93e1-fe4c1086b835',
  'camry',
  'Camry',
  1982,
  2024,
  '{}'::int[],
  '[]'::jsonb,
  '[]'::jsonb,
  '[]'::jsonb,
  null,
  null
)
on conflict (make_id, slug) do nothing;


insert into public.vehicle_models (
  id,
  make_id,
  slug,
  name_en,
  first_model_year,
  last_model_year,
  years_available,
  body_types_available,
  fuel_types_available,
  transmission_available,
  reliability_score,
  popularity_score
)
values (
  '2236c913-4737-3610-3031-ebe59d1ca47b',
  'c5c023d4-d8cc-c98d-93e1-fe4c1086b835',
  'corolla',
  'Corolla',
  1966,
  2024,
  '{}'::int[],
  '[]'::jsonb,
  '[]'::jsonb,
  '[]'::jsonb,
  null,
  null
)
on conflict (make_id, slug) do nothing;


insert into public.vehicle_models (
  id,
  make_id,
  slug,
  name_en,
  first_model_year,
  last_model_year,
  years_available,
  body_types_available,
  fuel_types_available,
  transmission_available,
  reliability_score,
  popularity_score
)
values (
  'ae539748-b2e7-4070-7fb3-5c77fd7b03ca',
  'c5c023d4-d8cc-c98d-93e1-fe4c1086b835',
  'highlander',
  'Highlander',
  2001,
  2024,
  '{}'::int[],
  '[]'::jsonb,
  '[]'::jsonb,
  '[]'::jsonb,
  null,
  null
)
on conflict (make_id, slug) do nothing;


insert into public.vehicle_models (
  id,
  make_id,
  slug,
  name_en,
  first_model_year,
  last_model_year,
  years_available,
  body_types_available,
  fuel_types_available,
  transmission_available,
  reliability_score,
  popularity_score
)
values (
  '0186d873-38e3-a03e-55ce-980887dc3bfc',
  'c5c023d4-d8cc-c98d-93e1-fe4c1086b835',
  'land-cruiser',
  'Land Cruiser',
  1960,
  2024,
  '{}'::int[],
  '[]'::jsonb,
  '[]'::jsonb,
  '[]'::jsonb,
  null,
  null
)
on conflict (make_id, slug) do nothing;


insert into public.vehicle_models (
  id,
  make_id,
  slug,
  name_en,
  first_model_year,
  last_model_year,
  years_available,
  body_types_available,
  fuel_types_available,
  transmission_available,
  reliability_score,
  popularity_score
)
values (
  '2f696f7c-7e78-7b3c-97db-e0fa216b06a7',
  'c5c023d4-d8cc-c98d-93e1-fe4c1086b835',
  'prius',
  'Prius',
  1997,
  2024,
  '{}'::int[],
  '[]'::jsonb,
  '[]'::jsonb,
  '[]'::jsonb,
  null,
  null
)
on conflict (make_id, slug) do nothing;


insert into public.vehicle_models (
  id,
  make_id,
  slug,
  name_en,
  first_model_year,
  last_model_year,
  years_available,
  body_types_available,
  fuel_types_available,
  transmission_available,
  reliability_score,
  popularity_score
)
values (
  '5cbea782-76b3-c754-afe6-f75e8b245695',
  'c5c023d4-d8cc-c98d-93e1-fe4c1086b835',
  'rav4',
  'RAV4',
  1994,
  2024,
  '{}'::int[],
  '[]'::jsonb,
  '[]'::jsonb,
  '[]'::jsonb,
  null,
  null
)
on conflict (make_id, slug) do nothing;


insert into public.vehicle_models (
  id,
  make_id,
  slug,
  name_en,
  first_model_year,
  last_model_year,
  years_available,
  body_types_available,
  fuel_types_available,
  transmission_available,
  reliability_score,
  popularity_score
)
values (
  '66c9339a-e971-24a8-34ca-444cfec3d05b',
  'c5c023d4-d8cc-c98d-93e1-fe4c1086b835',
  'supra',
  'Supra',
  1978,
  2024,
  '{}'::int[],
  '[]'::jsonb,
  '[]'::jsonb,
  '[]'::jsonb,
  null,
  null
)
on conflict (make_id, slug) do nothing;


insert into public.vehicle_models (
  id,
  make_id,
  slug,
  name_en,
  first_model_year,
  last_model_year,
  years_available,
  body_types_available,
  fuel_types_available,
  transmission_available,
  reliability_score,
  popularity_score
)
values (
  '9ec11758-cfdd-e062-246f-13620fde6c62',
  'c5c023d4-d8cc-c98d-93e1-fe4c1086b835',
  'tundra',
  'Tundra',
  2000,
  2024,
  '{}'::int[],
  '[]'::jsonb,
  '[]'::jsonb,
  '[]'::jsonb,
  null,
  null
)
on conflict (make_id, slug) do nothing;


insert into public.vehicle_models (
  id,
  make_id,
  slug,
  name_en,
  first_model_year,
  last_model_year,
  years_available,
  body_types_available,
  fuel_types_available,
  transmission_available,
  reliability_score,
  popularity_score
)
values (
  '0091b516-2d61-b96f-cfa1-f59fca99beab',
  'c5c023d4-d8cc-c98d-93e1-fe4c1086b835',
  'yaris',
  'Yaris',
  1999,
  2024,
  '{}'::int[],
  '[]'::jsonb,
  '[]'::jsonb,
  '[]'::jsonb,
  null,
  null
)
on conflict (make_id, slug) do nothing;


insert into public.vehicle_makes (id, slug, name_en, country, segment_class, is_active, category_path)
values (
  '848a7249-6455-f76c-8802-135c5159ac98',
  'tvr',
  'TVR',
  'Великобритания',
  null,
  true,
  'transport/legkovye-avtomobili'
)
on conflict (id) do nothing;


insert into public.vehicle_models (
  id,
  make_id,
  slug,
  name_en,
  first_model_year,
  last_model_year,
  years_available,
  body_types_available,
  fuel_types_available,
  transmission_available,
  reliability_score,
  popularity_score
)
values (
  'e76ae814-3813-495d-ce4e-3f1299a9db3c',
  '848a7249-6455-f76c-8802-135c5159ac98',
  'tvr-griffith',
  'Griffith',
  1991,
  2024,
  '{1991,1992,1993,1994,1995,1996,1997,1998,1999,2000,2001,2002,2003,2004,2005,2017,2018,2019,2020,2021,2022,2023,2024}'::int[],
  '["Coupe","Roadster"]'::jsonb,
  '["Gasoline"]'::jsonb,
  '["Manual"]'::jsonb,
  6.5,
  7
)
on conflict (make_id, slug) do nothing;


insert into public.vehicle_generations (
  id,
  model_id,
  code,
  start_year,
  end_year,
  facelift,
  production_countries,
  body_types,
  fuel_types,
  transmission_types,
  summary
)
values (
  '1da94862-bb9e-183f-6f7f-aa5a81813ef9',
  'e76ae814-3813-495d-ce4e-3f1299a9db3c',
  'Generation I (1991-2002)',
  1991,
  2002,
  false,
  '{"United Kingdom"}'::text[],
  '["Coupe","Roadster"]'::jsonb,
  '["Gasoline"]'::jsonb,
  '["Manual"]'::jsonb,
  'The original Griffith, known for its lightweight construction and powerful Rover V8 engines. Offered in both coupe and roadster body styles.'
)
on conflict (model_id, code) do nothing;


insert into public.vehicle_generations (
  id,
  model_id,
  code,
  start_year,
  end_year,
  facelift,
  production_countries,
  body_types,
  fuel_types,
  transmission_types,
  summary
)
values (
  'dfa20677-cb56-4fa6-7d20-61ab80536677',
  'e76ae814-3813-495d-ce4e-3f1299a9db3c',
  'Generation II (2017-2024)',
  2017,
  2024,
  false,
  '{"United Kingdom"}'::text[],
  '["Coupe"]'::jsonb,
  '["Gasoline"]'::jsonb,
  '["Manual"]'::jsonb,
  'The revived Griffith, featuring a Cosworth-tuned V8 engine and a focus on modern performance and design.'
)
on conflict (model_id, code) do nothing;


insert into public.vehicle_insights (
  model_id,
  pros,
  cons,
  inspection_tips,
  notable_features,
  engine_examples,
  common_issues_by_engine,
  reliability_score,
  popularity_score
)
values (
  'e76ae814-3813-495d-ce4e-3f1299a9db3c',
  '["Powerful engine","Lightweight design","Engaging driving experience"]'::jsonb,
  '["High running costs","Limited practicality","Can be temperamental"]'::jsonb,
  '["Check for chassis rust","Inspect engine for leaks","Test the clutch"]'::jsonb,
  '["Rover V8 engine (Gen 1)","Cosworth-tuned V8 engine (Gen 2)","Lightweight composite body"]'::jsonb,
  '["4.0L Rover V8","4.3L Rover V8","5.0L Rover V8","5.0L Cosworth V8"]'::jsonb,
  '[{"engine_code":"Rover V8","common_issues_ru":["Утечки масла","Проблемы с системой охлаждения","Износ распредвала"]},{"engine_code":"Cosworth V8","common_issues_ru":["Проблемы с электроникой","Высокий расход масла","Износ компонентов двигателя при интенсивной эксплуатации"]}]'::jsonb,
  null,
  null
)
on conflict (model_id) do nothing;


insert into public.vehicle_makes (id, slug, name_en, country, segment_class, is_active, category_path)
values (
  '3d630b38-d5ea-63df-f0bd-240674da2e17',
  'uaz',
  'UAZ',
  'Россия',
  null,
  true,
  'transport/legkovye-avtomobili'
)
on conflict (id) do nothing;


insert into public.vehicle_models (
  id,
  make_id,
  slug,
  name_en,
  first_model_year,
  last_model_year,
  years_available,
  body_types_available,
  fuel_types_available,
  transmission_available,
  reliability_score,
  popularity_score
)
values (
  '461b757a-d7e3-4eb3-d001-d87cf6b9b3c9',
  '3d630b38-d5ea-63df-f0bd-240674da2e17',
  'uaz-469-hunter',
  'UAZ 469 (Hunter)',
  1972,
  2024,
  '{1972,1980,1990,2000,2010,2020,2024}'::int[],
  '["SUV","Convertible"]'::jsonb,
  '["Gasoline","Diesel"]'::jsonb,
  '["Manual"]'::jsonb,
  6.5,
  7
)
on conflict (make_id, slug) do nothing;


insert into public.vehicle_generations (
  id,
  model_id,
  code,
  start_year,
  end_year,
  facelift,
  production_countries,
  body_types,
  fuel_types,
  transmission_types,
  summary
)
values (
  'ad325dac-587a-a3c5-db4a-dd47f791d540',
  '461b757a-d7e3-4eb3-d001-d87cf6b9b3c9',
  'Original (1972-1985)',
  1972,
  1985,
  false,
  '{"Russia"}'::text[],
  '["SUV","Convertible"]'::jsonb,
  '["Gasoline"]'::jsonb,
  '["Manual"]'::jsonb,
  'The original UAZ-469, known for its simplicity and off-road capability. Primarily used by the military.'
)
on conflict (model_id, code) do nothing;


insert into public.vehicle_generations (
  id,
  model_id,
  code,
  start_year,
  end_year,
  facelift,
  production_countries,
  body_types,
  fuel_types,
  transmission_types,
  summary
)
values (
  '4e730fb2-96a4-25ee-5a33-ba13f95a5475',
  '461b757a-d7e3-4eb3-d001-d87cf6b9b3c9',
  'Modernized (1985-2003)',
  1985,
  2003,
  true,
  '{"Russia"}'::text[],
  '["SUV","Convertible"]'::jsonb,
  '["Gasoline","Diesel"]'::jsonb,
  '["Manual"]'::jsonb,
  'Minor updates and introduction of diesel engines.'
)
on conflict (model_id, code) do nothing;


insert into public.vehicle_generations (
  id,
  model_id,
  code,
  start_year,
  end_year,
  facelift,
  production_countries,
  body_types,
  fuel_types,
  transmission_types,
  summary
)
values (
  '0160e323-35e4-acae-6911-91dd9cc2e2d7',
  '461b757a-d7e3-4eb3-d001-d87cf6b9b3c9',
  'Hunter (2003-Present)',
  2003,
  2024,
  true,
  '{"Russia"}'::text[],
  '["SUV"]'::jsonb,
  '["Gasoline","Diesel"]'::jsonb,
  '["Manual"]'::jsonb,
  'The Hunter version, featuring updated styling and some mechanical improvements.'
)
on conflict (model_id, code) do nothing;


insert into public.vehicle_insights (
  model_id,
  pros,
  cons,
  inspection_tips,
  notable_features,
  engine_examples,
  common_issues_by_engine,
  reliability_score,
  popularity_score
)
values (
  '461b757a-d7e3-4eb3-d001-d87cf6b9b3c9',
  '["Excellent off-road capability","Simple and robust design","Affordable price"]'::jsonb,
  '["Poor comfort","Basic interior","Fuel inefficient"]'::jsonb,
  '["Check for rust on the body and chassis","Inspect the suspension and drivetrain","Test the engine''s compression"]'::jsonb,
  '["Part-time 4WD","Solid axles","High ground clearance"]'::jsonb,
  '["2.7L ZMZ-409 (Gasoline)","2.2L UMZ-421 (Gasoline)","2.2L Iveco F1A (Diesel)"]'::jsonb,
  '[{"engine_code":"ZMZ-409","common_issues_ru":["Перегрев","Нестабильная работа на холостом ходу","Утечки масла"]},{"engine_code":"UMZ-421","common_issues_ru":["Низкая мощность","Проблемы с карбюратором","Утечки масла"]},{"engine_code":"Iveco F1A","common_issues_ru":["Проблемы с топливной системой","Износ турбины","Утечки масла"]}]'::jsonb,
  null,
  null
)
on conflict (model_id) do nothing;


insert into public.vehicle_models (
  id,
  make_id,
  slug,
  name_en,
  first_model_year,
  last_model_year,
  years_available,
  body_types_available,
  fuel_types_available,
  transmission_available,
  reliability_score,
  popularity_score
)
values (
  '0b148e30-0fa0-18ed-39d2-5f6c071ce65b',
  '3d630b38-d5ea-63df-f0bd-240674da2e17',
  'uaz-hunter',
  'UAZ Hunter',
  2003,
  2024,
  '{2003,2005,2010,2015,2020,2024}'::int[],
  '["SUV"]'::jsonb,
  '["Gasoline","Diesel"]'::jsonb,
  '["Manual"]'::jsonb,
  6.8,
  7.2
)
on conflict (make_id, slug) do nothing;


insert into public.vehicle_generations (
  id,
  model_id,
  code,
  start_year,
  end_year,
  facelift,
  production_countries,
  body_types,
  fuel_types,
  transmission_types,
  summary
)
values (
  '6cc89ffe-3ce8-cdf4-8d3c-a7bb7a5ab25e',
  '0b148e30-0fa0-18ed-39d2-5f6c071ce65b',
  'First Generation (2003-Present)',
  2003,
  2024,
  true,
  '{"Russia"}'::text[],
  '["SUV"]'::jsonb,
  '["Gasoline","Diesel"]'::jsonb,
  '["Manual"]'::jsonb,
  'Modernized version of the UAZ-469, with updated styling and some mechanical improvements.'
)
on conflict (model_id, code) do nothing;


insert into public.vehicle_insights (
  model_id,
  pros,
  cons,
  inspection_tips,
  notable_features,
  engine_examples,
  common_issues_by_engine,
  reliability_score,
  popularity_score
)
values (
  '0b148e30-0fa0-18ed-39d2-5f6c071ce65b',
  '["Good off-road capability","Relatively affordable","Simple and robust design"]'::jsonb,
  '["Basic interior","Poor comfort on-road","Fuel inefficient"]'::jsonb,
  '["Check for rust","Inspect the suspension","Test the engine"]'::jsonb,
  '["Part-time 4WD","Solid axles","High ground clearance"]'::jsonb,
  '["2.7L ZMZ-409 (Gasoline)","2.2L UMZ-421 (Gasoline)","2.2L Iveco F1A (Diesel)"]'::jsonb,
  '[{"engine_code":"ZMZ-409","common_issues_ru":["Перегрев","Нестабильная работа на холостом ходу","Утечки масла"]},{"engine_code":"UMZ-421","common_issues_ru":["Низкая мощность","Проблемы с карбюратором","Утечки масла"]},{"engine_code":"Iveco F1A","common_issues_ru":["Проблемы с топливной системой","Износ турбины","Утечки масла"]}]'::jsonb,
  null,
  null
)
on conflict (model_id) do nothing;


insert into public.vehicle_models (
  id,
  make_id,
  slug,
  name_en,
  first_model_year,
  last_model_year,
  years_available,
  body_types_available,
  fuel_types_available,
  transmission_available,
  reliability_score,
  popularity_score
)
values (
  '1621906f-8421-136a-3145-5b75357c24b3',
  '3d630b38-d5ea-63df-f0bd-240674da2e17',
  'uaz-patriot',
  'UAZ Patriot',
  2005,
  2024,
  '{2005,2010,2015,2020,2024}'::int[],
  '["SUV"]'::jsonb,
  '["Gasoline","Diesel"]'::jsonb,
  '["Manual","Automatic"]'::jsonb,
  7,
  8
)
on conflict (make_id, slug) do nothing;


insert into public.vehicle_generations (
  id,
  model_id,
  code,
  start_year,
  end_year,
  facelift,
  production_countries,
  body_types,
  fuel_types,
  transmission_types,
  summary
)
values (
  '14567c65-b05c-561c-ca66-c786b9728634',
  '1621906f-8421-136a-3145-5b75357c24b3',
  'First Generation (2005-2014)',
  2005,
  2014,
  true,
  '{"Russia"}'::text[],
  '["SUV"]'::jsonb,
  '["Gasoline","Diesel"]'::jsonb,
  '["Manual"]'::jsonb,
  'First generation of the Patriot, offering a more modern design and improved comfort compared to the Hunter.'
)
on conflict (model_id, code) do nothing;


insert into public.vehicle_generations (
  id,
  model_id,
  code,
  start_year,
  end_year,
  facelift,
  production_countries,
  body_types,
  fuel_types,
  transmission_types,
  summary
)
values (
  '4ab84660-03d0-18c8-202f-6dcc99e4d39e',
  '1621906f-8421-136a-3145-5b75357c24b3',
  'Second Generation (2014-2019)',
  2014,
  2019,
  true,
  '{"Russia"}'::text[],
  '["SUV"]'::jsonb,
  '["Gasoline","Diesel"]'::jsonb,
  '["Manual"]'::jsonb,
  'Improvements to the interior, engine, and features.'
)
on conflict (model_id, code) do nothing;


insert into public.vehicle_generations (
  id,
  model_id,
  code,
  start_year,
  end_year,
  facelift,
  production_countries,
  body_types,
  fuel_types,
  transmission_types,
  summary
)
values (
  '25aca903-5b5d-8de2-35b3-5b7c2337459d',
  '1621906f-8421-136a-3145-5b75357c24b3',
  'Third Generation (2019-Present)',
  2019,
  2024,
  true,
  '{"Russia"}'::text[],
  '["SUV"]'::jsonb,
  '["Gasoline","Diesel"]'::jsonb,
  '["Manual","Automatic"]'::jsonb,
  'Further refinements, including an automatic transmission option and updated styling.'
)
on conflict (model_id, code) do nothing;


insert into public.vehicle_insights (
  model_id,
  pros,
  cons,
  inspection_tips,
  notable_features,
  engine_examples,
  common_issues_by_engine,
  reliability_score,
  popularity_score
)
values (
  '1621906f-8421-136a-3145-5b75357c24b3',
  '["Spacious interior","Good off-road capability","Relatively affordable"]'::jsonb,
  '["Build quality can be inconsistent","Fuel economy could be better","Some reliability issues"]'::jsonb,
  '["Check for rust","Inspect the electrical system","Test the 4WD system"]'::jsonb,
  '["Part-time 4WD","Electronic stability control","Touchscreen infotainment system (later models)"]'::jsonb,
  '["2.7L ZMZ-409 (Gasoline)","2.2L ZMZ Pro (Gasoline)","2.2L Iveco F1A (Diesel)"]'::jsonb,
  '[{"engine_code":"ZMZ-409","common_issues_ru":["Перегрев","Нестабильная работа на холостом ходу","Утечки масла"]},{"engine_code":"ZMZ Pro","common_issues_ru":["Нестабильная работа на холостом ходу","Проблемы с датчиками","Утечки масла"]},{"engine_code":"Iveco F1A","common_issues_ru":["Проблемы с топливной системой","Износ турбины","Утечки масла"]}]'::jsonb,
  null,
  null
)
on conflict (model_id) do nothing;


insert into public.vehicle_makes (id, slug, name_en, country, segment_class, is_active, category_path)
values (
  '1b31659b-6e10-edaf-3c54-23b672cc8ac7',
  'ural',
  'Ural',
  'Россия',
  null,
  true,
  'transport/legkovye-avtomobili'
)
on conflict (id) do nothing;


insert into public.vehicle_models (
  id,
  make_id,
  slug,
  name_en,
  first_model_year,
  last_model_year,
  years_available,
  body_types_available,
  fuel_types_available,
  transmission_available,
  reliability_score,
  popularity_score
)
values (
  '2a1e8730-7135-a7e2-b883-7f4f1d635a25',
  '1b31659b-6e10-edaf-3c54-23b672cc8ac7',
  'ural-44202',
  'Ural 44202',
  2003,
  2024,
  '{2003,2005,2010,2015,2020,2024}'::int[],
  '["Truck"]'::jsonb,
  '["Diesel"]'::jsonb,
  '["Manual"]'::jsonb,
  6.8,
  7.2
)
on conflict (make_id, slug) do nothing;


insert into public.vehicle_generations (
  id,
  model_id,
  code,
  start_year,
  end_year,
  facelift,
  production_countries,
  body_types,
  fuel_types,
  transmission_types,
  summary
)
values (
  'd9ab1f97-4f46-0250-3fa3-5e1c6e442e96',
  '2a1e8730-7135-a7e2-b883-7f4f1d635a25',
  'Generation I (2003-2010)',
  2003,
  2010,
  false,
  '{"Russia"}'::text[],
  '["Truck"]'::jsonb,
  '["Diesel"]'::jsonb,
  '["Manual"]'::jsonb,
  'First generation of the Ural 44202, known for its robust chassis and off-road capabilities. Primarily used for military and industrial applications.'
)
on conflict (model_id, code) do nothing;


insert into public.vehicle_generations (
  id,
  model_id,
  code,
  start_year,
  end_year,
  facelift,
  production_countries,
  body_types,
  fuel_types,
  transmission_types,
  summary
)
values (
  '2d6d0d37-91d1-6619-3ee4-3bce4e87bd2b',
  '2a1e8730-7135-a7e2-b883-7f4f1d635a25',
  'Generation II (2010-2024)',
  2010,
  2024,
  true,
  '{"Russia"}'::text[],
  '["Truck"]'::jsonb,
  '["Diesel"]'::jsonb,
  '["Manual"]'::jsonb,
  'Updated generation with improved engine options and cabin design. Continues to be a workhorse in challenging terrains.'
)
on conflict (model_id, code) do nothing;


insert into public.vehicle_insights (
  model_id,
  pros,
  cons,
  inspection_tips,
  notable_features,
  engine_examples,
  common_issues_by_engine,
  reliability_score,
  popularity_score
)
values (
  '2a1e8730-7135-a7e2-b883-7f4f1d635a25',
  '["High payload capacity","Excellent off-road performance","Durable construction"]'::jsonb,
  '["Poor fuel economy","Basic interior","Limited comfort"]'::jsonb,
  '["Check for frame rust","Inspect suspension components","Verify engine performance under load"]'::jsonb,
  '["All-wheel drive","Central tire inflation system (some models)","Heavy-duty axles"]'::jsonb,
  '["YaMZ-238","YaMZ-658"]'::jsonb,
  '[{"engine_code":"YaMZ-238","common_issues_ru":["Утечки масла","Износ топливного насоса","Проблемы с системой охлаждения"]},{"engine_code":"YaMZ-658","common_issues_ru":["Неисправности турбокомпрессора","Проблемы с электроникой","Износ форсунок"]}]'::jsonb,
  null,
  null
)
on conflict (model_id) do nothing;


insert into public.vehicle_models (
  id,
  make_id,
  slug,
  name_en,
  first_model_year,
  last_model_year,
  years_available,
  body_types_available,
  fuel_types_available,
  transmission_available,
  reliability_score,
  popularity_score
)
values (
  '26eb90dd-c2e3-5a5e-948a-4249187cad31',
  '1b31659b-6e10-edaf-3c54-23b672cc8ac7',
  'ural-63095',
  'Ural 63095',
  2010,
  2024,
  '{2010,2015,2020,2024}'::int[],
  '["Truck"]'::jsonb,
  '["Diesel"]'::jsonb,
  '["Manual"]'::jsonb,
  7,
  7.5
)
on conflict (make_id, slug) do nothing;


insert into public.vehicle_generations (
  id,
  model_id,
  code,
  start_year,
  end_year,
  facelift,
  production_countries,
  body_types,
  fuel_types,
  transmission_types,
  summary
)
values (
  '2f7e170d-18f5-4f82-1d69-d188b30f81ff',
  '26eb90dd-c2e3-5a5e-948a-4249187cad31',
  'Generation I (2010-2024)',
  2010,
  2024,
  true,
  '{"Russia"}'::text[],
  '["Truck"]'::jsonb,
  '["Diesel"]'::jsonb,
  '["Manual"]'::jsonb,
  'A modern heavy-duty truck designed for various applications, including construction, forestry, and military. Known for its improved cab design and engine options compared to older Ural models.'
)
on conflict (model_id, code) do nothing;


insert into public.vehicle_insights (
  model_id,
  pros,
  cons,
  inspection_tips,
  notable_features,
  engine_examples,
  common_issues_by_engine,
  reliability_score,
  popularity_score
)
values (
  '26eb90dd-c2e3-5a5e-948a-4249187cad31',
  '["Improved cabin comfort","Higher payload capacity","Modern engine options"]'::jsonb,
  '["Fuel consumption","Maintenance costs","Limited availability of spare parts outside Russia"]'::jsonb,
  '["Check for rust on the frame and body","Inspect the suspension and braking system","Verify the functionality of all electrical systems"]'::jsonb,
  '["All-wheel drive","Central tire inflation system","Modern cab design"]'::jsonb,
  '["YaMZ-658","Cummins ISLe"]'::jsonb,
  '[{"engine_code":"YaMZ-658","common_issues_ru":["Проблемы с турбокомпрессором","Утечки масла","Износ форсунок"]},{"engine_code":"Cummins ISLe","common_issues_ru":["Проблемы с топливной системой","Неисправности датчиков","Износ турбокомпрессора"]}]'::jsonb,
  null,
  null
)
on conflict (model_id) do nothing;


insert into public.vehicle_makes (id, slug, name_en, country, segment_class, is_active, category_path)
values (
  'a88ab815-48ca-d0a8-ce01-3ae0efd1b61f',
  'volkswagen',
  'Volkswagen',
  'Германия',
  null,
  true,
  'transport/legkovye-avtomobili'
)
on conflict (id) do nothing;


insert into public.vehicle_models (
  id,
  make_id,
  slug,
  name_en,
  first_model_year,
  last_model_year,
  years_available,
  body_types_available,
  fuel_types_available,
  transmission_available,
  reliability_score,
  popularity_score
)
values (
  '572d1ac0-ba53-465b-19c1-0b974102ecab',
  'a88ab815-48ca-d0a8-ce01-3ae0efd1b61f',
  'beetle',
  'Beetle',
  1938,
  2024,
  '{}'::int[],
  '[]'::jsonb,
  '[]'::jsonb,
  '[]'::jsonb,
  null,
  null
)
on conflict (make_id, slug) do nothing;


insert into public.vehicle_models (
  id,
  make_id,
  slug,
  name_en,
  first_model_year,
  last_model_year,
  years_available,
  body_types_available,
  fuel_types_available,
  transmission_available,
  reliability_score,
  popularity_score
)
values (
  'fb223aa6-2ddf-d5a4-8bb8-d946ea30cee4',
  'a88ab815-48ca-d0a8-ce01-3ae0efd1b61f',
  'caddy',
  'Caddy',
  1982,
  2024,
  '{}'::int[],
  '[]'::jsonb,
  '[]'::jsonb,
  '[]'::jsonb,
  null,
  null
)
on conflict (make_id, slug) do nothing;


insert into public.vehicle_models (
  id,
  make_id,
  slug,
  name_en,
  first_model_year,
  last_model_year,
  years_available,
  body_types_available,
  fuel_types_available,
  transmission_available,
  reliability_score,
  popularity_score
)
values (
  'cb0d0098-cd42-3d11-b130-cbba793b942a',
  'a88ab815-48ca-d0a8-ce01-3ae0efd1b61f',
  'golf',
  'Golf',
  1974,
  2024,
  '{}'::int[],
  '[]'::jsonb,
  '[]'::jsonb,
  '[]'::jsonb,
  null,
  null
)
on conflict (make_id, slug) do nothing;


insert into public.vehicle_models (
  id,
  make_id,
  slug,
  name_en,
  first_model_year,
  last_model_year,
  years_available,
  body_types_available,
  fuel_types_available,
  transmission_available,
  reliability_score,
  popularity_score
)
values (
  '0d9fe05f-33e1-81b8-1164-aa0ffc5aee06',
  'a88ab815-48ca-d0a8-ce01-3ae0efd1b61f',
  'id-3',
  'ID.3',
  2020,
  2024,
  '{}'::int[],
  '[]'::jsonb,
  '[]'::jsonb,
  '[]'::jsonb,
  null,
  null
)
on conflict (make_id, slug) do nothing;


insert into public.vehicle_models (
  id,
  make_id,
  slug,
  name_en,
  first_model_year,
  last_model_year,
  years_available,
  body_types_available,
  fuel_types_available,
  transmission_available,
  reliability_score,
  popularity_score
)
values (
  '906304bb-3a66-3103-fcb9-215779c4061b',
  'a88ab815-48ca-d0a8-ce01-3ae0efd1b61f',
  'id-4',
  'ID.4',
  2020,
  2024,
  '{}'::int[],
  '[]'::jsonb,
  '[]'::jsonb,
  '[]'::jsonb,
  null,
  null
)
on conflict (make_id, slug) do nothing;


insert into public.vehicle_models (
  id,
  make_id,
  slug,
  name_en,
  first_model_year,
  last_model_year,
  years_available,
  body_types_available,
  fuel_types_available,
  transmission_available,
  reliability_score,
  popularity_score
)
values (
  '76cadd3e-b754-fd74-bf56-ef73d8c783a9',
  'a88ab815-48ca-d0a8-ce01-3ae0efd1b61f',
  'id-buzz',
  'ID.Buzz',
  2022,
  2024,
  '{}'::int[],
  '[]'::jsonb,
  '[]'::jsonb,
  '[]'::jsonb,
  null,
  null
)
on conflict (make_id, slug) do nothing;


insert into public.vehicle_models (
  id,
  make_id,
  slug,
  name_en,
  first_model_year,
  last_model_year,
  years_available,
  body_types_available,
  fuel_types_available,
  transmission_available,
  reliability_score,
  popularity_score
)
values (
  'bb88a1b4-ecb3-e1c3-59aa-86a5e2e5b562',
  'a88ab815-48ca-d0a8-ce01-3ae0efd1b61f',
  'jetta',
  'Jetta',
  1980,
  2024,
  '{}'::int[],
  '[]'::jsonb,
  '[]'::jsonb,
  '[]'::jsonb,
  null,
  null
)
on conflict (make_id, slug) do nothing;


insert into public.vehicle_models (
  id,
  make_id,
  slug,
  name_en,
  first_model_year,
  last_model_year,
  years_available,
  body_types_available,
  fuel_types_available,
  transmission_available,
  reliability_score,
  popularity_score
)
values (
  '55467a6a-92cf-cbe3-fd52-60c79bd4f05f',
  'a88ab815-48ca-d0a8-ce01-3ae0efd1b61f',
  'passat',
  'Passat',
  1973,
  2024,
  '{}'::int[],
  '[]'::jsonb,
  '[]'::jsonb,
  '[]'::jsonb,
  null,
  null
)
on conflict (make_id, slug) do nothing;


insert into public.vehicle_models (
  id,
  make_id,
  slug,
  name_en,
  first_model_year,
  last_model_year,
  years_available,
  body_types_available,
  fuel_types_available,
  transmission_available,
  reliability_score,
  popularity_score
)
values (
  'f9f79030-695f-9b23-55f6-89780d7a57ef',
  'a88ab815-48ca-d0a8-ce01-3ae0efd1b61f',
  'polo',
  'Polo',
  1975,
  2024,
  '{}'::int[],
  '[]'::jsonb,
  '[]'::jsonb,
  '[]'::jsonb,
  null,
  null
)
on conflict (make_id, slug) do nothing;


insert into public.vehicle_models (
  id,
  make_id,
  slug,
  name_en,
  first_model_year,
  last_model_year,
  years_available,
  body_types_available,
  fuel_types_available,
  transmission_available,
  reliability_score,
  popularity_score
)
values (
  '20cfcef7-7ffa-234b-1f10-ab0e3e361e75',
  'a88ab815-48ca-d0a8-ce01-3ae0efd1b61f',
  't-roc',
  'T-Roc',
  2017,
  2024,
  '{}'::int[],
  '[]'::jsonb,
  '[]'::jsonb,
  '[]'::jsonb,
  null,
  null
)
on conflict (make_id, slug) do nothing;


insert into public.vehicle_models (
  id,
  make_id,
  slug,
  name_en,
  first_model_year,
  last_model_year,
  years_available,
  body_types_available,
  fuel_types_available,
  transmission_available,
  reliability_score,
  popularity_score
)
values (
  '34820d37-91a7-a80c-a9da-58bb60e5b5db',
  'a88ab815-48ca-d0a8-ce01-3ae0efd1b61f',
  'tiguan',
  'Tiguan',
  2007,
  2024,
  '{2007,2010,2015,2018,2020,2024}'::int[],
  '["SUV"]'::jsonb,
  '["Gasoline","Diesel","Hybrid"]'::jsonb,
  '["Manual","Automatic","DSG"]'::jsonb,
  7,
  8.5
)
on conflict (make_id, slug) do nothing;


insert into public.vehicle_generations (
  id,
  model_id,
  code,
  start_year,
  end_year,
  facelift,
  production_countries,
  body_types,
  fuel_types,
  transmission_types,
  summary
)
values (
  'dc33149f-255b-ffe0-6197-2891692a7903',
  '34820d37-91a7-a80c-a9da-58bb60e5b5db',
  'Generation I (2007-2016)',
  2007,
  2016,
  true,
  '{"Germany","Russia","China"}'::text[],
  '["SUV"]'::jsonb,
  '["Gasoline","Diesel"]'::jsonb,
  '["Manual","Automatic","DSG"]'::jsonb,
  'First generation of the compact SUV, known for its practicality and versatility.'
)
on conflict (model_id, code) do nothing;


insert into public.vehicle_generations (
  id,
  model_id,
  code,
  start_year,
  end_year,
  facelift,
  production_countries,
  body_types,
  fuel_types,
  transmission_types,
  summary
)
values (
  '062845a5-086a-520a-4d2a-feca90c1b94b',
  '34820d37-91a7-a80c-a9da-58bb60e5b5db',
  'Generation II (2016-2024)',
  2016,
  2024,
  true,
  '{"Germany","Mexico","China"}'::text[],
  '["SUV","SUV (Long Wheelbase)"]'::jsonb,
  '["Gasoline","Diesel","Hybrid"]'::jsonb,
  '["Manual","Automatic","DSG"]'::jsonb,
  'Second generation with updated design, technology, and available long-wheelbase version.'
)
on conflict (model_id, code) do nothing;


insert into public.vehicle_insights (
  model_id,
  pros,
  cons,
  inspection_tips,
  notable_features,
  engine_examples,
  common_issues_by_engine,
  reliability_score,
  popularity_score
)
values (
  '34820d37-91a7-a80c-a9da-58bb60e5b5db',
  '["Spacious interior","Good fuel economy","Available all-wheel drive"]'::jsonb,
  '["Infotainment system can be slow","Some plastic interior trim"]'::jsonb,
  '["Check for oil leaks","Inspect the timing chain (older models)","Test the DSG transmission"]'::jsonb,
  '["Panoramic sunroof","Adaptive cruise control","Digital Cockpit"]'::jsonb,
  '["1.4L TSI","2.0L TSI","2.0L TDI"]'::jsonb,
  '[{"engine_code":"1.4L TSI","common_issues_ru":["Растяжение цепи ГРМ","Утечка антифриза"]},{"engine_code":"2.0L TSI","common_issues_ru":["Повышенный расход масла","Проблемы с турбокомпрессором"]},{"engine_code":"2.0L TDI","common_issues_ru":["Проблемы с сажевым фильтром","Износ форсунок"]}]'::jsonb,
  null,
  null
)
on conflict (model_id) do nothing;


insert into public.vehicle_models (
  id,
  make_id,
  slug,
  name_en,
  first_model_year,
  last_model_year,
  years_available,
  body_types_available,
  fuel_types_available,
  transmission_available,
  reliability_score,
  popularity_score
)
values (
  'e93c7f7c-40ce-a9bf-7c20-a89d95b52de8',
  'a88ab815-48ca-d0a8-ce01-3ae0efd1b61f',
  'touareg',
  'Touareg',
  2002,
  2024,
  '{2002,2005,2010,2015,2018,2020,2024}'::int[],
  '["SUV"]'::jsonb,
  '["Gasoline","Diesel","Hybrid"]'::jsonb,
  '["Automatic"]'::jsonb,
  6.5,
  7.8
)
on conflict (make_id, slug) do nothing;


insert into public.vehicle_generations (
  id,
  model_id,
  code,
  start_year,
  end_year,
  facelift,
  production_countries,
  body_types,
  fuel_types,
  transmission_types,
  summary
)
values (
  '86d97089-7cb9-c9f9-488e-4be9bc8cb85f',
  'e93c7f7c-40ce-a9bf-7c20-a89d95b52de8',
  'Generation I (2002-2010)',
  2002,
  2010,
  true,
  '{"Germany","Slovakia"}'::text[],
  '["SUV"]'::jsonb,
  '["Gasoline","Diesel"]'::jsonb,
  '["Automatic"]'::jsonb,
  'First generation of the luxury SUV, known for its off-road capabilities and powerful engines.'
)
on conflict (model_id, code) do nothing;


insert into public.vehicle_generations (
  id,
  model_id,
  code,
  start_year,
  end_year,
  facelift,
  production_countries,
  body_types,
  fuel_types,
  transmission_types,
  summary
)
values (
  '13b477fd-dd9d-f308-96e4-c643597b343b',
  'e93c7f7c-40ce-a9bf-7c20-a89d95b52de8',
  'Generation II (2010-2018)',
  2010,
  2018,
  true,
  '{"Germany","Slovakia"}'::text[],
  '["SUV"]'::jsonb,
  '["Gasoline","Diesel","Hybrid"]'::jsonb,
  '["Automatic"]'::jsonb,
  'Second generation with updated design, improved fuel economy, and new technology.'
)
on conflict (model_id, code) do nothing;


insert into public.vehicle_generations (
  id,
  model_id,
  code,
  start_year,
  end_year,
  facelift,
  production_countries,
  body_types,
  fuel_types,
  transmission_types,
  summary
)
values (
  '0f78098c-5a15-05c3-4019-b650a46d2db0',
  'e93c7f7c-40ce-a9bf-7c20-a89d95b52de8',
  'Generation III (2018-2024)',
  2018,
  2024,
  true,
  '{"Slovakia"}'::text[],
  '["SUV"]'::jsonb,
  '["Gasoline","Diesel","Hybrid"]'::jsonb,
  '["Automatic"]'::jsonb,
  'Third generation with a focus on technology, luxury, and improved driving dynamics.'
)
on conflict (model_id, code) do nothing;


insert into public.vehicle_insights (
  model_id,
  pros,
  cons,
  inspection_tips,
  notable_features,
  engine_examples,
  common_issues_by_engine,
  reliability_score,
  popularity_score
)
values (
  'e93c7f7c-40ce-a9bf-7c20-a89d95b52de8',
  '["Luxurious interior","Powerful engines","Off-road capability"]'::jsonb,
  '["High maintenance costs","Fuel consumption"]'::jsonb,
  '["Check air suspension (if equipped)","Inspect for oil leaks","Test all electronic systems"]'::jsonb,
  '["Air suspension","Off-road package","Panoramic sunroof"]'::jsonb,
  '["3.6L V6","4.2L V8","3.0L TDI"]'::jsonb,
  '[{"engine_code":"3.6L V6","common_issues_ru":["Утечка масла","Проблемы с водяной помпой"]},{"engine_code":"3.0L TDI","common_issues_ru":["Проблемы с турбокомпрессором","Износ форсунок"]}]'::jsonb,
  null,
  null
)
on conflict (model_id) do nothing;


insert into public.vehicle_models (
  id,
  make_id,
  slug,
  name_en,
  first_model_year,
  last_model_year,
  years_available,
  body_types_available,
  fuel_types_available,
  transmission_available,
  reliability_score,
  popularity_score
)
values (
  '2ea5bb53-c0e4-faaf-ef8d-e74e65eb3a84',
  'a88ab815-48ca-d0a8-ce01-3ae0efd1b61f',
  'transporter',
  'Transporter',
  1950,
  2024,
  '{1950,1960,1970,1980,1990,2000,2010,2020,2024}'::int[],
  '["Van","Minibus","Pickup"]'::jsonb,
  '["Gasoline","Diesel","Electric"]'::jsonb,
  '["Manual","Automatic","DSG"]'::jsonb,
  7.2,
  8.2
)
on conflict (make_id, slug) do nothing;


insert into public.vehicle_generations (
  id,
  model_id,
  code,
  start_year,
  end_year,
  facelift,
  production_countries,
  body_types,
  fuel_types,
  transmission_types,
  summary
)
values (
  '8aeb2638-b06f-1e49-de14-0320d5499fef',
  '2ea5bb53-c0e4-faaf-ef8d-e74e65eb3a84',
  'Generation T1 (1950-1967)',
  1950,
  1967,
  true,
  '{"Germany"}'::text[],
  '["Van","Minibus","Pickup"]'::jsonb,
  '["Gasoline"]'::jsonb,
  '["Manual"]'::jsonb,
  'The iconic ''Bus'', a symbol of the post-war era.'
)
on conflict (model_id, code) do nothing;


insert into public.vehicle_generations (
  id,
  model_id,
  code,
  start_year,
  end_year,
  facelift,
  production_countries,
  body_types,
  fuel_types,
  transmission_types,
  summary
)
values (
  '7f7d25c7-8551-97ad-87d5-d5dce1aca956',
  '2ea5bb53-c0e4-faaf-ef8d-e74e65eb3a84',
  'Generation T2 (1967-1979)',
  1967,
  1979,
  true,
  '{"Germany","Mexico","Brazil"}'::text[],
  '["Van","Minibus","Pickup"]'::jsonb,
  '["Gasoline"]'::jsonb,
  '["Manual"]'::jsonb,
  'Improved design and engine options.'
)
on conflict (model_id, code) do nothing;


insert into public.vehicle_generations (
  id,
  model_id,
  code,
  start_year,
  end_year,
  facelift,
  production_countries,
  body_types,
  fuel_types,
  transmission_types,
  summary
)
values (
  'b97740af-81ff-cd27-3f37-1a296a273f4c',
  '2ea5bb53-c0e4-faaf-ef8d-e74e65eb3a84',
  'Generation T3 (1979-1992)',
  1979,
  1992,
  true,
  '{"Germany","Austria","South Africa"}'::text[],
  '["Van","Minibus","Pickup"]'::jsonb,
  '["Gasoline","Diesel"]'::jsonb,
  '["Manual","Automatic"]'::jsonb,
  'Introduction of diesel engines and more modern features.'
)
on conflict (model_id, code) do nothing;


insert into public.vehicle_generations (
  id,
  model_id,
  code,
  start_year,
  end_year,
  facelift,
  production_countries,
  body_types,
  fuel_types,
  transmission_types,
  summary
)
values (
  'ed4e2b6f-78d8-bc05-2a02-12b3cc039c1c',
  '2ea5bb53-c0e4-faaf-ef8d-e74e65eb3a84',
  'Generation T4 (1990-2003)',
  1990,
  2003,
  true,
  '{"Germany"}'::text[],
  '["Van","Minibus","Pickup"]'::jsonb,
  '["Gasoline","Diesel"]'::jsonb,
  '["Manual","Automatic"]'::jsonb,
  'Front-engine, front-wheel drive layout.'
)
on conflict (model_id, code) do nothing;


insert into public.vehicle_generations (
  id,
  model_id,
  code,
  start_year,
  end_year,
  facelift,
  production_countries,
  body_types,
  fuel_types,
  transmission_types,
  summary
)
values (
  '6a89c11e-c350-324b-8f97-84e5b7f5f048',
  '2ea5bb53-c0e4-faaf-ef8d-e74e65eb3a84',
  'Generation T5 (2003-2015)',
  2003,
  2015,
  true,
  '{"Germany"}'::text[],
  '["Van","Minibus","Pickup"]'::jsonb,
  '["Gasoline","Diesel"]'::jsonb,
  '["Manual","Automatic","DSG"]'::jsonb,
  'Modern design and improved performance.'
)
on conflict (model_id, code) do nothing;


insert into public.vehicle_generations (
  id,
  model_id,
  code,
  start_year,
  end_year,
  facelift,
  production_countries,
  body_types,
  fuel_types,
  transmission_types,
  summary
)
values (
  '17a77724-3432-56c2-8554-e5c4f4886d6c',
  '2ea5bb53-c0e4-faaf-ef8d-e74e65eb3a84',
  'Generation T6 (2015-2024)',
  2015,
  2024,
  true,
  '{"Germany","Poland"}'::text[],
  '["Van","Minibus","Pickup","Electric"]'::jsonb,
  '["Gasoline","Diesel","Electric"]'::jsonb,
  '["Manual","Automatic","DSG"]'::jsonb,
  'Continued evolution with updated technology and engine options, including electric versions.'
)
on conflict (model_id, code) do nothing;


insert into public.vehicle_insights (
  model_id,
  pros,
  cons,
  inspection_tips,
  notable_features,
  engine_examples,
  common_issues_by_engine,
  reliability_score,
  popularity_score
)
values (
  '2ea5bb53-c0e4-faaf-ef8d-e74e65eb3a84',
  '["Versatile","Reliable","Spacious"]'::jsonb,
  '["Can be expensive to maintain","Fuel economy can be poor (older models)"]'::jsonb,
  '["Check for rust","Inspect the engine","Test the transmission"]'::jsonb,
  '["Wide range of configurations","Available all-wheel drive","Modern safety features"]'::jsonb,
  '["1.9L TDI","2.0L TDI","2.0L TSI","Electric"]'::jsonb,
  '[{"engine_code":"1.9L TDI","common_issues_ru":["Износ распредвала","Проблемы с турбокомпрессором"]},{"engine_code":"2.0L TDI","common_issues_ru":["Проблемы с сажевым фильтром","Износ форсунок"]},{"engine_code":"2.0L TSI","common_issues_ru":["Повышенный расход масла","Растяжение цепи ГРМ"]}]'::jsonb,
  null,
  null
)
on conflict (model_id) do nothing;


insert into public.vehicle_makes (id, slug, name_en, country, segment_class, is_active, category_path)
values (
  '171b201d-7d8e-fe5f-bb66-4e22acc7dc90',
  'volvo',
  'Volvo',
  'Швеция',
  null,
  true,
  'transport/legkovye-avtomobili'
)
on conflict (id) do nothing;


insert into public.vehicle_models (
  id,
  make_id,
  slug,
  name_en,
  first_model_year,
  last_model_year,
  years_available,
  body_types_available,
  fuel_types_available,
  transmission_available,
  reliability_score,
  popularity_score
)
values (
  'dbab1422-26eb-d69c-278a-5e9a03143943',
  '171b201d-7d8e-fe5f-bb66-4e22acc7dc90',
  's60-sedan',
  'Volvo S60',
  2000,
  2024,
  '{2000,2005,2010,2015,2019,2024}'::int[],
  '["Sedan"]'::jsonb,
  '["Gasoline","Diesel","Hybrid","Plug-in Hybrid"]'::jsonb,
  '["Manual","Automatic"]'::jsonb,
  7.8,
  8.2
)
on conflict (make_id, slug) do nothing;


insert into public.vehicle_generations (
  id,
  model_id,
  code,
  start_year,
  end_year,
  facelift,
  production_countries,
  body_types,
  fuel_types,
  transmission_types,
  summary
)
values (
  '45cfa060-54e2-7281-55a4-86cd493a52ed',
  'dbab1422-26eb-d69c-278a-5e9a03143943',
  'Generation I (2000-2009)',
  2000,
  2009,
  true,
  '{"Belgium","Sweden"}'::text[],
  '["Sedan"]'::jsonb,
  '["Gasoline","Diesel"]'::jsonb,
  '["Manual","Automatic"]'::jsonb,
  'First generation of the S60, known for its safety features and comfortable ride. Facelift in 2004.'
)
on conflict (model_id, code) do nothing;


insert into public.vehicle_generations (
  id,
  model_id,
  code,
  start_year,
  end_year,
  facelift,
  production_countries,
  body_types,
  fuel_types,
  transmission_types,
  summary
)
values (
  '0e1d8e1e-f046-09d3-5848-77c8faabdb78',
  'dbab1422-26eb-d69c-278a-5e9a03143943',
  'Generation II (2010-2018)',
  2010,
  2018,
  true,
  '{"Belgium","Sweden","China"}'::text[],
  '["Sedan"]'::jsonb,
  '["Gasoline","Diesel"]'::jsonb,
  '["Automatic"]'::jsonb,
  'Second generation with updated styling and technology. Facelift in 2013.'
)
on conflict (model_id, code) do nothing;


insert into public.vehicle_generations (
  id,
  model_id,
  code,
  start_year,
  end_year,
  facelift,
  production_countries,
  body_types,
  fuel_types,
  transmission_types,
  summary
)
values (
  '4b0b1a2f-26ce-aa5c-cc98-5f74e00cbf4a',
  'dbab1422-26eb-d69c-278a-5e9a03143943',
  'Generation III (2019-Present)',
  2019,
  2024,
  false,
  '{"China","USA"}'::text[],
  '["Sedan"]'::jsonb,
  '["Gasoline","Plug-in Hybrid"]'::jsonb,
  '["Automatic"]'::jsonb,
  'Current generation, featuring a modern design and advanced safety systems. Includes Recharge (PHEV) models.'
)
on conflict (model_id, code) do nothing;


insert into public.vehicle_insights (
  model_id,
  pros,
  cons,
  inspection_tips,
  notable_features,
  engine_examples,
  common_issues_by_engine,
  reliability_score,
  popularity_score
)
values (
  'dbab1422-26eb-d69c-278a-5e9a03143943',
  '["Safety features","Comfortable ride","Stylish design"]'::jsonb,
  '["Fuel economy (older models)","Maintenance costs"]'::jsonb,
  '["Check for oil leaks","Inspect suspension components","Test all electrical systems"]'::jsonb,
  '["City Safety","Pilot Assist","Turbocharged engines"]'::jsonb,
  '["2.0L I4 Turbo","2.5L I5 Turbo","3.0L I6 Turbo","2.0L I4 Plug-in Hybrid"]'::jsonb,
  '[{"engine_code":"B4204T","common_issues_ru":["Утечка масла","Проблемы с турбокомпрессором"]},{"engine_code":"D5","common_issues_ru":["Засорение сажевого фильтра","Износ форсунок"]}]'::jsonb,
  null,
  null
)
on conflict (model_id) do nothing;


insert into public.vehicle_models (
  id,
  make_id,
  slug,
  name_en,
  first_model_year,
  last_model_year,
  years_available,
  body_types_available,
  fuel_types_available,
  transmission_available,
  reliability_score,
  popularity_score
)
values (
  'c7ec513c-f98a-efc2-0d79-0342decf9fc8',
  '171b201d-7d8e-fe5f-bb66-4e22acc7dc90',
  's90-sedan',
  'Volvo S90',
  2016,
  2024,
  '{2016,2020,2024}'::int[],
  '["Sedan","Wagon (V90)"]'::jsonb,
  '["Gasoline","Diesel","Plug-in Hybrid"]'::jsonb,
  '["Automatic"]'::jsonb,
  7.6,
  7.9
)
on conflict (make_id, slug) do nothing;


insert into public.vehicle_generations (
  id,
  model_id,
  code,
  start_year,
  end_year,
  facelift,
  production_countries,
  body_types,
  fuel_types,
  transmission_types,
  summary
)
values (
  'dbf8a156-3445-e365-816d-db5a6884da2b',
  'c7ec513c-f98a-efc2-0d79-0342decf9fc8',
  'Generation I (2016-Present)',
  2016,
  2024,
  true,
  '{"Sweden","China"}'::text[],
  '["Sedan","Wagon (V90)"]'::jsonb,
  '["Gasoline","Diesel","Plug-in Hybrid"]'::jsonb,
  '["Automatic"]'::jsonb,
  'Luxury sedan and wagon, replacing the S80. Features advanced technology and a focus on safety. Facelift in 2020.'
)
on conflict (model_id, code) do nothing;


insert into public.vehicle_insights (
  model_id,
  pros,
  cons,
  inspection_tips,
  notable_features,
  engine_examples,
  common_issues_by_engine,
  reliability_score,
  popularity_score
)
values (
  'c7ec513c-f98a-efc2-0d79-0342decf9fc8',
  '["Luxurious interior","Advanced safety features","Comfortable ride"]'::jsonb,
  '["Pricey","Infotainment system can be slow","Maintenance costs"]'::jsonb,
  '["Check for electrical issues","Inspect air suspension (if equipped)","Test all driver-assistance systems"]'::jsonb,
  '["Pilot Assist","Nappa leather interior","Bowers & Wilkins sound system"]'::jsonb,
  '["2.0L I4 Turbo","2.0L I4 Plug-in Hybrid"]'::jsonb,
  '[{"engine_code":"B4204T","common_issues_ru":["Утечка масла","Проблемы с турбокомпрессором"]},{"engine_code":"T8","common_issues_ru":["Проблемы с высоковольтной батареей","Неисправности зарядного устройства"]}]'::jsonb,
  null,
  null
)
on conflict (model_id) do nothing;


insert into public.vehicle_models (
  id,
  make_id,
  slug,
  name_en,
  first_model_year,
  last_model_year,
  years_available,
  body_types_available,
  fuel_types_available,
  transmission_available,
  reliability_score,
  popularity_score
)
values (
  'c1916d36-cb09-3fda-886f-a65fc6938747',
  '171b201d-7d8e-fe5f-bb66-4e22acc7dc90',
  'xc40-suv',
  'Volvo XC40',
  2018,
  2024,
  '{2018,2020,2024}'::int[],
  '["SUV"]'::jsonb,
  '["Gasoline","Electric","Plug-in Hybrid"]'::jsonb,
  '["Automatic"]'::jsonb,
  7.7,
  8.5
)
on conflict (make_id, slug) do nothing;


insert into public.vehicle_generations (
  id,
  model_id,
  code,
  start_year,
  end_year,
  facelift,
  production_countries,
  body_types,
  fuel_types,
  transmission_types,
  summary
)
values (
  '40f06753-c5fa-5a3e-1fa7-aad28cb746e4',
  'c1916d36-cb09-3fda-886f-a65fc6938747',
  'Generation I (2018-Present)',
  2018,
  2024,
  true,
  '{"Belgium","China"}'::text[],
  '["SUV"]'::jsonb,
  '["Gasoline","Electric","Plug-in Hybrid"]'::jsonb,
  '["Automatic"]'::jsonb,
  'Compact SUV, known for its stylish design and practicality. Includes Recharge (PHEV) and pure electric models. Facelift in 2022.'
)
on conflict (model_id, code) do nothing;


insert into public.vehicle_insights (
  model_id,
  pros,
  cons,
  inspection_tips,
  notable_features,
  engine_examples,
  common_issues_by_engine,
  reliability_score,
  popularity_score
)
values (
  'c1916d36-cb09-3fda-886f-a65fc6938747',
  '["Stylish design","Practical interior","Good fuel economy (Hybrid)","Available electric version"]'::jsonb,
  '["Infotainment system can be slow","Ride can be firm","Cargo space (compared to larger SUVs)"]'::jsonb,
  '["Check for electrical issues","Inspect suspension components","Test all driver-assistance systems"]'::jsonb,
  '["Pilot Assist","Digital instrument panel","Android Automotive OS"]'::jsonb,
  '["1.5L I3 Turbo","2.0L I4 Turbo","Electric motor"]'::jsonb,
  '[{"engine_code":"B3154T","common_issues_ru":["Утечка масла","Проблемы с турбокомпрессором"]},{"engine_code":"Electric Motor","common_issues_ru":["Проблемы с зарядкой","Неисправности батареи"]}]'::jsonb,
  null,
  null
)
on conflict (model_id) do nothing;


insert into public.vehicle_models (
  id,
  make_id,
  slug,
  name_en,
  first_model_year,
  last_model_year,
  years_available,
  body_types_available,
  fuel_types_available,
  transmission_available,
  reliability_score,
  popularity_score
)
values (
  '6ef3742f-808c-8c16-9104-0d907af98752',
  '171b201d-7d8e-fe5f-bb66-4e22acc7dc90',
  'xc60-suv',
  'Volvo XC60',
  2008,
  2024,
  '{2008,2010,2015,2018,2020,2024}'::int[],
  '["SUV"]'::jsonb,
  '["Gasoline","Diesel","Plug-in Hybrid"]'::jsonb,
  '["Automatic"]'::jsonb,
  7.9,
  8.7
)
on conflict (make_id, slug) do nothing;


insert into public.vehicle_generations (
  id,
  model_id,
  code,
  start_year,
  end_year,
  facelift,
  production_countries,
  body_types,
  fuel_types,
  transmission_types,
  summary
)
values (
  'abb8ba44-2be9-3b14-27c6-3352ef0df7a8',
  '6ef3742f-808c-8c16-9104-0d907af98752',
  'Generation I (2008-2017)',
  2008,
  2017,
  true,
  '{"Belgium","Sweden","China"}'::text[],
  '["SUV"]'::jsonb,
  '["Gasoline","Diesel"]'::jsonb,
  '["Automatic"]'::jsonb,
  'Compact luxury SUV, known for its safety and stylish design. Facelift in 2013.'
)
on conflict (model_id, code) do nothing;


insert into public.vehicle_generations (
  id,
  model_id,
  code,
  start_year,
  end_year,
  facelift,
  production_countries,
  body_types,
  fuel_types,
  transmission_types,
  summary
)
values (
  '57c2440c-e262-348d-d916-2515be4ad369',
  '6ef3742f-808c-8c16-9104-0d907af98752',
  'Generation II (2017-Present)',
  2017,
  2024,
  true,
  '{"Sweden","China"}'::text[],
  '["SUV"]'::jsonb,
  '["Gasoline","Plug-in Hybrid"]'::jsonb,
  '["Automatic"]'::jsonb,
  'Second generation with updated styling and technology. Includes Recharge (PHEV) models. Facelift in 2021.'
)
on conflict (model_id, code) do nothing;


insert into public.vehicle_insights (
  model_id,
  pros,
  cons,
  inspection_tips,
  notable_features,
  engine_examples,
  common_issues_by_engine,
  reliability_score,
  popularity_score
)
values (
  '6ef3742f-808c-8c16-9104-0d907af98752',
  '["Safety features","Comfortable ride","Stylish design","Good resale value"]'::jsonb,
  '["Infotainment system can be slow","Maintenance costs"]'::jsonb,
  '["Check for oil leaks","Inspect suspension components","Test all electrical systems"]'::jsonb,
  '["City Safety","Pilot Assist","Turbocharged engines","Plug-in Hybrid options"]'::jsonb,
  '["2.0L I4 Turbo","2.0L I4 Plug-in Hybrid"]'::jsonb,
  '[{"engine_code":"B4204T","common_issues_ru":["Утечка масла","Проблемы с турбокомпрессором"]},{"engine_code":"T8","common_issues_ru":["Проблемы с высоковольтной батареей","Неисправности зарядного устройства"]}]'::jsonb,
  null,
  null
)
on conflict (model_id) do nothing;


insert into public.vehicle_makes (id, slug, name_en, country, segment_class, is_active, category_path)
values (
  'de499a00-b330-0a37-ce3a-f2731e77d16c',
  'voyah',
  'Voyah',
  'Китай',
  null,
  true,
  'transport/legkovye-avtomobili'
)
on conflict (id) do nothing;


insert into public.vehicle_models (
  id,
  make_id,
  slug,
  name_en,
  first_model_year,
  last_model_year,
  years_available,
  body_types_available,
  fuel_types_available,
  transmission_available,
  reliability_score,
  popularity_score
)
values (
  '8b95011a-c140-3b68-d735-057863bf046d',
  'de499a00-b330-0a37-ce3a-f2731e77d16c',
  'voyah-free',
  'Voyah Free',
  2021,
  2024,
  '{2021,2022,2023,2024}'::int[],
  '["SUV"]'::jsonb,
  '["Electric"]'::jsonb,
  '["Automatic"]'::jsonb,
  7,
  7.5
)
on conflict (make_id, slug) do nothing;


insert into public.vehicle_generations (
  id,
  model_id,
  code,
  start_year,
  end_year,
  facelift,
  production_countries,
  body_types,
  fuel_types,
  transmission_types,
  summary
)
values (
  'a2cbd5a0-f13d-8d9e-48eb-f645f47cabd6',
  '8b95011a-c140-3b68-d735-057863bf046d',
  'First Generation (2021-Present)',
  2021,
  2024,
  true,
  '{"China"}'::text[],
  '["SUV"]'::jsonb,
  '["Electric"]'::jsonb,
  '["Automatic"]'::jsonb,
  'The Voyah Free is a mid-size all-electric SUV. It features a dual-motor all-wheel-drive system and a luxurious interior. The Free has received positive reviews for its performance and technology.'
)
on conflict (model_id, code) do nothing;


insert into public.vehicle_insights (
  model_id,
  pros,
  cons,
  inspection_tips,
  notable_features,
  engine_examples,
  common_issues_by_engine,
  reliability_score,
  popularity_score
)
values (
  '8b95011a-c140-3b68-d735-057863bf046d',
  '["Long range","Luxurious interior","Fast acceleration"]'::jsonb,
  '["High price","Limited charging infrastructure","Software glitches"]'::jsonb,
  '["Check battery health","Inspect suspension","Test all electronic features"]'::jsonb,
  '["Air suspension","Panoramic sunroof","Advanced driver-assistance systems (ADAS)"]'::jsonb,
  '["Dual Electric Motors"]'::jsonb,
  '[{"engine_code":"Electric Motors","common_issues_ru":["Проблемы с программным обеспечением","Неисправности зарядного устройства"]}]'::jsonb,
  null,
  null
)
on conflict (model_id) do nothing;


insert into public.vehicle_makes (id, slug, name_en, country, segment_class, is_active, category_path)
values (
  'e9657f88-fdef-eff6-9cb5-5f8f5165778d',
  'weltmeister',
  'Weltmeister',
  'Китай',
  null,
  true,
  'transport/legkovye-avtomobili'
)
on conflict (id) do nothing;


insert into public.vehicle_models (
  id,
  make_id,
  slug,
  name_en,
  first_model_year,
  last_model_year,
  years_available,
  body_types_available,
  fuel_types_available,
  transmission_available,
  reliability_score,
  popularity_score
)
values (
  '8337b926-7d13-c30b-adfc-13a57d5f191e',
  'e9657f88-fdef-eff6-9cb5-5f8f5165778d',
  'weltmeister-ex5',
  'Weltmeister EX5',
  2018,
  2024,
  '{2018,2019,2020,2021,2022,2023,2024}'::int[],
  '["SUV"]'::jsonb,
  '["Electric"]'::jsonb,
  '["Automatic"]'::jsonb,
  7,
  7.5
)
on conflict (make_id, slug) do nothing;


insert into public.vehicle_generations (
  id,
  model_id,
  code,
  start_year,
  end_year,
  facelift,
  production_countries,
  body_types,
  fuel_types,
  transmission_types,
  summary
)
values (
  'bf697190-03bb-6748-8fa0-4e743e443128',
  '8337b926-7d13-c30b-adfc-13a57d5f191e',
  'First Generation (2018-Present)',
  2018,
  2024,
  true,
  '{"China"}'::text[],
  '["SUV"]'::jsonb,
  '["Electric"]'::jsonb,
  '["Automatic"]'::jsonb,
  'The first generation of the Weltmeister EX5, an all-electric compact SUV. It features a modern design and a focus on technology and connectivity.'
)
on conflict (model_id, code) do nothing;


insert into public.vehicle_insights (
  model_id,
  pros,
  cons,
  inspection_tips,
  notable_features,
  engine_examples,
  common_issues_by_engine,
  reliability_score,
  popularity_score
)
values (
  '8337b926-7d13-c30b-adfc-13a57d5f191e',
  '["Good range","Spacious interior","Advanced technology"]'::jsonb,
  '["Charging infrastructure limitations","Build quality concerns","Software glitches"]'::jsonb,
  '["Check battery health","Inspect charging port","Test infotainment system"]'::jsonb,
  '["Large touchscreen display","Advanced driver-assistance systems (ADAS)","Over-the-air software updates"]'::jsonb,
  '["Electric motor (various power outputs)"]'::jsonb,
  '[{"engine_code":"Electric Motor","common_issues_ru":["Проблемы с батареей","Сбои в работе программного обеспечения"]}]'::jsonb,
  null,
  null
)
on conflict (model_id) do nothing;


insert into public.vehicle_makes (id, slug, name_en, country, segment_class, is_active, category_path)
values (
  'b1cafe30-c60c-e327-4b9b-f70fe5d27f4d',
  'xpeng',
  'XPeng',
  'Китай',
  null,
  true,
  'transport/legkovye-avtomobili'
)
on conflict (id) do nothing;


insert into public.vehicle_models (
  id,
  make_id,
  slug,
  name_en,
  first_model_year,
  last_model_year,
  years_available,
  body_types_available,
  fuel_types_available,
  transmission_available,
  reliability_score,
  popularity_score
)
values (
  '92aeb931-b0e0-d704-6a3e-8e7891b37511',
  'b1cafe30-c60c-e327-4b9b-f70fe5d27f4d',
  'xpeng-g6',
  'XPeng G6',
  2023,
  2024,
  '{2023,2024}'::int[],
  '["SUV"]'::jsonb,
  '["Electric"]'::jsonb,
  '["Automatic"]'::jsonb,
  7.8,
  8.2
)
on conflict (make_id, slug) do nothing;


insert into public.vehicle_generations (
  id,
  model_id,
  code,
  start_year,
  end_year,
  facelift,
  production_countries,
  body_types,
  fuel_types,
  transmission_types,
  summary
)
values (
  '050b64f8-d76f-f656-c9ed-97813b45b139',
  '92aeb931-b0e0-d704-6a3e-8e7891b37511',
  'First Generation (2023-Present)',
  2023,
  2024,
  false,
  '{"China"}'::text[],
  '["SUV"]'::jsonb,
  '["Electric"]'::jsonb,
  '["Automatic"]'::jsonb,
  'The XPeng G6 is a compact electric SUV known for its sleek design, advanced technology, and competitive range. It features a spacious interior and a focus on driver assistance systems.'
)
on conflict (model_id, code) do nothing;


insert into public.vehicle_insights (
  model_id,
  pros,
  cons,
  inspection_tips,
  notable_features,
  engine_examples,
  common_issues_by_engine,
  reliability_score,
  popularity_score
)
values (
  '92aeb931-b0e0-d704-6a3e-8e7891b37511',
  '["Long range","Fast charging","Advanced technology"]'::jsonb,
  '["Limited availability","Software glitches (reported)","Price"]'::jsonb,
  '["Check battery health","Test infotainment system","Inspect for panel gaps"]'::jsonb,
  '["XPILOT driver-assistance system","Panoramic sunroof","Fast charging capability"]'::jsonb,
  '["Electric motor (various power outputs)"]'::jsonb,
  '[{"engine_code":"Electric Motor","common_issues_ru":["Проблемы с программным обеспечением","Неисправности зарядного устройства"]}]'::jsonb,
  null,
  null
)
on conflict (model_id) do nothing;


insert into public.vehicle_models (
  id,
  make_id,
  slug,
  name_en,
  first_model_year,
  last_model_year,
  years_available,
  body_types_available,
  fuel_types_available,
  transmission_available,
  reliability_score,
  popularity_score
)
values (
  '47d09fca-6646-3be5-200e-191653ee18cb',
  'b1cafe30-c60c-e327-4b9b-f70fe5d27f4d',
  'xpeng-g9',
  'XPeng G9',
  2022,
  2024,
  '{2022,2023,2024}'::int[],
  '["SUV"]'::jsonb,
  '["Electric"]'::jsonb,
  '["Automatic"]'::jsonb,
  7.5,
  8.5
)
on conflict (make_id, slug) do nothing;


insert into public.vehicle_generations (
  id,
  model_id,
  code,
  start_year,
  end_year,
  facelift,
  production_countries,
  body_types,
  fuel_types,
  transmission_types,
  summary
)
values (
  'd0d4f7e8-7703-5505-f49c-ca0d0f7c9204',
  '47d09fca-6646-3be5-200e-191653ee18cb',
  'First Generation (2022-Present)',
  2022,
  2024,
  false,
  '{"China"}'::text[],
  '["SUV"]'::jsonb,
  '["Electric"]'::jsonb,
  '["Automatic"]'::jsonb,
  'The XPeng G9 is a mid-size electric SUV that offers a luxurious interior, advanced driver-assistance features, and fast charging capabilities. It''s positioned as a premium offering in the electric SUV market.'
)
on conflict (model_id, code) do nothing;


insert into public.vehicle_insights (
  model_id,
  pros,
  cons,
  inspection_tips,
  notable_features,
  engine_examples,
  common_issues_by_engine,
  reliability_score,
  popularity_score
)
values (
  '47d09fca-6646-3be5-200e-191653ee18cb',
  '["Fast charging","Luxurious interior","Advanced driver-assistance systems"]'::jsonb,
  '["Price","Software issues (reported)","Limited service network"]'::jsonb,
  '["Check battery health","Test infotainment system","Inspect for any unusual noises from the suspension"]'::jsonb,
  '["800V charging architecture","XPILOT driver-assistance system","Premium sound system"]'::jsonb,
  '["Electric motor (various power outputs)"]'::jsonb,
  '[{"engine_code":"Electric Motor","common_issues_ru":["Проблемы с программным обеспечением","Неисправности зарядного устройства"]}]'::jsonb,
  null,
  null
)
on conflict (model_id) do nothing;


insert into public.vehicle_models (
  id,
  make_id,
  slug,
  name_en,
  first_model_year,
  last_model_year,
  years_available,
  body_types_available,
  fuel_types_available,
  transmission_available,
  reliability_score,
  popularity_score
)
values (
  '3e7352eb-2486-f730-9794-b70f057e3805',
  'b1cafe30-c60c-e327-4b9b-f70fe5d27f4d',
  'xpeng-p7',
  'XPeng P7',
  2020,
  2024,
  '{2020,2021,2022,2023,2024}'::int[],
  '["Sedan"]'::jsonb,
  '["Electric"]'::jsonb,
  '["Automatic"]'::jsonb,
  7,
  8
)
on conflict (make_id, slug) do nothing;


insert into public.vehicle_generations (
  id,
  model_id,
  code,
  start_year,
  end_year,
  facelift,
  production_countries,
  body_types,
  fuel_types,
  transmission_types,
  summary
)
values (
  '029f9c0d-9f30-8666-4d06-a7d3c2123796',
  '3e7352eb-2486-f730-9794-b70f057e3805',
  'First Generation (2020-Present)',
  2020,
  2024,
  true,
  '{"China"}'::text[],
  '["Sedan"]'::jsonb,
  '["Electric"]'::jsonb,
  '["Automatic"]'::jsonb,
  'The XPeng P7 is a sleek electric sedan known for its long range, advanced technology, and sporty handling. It competes in the mid-size electric sedan segment.'
)
on conflict (model_id, code) do nothing;


insert into public.vehicle_insights (
  model_id,
  pros,
  cons,
  inspection_tips,
  notable_features,
  engine_examples,
  common_issues_by_engine,
  reliability_score,
  popularity_score
)
values (
  '3e7352eb-2486-f730-9794-b70f057e3805',
  '["Long range","Sporty handling","Advanced technology"]'::jsonb,
  '["Software issues (reported)","Limited service network","Price"]'::jsonb,
  '["Check battery health","Test infotainment system","Inspect for any body panel alignment issues"]'::jsonb,
  '["XPILOT driver-assistance system","Panoramic sunroof","Fast charging capability"]'::jsonb,
  '["Electric motor (various power outputs)"]'::jsonb,
  '[{"engine_code":"Electric Motor","common_issues_ru":["Проблемы с программным обеспечением","Неисправности зарядного устройства"]}]'::jsonb,
  null,
  null
)
on conflict (model_id) do nothing;


commit;